trade_date,open,high,low,close,volume_lots,open_interest,prev_close,value_lakh,symbol,expiry_date
2020-01-01,68173.0,68440.0,67485.0,68000.0,15559,19471,68000.0,317403.6,SILVER,2020-02-05
2020-01-01,68203.0,68470.0,67515.0,68030.0,46677,19471,68030.0,158771.82,SILVERM,2020-02-05
2020-01-02,68501.0,68548.0,68248.0,68412.0,25157,16163,68000.0,516312.21,SILVER,2020-02-05
2020-01-02,68507.0,68554.0,68254.0,68418.0,75471,16163,68006.0,258178.74,SILVERM,2020-02-05
2020-01-03,68163.0,68860.0,67792.0,68319.0,11618,73087,68412.0,238119.04,SILVER,2020-02-05
2020-01-03,68209.0,68906.0,67838.0,68365.0,34854,73087,68458.0,119139.69,SILVERM,2020-02-05
2020-01-06,68826.0,69292.0,68664.0,68853.0,11780,72071,68319.0,243326.5,SILVER,2020-02-05
2020-01-06,68824.0,69290.0,68662.0,68851.0,35340,72071,68317.0,121659.72,SILVERM,2020-02-05
2020-01-07,70103.0,70943.0,69511.0,70104.0,32050,26065,68853.0,674049.96,SILVER,2020-02-05
2020-01-07,70091.0,70931.0,69499.0,70092.0,96150,26065,68841.0,336967.29,SILVERM,2020-02-05
2020-01-08,70014.0,70345.0,69436.0,69930.0,13015,58348,70104.0,273041.68,SILVER,2020-02-05
2020-01-08,70025.0,70356.0,69447.0,69941.0,39045,58348,70115.0,136542.32,SILVERM,2020-02-05
2020-01-09,69850.0,70105.0,69340.0,69757.0,8130,29154,69930.0,170137.32,SILVER,2020-02-05
2020-01-09,69823.0,70078.0,69313.0,69730.0,24390,29154,69903.0,85035.74,SILVERM,2020-02-05
2020-01-10,70966.0,71814.0,70686.0,71070.0,33083,30229,69757.0,705362.64,SILVER,2020-02-05
2020-01-10,71053.0,71901.0,70773.0,71157.0,99249,30229,69844.0,353113.05,SILVERM,2020-02-05
2020-01-13,71738.0,72375.0,71186.0,71726.0,21480,62587,71070.0,462202.34,SILVER,2020-02-05
2020-01-13,71779.0,72416.0,71227.0,71767.0,64440,62587,71111.0,231233.27,SILVERM,2020-02-05
2020-01-14,71417.0,71932.0,70702.0,71352.0,16528,59713,71726.0,353791.76,SILVER,2020-02-05
2020-01-14,71362.0,71877.0,70647.0,71297.0,49584,59713,71671.0,176759.52,SILVERM,2020-02-05
2020-01-15,72031.0,72097.0,71570.0,71822.0,10914,36997,71352.0,235159.59,SILVER,2020-02-05
2020-01-15,71994.0,72060.0,71533.0,71785.0,32742,36997,71315.0,117519.22,SILVERM,2020-02-05
2020-01-16,71553.0,71573.0,71280.0,71453.0,16179,31101,71822.0,346811.43,SILVER,2020-02-05
2020-01-16,71581.0,71601.0,71308.0,71481.0,48537,31101,71850.0,173473.66,SILVERM,2020-02-05
2020-01-17,71195.0,71195.0,70899.0,71083.0,25472,50391,71453.0,543187.85,SILVER,2020-02-05
2020-01-17,71204.0,71204.0,70908.0,71092.0,76416,50391,71462.0,271628.31,SILVERM,2020-02-05
2020-01-20,71313.0,71516.0,70899.0,71301.0,17076,69405,71083.0,365260.76,SILVER,2020-02-05
2020-01-20,71328.0,71531.0,70914.0,71316.0,51228,69405,71098.0,182668.8,SILVERM,2020-02-05
2020-01-21,69943.0,69943.0,69436.0,69746.0,29783,44948,71301.0,623173.54,SILVER,2020-02-05
2020-01-21,69933.0,69933.0,69426.0,69736.0,89349,44948,71291.0,311542.09,SILVERM,2020-02-05
2020-01-22,68431.0,68538.0,68154.0,68375.0,18824,63031,69746.0,386127.3,SILVER,2020-02-05
2020-01-22,68454.0,68561.0,68177.0,68398.0,56472,63031,69769.0,193128.59,SILVERM,2020-02-05
2020-01-23,67828.0,68496.0,67555.0,67945.0,9299,47921,68375.0,189546.17,SILVER,2020-02-05
2020-01-23,67820.0,68488.0,67547.0,67937.0,27897,47921,68367.0,94761.92,SILVERM,2020-02-05
2020-01-24,67354.0,67484.0,66548.0,67165.0,13118,38460,67945.0,264321.14,SILVER,2020-02-05
2020-01-24,67382.0,67512.0,66576.0,67193.0,39354,38460,67973.0,132215.67,SILVERM,2020-02-05
2020-01-27,67523.0,67826.0,67115.0,67428.0,15756,31071,67165.0,318718.67,SILVER,2020-02-05
2020-01-27,67562.0,67865.0,67154.0,67467.0,47268,31071,67204.0,159451.51,SILVERM,2020-02-05
2020-01-28,66676.0,67324.0,66087.0,66735.0,12953,76118,67428.0,259325.54,SILVER,2020-02-05
2020-01-28,66756.0,67404.0,66167.0,66815.0,38859,76118,67508.0,129818.2,SILVERM,2020-02-05
2020-01-29,65600.0,66034.0,65328.0,65663.0,20185,58282,66735.0,397622.3,SILVER,2020-02-05
2020-01-29,65574.0,66008.0,65302.0,65637.0,60555,58282,66709.0,198732.43,SILVERM,2020-02-05
2020-01-30,66850.0,66865.0,66757.0,66811.0,19674,68445,65663.0,394331.88,SILVER,2020-02-05
2020-01-30,66849.0,66864.0,66756.0,66810.0,59022,68445,65662.0,197162.99,SILVERM,2020-02-05
2020-01-31,66714.0,66881.0,66490.0,66652.0,38927,64816,66811.0,778368.72,SILVER,2020-02-05
2020-01-31,66653.0,66820.0,66429.0,66591.0,116781,64816,66750.0,388828.18,SILVERM,2020-02-05
2020-02-03,66748.0,67078.0,66243.0,66721.0,5386,13060,66652.0,107807.79,SILVER,2020-02-05
2020-02-03,66839.0,67169.0,66334.0,66812.0,16158,13060,66743.0,53977.41,SILVERM,2020-02-05
2020-02-04,65680.0,65808.0,65531.0,65639.0,31617,23731,66721.0,622592.48,SILVER,2020-02-05
2020-02-04,65581.0,65709.0,65432.0,65540.0,94851,23731,66622.0,310826.73,SILVERM,2020-02-05
2020-02-05,65463.0,65810.0,64625.0,65241.0,12192,30719,65639.0,238625.48,SILVER,2020-02-05
2020-02-05,65547.0,65894.0,64709.0,65325.0,36576,30719,65723.0,119466.36,SILVERM,2020-02-05
2020-02-06,65482.0,66249.0,64496.0,65342.0,15745,57042,65241.0,308642.94,SILVER,2020-02-05
2020-02-06,65487.0,66254.0,64501.0,65347.0,47235,57042,65246.0,154333.28,SILVERM,2020-02-05
2020-02-07,64512.0,65070.0,64035.0,64488.0,35020,59116,65342.0,677510.93,SILVER,2020-02-05
2020-02-07,64533.0,65091.0,64056.0,64509.0,105060,59116,65363.0,338865.78,SILVERM,2020-02-05
2020-02-10,64909.0,65037.0,64622.0,64787.0,26159,36325,64488.0,508428.94,SILVER,2020-02-05
2020-02-10,64901.0,65029.0,64614.0,64779.0,78477,36325,64480.0,254183.08,SILVERM,2020-02-05
2020-02-11,64219.0,65029.0,63627.0,64352.0,8409,32597,64787.0,162340.79,SILVER,2020-02-05
2020-02-11,64221.0,65031.0,63629.0,64354.0,25227,32597,64789.0,81172.92,SILVERM,2020-02-05
2020-02-12,64201.0,64342.0,63864.0,64150.0,30745,77439,64352.0,591687.52,SILVER,2020-02-05
2020-02-12,64230.0,64371.0,63893.0,64179.0,92235,77439,64381.0,295977.5,SILVERM,2020-02-05
2020-02-13,63949.0,64112.0,63359.0,63718.0,34455,24551,64150.0,658621.11,SILVER,2020-02-05
2020-02-13,63867.0,64030.0,63277.0,63636.0,103365,24551,64068.0,328886.76,SILVERM,2020-02-05
2020-02-14,65097.0,65264.0,64905.0,65126.0,34166,34278,63718.0,667528.47,SILVER,2020-02-05
2020-02-14,65064.0,65231.0,64872.0,65093.0,102498,34278,63685.0,333595.12,SILVERM,2020-02-05
2020-02-17,65022.0,65366.0,64849.0,65132.0,33072,25141,65126.0,646213.65,SILVER,2020-02-05
2020-02-17,64980.0,65324.0,64807.0,65090.0,99216,25141,65084.0,322898.47,SILVERM,2020-02-05
2020-02-18,64267.0,64712.0,64000.0,64351.0,17109,77913,65132.0,330294.38,SILVER,2020-02-05
2020-02-18,64289.0,64734.0,64022.0,64373.0,51327,77913,65154.0,165203.65,SILVERM,2020-02-05
2020-02-19,64845.0,65392.0,64667.0,64987.0,7484,43615,64351.0,145908.81,SILVER,2020-02-05
2020-02-19,64845.0,65392.0,64667.0,64987.0,22452,43615,64351.0,72954.41,SILVERM,2020-02-05
2020-02-20,63985.0,64404.0,63748.0,64085.0,39622,72751,64987.0,761752.76,SILVER,2020-02-05
2020-02-20,64016.0,64435.0,63779.0,64116.0,118866,72751,65018.0,381060.62,SILVERM,2020-02-05
2020-02-21,64211.0,64583.0,63968.0,64258.0,18992,37452,64085.0,366116.38,SILVER,2020-02-05
2020-02-21,64219.0,64591.0,63976.0,64266.0,56976,37452,64093.0,183080.98,SILVERM,2020-02-05
2020-02-24,62647.0,63374.0,62482.0,62824.0,22457,32725,64258.0,423251.57,SILVER,2020-02-05
2020-02-24,62700.0,63427.0,62535.0,62877.0,67371,32725,64311.0,211804.32,SILVERM,2020-02-05
2020-02-25,61877.0,62300.0,61347.0,61875.0,55100,60391,62824.0,1022793.75,SILVER,2020-02-05
2020-02-25,61840.0,62263.0,61310.0,61838.0,165300,60391,62787.0,511091.07,SILVERM,2020-02-05
2020-02-26,62145.0,62698.0,61399.0,62033.0,88885,21698,61875.0,1654140.96,SILVER,2020-02-05
2020-02-26,62148.0,62701.0,61402.0,62036.0,266655,21698,61878.0,827110.48,SILVERM,2020-02-05
2020-02-27,62472.0,62632.0,62472.0,62586.0,82290,12365,62033.0,1545060.58,SILVER,2020-02-05
2020-02-27,62527.0,62687.0,62527.0,62641.0,246870,12365,62088.0,773209.18,SILVERM,2020-02-05
2020-02-28,62918.0,62918.0,62635.0,62727.0,78430,53372,62586.0,1475903.58,SILVER,2020-02-05
2020-02-28,62963.0,62963.0,62680.0,62772.0,235290,53372,62631.0,738481.19,SILVERM,2020-02-05
2020-03-02,62723.0,63316.0,62093.0,62659.0,34048,54134,62727.0,640024.09,SILVER,2020-04-05
2020-03-02,62649.0,63242.0,62019.0,62585.0,102144,54134,62653.0,319634.11,SILVERM,2020-04-05
2020-03-03,62585.0,62585.0,62379.0,62456.0,24669,47823,62659.0,462218.12,SILVER,2020-04-05
2020-03-03,62534.0,62534.0,62328.0,62405.0,74007,47823,62608.0,230920.34,SILVERM,2020-04-05
2020-03-04,61324.0,61667.0,61190.0,61405.0,14777,11949,62456.0,272214.51,SILVER,2020-04-05
2020-03-04,61320.0,61663.0,61186.0,61401.0,44331,11949,62452.0,136098.39,SILVERM,2020-04-05
2020-03-05,61012.0,61012.0,60716.0,60908.0,25968,59396,61405.0,474497.68,SILVER,2020-04-05
2020-03-05,61000.0,61000.0,60704.0,60896.0,77904,59396,61393.0,237202.1,SILVERM,2020-04-05
2020-03-06,60466.0,60695.0,60466.0,60598.0,16292,41912,60908.0,296178.78,SILVER,2020-04-05
2020-03-06,60463.0,60692.0,60463.0,60595.0,48876,41912,60905.0,148082.06,SILVERM,2020-04-05
2020-03-09,61475.0,61787.0,60927.0,61366.0,18923,66947,60598.0,348368.65,SILVER,2020-04-05
2020-03-09,61515.0,61827.0,60967.0,61406.0,56769,66947,60638.0,174297.86,SILVERM,2020-04-05
2020-03-10,61650.0,62135.0,61116.0,61628.0,32703,54387,61366.0,604626.15,SILVER,2020-04-05
2020-03-10,61664.0,62149.0,61130.0,61642.0,98109,54387,61380.0,302381.75,SILVERM,2020-04-05
2020-03-11,60458.0,60541.0,60281.0,60391.0,23657,73965,61628.0,428600.97,SILVER,2020-04-05
2020-03-11,60475.0,60558.0,60298.0,60408.0,70971,73965,61645.0,214360.81,SILVERM,2020-04-05
2020-03-12,60493.0,60700.0,60493.0,60636.0,8629,26508,60391.0,156968.41,SILVER,2020-04-05
2020-03-12,60527.0,60734.0,60527.0,60670.0,25887,26508,60425.0,78528.21,SILVERM,2020-04-05
2020-03-13,60272.0,60496.0,60150.0,60380.0,7114,55592,60636.0,128863.0,SILVER,2020-04-05
2020-03-13,60326.0,60550.0,60204.0,60434.0,21342,55592,60690.0,64489.12,SILVERM,2020-04-05
2020-03-16,59993.0,60223.0,59531.0,59922.0,39445,11919,60380.0,709086.99,SILVER,2020-04-05
2020-03-16,59840.0,60070.0,59378.0,59769.0,118335,11919,60227.0,353638.23,SILVERM,2020-04-05
2020-03-17,60252.0,60454.0,60252.0,60367.0,30574,52595,59922.0,553698.2,SILVER,2020-04-05
2020-03-17,60233.0,60435.0,60233.0,60348.0,91722,52595,59903.0,276761.96,SILVERM,2020-04-05
2020-03-18,61169.0,61593.0,60922.0,61113.0,37349,19617,60367.0,684752.83,SILVER,2020-04-05
2020-03-18,61125.0,61549.0,60878.0,61069.0,112047,19617,60323.0,342129.91,SILVERM,2020-04-05
2020-03-19,61627.0,62172.0,61582.0,61796.0,27257,43298,61113.0,505312.07,SILVER,2020-04-05
2020-03-19,61651.0,62196.0,61606.0,61820.0,81771,43298,61137.0,252754.16,SILVERM,2020-04-05
2020-03-20,61314.0,61593.0,60601.0,61211.0,22973,16929,61796.0,421860.09,SILVER,2020-04-05
2020-03-20,61291.0,61570.0,60578.0,61188.0,68919,16929,61773.0,210850.79,SILVERM,2020-04-05
2020-03-23,60856.0,61507.0,60704.0,61007.0,30737,24456,61211.0,562551.65,SILVER,2020-04-05
2020-03-23,60860.0,61511.0,60708.0,61011.0,92211,24456,61215.0,281294.27,SILVERM,2020-04-05
2020-03-24,61327.0,61461.0,61101.0,61259.0,17047,47924,61007.0,313284.65,SILVER,2020-04-05
2020-03-24,61370.0,61504.0,61144.0,61302.0,51141,47924,61050.0,156752.28,SILVERM,2020-04-05
2020-03-25,62053.0,62729.0,61709.0,61976.0,27113,34240,61259.0,504106.59,SILVER,2020-04-05
2020-03-25,62023.0,62699.0,61679.0,61946.0,81339,34240,61229.0,251931.28,SILVERM,2020-04-05
2020-03-26,61561.0,61951.0,61499.0,61647.0,5694,19228,61976.0,105305.41,SILVER,2020-04-05
2020-03-26,61579.0,61969.0,61517.0,61665.0,17082,19228,61994.0,52668.08,SILVERM,2020-04-05
2020-03-27,61602.0,61764.0,61141.0,61530.0,20588,31686,61647.0,380033.89,SILVER,2020-04-05
2020-03-27,61680.0,61842.0,61219.0,61608.0,61764,31686,61725.0,190257.83,SILVERM,2020-04-05
2020-03-30,60789.0,60845.0,60582.0,60758.0,25067,21920,61530.0,456906.24,SILVER,2020-04-05
2020-03-30,60831.0,60887.0,60624.0,60800.0,75201,21920,61572.0,228611.04,SILVERM,2020-04-05
2020-03-31,59868.0,60234.0,59688.0,59933.0,11704,17432,60758.0,210436.75,SILVER,2020-04-05
2020-03-31,59789.0,60155.0,59609.0,59854.0,35112,17432,60679.0,105079.68,SILVERM,2020-04-05
2020-04-01,60397.0,60623.0,60392.0,60519.0,6971,73575,59933.0,126563.38,SILVER,2020-04-05
2020-04-01,60382.0,60608.0,60377.0,60504.0,20913,73575,59918.0,63266.01,SILVERM,2020-04-05
2020-04-02,61258.0,61730.0,61130.0,61500.0,16441,43910,60519.0,303336.45,SILVER,2020-04-05
2020-04-02,61276.0,61748.0,61148.0,61518.0,49323,43910,60537.0,151712.62,SILVERM,2020-04-05
2020-04-03,61507.0,62078.0,61083.0,61464.0,36476,40226,61500.0,672588.26,SILVER,2020-04-05
2020-04-03,61535.0,62106.0,61111.0,61492.0,109428,40226,61528.0,336447.33,SILVERM,2020-04-05
2020-04-06,62009.0,62312.0,62009.0,62204.0,19677,69099,61464.0,367196.43,SILVER,2020-04-05
2020-04-06,61996.0,62299.0,61996.0,62191.0,59031,69099,61451.0,183559.85,SILVERM,2020-04-05
2020-04-07,62495.0,62573.0,62405.0,62483.0,32818,28013,62204.0,615170.13,SILVER,2020-04-05
2020-04-07,62463.0,62541.0,62373.0,62451.0,98454,28013,62172.0,307427.54,SILVERM,2020-04-05
2020-04-08,61999.0,62390.0,61600.0,62031.0,6868,31446,62483.0,127808.67,SILVER,2020-04-05
2020-04-08,62002.0,62393.0,61603.0,62034.0,20604,31446,62486.0,63907.43,SILVERM,2020-04-05
2020-04-09,62394.0,62562.0,62098.0,62310.0,23055,72509,62031.0,430967.12,SILVER,2020-04-05
2020-04-09,62340.0,62508.0,62044.0,62256.0,69165,72509,61977.0,215296.81,SILVERM,2020-04-05
2020-04-10,63415.0,63700.0,63199.0,63453.0,6728,10557,62310.0,128073.54,SILVER,2020-04-05
2020-04-10,63470.0,63755.0,63254.0,63508.0,20184,10557,62365.0,64092.27,SILVERM,2020-04-05
2020-04-13,63401.0,64198.0,62860.0,63443.0,12632,40666,63453.0,240423.59,SILVER,2020-04-05
2020-04-13,63494.0,64291.0,62953.0,63536.0,37896,40666,63546.0,120388.01,SILVERM,2020-04-05
2020-04-14,64722.0,64919.0,64311.0,64628.0,17043,47389,63443.0,330436.5,SILVER,2020-04-05
2020-04-14,64742.0,64939.0,64331.0,64648.0,51129,47389,63463.0,165269.38,SILVERM,2020-04-05
2020-04-15,62743.0,63608.0,62132.0,62701.0,11403,57700,64628.0,214493.85,SILVER,2020-04-05
2020-04-15,62731.0,63596.0,62120.0,62689.0,34209,57700,64616.0,107226.4,SILVERM,2020-04-05
2020-04-16,63361.0,63886.0,63082.0,63321.0,20732,34578,62701.0,393831.29,SILVER,2020-04-05
2020-04-16,63408.0,63933.0,63129.0,63368.0,62196,34578,62748.0,197061.81,SILVERM,2020-04-05
2020-04-17,63461.0,63675.0,63213.0,63401.0,23526,19596,63321.0,447471.58,SILVER,2020-04-05
2020-04-17,63500.0,63714.0,63252.0,63440.0,70578,19596,63360.0,223873.42,SILVERM,2020-04-05
2020-04-20,63003.0,63654.0,62161.0,63197.0,14340,67500,63401.0,271873.49,SILVER,2020-04-05
2020-04-20,62989.0,63640.0,62147.0,63183.0,43020,67500,63387.0,135906.63,SILVERM,2020-04-05
2020-04-21,63377.0,63552.0,63028.0,63282.0,68485,20129,63197.0,1300160.33,SILVER,2020-04-05
2020-04-21,63375.0,63550.0,63026.0,63280.0,205455,20129,63195.0,650059.62,SILVERM,2020-04-05
2020-04-22,61925.0,62348.0,61308.0,61849.0,95052,73394,63282.0,1763661.34,SILVER,2020-04-05
2020-04-22,61895.0,62318.0,61278.0,61819.0,285156,73394,63252.0,881402.94,SILVERM,2020-04-05
2020-04-23,61582.0,62117.0,61534.0,61707.0,22755,76046,61849.0,421242.84,SILVER,2020-04-05
2020-04-23,61590.0,62125.0,61542.0,61715.0,68265,76046,61857.0,210648.72,SILVERM,2020-04-05
2020-04-24,61951.0,62507.0,61438.0,61981.0,60397,21596,61707.0,1123039.94,SILVER,2020-04-05
2020-04-24,61966.0,62522.0,61453.0,61996.0,181191,21596,61722.0,561655.86,SILVERM,2020-04-05
2020-04-27,63069.0,63676.0,62781.0,63074.0,28030,75355,61981.0,530389.27,SILVER,2020-04-05
2020-04-27,63030.0,63637.0,62742.0,63035.0,84090,75355,61942.0,265030.66,SILVERM,2020-04-05
2020-04-28,62694.0,62983.0,62355.0,62711.0,92060,22974,63074.0,1731952.4,SILVER,2020-04-05
2020-04-28,62640.0,62929.0,62301.0,62657.0,276180,22974,63020.0,865230.51,SILVERM,2020-04-05
2020-04-29,62181.0,62345.0,61847.0,62139.0,41312,76673,62711.0,770125.91,SILVER,2020-04-05
2020-04-29,62115.0,62279.0,61781.0,62073.0,123936,76673,62645.0,384653.97,SILVERM,2020-04-05
2020-04-30,61970.0,62060.0,61199.0,61793.0,84400,31818,62139.0,1564598.76,SILVER,2020-04-05
2020-04-30,61991.0,62081.0,61220.0,61814.0,253200,31818,62160.0,782565.24,SILVERM,2020-04-05
2020-05-01,62608.0,62758.0,62248.0,62473.0,32457,53246,61793.0,608305.85,SILVER,2020-06-05
2020-05-01,62607.0,62757.0,62247.0,62472.0,97371,53246,61792.0,304148.06,SILVERM,2020-06-05
2020-05-04,62564.0,63162.0,62104.0,62729.0,15532,65598,62473.0,292292.05,SILVER,2020-06-05
2020-05-04,62560.0,63158.0,62100.0,62725.0,46596,65598,62469.0,146136.7,SILVERM,2020-06-05
2020-05-05,62437.0,62551.0,61847.0,62359.0,18518,12654,62729.0,346429.19,SILVER,2020-06-05
2020-05-05,62460.0,62574.0,61870.0,62382.0,55554,12654,62752.0,173278.48,SILVERM,2020-06-05
2020-05-06,62917.0,62998.0,62433.0,62750.0,11476,43758,62359.0,216035.7,SILVER,2020-06-05
2020-05-06,62872.0,62953.0,62388.0,62705.0,34428,43758,62314.0,107940.39,SILVERM,2020-06-05
2020-05-07,62886.0,63255.0,62648.0,62837.0,24743,34204,62750.0,466432.77,SILVER,2020-06-05
2020-05-07,62832.0,63201.0,62594.0,62783.0,74229,34204,62696.0,233015.97,SILVERM,2020-06-05
2020-05-08,63706.0,63706.0,63464.0,63568.0,6004,44928,62837.0,114498.68,SILVER,2020-06-05
2020-05-08,63718.0,63718.0,63476.0,63580.0,18012,44928,62849.0,57260.15,SILVERM,2020-06-05
2020-05-11,63320.0,63320.0,62945.0,63066.0,8271,63609,63568.0,156485.67,SILVER,2020-06-05
2020-05-11,63234.0,63234.0,62859.0,62980.0,24813,63609,63482.0,78136.14,SILVERM,2020-06-05
2020-05-12,62971.0,63398.0,62336.0,62842.0,5209,40552,63066.0,98203.19,SILVER,2020-06-05
2020-05-12,62958.0,63385.0,62323.0,62829.0,15627,40552,63053.0,49091.44,SILVERM,2020-06-05
2020-05-13,62603.0,62755.0,62364.0,62572.0,30463,20336,62842.0,571839.25,SILVER,2020-06-05
2020-05-13,62726.0,62878.0,62487.0,62695.0,91389,20336,62965.0,286481.67,SILVERM,2020-06-05
2020-05-14,61659.0,61754.0,61364.0,61530.0,10539,57037,62572.0,194539.4,SILVER,2020-06-05
2020-05-14,61592.0,61687.0,61297.0,61463.0,31617,57037,62505.0,97163.78,SILVERM,2020-06-05
2020-05-15,61777.0,62352.0,61415.0,61759.0,24977,26206,61530.0,462766.36,SILVER,2020-06-05
2020-05-15,61756.0,62331.0,61394.0,61738.0,74931,26206,61509.0,231304.5,SILVERM,2020-06-05
2020-05-18,61967.0,62479.0,61636.0,61964.0,13606,44831,61759.0,252924.66,SILVER,2020-06-05
2020-05-18,61861.0,62373.0,61530.0,61858.0,40818,44831,61653.0,126245.99,SILVERM,2020-06-05
2020-05-19,61941.0,62341.0,61544.0,61984.0,39052,53563,61964.0,726179.75,SILVER,2020-06-05
2020-05-19,61929.0,62329.0,61532.0,61972.0,117156,53563,61952.0,363019.58,SILVERM,2020-06-05
2020-05-20,62025.0,62436.0,61178.0,61831.0,8148,28361,61984.0,151139.7,SILVER,2020-06-05
2020-05-20,62123.0,62534.0,61276.0,61929.0,24444,28361,62082.0,75689.62,SILVERM,2020-06-05
2020-05-21,60736.0,60935.0,60605.0,60836.0,38536,51335,61831.0,703312.83,SILVER,2020-06-05
2020-05-21,60759.0,60958.0,60628.0,60859.0,115608,51335,61854.0,351789.36,SILVERM,2020-06-05
2020-05-22,60740.0,60740.0,60480.0,60555.0,10607,35816,60836.0,192692.07,SILVER,2020-06-05
2020-05-22,60709.0,60709.0,60449.0,60524.0,31821,35816,60805.0,96296.71,SILVERM,2020-06-05
2020-05-25,60390.0,60782.0,59523.0,60330.0,24586,25619,60555.0,444982.01,SILVER,2020-06-05
2020-05-25,60499.0,60891.0,59632.0,60439.0,73758,25619,60664.0,222892.99,SILVERM,2020-06-05
2020-05-26,59617.0,60163.0,59408.0,59784.0,34250,36819,60330.0,614280.6,SILVER,2020-06-05
2020-05-26,59530.0,60076.0,59321.0,59697.0,102750,36819,60243.0,306693.34,SILVERM,2020-06-05
2020-05-27,59732.0,59817.0,59502.0,59688.0,23594,21741,59784.0,422483.6,SILVER,2020-06-05
2020-05-27,59755.0,59840.0,59525.0,59711.0,70782,21741,59807.0,211323.2,SILVERM,2020-06-05
2020-05-28,59734.0,60535.0,59725.0,59986.0,12399,18798,59688.0,223129.92,SILVER,2020-06-05
2020-05-28,59737.0,60538.0,59728.0,59989.0,37197,18798,59691.0,111570.54,SILVERM,2020-06-05
2020-05-29,61413.0,61849.0,60822.0,61336.0,30117,35143,59986.0,554176.89,SILVER,2020-06-05
2020-05-29,61401.0,61837.0,60810.0,61324.0,90351,35143,59974.0,277034.24,SILVERM,2020-06-05
2020-06-01,61586.0,61863.0,60946.0,61477.0,38126,59695,61336.0,703161.63,SILVER,2020-06-05
2020-06-01,61626.0,61903.0,60986.0,61517.0,114378,59695,61376.0,351809.57,SILVERM,2020-06-05
2020-06-02,61605.0,62048.0,60674.0,61678.0,38617,42747,61477.0,714545.8,SILVER,2020-06-05
2020-06-02,61546.0,61989.0,60615.0,61619.0,115851,42747,61418.0,356931.14,SILVERM,2020-06-05
2020-06-03,61657.0,61969.0,61333.0,61641.0,12498,31182,61678.0,231116.77,SILVER,2020-06-05
2020-06-03,61673.0,61985.0,61349.0,61657.0,37494,31182,61694.0,115588.38,SILVERM,2020-06-05
2020-06-04,60530.0,60762.0,59786.0,60294.0,14628,19415,61641.0,264594.19,SILVER,2020-06-05
2020-06-04,60539.0,60771.0,59795.0,60303.0,43884,19415,61650.0,132316.84,SILVERM,2020-06-05
2020-06-05,60231.0,60654.0,59959.0,60292.0,5329,21085,60294.0,96388.82,SILVER,2020-06-05
2020-06-05,60187.0,60610.0,59915.0,60248.0,15987,21085,60250.0,48159.24,SILVERM,2020-06-05
2020-06-08,60223.0,60606.0,60176.0,60351.0,12032,25008,60292.0,217842.97,SILVER,2020-06-05
2020-06-08,60320.0,60703.0,60273.0,60448.0,36096,25008,60389.0,109096.55,SILVERM,2020-06-05
2020-06-09,62309.0,62685.0,61710.0,62125.0,25622,28452,60351.0,477530.02,SILVER,2020-06-05
2020-06-09,62300.0,62676.0,61701.0,62116.0,76866,28452,60342.0,238730.42,SILVERM,2020-06-05
2020-06-10,62246.0,62376.0,61616.0,62002.0,33584,74075,62125.0,624682.55,SILVER,2020-06-05
2020-06-10,62239.0,62369.0,61609.0,61995.0,100752,74075,62118.0,312306.01,SILVERM,2020-06-05
2020-06-11,62237.0,62460.0,61769.0,62237.0,9722,18120,62002.0,181520.43,SILVER,2020-06-05
2020-06-11,62186.0,62409.0,61718.0,62186.0,29166,18120,61951.0,90685.84,SILVERM,2020-06-05
2020-06-12,62354.0,62515.0,61701.0,62228.0,22772,74385,62237.0,425116.8,SILVER,2020-06-05
2020-06-12,62346.0,62507.0,61693.0,62220.0,68316,74385,62229.0,212531.08,SILVERM,2020-06-05
2020-06-15,61568.0,61759.0,61074.0,61403.0,25569,28170,62228.0,471003.99,SILVER,2020-06-05
2020-06-15,61685.0,61876.0,61191.0,61520.0,76707,28170,62345.0,235950.73,SILVERM,2020-06-05
2020-06-16,62150.0,62378.0,62100.0,62243.0,8235,26259,61403.0,153771.33,SILVER,2020-06-05
2020-06-16,62137.0,62365.0,62087.0,62230.0,24705,26259,61390.0,76869.61,SILVERM,2020-06-05
2020-06-17,62746.0,62912.0,62640.0,62807.0,9576,32099,62243.0,180431.95,SILVER,2020-06-05
2020-06-17,62772.0,62938.0,62666.0,62833.0,28728,32099,62269.0,90253.32,SILVERM,2020-06-05
2020-06-18,63562.0,63562.0,63360.0,63406.0,31707,19649,62807.0,603124.21,SILVER,2020-06-05
2020-06-18,63610.0,63610.0,63408.0,63454.0,95121,19649,62855.0,301790.4,SILVERM,2020-06-05
2020-06-19,62965.0,63607.0,62154.0,62754.0,38868,69258,63406.0,731736.74,SILVER,2020-06-05
2020-06-19,62956.0,63598.0,62145.0,62745.0,116604,69258,63397.0,365815.9,SILVERM,2020-06-05
2020-06-22,63877.0,63884.0,63616.0,63805.0,88212,51037,62754.0,1688510.0,SILVER,2020-06-05
2020-06-22,63857.0,63864.0,63596.0,63785.0,264636,51037,62734.0,843990.36,SILVERM,2020-06-05
2020-06-23,62677.0,63102.0,62437.0,62788.0,72885,21805,63805.0,1372891.01,SILVER,2020-06-05
2020-06-23,62701.0,63126.0,62461.0,62812.0,218655,21805,63829.0,686707.89,SILVERM,2020-06-05
2020-06-24,63487.0,63487.0,62802.0,63235.0,62635,53147,62788.0,1188217.27,SILVER,2020-06-05
2020-06-24,63475.0,63475.0,62790.0,63223.0,187905,53147,62776.0,593995.89,SILVERM,2020-06-05
2020-06-25,64818.0,65082.0,64591.0,64887.0,55412,56053,63235.0,1078655.53,SILVER,2020-06-05
2020-06-25,64801.0,65065.0,64574.0,64870.0,166236,56053,63218.0,539186.47,SILVERM,2020-06-05
2020-06-26,64116.0,64403.0,63691.0,64159.0,48597,20985,64887.0,935380.48,SILVER,2020-06-05
2020-06-26,64163.0,64450.0,63738.0,64206.0,145791,20985,64934.0,468032.85,SILVERM,2020-06-05
2020-06-29,63798.0,64399.0,63367.0,63754.0,68787,22391,64159.0,1315633.92,SILVER,2020-06-05
2020-06-29,63795.0,64396.0,63364.0,63751.0,206361,22391,64156.0,657786.01,SILVERM,2020-06-05
2020-06-30,64043.0,64043.0,63625.0,63845.0,79905,14861,63754.0,1530460.42,SILVER,2020-06-05
2020-06-30,64104.0,64104.0,63686.0,63906.0,239715,14861,63815.0,765961.34,SILVERM,2020-06-05
2020-07-01,63596.0,63642.0,63069.0,63488.0,24464,73582,63845.0,465951.13,SILVER,2020-08-05
2020-07-01,63591.0,63637.0,63064.0,63483.0,73392,73582,63840.0,232957.22,SILVERM,2020-08-05
2020-07-02,62419.0,62713.0,61924.0,62367.0,35413,61928,63488.0,662580.77,SILVER,2020-08-05
2020-07-02,62353.0,62647.0,61858.0,62301.0,106239,61928,63422.0,330939.8,SILVERM,2020-08-05
2020-07-03,62492.0,62823.0,62033.0,62434.0,38270,44364,62367.0,716804.75,SILVER,2020-08-05
2020-07-03,62321.0,62652.0,61862.0,62263.0,114810,44364,62196.0,357420.75,SILVERM,2020-08-05
2020-07-06,61687.0,62113.0,61288.0,61682.0,25269,52923,62434.0,467592.74,SILVER,2020-08-05
2020-07-06,61595.0,62021.0,61196.0,61590.0,75807,52923,62342.0,233447.66,SILVERM,2020-08-05
2020-07-07,62109.0,62408.0,61477.0,62040.0,36541,17919,61682.0,680101.09,SILVER,2020-08-05
2020-07-07,62026.0,62325.0,61394.0,61957.0,109623,17919,61599.0,339595.61,SILVERM,2020-08-05
2020-07-08,61085.0,61616.0,61085.0,61395.0,13009,65896,62040.0,239606.27,SILVER,2020-08-05
2020-07-08,61098.0,61629.0,61098.0,61408.0,39027,65896,62053.0,119828.5,SILVERM,2020-08-05
2020-07-09,62494.0,62940.0,61917.0,62531.0,22007,57396,61395.0,412835.92,SILVER,2020-08-05
2020-07-09,62445.0,62891.0,61868.0,62482.0,66021,57396,61346.0,206256.21,SILVERM,2020-08-05
2020-07-10,62009.0,62533.0,61562.0,61979.0,31462,44840,62531.0,584994.99,SILVER,2020-08-05
2020-07-10,61910.0,62434.0,61463.0,61880.0,94386,44840,62432.0,292030.28,SILVERM,2020-08-05
2020-07-13,61621.0,62141.0,61483.0,61764.0,16542,52255,61979.0,306510.03,SILVER,2020-08-05
2020-07-13,61614.0,62134.0,61476.0,61757.0,49626,52255,61972.0,153237.64,SILVERM,2020-08-05
2020-07-14,62417.0,62462.0,62253.0,62369.0,22434,18176,61764.0,419755.84,SILVER,2020-08-05
2020-07-14,62363.0,62408.0,62199.0,62315.0,67302,18176,61710.0,209696.21,SILVERM,2020-08-05
2020-07-15,61472.0,61804.0,60931.0,61497.0,34765,43529,62369.0,641382.96,SILVER,2020-08-05
2020-07-15,61495.0,61827.0,60954.0,61520.0,104295,43529,62392.0,320811.42,SILVERM,2020-08-05
2020-07-16,61893.0,61893.0,61566.0,61677.0,28769,66406,61497.0,532315.68,SILVER,2020-08-05
2020-07-16,61915.0,61915.0,61588.0,61699.0,86307,66406,61519.0,266252.78,SILVERM,2020-08-05
2020-07-17,62837.0,62845.0,62439.0,62640.0,27465,22941,61677.0,516122.28,SILVER,2020-08-05
2020-07-17,62864.0,62872.0,62466.0,62667.0,82395,22941,61704.0,258172.37,SILVERM,2020-08-05
2020-07-20,61437.0,61729.0,60922.0,61494.0,26868,11669,62640.0,495666.24,SILVER,2020-08-05
2020-07-20,61309.0,61601.0,60794.0,61366.0,80604,11669,62512.0,247317.25,SILVERM,2020-08-05
2020-07-21,61624.0,62311.0,61182.0,61643.0,25156,54859,61494.0,465207.39,SILVER,2020-08-05
2020-07-21,61626.0,62313.0,61184.0,61645.0,75468,54859,61496.0,232611.24,SILVERM,2020-08-05
2020-07-22,61837.0,62335.0,61627.0,61846.0,25300,65786,61643.0,469411.14,SILVER,2020-08-05
2020-07-22,61831.0,62329.0,61621.0,61840.0,75900,65786,61637.0,234682.8,SILVERM,2020-08-05
2020-07-23,62373.0,62994.0,62085.0,62429.0,18435,61083,61846.0,345263.58,SILVER,2020-08-05
2020-07-23,62312.0,62933.0,62024.0,62368.0,55305,61083,61785.0,172463.11,SILVERM,2020-08-05
2020-07-24,61576.0,62378.0,61033.0,61552.0,9114,50076,62429.0,168295.48,SILVER,2020-08-05
2020-07-24,61469.0,62271.0,60926.0,61445.0,27342,50076,62322.0,84001.46,SILVERM,2020-08-05
2020-07-27,60536.0,61020.0,60117.0,60628.0,13095,30323,61552.0,238177.1,SILVER,2020-08-05
2020-07-27,60531.0,61015.0,60112.0,60623.0,39285,30323,61547.0,119078.73,SILVERM,2020-08-05
2020-07-28,60877.0,61903.0,60079.0,61015.0,8951,16021,60628.0,163843.58,SILVER,2020-08-05
2020-07-28,60930.0,61956.0,60132.0,61068.0,26853,16021,60681.0,81992.95,SILVERM,2020-08-05
2020-07-29,61319.0,61557.0,60832.0,61243.0,26468,49807,61015.0,486293.92,SILVER,2020-08-05
2020-07-29,61190.0,61428.0,60703.0,61114.0,79404,49807,60886.0,242634.8,SILVERM,2020-08-05
2020-07-30,61516.0,61530.0,61317.0,61438.0,32073,60355,61243.0,591150.29,SILVER,2020-08-05
2020-07-30,61474.0,61488.0,61275.0,61396.0,96219,60355,61201.0,295373.09,SILVERM,2020-08-05
2020-07-31,61604.0,62124.0,61278.0,61704.0,39341,54732,61438.0,728249.12,SILVER,2020-08-05
2020-07-31,61611.0,62131.0,61285.0,61711.0,118023,54732,61445.0,364165.87,SILVERM,2020-08-05
2020-08-03,61343.0,61605.0,61034.0,61233.0,7768,18711,61704.0,142697.38,SILVER,2020-08-05
2020-08-03,61399.0,61661.0,61090.0,61289.0,23304,18711,61760.0,71413.94,SILVERM,2020-08-05
2020-08-04,61338.0,62087.0,61025.0,61415.0,38979,73079,61233.0,718168.59,SILVER,2020-08-05
2020-08-04,61322.0,62071.0,61009.0,61399.0,116937,73079,61217.0,358990.74,SILVERM,2020-08-05
2020-08-05,61673.0,61970.0,61243.0,61642.0,30351,17904,61415.0,561268.9,SILVER,2020-08-05
2020-08-05,61770.0,62067.0,61340.0,61739.0,91053,17904,61512.0,281076.06,SILVERM,2020-08-05
2020-08-06,61248.0,61386.0,60961.0,61148.0,20445,74033,61642.0,375051.26,SILVER,2020-08-05
2020-08-06,61158.0,61296.0,60871.0,61058.0,61335,74033,61552.0,187249.62,SILVERM,2020-08-05
2020-08-07,62504.0,62692.0,62322.0,62508.0,6160,65096,61148.0,115514.78,SILVER,2020-08-05
2020-08-07,62403.0,62591.0,62221.0,62407.0,18480,65096,61047.0,57664.07,SILVERM,2020-08-05
2020-08-10,62929.0,63024.0,62494.0,62871.0,27361,13093,62508.0,516064.03,SILVER,2020-08-05
2020-08-10,62980.0,63075.0,62545.0,62922.0,82083,13093,62559.0,258241.33,SILVERM,2020-08-05
2020-08-11,61957.0,62204.0,61882.0,62021.0,12041,34918,62871.0,224038.46,SILVER,2020-08-05
2020-08-11,61840.0,62087.0,61765.0,61904.0,36123,34918,62754.0,111807.91,SILVERM,2020-08-05
2020-08-12,62490.0,62847.0,62261.0,62514.0,23767,72636,62021.0,445731.07,SILVER,2020-08-05
2020-08-12,62513.0,62870.0,62284.0,62537.0,71301,72636,62044.0,222947.53,SILVERM,2020-08-05
2020-08-13,61799.0,62290.0,61309.0,61825.0,15846,68806,62514.0,293903.68,SILVER,2020-08-05
2020-08-13,61784.0,62275.0,61294.0,61810.0,47538,68806,62499.0,146916.19,SILVERM,2020-08-05
2020-08-14,62318.0,63036.0,61533.0,62411.0,24924,19394,61825.0,466659.53,SILVER,2020-08-05
2020-08-14,62273.0,62991.0,61488.0,62366.0,74772,19394,61780.0,233161.53,SILVERM,2020-08-05
2020-08-17,63254.0,63564.0,62720.0,63276.0,18882,23280,62411.0,358433.23,SILVER,2020-08-05
2020-08-17,63233.0,63543.0,62699.0,63255.0,56646,23280,62390.0,179157.14,SILVERM,2020-08-05
2020-08-18,62496.0,62800.0,62496.0,62691.0,19738,46303,63276.0,371218.49,SILVER,2020-08-05
2020-08-18,62432.0,62736.0,62432.0,62627.0,59214,46303,63212.0,185419.76,SILVERM,2020-08-05
2020-08-19,63353.0,63971.0,62893.0,63415.0,26019,37453,62691.0,494998.47,SILVER,2020-08-05
2020-08-19,63337.0,63955.0,62877.0,63399.0,78057,37453,62675.0,247436.79,SILVERM,2020-08-05
2020-08-20,63702.0,64302.0,63173.0,63738.0,6095,70695,63415.0,116544.93,SILVER,2020-08-05
2020-08-20,63703.0,64303.0,63174.0,63739.0,18285,70695,63416.0,58273.38,SILVERM,2020-08-05
2020-08-21,64336.0,64605.0,64123.0,64369.0,47807,78449,63738.0,923186.63,SILVER,2020-08-05
2020-08-21,64315.0,64584.0,64102.0,64348.0,143421,78449,63717.0,461442.73,SILVERM,2020-08-05
2020-08-24,65793.0,66006.0,65638.0,65825.0,82830,35765,64369.0,1635685.42,SILVER,2020-08-05
2020-08-24,65764.0,65977.0,65609.0,65796.0,248490,35765,64340.0,817482.4,SILVERM,2020-08-05
2020-08-25,65646.0,65818.0,65448.0,65654.0,15197,12340,65825.0,299323.15,SILVER,2020-08-05
2020-08-25,65659.0,65831.0,65461.0,65667.0,45591,12340,65838.0,149691.21,SILVERM,2020-08-05
2020-08-26,65159.0,65405.0,64884.0,65097.0,86642,48057,65654.0,1692040.28,SILVER,2020-08-05
2020-08-26,65242.0,65488.0,64967.0,65180.0,259926,48057,65737.0,847098.83,SILVERM,2020-08-05
2020-08-27,64555.0,64827.0,64109.0,64442.0,93437,10597,65097.0,1806380.15,SILVER,2020-08-05
2020-08-27,64542.0,64814.0,64096.0,64429.0,280311,10597,65084.0,903007.87,SILVERM,2020-08-05
2020-08-28,63766.0,64196.0,63698.0,63849.0,74385,67988,64442.0,1424822.36,SILVER,2020-08-05
2020-08-28,63807.0,64237.0,63739.0,63890.0,223155,67988,64483.0,712868.65,SILVERM,2020-08-05
2020-08-31,63655.0,64028.0,63311.0,63809.0,90382,25025,63849.0,1730155.51,SILVER,2020-08-05
2020-08-31,63607.0,63980.0,63263.0,63761.0,271146,25025,63801.0,864427.01,SILVERM,2020-08-05
2020-09-01,63946.0,64302.0,63946.0,64080.0,23344,17145,63809.0,448765.06,SILVER,2020-10-05
2020-09-01,63879.0,64235.0,63879.0,64013.0,70032,17145,63742.0,224147.92,SILVERM,2020-10-05
2020-09-02,64241.0,64687.0,64016.0,64304.0,39241,65797,64080.0,757005.98,SILVER,2020-10-05
2020-09-02,64264.0,64710.0,64039.0,64327.0,117723,65797,64103.0,378638.37,SILVERM,2020-10-05
2020-09-03,64898.0,65441.0,64465.0,64944.0,9979,51723,64304.0,194422.85,SILVER,2020-10-05
2020-09-03,64886.0,65429.0,64453.0,64932.0,29937,51723,64292.0,97193.46,SILVERM,2020-10-05
2020-09-04,64871.0,65135.0,64557.0,64971.0,6212,14830,64944.0,121079.96,SILVER,2020-10-05
2020-09-04,64927.0,65191.0,64613.0,65027.0,18636,14830,65000.0,60592.16,SILVERM,2020-10-05
2020-09-07,65926.0,66795.0,65468.0,66098.0,14001,33930,64971.0,277631.43,SILVER,2020-10-05
2020-09-07,65992.0,66861.0,65534.0,66164.0,42003,33930,65037.0,138954.32,SILVERM,2020-10-05
2020-09-08,65851.0,66264.0,65766.0,65911.0,18248,33752,66098.0,360823.18,SILVER,2020-10-05
2020-09-08,65893.0,66306.0,65808.0,65953.0,54744,33752,66140.0,180526.55,SILVERM,2020-10-05
2020-09-09,68077.0,68406.0,67636.0,68052.0,38187,72040,65911.0,779610.52,SILVER,2020-10-05
2020-09-09,68118.0,68447.0,67677.0,68093.0,114561,72040,65952.0,390040.11,SILVERM,2020-10-05
2020-09-10,68649.0,69304.0,67853.0,68568.0,20608,77696,68052.0,423914.8,SILVER,2020-10-05
2020-09-10,68478.0,69133.0,67682.0,68397.0,61824,77696,67881.0,211428.81,SILVERM,2020-10-05
2020-09-11,67828.0,68023.0,67746.0,67903.0,36368,74648,68568.0,740848.89,SILVER,2020-10-05
2020-09-11,67850.0,68045.0,67768.0,67925.0,109104,74648,68590.0,370544.46,SILVERM,2020-10-05
2020-09-14,67023.0,67203.0,66998.0,67079.0,10283,65030,67903.0,206932.01,SILVER,2020-10-05
2020-09-14,67066.0,67246.0,67041.0,67122.0,30849,65030,67946.0,103532.33,SILVERM,2020-10-05
2020-09-15,67349.0,67574.0,67349.0,67474.0,30854,66815,67079.0,624552.84,SILVER,2020-10-05
2020-09-15,67285.0,67510.0,67285.0,67410.0,92562,66815,67015.0,311980.22,SILVERM,2020-10-05
2020-09-16,67312.0,67660.0,66495.0,67316.0,15715,45690,67474.0,317361.28,SILVER,2020-10-05
2020-09-16,67312.0,67660.0,66495.0,67316.0,47145,45690,67474.0,158680.64,SILVERM,2020-10-05
2020-09-17,67781.0,68099.0,67725.0,67896.0,21165,67923,67316.0,431105.65,SILVER,2020-10-05
2020-09-17,67729.0,68047.0,67673.0,67844.0,63495,67923,67264.0,215387.74,SILVERM,2020-10-05
2020-09-18,68367.0,68838.0,67379.0,68289.0,39108,46572,67896.0,801193.86,SILVER,2020-10-05
2020-09-18,68418.0,68889.0,67430.0,68340.0,117324,46572,67947.0,400896.11,SILVERM,2020-10-05
2020-09-21,68005.0,68616.0,68005.0,68249.0,31797,64030,68289.0,651034.04,SILVER,2020-10-05
2020-09-21,67957.0,68568.0,67957.0,68201.0,95391,64030,68241.0,325288.08,SILVERM,2020-10-05
2020-09-22,67547.0,68087.0,67402.0,67596.0,15584,77904,68249.0,316024.82,SILVER,2020-10-05
2020-09-22,67507.0,68047.0,67362.0,67556.0,46752,77904,68209.0,157918.91,SILVERM,2020-10-05
2020-09-23,66470.0,67158.0,65919.0,66430.0,19780,39203,67596.0,394195.62,SILVER,2020-10-05
2020-09-23,66447.0,67135.0,65896.0,66407.0,59340,39203,67573.0,197029.57,SILVERM,2020-10-05
2020-09-24,66127.0,66643.0,65588.0,66102.0,26573,15608,66430.0,526958.53,SILVER,2020-10-05
2020-09-24,66239.0,66755.0,65700.0,66214.0,79719,15608,66542.0,263925.69,SILVERM,2020-10-05
2020-09-25,67143.0,67248.0,65936.0,66783.0,38359,55667,66102.0,768518.73,SILVER,2020-10-05
2020-09-25,67193.0,67298.0,65986.0,66833.0,115077,55667,66152.0,384547.06,SILVERM,2020-10-05
2020-09-28,67014.0,67680.0,66138.0,66967.0,5526,65547,66783.0,111017.89,SILVER,2020-10-05
2020-09-28,67095.0,67761.0,66219.0,67048.0,16578,65547,66864.0,55576.09,SILVERM,2020-10-05
2020-09-29,65886.0,66524.0,65630.0,66019.0,12855,32485,66967.0,254602.27,SILVER,2020-10-05
2020-09-29,65795.0,66433.0,65539.0,65928.0,38565,32485,66876.0,127125.67,SILVERM,2020-10-05
2020-09-30,66157.0,66484.0,65574.0,66170.0,39060,19862,66019.0,775380.06,SILVER,2020-10-05
2020-09-30,66094.0,66421.0,65511.0,66107.0,117180,19862,65956.0,387320.91,SILVERM,2020-10-05
2020-10-01,66249.0,67025.0,66234.0,66485.0,34482,67560,66170.0,687760.73,SILVER,2020-10-05
2020-10-01,66316.0,67092.0,66301.0,66552.0,103446,67560,66237.0,344226.91,SILVERM,2020-10-05
2020-10-02,65810.0,65946.0,65562.0,65821.0,21571,38415,66485.0,425947.44,SILVER,2020-10-05
2020-10-02,65722.0,65858.0,65474.0,65733.0,64713,38415,66397.0,212688.98,SILVERM,2020-10-05
2020-10-05,65846.0,66121.0,65846.0,65956.0,36740,74523,65821.0,726967.03,SILVER,2020-10-05
2020-10-05,65812.0,66087.0,65812.0,65922.0,110220,74523,65787.0,363296.14,SILVERM,2020-10-05
2020-10-06,66139.0,66349.0,65515.0,66018.0,24142,29323,65956.0,478141.97,SILVER,2020-10-05
2020-10-06,66242.0,66452.0,65618.0,66121.0,72426,29323,66059.0,239443.98,SILVERM,2020-10-05
2020-10-07,65090.0,65354.0,64762.0,65161.0,30104,63214,66018.0,588482.02,SILVER,2020-10-05
2020-10-07,65042.0,65306.0,64714.0,65113.0,90312,63214,65970.0,294024.26,SILVERM,2020-10-05
2020-10-08,65436.0,65851.0,65143.0,65451.0,13625,27997,65161.0,267530.96,SILVER,2020-10-05
2020-10-08,65345.0,65760.0,65052.0,65360.0,40875,27997,65070.0,133579.5,SILVERM,2020-10-05
2020-10-09,65813.0,66214.0,65274.0,65897.0,20926,67003,65451.0,413688.19,SILVER,2020-10-05
2020-10-09,65815.0,66216.0,65276.0,65899.0,62778,67003,65453.0,206850.37,SILVERM,2020-10-05
2020-10-12,66984.0,67060.0,66157.0,66752.0,36218,13679,65897.0,725287.18,SILVER,2020-10-05
2020-10-12,66895.0,66971.0,66068.0,66663.0,108654,13679,65808.0,362160.08,SILVERM,2020-10-05
2020-10-13,67551.0,67844.0,67042.0,67594.0,31380,50308,66752.0,636329.92,SILVER,2020-10-05
2020-10-13,67613.0,67906.0,67104.0,67656.0,94140,50308,66814.0,318456.79,SILVERM,2020-10-05
2020-10-14,66779.0,67311.0,65794.0,66535.0,25566,49842,67594.0,510310.14,SILVER,2020-10-05
2020-10-14,66734.0,67266.0,65749.0,66490.0,76698,49842,67549.0,254982.5,SILVERM,2020-10-05
2020-10-15,65936.0,65964.0,65615.0,65829.0,38205,75408,66535.0,754499.08,SILVER,2020-10-05
2020-10-15,65881.0,65909.0,65560.0,65774.0,114615,75408,66480.0,376934.35,SILVERM,2020-10-05
2020-10-16,66306.0,66575.0,65925.0,66242.0,34717,79532,65829.0,689917.05,SILVER,2020-10-05
2020-10-16,66307.0,66576.0,65926.0,66243.0,104151,79532,65830.0,344963.73,SILVERM,2020-10-05
2020-10-19,66707.0,66765.0,66527.0,66657.0,30135,63938,66242.0,602612.61,SILVER,2020-10-05
2020-10-19,66687.0,66745.0,66507.0,66637.0,90405,63938,66222.0,301215.9,SILVERM,2020-10-05
2020-10-20,67129.0,67129.0,66986.0,67076.0,33164,15695,66657.0,667352.54,SILVER,2020-10-05
2020-10-20,67142.0,67142.0,66999.0,67089.0,99492,15695,66670.0,333740.94,SILVERM,2020-10-05
2020-10-21,69904.0,70504.0,69904.0,70175.0,34882,68499,67076.0,734353.3,SILVER,2020-10-05
2020-10-21,69930.0,70530.0,69930.0,70201.0,104646,68499,67102.0,367312.69,SILVERM,2020-10-05
2020-10-22,70622.0,71124.0,70282.0,70661.0,21435,33382,70175.0,454385.56,SILVER,2020-10-05
2020-10-22,70611.0,71113.0,70271.0,70650.0,64305,33382,70164.0,227157.41,SILVERM,2020-10-05
2020-10-23,71742.0,72546.0,70979.0,71621.0,62922,24235,70661.0,1351960.97,SILVER,2020-10-05
2020-10-23,71684.0,72488.0,70921.0,71563.0,188766,24235,70603.0,675433.06,SILVERM,2020-10-05
2020-10-26,72432.0,72714.0,71879.0,72439.0,66510,72223,71621.0,1445375.37,SILVER,2020-10-05
2020-10-26,72469.0,72751.0,71916.0,72476.0,199530,72223,71658.0,723056.81,SILVERM,2020-10-05
2020-10-27,72805.0,73203.0,72805.0,73010.0,72835,12366,72439.0,1595305.0,SILVER,2020-10-05
2020-10-27,72770.0,73168.0,72770.0,72975.0,218505,12366,72404.0,797270.12,SILVERM,2020-10-05
2020-10-28,72752.0,73814.0,72271.0,72760.0,70505,37467,73010.0,1538983.14,SILVER,2020-10-05
2020-10-28,72709.0,73771.0,72228.0,72717.0,211515,37467,72967.0,769036.81,SILVERM,2020-10-05
2020-10-29,73675.0,73966.0,72816.0,73425.0,14210,69316,72760.0,313010.78,SILVER,2020-10-05
2020-10-29,73682.0,73973.0,72823.0,73432.0,42630,69316,72767.0,156520.31,SILVERM,2020-10-05
2020-10-30,72966.0,73447.0,72059.0,72785.0,32517,16764,73425.0,710024.95,SILVER,2020-10-05
2020-10-30,72870.0,73351.0,71963.0,72689.0,97551,16764,73329.0,354544.23,SILVERM,2020-10-05
2020-11-02,72593.0,72805.0,72309.0,72602.0,14255,71836,72785.0,310482.45,SILVER,2020-12-05
2020-11-02,72613.0,72825.0,72329.0,72622.0,42765,71836,72805.0,155283.99,SILVERM,2020-12-05
2020-11-03,72348.0,72498.0,72031.0,72211.0,37262,41923,72602.0,807217.88,SILVER,2020-12-05
2020-11-03,72358.0,72508.0,72041.0,72221.0,111786,41923,72612.0,403664.84,SILVERM,2020-12-05
2020-11-04,72245.0,72687.0,71921.0,72298.0,23093,26292,72211.0,500873.31,SILVER,2020-12-05
2020-11-04,72301.0,72743.0,71977.0,72354.0,69279,26292,72267.0,250630.64,SILVERM,2020-12-05
2020-11-05,74040.0,75173.0,73630.0,74293.0,10782,11614,72298.0,240308.14,SILVER,2020-12-05
2020-11-05,74015.0,75148.0,73605.0,74268.0,32346,11614,72273.0,120113.64,SILVERM,2020-12-05
2020-11-06,72577.0,73586.0,72136.0,72712.0,6234,30939,74293.0,135985.98,SILVER,2020-12-05
2020-11-06,72643.0,73652.0,72202.0,72778.0,18702,30939,74359.0,68054.71,SILVERM,2020-12-05
2020-11-09,73543.0,73890.0,72703.0,73314.0,39188,28800,72712.0,861908.71,SILVER,2020-12-05
2020-11-09,73569.0,73916.0,72729.0,73340.0,117564,28800,72738.0,431107.19,SILVERM,2020-12-05
2020-11-10,71927.0,72383.0,71770.0,71967.0,36996,66440,73314.0,798747.34,SILVER,2020-12-05
2020-11-10,71926.0,72382.0,71769.0,71966.0,110988,66440,73313.0,399368.12,SILVERM,2020-12-05
2020-11-11,71555.0,71714.0,71344.0,71590.0,34204,33246,71967.0,734599.31,SILVER,2020-12-05
2020-11-11,71646.0,71805.0,71435.0,71681.0,102612,33246,72058.0,367766.54,SILVERM,2020-12-05
2020-11-12,72479.0,72853.0,72280.0,72523.0,22152,62805,71590.0,481958.85,SILVER,2020-12-05
2020-11-12,72484.0,72858.0,72285.0,72528.0,66456,62805,71595.0,240996.04,SILVERM,2020-12-05
2020-11-13,72872.0,72872.0,72514.0,72595.0,30019,59648,72523.0,653768.79,SILVER,2020-12-05
2020-11-13,72846.0,72846.0,72488.0,72569.0,90057,59648,72497.0,326767.32,SILVERM,2020-12-05
2020-11-16,71940.0,72264.0,71495.0,71707.0,24488,66851,72595.0,526788.3,SILVER,2020-12-05
2020-11-16,71946.0,72270.0,71501.0,71713.0,73464,66851,72601.0,263416.19,SILVERM,2020-12-05
2020-11-17,71445.0,71631.0,70890.0,71130.0,24689,41688,71707.0,526838.57,SILVER,2020-12-05
2020-11-17,71418.0,71604.0,70863.0,71103.0,74067,41688,71680.0,263319.3,SILVERM,2020-12-05
2020-11-18,71691.0,71909.0,71341.0,71714.0,33506,39764,71130.0,720854.79,SILVER,2020-12-05
2020-11-18,71710.0,71928.0,71360.0,71733.0,100518,39764,71149.0,360522.88,SILVERM,2020-12-05
2020-11-19,71166.0,71246.0,71061.0,71124.0,22715,42470,71714.0,484674.5,SILVER,2020-12-05
2020-11-19,71232.0,71312.0,71127.0,71190.0,68145,42470,71780.0,242562.13,SILVERM,2020-12-05
2020-11-20,71105.0,71907.0,71066.0,71321.0,18765,48501,71124.0,401501.57,SILVER,2020-12-05
2020-11-20,71105.0,71907.0,71066.0,71321.0,56295,48501,71124.0,200750.78,SILVERM,2020-12-05
2020-11-23,71588.0,71588.0,71112.0,71377.0,26942,67207,71321.0,576911.74,SILVER,2020-12-05
2020-11-23,71593.0,71593.0,71117.0,71382.0,80826,67207,71326.0,288476.08,SILVERM,2020-12-05
2020-11-24,70690.0,70990.0,70690.0,70855.0,25478,72157,71377.0,541573.11,SILVER,2020-12-05
2020-11-24,70730.0,71030.0,70730.0,70895.0,76434,72157,71417.0,270939.42,SILVERM,2020-12-05
2020-11-25,72698.0,72792.0,72575.0,72666.0,27551,13216,70855.0,600606.29,SILVER,2020-12-05
2020-11-25,72757.0,72851.0,72634.0,72725.0,82653,13216,70914.0,300546.97,SILVERM,2020-12-05
2020-11-26,73063.0,73520.0,72723.0,73223.0,33072,32072,72666.0,726489.32,SILVER,2020-12-05
2020-11-26,73040.0,73497.0,72700.0,73200.0,99216,32072,72643.0,363130.56,SILVERM,2020-12-05
2020-11-27,71449.0,72600.0,70627.0,71533.0,7892,47132,73223.0,169361.53,SILVER,2020-12-05
2020-11-27,71458.0,72609.0,70636.0,71542.0,23676,47132,73232.0,84691.42,SILVERM,2020-12-05
2020-11-30,71587.0,72495.0,70719.0,71707.0,38966,27861,71533.0,838240.49,SILVER,2020-12-05
2020-11-30,71627.0,72535.0,70759.0,71747.0,116898,27861,71573.0,419354.04,SILVERM,2020-12-05
2020-12-01,71088.0,71527.0,70780.0,71174.0,29395,74186,71707.0,627647.92,SILVER,2021-02-05
2020-12-01,71104.0,71543.0,70796.0,71190.0,88185,74186,71723.0,313894.51,SILVERM,2021-02-05
2020-12-02,71825.0,72298.0,71590.0,71903.0,23756,14960,71174.0,512438.3,SILVER,2021-02-05
2020-12-02,71732.0,72205.0,71497.0,71810.0,71268,14960,71081.0,255887.75,SILVERM,2021-02-05
2020-12-03,71182.0,71657.0,71023.0,71260.0,27174,28781,71903.0,580925.77,SILVER,2021-02-05
2020-12-03,71231.0,71706.0,71072.0,71309.0,81522,28781,71952.0,290662.61,SILVERM,2021-02-05
2020-12-04,71301.0,71428.0,70941.0,71183.0,39651,41126,71260.0,846743.14,SILVER,2021-02-05
2020-12-04,71327.0,71454.0,70967.0,71209.0,118953,41126,71286.0,423526.21,SILVERM,2021-02-05
2020-12-07,71463.0,72019.0,71033.0,71621.0,5797,32578,71183.0,124556.08,SILVER,2021-02-05
2020-12-07,71493.0,72049.0,71063.0,71651.0,17391,32578,71213.0,62304.13,SILVERM,2021-02-05
2020-12-08,72397.0,73093.0,71677.0,72365.0,13209,27883,71621.0,286760.79,SILVER,2021-02-05
2020-12-08,72337.0,73033.0,71617.0,72305.0,39627,27883,71561.0,143261.51,SILVERM,2021-02-05
2020-12-09,71552.0,71771.0,70774.0,71378.0,26346,39782,72365.0,564157.44,SILVER,2021-02-05
2020-12-09,71560.0,71779.0,70782.0,71386.0,79038,39782,72373.0,282110.33,SILVERM,2021-02-05
2020-12-10,71046.0,71639.0,70868.0,71119.0,33024,66387,71378.0,704590.16,SILVER,2021-02-05
2020-12-10,71088.0,71681.0,70910.0,71161.0,99072,66387,71420.0,352503.13,SILVERM,2021-02-05
2020-12-11,70642.0,70974.0,70291.0,70744.0,34414,26979,71119.0,730375.2,SILVER,2021-02-05
2020-12-11,70598.0,70930.0,70247.0,70700.0,103242,26979,71075.0,364960.47,SILVERM,2021-02-05
2020-12-14,70193.0,70392.0,69970.0,70225.0,10947,43746,70744.0,230625.92,SILVER,2021-02-05
2020-12-14,70162.0,70361.0,69939.0,70194.0,32841,43746,70713.0,115262.06,SILVERM,2021-02-05
2020-12-15,71872.0,71982.0,71371.0,71703.0,14617,76266,70225.0,314424.83,SILVER,2021-02-05
2020-12-15,71915.0,72025.0,71414.0,71746.0,43851,76266,70268.0,157306.69,SILVERM,2021-02-05
2020-12-16,72089.0,72355.0,71852.0,72061.0,25704,10056,71703.0,555676.78,SILVER,2021-02-05
2020-12-16,72056.0,72322.0,71819.0,72028.0,77112,10056,71670.0,277711.16,SILVERM,2021-02-05
2020-12-17,70952.0,71516.0,70719.0,71027.0,33702,41457,72061.0,718125.59,SILVER,2021-02-05
2020-12-17,70942.0,71506.0,70709.0,71017.0,101106,41457,72051.0,359012.24,SILVERM,2021-02-05
2020-12-18,71879.0,72321.0,71434.0,71810.0,6892,12243,71027.0,148474.36,SILVER,2021-02-05
2020-12-18,71827.0,72269.0,71382.0,71758.0,20676,12243,70975.0,74183.42,SILVERM,2021-02-05
2020-12-21,73464.0,73915.0,73325.0,73626.0,86885,65031,71810.0,1919098.5,SILVER,2021-02-05
2020-12-21,73555.0,74006.0,73416.0,73717.0,260655,65031,71901.0,960735.23,SILVERM,2021-02-05
2020-12-22,74638.0,75015.0,74087.0,74536.0,21060,11701,73626.0,470918.45,SILVER,2021-02-05
2020-12-22,74664.0,75041.0,74113.0,74562.0,63180,11701,73652.0,235541.36,SILVERM,2021-02-05
2020-12-23,73306.0,73419.0,73070.0,73246.0,46045,66381,74536.0,1011783.62,SILVER,2021-02-05
2020-12-23,73293.0,73406.0,73057.0,73233.0,138135,66381,74523.0,505802.02,SILVERM,2021-02-05
2020-12-24,72807.0,73146.0,72276.0,72852.0,87215,60438,73246.0,1906136.15,SILVER,2021-02-05
2020-12-24,72785.0,73124.0,72254.0,72830.0,261645,60438,73224.0,952780.27,SILVERM,2021-02-05
2020-12-25,73830.0,74189.0,73830.0,73954.0,99457,76483,72852.0,2206572.89,SILVER,2021-02-05
2020-12-25,73769.0,74128.0,73769.0,73893.0,298371,76483,72791.0,1102376.42,SILVERM,2021-02-05
2020-12-28,73235.0,73426.0,73235.0,73365.0,70142,30505,73954.0,1543790.35,SILVER,2021-02-05
2020-12-28,73229.0,73420.0,73229.0,73359.0,210426,30505,73948.0,771832.05,SILVERM,2021-02-05
2020-12-29,73843.0,74231.0,73291.0,73764.0,24582,16553,73365.0,543979.99,SILVER,2021-02-05
2020-12-29,73876.0,74264.0,73324.0,73797.0,73746,16553,73398.0,272111.68,SILVERM,2021-02-05
2020-12-30,74635.0,74924.0,73727.0,74452.0,37235,43525,73764.0,831666.07,SILVER,2021-02-05
2020-12-30,74595.0,74884.0,73687.0,74412.0,111705,43525,73724.0,415609.62,SILVERM,2021-02-05
2020-12-31,73576.0,73842.0,73321.0,73670.0,13912,54348,74452.0,307469.11,SILVER,2021-02-05
2020-12-31,73581.0,73847.0,73326.0,73675.0,41736,54348,74457.0,153744.99,SILVERM,2021-02-05
2021-01-01,73705.0,74069.0,73070.0,73637.0,23402,17273,73670.0,516975.92,SILVER,2021-02-05
2021-01-01,73687.0,74051.0,73052.0,73619.0,70206,17273,73652.0,258424.78,SILVERM,2021-02-05
2021-01-04,70629.0,71581.0,70249.0,70925.0,15315,74236,73637.0,325864.91,SILVER,2021-02-05
2021-01-04,70698.0,71650.0,70318.0,70994.0,45945,74236,73706.0,163090.97,SILVERM,2021-02-05
2021-01-05,70020.0,70159.0,70020.0,70102.0,17834,13535,70925.0,375059.72,SILVER,2021-02-05
2021-01-05,69988.0,70127.0,69988.0,70070.0,53502,13535,70893.0,187444.26,SILVERM,2021-02-05
2021-01-06,69909.0,70209.0,69768.0,69913.0,7314,28677,70102.0,153403.1,SILVER,2021-02-05
2021-01-06,69948.0,70248.0,69807.0,69952.0,21942,28677,70141.0,76744.34,SILVERM,2021-02-05
2021-01-07,68796.0,69511.0,68556.0,68922.0,8883,10908,69913.0,183670.24,SILVER,2021-02-05
2021-01-07,68866.0,69581.0,68626.0,68992.0,26649,10908,69983.0,91928.39,SILVERM,2021-02-05
2021-01-08,70132.0,70388.0,70103.0,70264.0,15051,45079,68922.0,317263.04,SILVER,2021-02-05
2021-01-08,70113.0,70369.0,70084.0,70245.0,45153,45079,68903.0,158588.62,SILVERM,2021-02-05
2021-01-11,69028.0,69621.0,68535.0,69120.0,16695,59323,70264.0,346187.52,SILVER,2021-02-05
2021-01-11,68999.0,69592.0,68506.0,69091.0,50085,59323,70235.0,173021.14,SILVERM,2021-02-05
2021-01-12,68824.0,68888.0,68674.0,68784.0,28123,55320,69120.0,580323.73,SILVER,2021-02-05
2021-01-12,68870.0,68934.0,68720.0,68830.0,84369,55320,69166.0,290355.91,SILVERM,2021-02-05
2021-01-13,68881.0,69351.0,68414.0,68907.0,12902,56105,68784.0,266711.43,SILVER,2021-02-05
2021-01-13,68792.0,69262.0,68325.0,68818.0,38706,56105,68695.0,133183.48,SILVERM,2021-02-05
2021-01-14,69778.0,70260.0,69778.0,70092.0,22573,40164,68907.0,474656.01,SILVER,2021-02-05
2021-01-14,69800.0,70282.0,69800.0,70114.0,67719,40164,68929.0,237402.5,SILVERM,2021-02-05
2021-01-15,68654.0,69055.0,68654.0,68947.0,34374,11885,70092.0,710995.25,SILVER,2021-02-05
2021-01-15,68575.0,68976.0,68575.0,68868.0,103122,11885,70013.0,355090.29,SILVERM,2021-02-05
2021-01-18,69821.0,70581.0,69041.0,69906.0,17288,67819,68947.0,362560.48,SILVER,2021-02-05
2021-01-18,69882.0,70642.0,69102.0,69967.0,51864,67819,69008.0,181438.42,SILVERM,2021-02-05
2021-01-19,69996.0,70048.0,69759.0,69932.0,11884,11049,69906.0,249321.57,SILVER,2021-02-05
2021-01-19,69983.0,70035.0,69746.0,69919.0,35652,11049,69893.0,124637.61,SILVERM,2021-02-05
2021-01-20,68774.0,69338.0,68774.0,69154.0,15559,63281,69932.0,322790.13,SILVER,2021-02-05
2021-01-20,68769.0,69333.0,68769.0,69149.0,46677,63281,69927.0,161383.39,SILVERM,2021-02-05
2021-01-21,69476.0,70149.0,69325.0,69546.0,23125,53271,69154.0,482475.38,SILVER,2021-02-05
2021-01-21,69440.0,70113.0,69289.0,69510.0,69375,53271,69118.0,241112.81,SILVERM,2021-02-05
2021-01-22,69652.0,70247.0,69118.0,69725.0,8688,76697,69546.0,181731.24,SILVER,2021-02-05
2021-01-22,69573.0,70168.0,69039.0,69646.0,26064,76697,69467.0,90762.67,SILVERM,2021-02-05
2021-01-25,69449.0,69449.0,69079.0,69257.0,28869,76351,69725.0,599814.1,SILVER,2021-02-05
2021-01-25,69512.0,69512.0,69142.0,69320.0,86607,76351,69788.0,300179.86,SILVERM,2021-02-05
2021-01-26,69278.0,69867.0,69102.0,69331.0,9023,46534,69257.0,187672.08,SILVER,2021-02-05
2021-01-26,69269.0,69858.0,69093.0,69322.0,27069,46534,69248.0,93823.86,SILVERM,2021-02-05
2021-01-27,69091.0,69577.0,68630.0,69039.0,22100,68097,69331.0,457728.57,SILVER,2021-02-05
2021-01-27,69251.0,69737.0,68790.0,69199.0,66300,68097,69491.0,229394.68,SILVERM,2021-02-05
2021-01-28,69167.0,69675.0,68750.0,69148.0,12423,63813,69039.0,257707.68,SILVER,2021-02-05
2021-01-28,69126.0,69634.0,68709.0,69107.0,37269,63813,68998.0,128777.44,SILVERM,2021-02-05
2021-01-29,69405.0,70222.0,69298.0,69702.0,17213,35037,69148.0,359934.16,SILVER,2021-02-05
2021-01-29,69373.0,70190.0,69266.0,69670.0,51639,35037,69116.0,179884.46,SILVERM,2021-02-05
2021-02-01,71129.0,71440.0,70691.0,71020.0,38158,46007,69702.0,812994.35,SILVER,2021-02-05
2021-02-01,71084.0,71395.0,70646.0,70975.0,114474,46007,69657.0,406239.61,SILVERM,2021-02-05
2021-02-02,70051.0,70224.0,69920.0,70021.0,33460,37278,71020.0,702870.8,SILVER,2021-02-05
2021-02-02,70042.0,70215.0,69911.0,70012.0,100380,37278,71011.0,351390.23,SILVERM,2021-02-05
2021-02-03,71875.0,72181.0,71303.0,71802.0,36017,18272,70021.0,775827.79,SILVER,2021-02-05
2021-02-03,71954.0,72260.0,71382.0,71881.0,108051,18272,70100.0,388340.7,SILVERM,2021-02-05
2021-02-04,70756.0,70756.0,69996.0,70205.0,38000,67183,71802.0,800337.0,SILVER,2021-02-05
2021-02-04,70807.0,70807.0,70047.0,70256.0,114000,67183,71853.0,400459.2,SILVERM,2021-02-05
2021-02-05,69806.0,70351.0,69806.0,70098.0,31502,48294,70205.0,662468.16,SILVER,2021-02-05
2021-02-05,69731.0,70276.0,69731.0,70023.0,94506,48294,70130.0,330879.68,SILVERM,2021-02-05
2021-02-08,70842.0,71141.0,70367.0,70599.0,35990,72509,70098.0,762257.4,SILVER,2021-02-05
2021-02-08,70902.0,71201.0,70427.0,70659.0,107970,72509,70158.0,381452.61,SILVERM,2021-02-05
2021-02-09,70808.0,71143.0,70167.0,70849.0,24515,14694,70599.0,521058.97,SILVER,2021-02-05
2021-02-09,70842.0,71177.0,70201.0,70883.0,73545,14694,70633.0,260654.51,SILVERM,2021-02-05
2021-02-10,70395.0,70481.0,70218.0,70354.0,34991,68150,70849.0,738527.04,SILVER,2021-02-05
2021-02-10,70419.0,70505.0,70242.0,70378.0,104973,68150,70873.0,369389.49,SILVERM,2021-02-05
2021-02-11,70195.0,70379.0,70072.0,70202.0,12634,77470,70354.0,266079.62,SILVER,2021-02-05
2021-02-11,70161.0,70345.0,70038.0,70168.0,37902,77470,70320.0,132975.38,SILVERM,2021-02-05
2021-02-12,69758.0,70072.0,69433.0,69818.0,16498,31556,70202.0,345557.21,SILVER,2021-02-05
2021-02-12,69728.0,70042.0,69403.0,69788.0,49494,31556,70172.0,172704.36,SILVERM,2021-02-05
2021-02-15,69279.0,70128.0,68875.0,69358.0,15916,74471,69818.0,331170.58,SILVER,2021-02-05
2021-02-15,69286.0,70135.0,68882.0,69365.0,47748,74471,69825.0,165602.0,SILVERM,2021-02-05
2021-02-16,70112.0,70401.0,69667.0,70066.0,34377,59855,69358.0,722597.66,SILVER,2021-02-05
2021-02-16,70084.0,70373.0,69639.0,70038.0,103131,59855,69330.0,361154.45,SILVERM,2021-02-05
2021-02-17,70163.0,70704.0,70163.0,70376.0,38001,59086,70066.0,802307.51,SILVER,2021-02-05
2021-02-17,70229.0,70770.0,70229.0,70442.0,114003,59086,70132.0,401529.97,SILVERM,2021-02-05
2021-02-18,69933.0,70053.0,69549.0,69828.0,6391,28907,70376.0,133881.22,SILVER,2021-02-05
2021-02-18,69903.0,70023.0,69519.0,69798.0,19173,28907,70346.0,66911.85,SILVERM,2021-02-05
2021-02-19,70523.0,71419.0,69831.0,70582.0,19184,58487,69828.0,406213.53,SILVER,2021-02-05
2021-02-19,70426.0,71322.0,69734.0,70485.0,57552,58487,69731.0,202827.64,SILVERM,2021-02-05
2021-02-22,70693.0,71118.0,70588.0,70854.0,80285,39158,70582.0,1706554.02,SILVER,2021-02-05
2021-02-22,70628.0,71053.0,70523.0,70789.0,240855,39158,70517.0,852494.23,SILVERM,2021-02-05
2021-02-23,71482.0,71662.0,71350.0,71546.0,42205,30293,70854.0,905879.68,SILVER,2021-02-05
2021-02-23,71420.0,71600.0,71288.0,71484.0,126615,30293,70792.0,452547.33,SILVERM,2021-02-05
2021-02-24,72273.0,72520.0,71832.0,72092.0,55682,55761,71546.0,1204268.02,SILVER,2021-02-05
2021-02-24,72260.0,72507.0,71819.0,72079.0,167046,55761,71533.0,602025.43,SILVERM,2021-02-05
2021-02-25,71340.0,71614.0,71209.0,71417.0,55322,43387,72092.0,1185279.38,SILVER,2021-02-05
2021-02-25,71351.0,71625.0,71220.0,71428.0,165966,43387,72103.0,592730.97,SILVERM,2021-02-05
2021-02-26,71021.0,71273.0,70787.0,70970.0,13567,50750,71417.0,288855.0,SILVER,2021-02-05
2021-02-26,71024.0,71276.0,70790.0,70973.0,40701,50750,71420.0,144433.6,SILVERM,2021-02-05
2021-03-01,71504.0,72262.0,71241.0,71609.0,36416,78602,70970.0,782314.0,SILVER,2021-04-05
2021-03-01,71527.0,72285.0,71264.0,71632.0,109248,78602,70993.0,391282.64,SILVERM,2021-04-05
2021-03-02,72248.0,72742.0,71524.0,72139.0,5731,31256,71609.0,124028.58,SILVER,2021-04-05
2021-03-02,72235.0,72729.0,71511.0,72126.0,17193,31256,71596.0,62003.12,SILVERM,2021-04-05
2021-03-03,72238.0,72398.0,71961.0,72139.0,5799,15594,72139.0,125500.22,SILVER,2021-04-05
2021-03-03,72227.0,72387.0,71950.0,72128.0,17397,15594,72128.0,62740.54,SILVERM,2021-04-05
2021-03-04,72524.0,72524.0,71864.0,72256.0,33873,12460,72139.0,734258.25,SILVER,2021-04-05
2021-03-04,72612.0,72612.0,71952.0,72344.0,101619,12460,72227.0,367576.25,SILVERM,2021-04-05
2021-03-05,73333.0,73416.0,73221.0,73359.0,12025,64698,72256.0,264642.59,SILVER,2021-04-05
2021-03-05,73393.0,73476.0,73281.0,73419.0,36075,64698,72316.0,132429.52,SILVERM,2021-04-05
2021-03-08,72971.0,73301.0,72462.0,72873.0,19481,26191,73359.0,425891.67,SILVER,2021-04-05
2021-03-08,72991.0,73321.0,72482.0,72893.0,58443,26191,73379.0,213004.28,SILVERM,2021-04-05
2021-03-09,73372.0,73835.0,73043.0,73358.0,30411,20529,72873.0,669267.04,SILVER,2021-04-05
2021-03-09,73418.0,73881.0,73089.0,73404.0,91233,20529,72919.0,334843.36,SILVERM,2021-04-05
2021-03-10,73394.0,73540.0,72832.0,73204.0,36358,42175,73358.0,798465.31,SILVER,2021-04-05
2021-03-10,73298.0,73444.0,72736.0,73108.0,109074,42175,73262.0,398709.1,SILVERM,2021-04-05
2021-03-11,72932.0,73734.0,71645.0,73037.0,19961,27675,73204.0,437367.47,SILVER,2021-04-05
2021-03-11,72891.0,73693.0,71604.0,72996.0,59883,27675,73163.0,218560.97,SILVERM,2021-04-05
2021-03-12,74107.0,74280.0,73344.0,73997.0,26767,53158,73037.0,594203.31,SILVER,2021-04-05
2021-03-12,74085.0,74258.0,73322.0,73975.0,80301,53158,73015.0,297013.32,SILVERM,2021-04-05
2021-03-15,74702.0,74930.0,74426.0,74731.0,26392,56798,73997.0,591690.17,SILVER,2021-04-05
2021-03-15,74661.0,74889.0,74385.0,74690.0,79176,56798,73956.0,295682.77,SILVERM,2021-04-05
2021-03-16,75452.0,75917.0,75290.0,75462.0,18262,35976,74731.0,413426.11,SILVER,2021-04-05
2021-03-16,75375.0,75840.0,75213.0,75385.0,54786,35976,74654.0,206502.13,SILVERM,2021-04-05
2021-03-17,76652.0,77159.0,75896.0,76637.0,10229,73116,75462.0,235175.96,SILVER,2021-04-05
2021-03-17,76673.0,77180.0,75917.0,76658.0,30687,73116,75483.0,117620.2,SILVERM,2021-04-05
2021-03-18,76714.0,77318.0,76295.0,76675.0,28772,72821,76637.0,661827.93,SILVER,2021-04-05
2021-03-18,76783.0,77387.0,76364.0,76744.0,86316,72821,76706.0,331211.76,SILVERM,2021-04-05
2021-03-19,77288.0,77417.0,77197.0,77306.0,23799,22204,76675.0,551941.65,SILVER,2021-04-05
2021-03-19,77287.0,77416.0,77196.0,77305.0,71397,22204,76674.0,275967.25,SILVERM,2021-04-05
2021-03-22,77079.0,77429.0,76745.0,77046.0,28555,65665,77306.0,660014.56,SILVER,2021-04-05
2021-03-22,77111.0,77461.0,76777.0,77078.0,85665,65665,77338.0,330144.34,SILVERM,2021-04-05
2021-03-23,77601.0,77737.0,77178.0,77357.0,31616,17394,77046.0,733715.67,SILVER,2021-04-05
2021-03-23,77599.0,77735.0,77176.0,77355.0,94848,17394,77044.0,366848.35,SILVERM,2021-04-05
2021-03-24,77411.0,78003.0,76237.0,77259.0,24333,74814,77357.0,563982.97,SILVER,2021-04-05
2021-03-24,77389.0,77981.0,76215.0,77237.0,72999,74814,77335.0,281911.19,SILVERM,2021-04-05
2021-03-25,77500.0,78124.0,76776.0,77365.0,9261,43593,77259.0,214943.18,SILVER,2021-04-05
2021-03-25,77546.0,78170.0,76822.0,77411.0,27783,43593,77305.0,107535.49,SILVERM,2021-04-05
2021-03-26,77852.0,78401.0,77675.0,77923.0,8466,51964,77365.0,197908.84,SILVER,2021-04-05
2021-03-26,77781.0,78330.0,77604.0,77852.0,25398,51964,77294.0,98864.25,SILVERM,2021-04-05
2021-03-29,77065.0,77542.0,76626.0,77202.0,8088,63365,77923.0,187322.93,SILVER,2021-04-05
2021-03-29,76972.0,77449.0,76533.0,77109.0,24264,63365,77830.0,93548.64,SILVERM,2021-04-05
2021-03-30,79279.0,79368.0,78540.0,79127.0,6115,10443,77202.0,145158.48,SILVER,2021-04-05
2021-03-30,79207.0,79296.0,78468.0,79055.0,18345,10443,77130.0,72513.2,SILVERM,2021-04-05
2021-03-31,78361.0,78942.0,77488.0,78224.0,9578,38180,79127.0,224768.84,SILVER,2021-04-05
2021-03-31,78404.0,78985.0,77531.0,78267.0,28734,38180,79170.0,112446.2,SILVERM,2021-04-05
2021-04-01,77371.0,77525.0,76768.0,77144.0,7590,58791,78224.0,175656.89,SILVER,2021-04-05
2021-04-01,77375.0,77529.0,76772.0,77148.0,22770,58791,78228.0,87833.0,SILVERM,2021-04-05
2021-04-02,78117.0,78366.0,78074.0,78212.0,12372,53665,77144.0,290291.66,SILVER,2021-04-05
2021-04-02,78136.0,78385.0,78093.0,78231.0,37116,53665,77163.0,145181.09,SILVERM,2021-04-05
2021-04-05,78920.0,79096.0,78752.0,78956.0,8573,13465,78212.0,203066.94,SILVER,2021-04-05
2021-04-05,79004.0,79180.0,78836.0,79040.0,25719,13465,78296.0,101641.49,SILVERM,2021-04-05
2021-04-06,79291.0,79856.0,78641.0,79552.0,7978,78247,78956.0,190399.76,SILVER,2021-04-05
2021-04-06,79233.0,79798.0,78583.0,79494.0,23934,78247,78898.0,95130.47,SILVERM,2021-04-05
2021-04-07,80093.0,80605.0,79778.0,80156.0,14422,61559,79552.0,346802.95,SILVER,2021-04-05
2021-04-07,80153.0,80665.0,79838.0,80216.0,43266,61559,79612.0,173531.27,SILVERM,2021-04-05
2021-04-08,80324.0,80366.0,79819.0,80164.0,28697,35198,80156.0,690139.89,SILVER,2021-04-05
2021-04-08,80304.0,80346.0,79799.0,80144.0,86091,35198,80136.0,344983.86,SILVERM,2021-04-05
2021-04-09,79275.0,79557.0,79111.0,79349.0,35820,64740,80164.0,852684.35,SILVER,2021-04-05
2021-04-09,79248.0,79530.0,79084.0,79322.0,107460,64740,80137.0,426197.11,SILVERM,2021-04-05
2021-04-12,79540.0,79996.0,79010.0,79439.0,9925,32488,79349.0,236529.62,SILVER,2021-04-05
2021-04-12,79544.0,80000.0,79014.0,79443.0,29775,32488,79353.0,118270.77,SILVERM,2021-04-05
2021-04-13,78803.0,79602.0,77725.0,78834.0,34430,48515,79439.0,814276.39,SILVER,2021-04-05
2021-04-13,78815.0,79614.0,77737.0,78846.0,103290,48515,79451.0,407200.17,SILVERM,2021-04-05
2021-04-14,79806.0,79849.0,79556.0,79754.0,33834,37898,78834.0,809519.05,SILVER,2021-04-05
2021-04-14,79795.0,79838.0,79545.0,79743.0,101502,37898,78823.0,404703.7,SILVERM,2021-04-05
2021-04-15,79454.0,80184.0,79391.0,79637.0,29435,11919,79754.0,703234.53,SILVER,2021-04-05
2021-04-15,79485.0,80215.0,79422.0,79668.0,88305,11919,79785.0,351754.14,SILVERM,2021-04-05
2021-04-16,78907.0,79225.0,78473.0,78894.0,26676,60070,79637.0,631372.9,SILVER,2021-04-05
2021-04-16,78911.0,79229.0,78477.0,78898.0,80028,60070,79641.0,315702.46,SILVERM,2021-04-05
2021-04-19,78148.0,79121.0,78148.0,78618.0,24814,72613,78894.0,585248.12,SILVER,2021-04-05
2021-04-19,78138.0,79111.0,78138.0,78608.0,74442,72613,78884.0,292586.84,SILVERM,2021-04-05
2021-04-20,78987.0,79734.0,78276.0,79016.0,19716,57003,78618.0,467363.84,SILVER,2021-04-05
2021-04-20,78966.0,79713.0,78255.0,78995.0,59148,57003,78597.0,233619.81,SILVERM,2021-04-05
2021-04-21,78262.0,78696.0,78262.0,78518.0,81320,58478,79016.0,1915525.13,SILVER,2021-04-05
2021-04-21,78274.0,78708.0,78274.0,78530.0,243960,58478,79028.0,957908.94,SILVERM,2021-04-05
2021-04-22,77976.0,78299.0,77102.0,77789.0,17487,24434,78518.0,408088.87,SILVER,2021-04-05
2021-04-22,77908.0,78231.0,77034.0,77721.0,52461,24434,78450.0,203866.07,SILVERM,2021-04-05
2021-04-23,78150.0,78388.0,77557.0,78029.0,68535,56246,77789.0,1604315.25,SILVER,2021-04-05
2021-04-23,78096.0,78334.0,77503.0,77975.0,205605,56246,77735.0,801602.49,SILVERM,2021-04-05
2021-04-26,78344.0,78807.0,77829.0,78271.0,47110,46649,78029.0,1106204.04,SILVER,2021-04-05
2021-04-26,78326.0,78789.0,77811.0,78253.0,141330,46649,78011.0,552974.82,SILVERM,2021-04-05
2021-04-27,78066.0,78744.0,77507.0,77829.0,51305,69030,78271.0,1197905.05,SILVER,2021-04-05
2021-04-27,78093.0,78771.0,77534.0,77856.0,153915,69030,78298.0,599160.31,SILVERM,2021-04-05
2021-04-28,77276.0,78738.0,76895.0,77422.0,33745,63061,77829.0,783781.62,SILVER,2021-04-05
2021-04-28,77383.0,78845.0,77002.0,77529.0,101235,63061,77936.0,392432.42,SILVERM,2021-04-05
2021-04-29,77923.0,78080.0,77002.0,77651.0,17755,11999,77422.0,413608.05,SILVER,2021-04-05
2021-04-29,77915.0,78072.0,76994.0,77643.0,53265,11999,77414.0,206782.72,SILVERM,2021-04-05
2021-04-30,76513.0,76890.0,76058.0,76371.0,33810,24849,77651.0,774631.05,SILVER,2021-04-05
2021-04-30,76424.0,76801.0,75969.0,76282.0,101430,24849,77562.0,386864.16,SILVERM,2021-04-05
2021-05-03,75111.0,75773.0,74778.0,75147.0,35846,62800,76371.0,808115.81,SILVER,2021-06-05
2021-05-03,75071.0,75733.0,74738.0,75107.0,107538,62800,76331.0,403842.83,SILVERM,2021-06-05
2021-05-04,74708.0,75017.0,74219.0,74539.0,13107,15445,75147.0,293094.8,SILVER,2021-06-05
2021-05-04,74741.0,75050.0,74252.0,74572.0,39321,15445,75180.0,146612.28,SILVERM,2021-06-05
2021-05-05,74208.0,74829.0,73811.0,74373.0,23268,28040,74539.0,519153.29,SILVER,2021-06-05
2021-05-05,74159.0,74780.0,73762.0,74324.0,69804,28040,74490.0,259405.62,SILVERM,2021-06-05
2021-05-06,74538.0,74976.0,74468.0,74661.0,29399,74315,74373.0,658487.62,SILVER,2021-06-05
2021-05-06,74473.0,74911.0,74403.0,74596.0,88197,74315,74308.0,328957.17,SILVERM,2021-06-05
2021-05-07,75883.0,76302.0,75590.0,75975.0,14624,10246,74661.0,333317.52,SILVER,2021-06-05
2021-05-07,75916.0,76335.0,75623.0,76008.0,43872,10246,74694.0,166731.15,SILVERM,2021-06-05
2021-05-10,76677.0,77747.0,76106.0,76758.0,32126,41153,75975.0,739778.25,SILVER,2021-06-05
2021-05-10,76700.0,77770.0,76129.0,76781.0,96378,41153,75998.0,369999.96,SILVERM,2021-06-05
2021-05-11,76472.0,76756.0,76427.0,76634.0,28131,15212,76758.0,646737.32,SILVER,2021-06-05
2021-05-11,76398.0,76682.0,76353.0,76560.0,84393,15212,76684.0,323056.4,SILVERM,2021-06-05
2021-05-12,76823.0,77315.0,75796.0,76636.0,25714,13339,76634.0,591185.43,SILVER,2021-06-05
2021-05-12,76778.0,77270.0,75751.0,76591.0,77142,13339,76589.0,295419.15,SILVERM,2021-06-05
2021-05-13,75725.0,76265.0,75342.0,75765.0,23570,66238,76636.0,535734.31,SILVER,2021-06-05
2021-05-13,75787.0,76327.0,75404.0,75827.0,70710,66238,76698.0,268086.36,SILVERM,2021-06-05
2021-05-14,75821.0,76050.0,75274.0,75767.0,17482,29394,75765.0,397367.61,SILVER,2021-06-05
2021-05-14,75864.0,76093.0,75317.0,75810.0,52446,29394,75808.0,198796.56,SILVERM,2021-06-05
2021-05-17,75446.0,75620.0,75413.0,75532.0,39318,63871,75767.0,890930.15,SILVER,2021-06-05
2021-05-17,75386.0,75560.0,75353.0,75472.0,117954,63871,75707.0,445111.21,SILVERM,2021-06-05
2021-05-18,75559.0,76257.0,75544.0,75835.0,38414,44607,75532.0,873937.71,SILVER,2021-06-05
2021-05-18,75460.0,76158.0,75445.0,75736.0,115242,44607,75433.0,436398.41,SILVERM,2021-06-05
2021-05-19,75167.0,75462.0,74344.0,75127.0,26040,62055,75835.0,586892.12,SILVER,2021-06-05
2021-05-19,75180.0,75475.0,74357.0,75140.0,78120,62055,75848.0,293496.84,SILVERM,2021-06-05
2021-05-20,75312.0,76023.0,75250.0,75602.0,18407,14395,75127.0,417481.8,SILVER,2021-06-05
2021-05-20,75297.0,76008.0,75235.0,75587.0,55221,14395,75112.0,208699.49,SILVERM,2021-06-05
2021-05-21,76973.0,77094.0,76861.0,76983.0,38305,25290,75602.0,884650.14,SILVER,2021-06-05
2021-05-21,76982.0,77103.0,76870.0,76992.0,114915,25290,75611.0,442376.78,SILVERM,2021-06-05
2021-05-24,76695.0,77093.0,76553.0,76905.0,19166,75078,76983.0,442188.37,SILVER,2021-06-05
2021-05-24,76727.0,77125.0,76585.0,76937.0,57498,75078,77015.0,221186.18,SILVERM,2021-06-05
2021-05-25,77592.0,77819.0,76699.0,77285.0,11572,13691,76905.0,268302.61,SILVER,2021-06-05
2021-05-25,77544.0,77771.0,76651.0,77237.0,34716,13691,76857.0,134067.98,SILVERM,2021-06-05
2021-05-26,78071.0,78450.0,77335.0,77929.0,38002,17470,77285.0,888437.36,SILVER,2021-06-05
2021-05-26,78049.0,78428.0,77313.0,77907.0,114006,17470,77263.0,444093.27,SILVERM,2021-06-05
2021-05-27,77601.0,77847.0,77291.0,77584.0,31972,13841,77929.0,744154.69,SILVER,2021-06-05
2021-05-27,77556.0,77802.0,77246.0,77539.0,95916,13841,77884.0,371861.54,SILVERM,2021-06-05
2021-05-28,78003.0,78071.0,77331.0,77806.0,27923,73197,77584.0,651773.08,SILVER,2021-06-05
2021-05-28,77960.0,78028.0,77288.0,77763.0,83769,73197,77541.0,325706.44,SILVERM,2021-06-05
2021-05-31,77705.0,78018.0,77481.0,77837.0,6909,65773,77806.0,161332.75,SILVER,2021-06-05
2021-05-31,77733.0,78046.0,77509.0,77865.0,20727,65773,77834.0,80695.39,SILVERM,2021-06-05
2021-06-01,78030.0,78117.0,77824.0,77945.0,37848,27776,77837.0,885018.71,SILVER,2021-06-05
2021-06-01,78037.0,78124.0,77831.0,77952.0,113544,27776,77844.0,442549.09,SILVERM,2021-06-05
2021-06-02,77296.0,78356.0,76578.0,77265.0,7083,37584,77945.0,164180.4,SILVER,2021-06-05
2021-06-02,77218.0,78278.0,76500.0,77187.0,21249,37584,77867.0,82007.33,SILVERM,2021-06-05
2021-06-03,77347.0,77805.0,76876.0,77306.0,22140,14300,77265.0,513466.45,SILVER,2021-06-05
2021-06-03,77383.0,77841.0,76912.0,77342.0,66420,14300,77301.0,256852.78,SILVERM,2021-06-05
2021-06-04,77974.0,78310.0,76919.0,77776.0,7670,13338,77306.0,178962.58,SILVER,2021-06-05
2021-06-04,77956.0,78292.0,76901.0,77758.0,23010,13338,77288.0,89460.58,SILVERM,2021-06-05
2021-06-07,79238.0,79901.0,78402.0,79122.0,19691,72601,77776.0,467397.39,SILVER,2021-06-05
2021-06-07,79277.0,79940.0,78441.0,79161.0,59073,72601,77815.0,233813.89,SILVERM,2021-06-05
2021-06-08,80077.0,80930.0,79142.0,80031.0,39262,15487,79122.0,942653.14,SILVER,2021-06-05
2021-06-08,80026.0,80879.0,79091.0,79980.0,117786,15487,79071.0,471026.21,SILVERM,2021-06-05
2021-06-09,81813.0,82241.0,81813.0,82085.0,30595,46282,80031.0,753417.17,SILVER,2021-06-05
2021-06-09,81767.0,82195.0,81767.0,82039.0,91785,46282,79985.0,376497.48,SILVERM,2021-06-05
2021-06-10,81217.0,82052.0,80914.0,81373.0,38440,38804,82085.0,938393.44,SILVER,2021-06-05
2021-06-10,81230.0,82065.0,80927.0,81386.0,115320,38804,82098.0,469271.68,SILVERM,2021-06-05
2021-06-11,82205.0,82851.0,81621.0,82225.0,13630,19915,81373.0,336218.02,SILVER,2021-06-05
2021-06-11,82150.0,82796.0,81566.0,82170.0,40890,19915,81318.0,167996.56,SILVERM,2021-06-05
2021-06-14,82436.0,82552.0,82085.0,82421.0,36250,21158,82225.0,896328.38,SILVER,2021-06-05
2021-06-14,82422.0,82538.0,82071.0,82407.0,108750,21158,82211.0,448088.06,SILVERM,2021-06-05
2021-06-15,84380.0,84896.0,83958.0,84571.0,33798,20547,82421.0,857499.2,SILVER,2021-06-05
2021-06-15,84319.0,84835.0,83897.0,84510.0,101394,20547,82360.0,428440.35,SILVERM,2021-06-05
2021-06-16,84203.0,84203.0,83550.0,83798.0,38212,12459,84571.0,960626.75,SILVER,2021-06-05
2021-06-16,84183.0,84183.0,83530.0,83778.0,114636,12459,84551.0,480198.74,SILVERM,2021-06-05
2021-06-17,83254.0,83718.0,82619.0,83002.0,16982,38768,83798.0,422861.99,SILVER,2021-06-05
2021-06-17,83252.0,83716.0,82617.0,83000.0,50946,38768,83796.0,211425.9,SILVERM,2021-06-05
2021-06-18,82544.0,82601.0,81986.0,82444.0,13655,73146,83002.0,337731.85,SILVER,2021-06-05
2021-06-18,82545.0,82602.0,81987.0,82445.0,40965,73146,83003.0,168867.97,SILVERM,2021-06-05
2021-06-21,80460.0,80788.0,80077.0,80448.0,58955,60870,82444.0,1422843.55,SILVER,2021-06-05
2021-06-21,80442.0,80770.0,80059.0,80430.0,176865,60870,82426.0,711262.6,SILVERM,2021-06-05
2021-06-22,79942.0,80425.0,79666.0,79976.0,22520,60460,80448.0,540317.86,SILVER,2021-06-05
2021-06-22,79959.0,80442.0,79683.0,79993.0,67560,60460,80465.0,270216.35,SILVERM,2021-06-05
2021-06-23,79140.0,79725.0,79033.0,79291.0,13740,70817,79976.0,326837.5,SILVER,2021-06-05
2021-06-23,79147.0,79732.0,79040.0,79298.0,41220,70817,79983.0,163433.18,SILVERM,2021-06-05
2021-06-24,79462.0,80118.0,78963.0,79450.0,98077,48247,79291.0,2337665.3,SILVER,2021-06-05
2021-06-24,79458.0,80114.0,78959.0,79446.0,294231,48247,79287.0,1168773.8,SILVERM,2021-06-05
2021-06-25,79828.0,80272.0,79555.0,79787.0,70530,25419,79450.0,1688213.13,SILVER,2021-06-05
2021-06-25,79797.0,80241.0,79524.0,79756.0,211590,25419,79419.0,843778.6,SILVERM,2021-06-05
2021-06-28,81368.0,82040.0,81079.0,81570.0,64092,45577,79787.0,1568395.33,SILVER,2021-06-05
2021-06-28,81421.0,82093.0,81132.0,81623.0,192276,45577,79840.0,784707.2,SILVERM,2021-06-05
2021-06-29,82554.0,82645.0,82414.0,82499.0,54692,12921,81570.0,1353610.59,SILVER,2021-06-05
2021-06-29,82573.0,82664.0,82433.0,82518.0,164076,12921,81589.0,676961.17,SILVERM,2021-06-05
2021-06-30,81940.0,82435.0,81612.0,81966.0,57025,14676,82499.0,1402233.34,SILVER,2021-06-05
2021-06-30,81888.0,82383.0,81560.0,81914.0,171075,14676,82447.0,700671.88,SILVERM,2021-06-05
2021-07-01,80822.0,81878.0,80236.0,81132.0,14884,59684,81966.0,362270.61,SILVER,2021-08-05
2021-07-01,80854.0,81910.0,80268.0,81164.0,44652,59684,81998.0,181206.75,SILVERM,2021-08-05
2021-07-02,81478.0,81755.0,81419.0,81618.0,7723,23463,81132.0,189100.74,SILVER,2021-08-05
2021-07-02,81522.0,81799.0,81463.0,81662.0,23169,23463,81176.0,94601.34,SILVERM,2021-08-05
2021-07-05,80325.0,80810.0,80161.0,80391.0,9761,35474,81618.0,235408.97,SILVER,2021-08-05
2021-07-05,80321.0,80806.0,80157.0,80387.0,29283,35474,81614.0,117698.63,SILVERM,2021-08-05
2021-07-06,82456.0,82887.0,81466.0,82146.0,12630,50935,80391.0,311251.19,SILVER,2021-08-05
2021-07-06,82455.0,82886.0,81465.0,82145.0,37890,50935,80390.0,155623.7,SILVERM,2021-08-05
2021-07-07,83396.0,83774.0,82631.0,83303.0,21375,77005,82146.0,534180.49,SILVER,2021-08-05
2021-07-07,83293.0,83671.0,82528.0,83200.0,64125,77005,82043.0,266760.0,SILVERM,2021-08-05
2021-07-08,82647.0,83431.0,82222.0,82869.0,30218,68596,83303.0,751240.63,SILVER,2021-08-05
2021-07-08,82605.0,83389.0,82180.0,82827.0,90654,68596,83261.0,375429.94,SILVERM,2021-08-05
2021-07-09,81329.0,81622.0,80820.0,81250.0,35565,65152,82869.0,866896.88,SILVER,2021-08-05
2021-07-09,81371.0,81664.0,80862.0,81292.0,106695,65152,82911.0,433672.5,SILVERM,2021-08-05
2021-07-12,82307.0,83155.0,81848.0,82562.0,37975,62576,81250.0,940587.58,SILVER,2021-08-05
2021-07-12,82268.0,83116.0,81809.0,82523.0,113925,62576,81211.0,470071.64,SILVERM,2021-08-05
2021-07-13,82651.0,83279.0,82055.0,82472.0,32073,76627,82562.0,793537.34,SILVER,2021-08-05
2021-07-13,82643.0,83271.0,82047.0,82464.0,96219,76627,82554.0,396730.18,SILVERM,2021-08-05
2021-07-14,83612.0,84224.0,83375.0,83691.0,9190,35772,82472.0,230736.09,SILVER,2021-08-05
2021-07-14,83569.0,84181.0,83332.0,83648.0,27570,35772,82429.0,115308.77,SILVERM,2021-08-05
2021-07-15,82154.0,82744.0,81857.0,82170.0,6883,26363,83691.0,169672.83,SILVER,2021-08-05
2021-07-15,82166.0,82756.0,81869.0,82182.0,20649,26363,83703.0,84848.81,SILVERM,2021-08-05
2021-07-16,81834.0,82253.0,80863.0,81618.0,7886,38490,82170.0,193091.86,SILVER,2021-08-05
2021-07-16,81854.0,82273.0,80883.0,81638.0,23658,38490,82190.0,96569.59,SILVERM,2021-08-05
2021-07-19,81432.0,82355.0,81041.0,81642.0,13953,69004,81618.0,341745.25,SILVER,2021-08-05
2021-07-19,81453.0,82376.0,81062.0,81663.0,41859,69004,81639.0,170916.58,SILVERM,2021-08-05
2021-07-20,81479.0,82220.0,81479.0,81707.0,13381,63806,81642.0,327996.41,SILVER,2021-08-05
2021-07-20,81422.0,82163.0,81422.0,81650.0,40143,63806,81585.0,163883.8,SILVERM,2021-08-05
2021-07-21,81205.0,81439.0,81169.0,81299.0,28238,10260,81707.0,688716.35,SILVER,2021-08-05
2021-07-21,81210.0,81444.0,81174.0,81304.0,84714,10260,81712.0,344379.35,SILVERM,2021-08-05
2021-07-22,82082.0,82491.0,80994.0,81912.0,18795,32320,81299.0,461860.81,SILVER,2021-08-05
2021-07-22,82161.0,82570.0,81073.0,81991.0,56385,32320,81378.0,231153.13,SILVERM,2021-08-05
2021-07-23,80673.0,81249.0,80466.0,80918.0,35428,52145,81912.0,860028.87,SILVER,2021-08-05
2021-07-23,80710.0,81286.0,80503.0,80955.0,106284,52145,81949.0,430211.06,SILVERM,2021-08-05
2021-07-26,80346.0,80901.0,80346.0,80804.0,14638,73688,80918.0,354842.69,SILVER,2021-08-05
2021-07-26,80351.0,80906.0,80351.0,80809.0,43914,73688,80923.0,177432.32,SILVERM,2021-08-05
2021-07-27,80864.0,81718.0,80302.0,80937.0,9931,58581,80804.0,241135.6,SILVER,2021-08-05
2021-07-27,80767.0,81621.0,80205.0,80840.0,29793,58581,80707.0,120423.31,SILVERM,2021-08-05
2021-07-28,81534.0,81749.0,81124.0,81444.0,31411,30754,80937.0,767471.25,SILVER,2021-08-05
2021-07-28,81522.0,81737.0,81112.0,81432.0,94233,30754,80925.0,383679.08,SILVERM,2021-08-05
2021-07-29,82339.0,82679.0,81666.0,82142.0,25534,79837,81444.0,629224.15,SILVER,2021-08-05
2021-07-29,82421.0,82761.0,81748.0,82224.0,76602,79837,81526.0,314926.14,SILVERM,2021-08-05
2021-07-30,81017.0,81624.0,80742.0,81092.0,34181,17207,82142.0,831541.7,SILVER,2021-08-05
2021-07-30,81083.0,81690.0,80808.0,81158.0,102543,17207,82208.0,416109.24,SILVERM,2021-08-05
2021-08-02,79609.0,80051.0,79043.0,79675.0,24996,37920,81092.0,597466.89,SILVER,2021-08-05
2021-08-02,79632.0,80074.0,79066.0,79698.0,74988,37920,81115.0,298819.68,SILVERM,2021-08-05
2021-08-03,81077.0,81650.0,80437.0,80890.0,11553,34016,79675.0,280356.65,SILVER,2021-08-05
2021-08-03,81041.0,81614.0,80401.0,80854.0,34659,34016,79639.0,140115.94,SILVERM,2021-08-05
2021-08-04,80920.0,81461.0,80824.0,81224.0,23073,70522,80890.0,562224.41,SILVER,2021-08-05
2021-08-04,80923.0,81464.0,80827.0,81227.0,69219,70522,80893.0,281122.59,SILVERM,2021-08-05
2021-08-05,80475.0,80908.0,80286.0,80538.0,12130,64068,81224.0,293077.78,SILVER,2021-08-05
2021-08-05,80514.0,80947.0,80325.0,80577.0,36390,64068,81263.0,146609.85,SILVERM,2021-08-05
2021-08-06,82058.0,82400.0,81707.0,82027.0,34405,30102,80538.0,846641.68,SILVER,2021-08-05
2021-08-06,82105.0,82447.0,81754.0,82074.0,103215,30102,80585.0,423563.4,SILVERM,2021-08-05
2021-08-09,82232.0,82592.0,81666.0,82158.0,10789,11924,82027.0,265920.8,SILVER,2021-08-05
2021-08-09,82248.0,82608.0,81682.0,82174.0,32367,11924,82043.0,132986.29,SILVERM,2021-08-05
2021-08-10,83230.0,83582.0,82722.0,83315.0,33930,64333,82158.0,848063.38,SILVER,2021-08-05
2021-08-10,83273.0,83625.0,82765.0,83358.0,101790,64333,82201.0,424250.54,SILVERM,2021-08-05
2021-08-11,83406.0,83668.0,83276.0,83401.0,22529,56099,83315.0,563682.34,SILVER,2021-08-05
2021-08-11,83403.0,83665.0,83273.0,83398.0,67587,56099,83312.0,281831.03,SILVERM,2021-08-05
2021-08-12,85023.0,86142.0,84549.0,85448.0,12942,67346,83401.0,331760.4,SILVER,2021-08-05
2021-08-12,85018.0,86137.0,84544.0,85443.0,38826,67346,83396.0,165870.5,SILVERM,2021-08-05
2021-08-13,87120.0,87548.0,87004.0,87235.0,12548,60062,85448.0,328387.43,SILVER,2021-08-05
2021-08-13,87097.0,87525.0,86981.0,87212.0,37644,60062,85425.0,164150.43,SILVERM,2021-08-05
2021-08-16,87082.0,87958.0,86247.0,87003.0,23296,10306,87235.0,608046.57,SILVER,2021-08-05
2021-08-16,87103.0,87979.0,86268.0,87024.0,69888,10306,87256.0,304096.67,SILVERM,2021-08-05
2021-08-17,87842.0,88598.0,87296.0,88015.0,37244,79767,87003.0,983409.2,SILVER,2021-08-05
2021-08-17,87892.0,88648.0,87346.0,88065.0,111732,79767,87053.0,491983.93,SILVERM,2021-08-05
2021-08-18,88711.0,89932.0,87756.0,88700.0,5296,22207,88015.0,140926.56,SILVER,2021-08-05
2021-08-18,88746.0,89967.0,87791.0,88735.0,15888,22207,88050.0,70491.08,SILVERM,2021-08-05
2021-08-19,90228.0,90402.0,89623.0,90147.0,7409,49426,88700.0,200369.74,SILVER,2021-08-05
2021-08-19,90167.0,90341.0,89562.0,90086.0,22227,49426,88639.0,100117.08,SILVERM,2021-08-05
2021-08-20,89099.0,89571.0,88711.0,89160.0,39229,16336,90147.0,1049297.29,SILVER,2021-08-05
2021-08-20,89041.0,89513.0,88653.0,89102.0,117687,16336,90089.0,524307.35,SILVERM,2021-08-05
2021-08-23,89928.0,90543.0,89506.0,89897.0,89615,27256,89160.0,2416835.9,SILVER,2021-08-05
2021-08-23,89983.0,90598.0,89561.0,89952.0,268845,27256,89215.0,1209157.27,SILVERM,2021-08-05
2021-08-24,90859.0,91472.0,90499.0,91034.0,80417,59817,89897.0,2196204.35,SILVER,2021-08-05
2021-08-24,90868.0,91481.0,90508.0,91043.0,241251,59817,89906.0,1098210.74,SILVERM,2021-08-05
2021-08-25,89171.0,90010.0,88702.0,89208.0,84977,43719,91034.0,2274188.46,SILVER,2021-08-05
2021-08-25,89182.0,90021.0,88713.0,89219.0,254931,43719,91045.0,1137234.44,SILVERM,2021-08-05
2021-08-26,88114.0,88114.0,87884.0,88007.0,57002,52017,89208.0,1504972.5,SILVER,2021-08-05
2021-08-26,88124.0,88124.0,87894.0,88017.0,171006,52017,89218.0,752571.76,SILVERM,2021-08-05
2021-08-27,85987.0,86079.0,85693.0,85960.0,30895,55704,88007.0,796720.26,SILVER,2021-08-05
2021-08-27,86075.0,86167.0,85781.0,86048.0,92685,55704,88095.0,398767.94,SILVERM,2021-08-05
2021-08-30,85611.0,85909.0,85531.0,85711.0,68970,40013,85960.0,1773446.3,SILVER,2021-08-05
2021-08-30,85589.0,85887.0,85509.0,85689.0,206910,40013,85938.0,886495.55,SILVERM,2021-08-05
2021-08-31,86490.0,87039.0,85929.0,86452.0,56677,46776,85711.0,1469952.0,SILVER,2021-08-05
2021-08-31,86546.0,87095.0,85985.0,86508.0,170031,46776,85767.0,735452.09,SILVERM,2021-08-05
2021-09-01,88125.0,89184.0,87188.0,87999.0,22502,20060,86452.0,594046.05,SILVER,2021-10-05
2021-09-01,88137.0,89196.0,87200.0,88011.0,67506,20060,86464.0,297063.53,SILVERM,2021-10-05
2021-09-02,87735.0,88411.0,87513.0,88096.0,30128,16655,87999.0,796246.89,SILVER,2021-10-05
2021-09-02,87655.0,88331.0,87433.0,88016.0,90384,16655,87919.0,397761.91,SILVERM,2021-10-05
2021-09-03,90014.0,90448.0,89180.0,89806.0,36645,59923,88096.0,987282.26,SILVER,2021-10-05
2021-09-03,89973.0,90407.0,89139.0,89765.0,109935,59923,88055.0,493415.76,SILVERM,2021-10-05
2021-09-06,88334.0,89104.0,87895.0,88393.0,12637,14030,89806.0,335106.7,SILVER,2021-10-05
2021-09-06,88304.0,89074.0,87865.0,88363.0,37911,14030,89776.0,167496.48,SILVERM,2021-10-05
2021-09-07,86750.0,87195.0,85840.0,86676.0,5660,43289,88393.0,147175.85,SILVER,2021-10-05
2021-09-07,86805.0,87250.0,85895.0,86731.0,16980,43289,88448.0,73634.62,SILVERM,2021-10-05
2021-09-08,86848.0,86848.0,86294.0,86641.0,11922,29739,86676.0,309880.2,SILVER,2021-10-05
2021-09-08,86909.0,86909.0,86355.0,86702.0,35766,29739,86737.0,155049.19,SILVERM,2021-10-05
2021-09-09,86811.0,87773.0,86763.0,87050.0,33161,71687,86641.0,865999.52,SILVER,2021-10-05
2021-09-09,86829.0,87791.0,86781.0,87068.0,99483,71687,86659.0,433089.29,SILVERM,2021-10-05
2021-09-10,86914.0,88049.0,86559.0,87038.0,8970,46491,87050.0,234219.26,SILVER,2021-10-05
2021-09-10,86888.0,88023.0,86533.0,87012.0,26910,46491,87024.0,117074.65,SILVERM,2021-10-05
2021-09-13,84937.0,85505.0,84309.0,84986.0,8407,14781,87038.0,214343.19,SILVER,2021-10-05
2021-09-13,84891.0,85459.0,84263.0,84940.0,25221,14781,86992.0,107113.59,SILVERM,2021-10-05
2021-09-14,84785.0,85308.0,84266.0,84918.0,32843,30448,84986.0,836688.56,SILVER,2021-10-05
2021-09-14,84842.0,85365.0,84323.0,84975.0,98529,30448,85043.0,418625.09,SILVERM,2021-10-05
2021-09-15,83947.0,84328.0,82753.0,83657.0,14046,61550,84918.0,352513.87,SILVER,2021-10-05
2021-09-15,83883.0,84264.0,82689.0,83593.0,42138,61550,84854.0,176122.09,SILVERM,2021-10-05
2021-09-16,84188.0,84518.0,84188.0,84333.0,28800,59294,83657.0,728637.12,SILVER,2021-10-05
2021-09-16,84183.0,84513.0,84183.0,84328.0,86400,59294,83652.0,364296.96,SILVERM,2021-10-05
2021-09-17,84620.0,85160.0,84385.0,84714.0,19547,31446,84333.0,496771.37,SILVER,2021-10-05
2021-09-17,84738.0,85278.0,84503.0,84832.0,58641,31446,84451.0,248731.67,SILVERM,2021-10-05
2021-09-20,83846.0,84180.0,83538.0,83812.0,36389,27101,84714.0,914950.46,SILVER,2021-10-05
2021-09-20,83820.0,84154.0,83512.0,83786.0,109167,27101,84688.0,457333.31,SILVERM,2021-10-05
2021-09-21,83131.0,83387.0,83131.0,83331.0,35346,76178,83812.0,883625.26,SILVER,2021-10-05
2021-09-21,83067.0,83323.0,83067.0,83267.0,106038,76178,83748.0,441473.31,SILVERM,2021-10-05
2021-09-22,82264.0,82606.0,81912.0,82329.0,27748,38016,83331.0,685339.53,SILVER,2021-10-05
2021-09-22,82176.0,82518.0,81824.0,82241.0,83244,38016,83243.0,342303.49,SILVERM,2021-10-05
2021-09-23,82341.0,82922.0,81356.0,82289.0,30848,28932,82329.0,761535.32,SILVER,2021-10-05
2021-09-23,82461.0,83042.0,81476.0,82409.0,92544,28932,82449.0,381322.92,SILVERM,2021-10-05
2021-09-24,83175.0,83570.0,83012.0,83230.0,12607,54653,82289.0,314784.18,SILVER,2021-10-05
2021-09-24,83192.0,83587.0,83029.0,83247.0,37821,54653,82306.0,157424.24,SILVERM,2021-10-05
2021-09-27,82284.0,82806.0,81445.0,82300.0,38583,62802,83230.0,952614.27,SILVER,2021-10-05
2021-09-27,82241.0,82763.0,81402.0,82257.0,115749,62802,83187.0,476058.27,SILVERM,2021-10-05
2021-09-28,82717.0,83575.0,82088.0,82805.0,17563,17549,82300.0,436291.26,SILVER,2021-10-05
2021-09-28,82708.0,83566.0,82079.0,82796.0,52689,17549,82291.0,218121.92,SILVERM,2021-10-05
2021-09-29,82065.0,82887.0,81532.0,82315.0,38690,35362,82805.0,955430.2,SILVER,2021-10-05
2021-09-29,82032.0,82854.0,81499.0,82282.0,116070,35362,82772.0,477523.59,SILVERM,2021-10-05
2021-09-30,81630.0,82094.0,81147.0,81578.0,34176,57842,82315.0,836402.92,SILVER,2021-10-05
2021-09-30,81537.0,82001.0,81054.0,81485.0,102528,57842,82222.0,417724.7,SILVERM,2021-10-05
2021-10-01,81782.0,81958.0,81017.0,81496.0,19925,56539,81578.0,487142.34,SILVER,2021-10-05
2021-10-01,81821.0,81997.0,81056.0,81535.0,59775,56539,81617.0,243687.73,SILVERM,2021-10-05
2021-10-04,80541.0,81195.0,80296.0,80538.0,26251,43717,81496.0,634260.91,SILVER,2021-10-05
2021-10-04,80543.0,81197.0,80298.0,80540.0,78753,43717,81498.0,317138.33,SILVERM,2021-10-05
2021-10-05,80076.0,80134.0,79884.0,80040.0,22648,64596,80538.0,543823.78,SILVER,2021-10-05
2021-10-05,80111.0,80169.0,79919.0,80075.0,67944,64596,80573.0,272030.79,SILVERM,2021-10-05
2021-10-06,79059.0,79289.0,78471.0,78950.0,25108,33016,80040.0,594682.98,SILVER,2021-10-05
2021-10-06,79059.0,79289.0,78471.0,78950.0,75324,33016,80040.0,297341.49,SILVERM,2021-10-05
2021-10-07,80594.0,81062.0,80566.0,80799.0,15979,65200,78950.0,387326.17,SILVER,2021-10-05
2021-10-07,80601.0,81069.0,80573.0,80806.0,47937,65200,78957.0,193679.86,SILVERM,2021-10-05
2021-10-08,81127.0,82185.0,80236.0,80852.0,7722,70287,80799.0,187301.74,SILVER,2021-10-05
2021-10-08,81015.0,82073.0,80124.0,80740.0,23166,70287,80687.0,93521.14,SILVERM,2021-10-05
2021-10-11,80247.0,80490.0,79657.0,80215.0,10355,52607,80852.0,249187.9,SILVER,2021-10-05
2021-10-11,80292.0,80535.0,79702.0,80260.0,31065,52607,80897.0,124663.84,SILVERM,2021-10-05
2021-10-12,80698.0,80966.0,80065.0,80435.0,33799,37621,80215.0,815586.77,SILVER,2021-10-05
2021-10-12,80644.0,80912.0,80011.0,80381.0,101397,37621,80161.0,407519.61,SILVERM,2021-10-05
2021-10-13,80232.0,81007.0,80011.0,80350.0,37705,22823,80435.0,908879.02,SILVER,2021-10-05
2021-10-13,80190.0,80965.0,79969.0,80308.0,113115,22823,80393.0,454201.97,SILVERM,2021-10-05
2021-10-14,80454.0,80638.0,79708.0,80163.0,28070,39986,80350.0,675052.62,SILVER,2021-10-05
2021-10-14,80428.0,80612.0,79682.0,80137.0,84210,39986,80324.0,337416.84,SILVERM,2021-10-05
2021-10-15,80884.0,81191.0,79612.0,80759.0,16284,74325,80163.0,394523.87,SILVER,2021-10-05
2021-10-15,80781.0,81088.0,79509.0,80656.0,48852,74325,80060.0,197010.35,SILVERM,2021-10-05
2021-10-18,81585.0,81842.0,81359.0,81495.0,26737,67771,80759.0,653679.54,SILVER,2021-10-05
2021-10-18,81556.0,81813.0,81330.0,81466.0,80211,67771,80730.0,326723.47,SILVERM,2021-10-05
2021-10-19,81051.0,81258.0,80681.0,81013.0,28241,64973,81495.0,686366.44,SILVER,2021-10-05
2021-10-19,81018.0,81225.0,80648.0,80980.0,84723,64973,81462.0,343043.43,SILVERM,2021-10-05
2021-10-20,80451.0,80781.0,80103.0,80491.0,32414,24690,81013.0,782710.58,SILVER,2021-10-05
2021-10-20,80432.0,80762.0,80084.0,80472.0,97242,24690,80994.0,391262.91,SILVERM,2021-10-05
2021-10-21,80446.0,80446.0,80161.0,80253.0,64737,49107,80491.0,1558601.54,SILVER,2021-10-05
2021-10-21,80361.0,80361.0,80076.0,80168.0,194211,49107,80406.0,778475.37,SILVERM,2021-10-05
2021-10-22,78170.0,78342.0,77983.0,78148.0,79427,67888,80253.0,1862118.36,SILVER,2021-10-05
2021-10-22,78216.0,78388.0,78029.0,78194.0,238281,67888,80299.0,931607.23,SILVERM,2021-10-05
2021-10-25,76497.0,77336.0,76378.0,76799.0,15960,20956,78148.0,367713.61,SILVER,2021-10-05
2021-10-25,76517.0,77356.0,76398.0,76819.0,47880,20956,78168.0,183904.69,SILVERM,2021-10-05
2021-10-26,77878.0,78210.0,77609.0,78052.0,69222,66227,76799.0,1620874.66,SILVER,2021-10-05
2021-10-26,77835.0,78167.0,77566.0,78009.0,207666,66227,76756.0,809990.85,SILVERM,2021-10-05
2021-10-27,79553.0,79954.0,79319.0,79583.0,81187,46533,78052.0,1938331.51,SILVER,2021-10-05
2021-10-27,79524.0,79925.0,79290.0,79554.0,243561,46533,78023.0,968812.59,SILVERM,2021-10-05
2021-10-28,79421.0,79489.0,79184.0,79372.0,33130,66234,79583.0,788878.31,SILVER,2021-10-05
2021-10-28,79463.0,79531.0,79226.0,79414.0,99390,66234,79625.0,394647.87,SILVERM,2021-10-05
2021-10-29,79918.0,80204.0,79452.0,79927.0,89610,77594,79372.0,2148677.54,SILVER,2021-10-05
2021-10-29,79905.0,80191.0,79439.0,79914.0,268830,77594,79359.0,1074164.03,SILVERM,2021-10-05
2021-11-01,80433.0,80433.0,80181.0,80238.0,35151,66901,79927.0,846133.78,SILVER,2021-12-05
2021-11-01,80371.0,80371.0,80119.0,80176.0,105453,66901,79865.0,422739.99,SILVERM,2021-12-05
2021-11-02,82865.0,84078.0,82276.0,83189.0,28365,21519,80238.0,707896.8,SILVER,2021-12-05
2021-11-02,82861.0,84074.0,82272.0,83185.0,85095,21519,80234.0,353931.38,SILVERM,2021-12-05
2021-11-03,84327.0,84549.0,83891.0,84303.0,11026,41115,83189.0,278857.46,SILVER,2021-12-05
2021-11-03,84273.0,84495.0,83837.0,84249.0,33078,41115,83135.0,139339.42,SILVERM,2021-12-05
2021-11-04,83891.0,84278.0,83891.0,84197.0,37767,76266,84303.0,953960.43,SILVER,2021-12-05
2021-11-04,83856.0,84243.0,83856.0,84162.0,113301,76266,84268.0,476781.94,SILVERM,2021-12-05
2021-11-05,83412.0,83591.0,82896.0,83285.0,33523,11832,84197.0,837588.92,SILVER,2021-12-05
2021-11-05,83409.0,83588.0,82893.0,83282.0,100569,11832,84194.0,418779.37,SILVERM,2021-12-05
2021-11-08,81745.0,82060.0,81551.0,81760.0,15482,51368,83285.0,379742.5,SILVER,2021-12-05
2021-11-08,81798.0,82113.0,81604.0,81813.0,46446,51368,83338.0,189994.33,SILVERM,2021-12-05
2021-11-09,82043.0,82493.0,81700.0,81975.0,30108,79715,81760.0,740430.99,SILVER,2021-12-05
2021-11-09,82144.0,82594.0,81801.0,82076.0,90324,79715,81861.0,370671.63,SILVERM,2021-12-05
2021-11-10,81135.0,81696.0,80948.0,81275.0,5493,47570,81975.0,133933.07,SILVER,2021-12-05
2021-11-10,81203.0,81764.0,81016.0,81343.0,16479,47570,82043.0,67022.56,SILVERM,2021-12-05
2021-11-11,80163.0,80163.0,79861.0,79959.0,21465,16615,81275.0,514895.98,SILVER,2021-12-05
2021-11-11,80159.0,80159.0,79857.0,79955.0,64395,16615,81271.0,257435.11,SILVERM,2021-12-05
2021-11-12,79544.0,79692.0,78784.0,79378.0,34550,48311,79959.0,822752.97,SILVER,2021-12-05
2021-11-12,79657.0,79805.0,78897.0,79491.0,103650,48311,80072.0,411962.11,SILVERM,2021-12-05
2021-11-15,78495.0,78663.0,77999.0,78404.0,18833,33434,79378.0,442974.76,SILVER,2021-12-05
2021-11-15,78523.0,78691.0,78027.0,78432.0,56499,33434,79406.0,221566.48,SILVERM,2021-12-05
2021-11-16,79960.0,80483.0,79126.0,79981.0,7970,25739,78404.0,191234.57,SILVER,2021-12-05
2021-11-16,79911.0,80434.0,79077.0,79932.0,23910,25739,78355.0,95558.71,SILVERM,2021-12-05
2021-11-17,80920.0,81394.0,80468.0,80827.0,37779,76202,79981.0,916068.97,SILVER,2021-12-05
2021-11-17,80925.0,81399.0,80473.0,80832.0,113337,76202,79986.0,458062.82,SILVERM,2021-12-05
2021-11-18,80725.0,81022.0,80639.0,80839.0,34958,43649,80827.0,847790.93,SILVER,2021-12-05
2021-11-18,80692.0,80989.0,80606.0,80806.0,104874,43649,80794.0,423722.42,SILVERM,2021-12-05
2021-11-19,82407.0,82574.0,82038.0,82266.0,22145,57445,80839.0,546534.17,SILVER,2021-12-05
2021-11-19,82345.0,82512.0,81976.0,82204.0,66435,57445,80777.0,273061.14,SILVERM,2021-12-05
2021-11-22,82632.0,82632.0,82196.0,82360.0,6806,49470,82266.0,168162.65,SILVER,2021-12-05
2021-11-22,82573.0,82573.0,82137.0,82301.0,20418,49470,82207.0,84021.09,SILVERM,2021-12-05
2021-11-23,81732.0,82545.0,81056.0,81558.0,10664,58621,82360.0,260920.35,SILVER,2021-12-05
2021-11-23,81725.0,82538.0,81049.0,81551.0,31992,58621,82353.0,130448.98,SILVERM,2021-12-05
2021-11-24,82918.0,83689.0,82465.0,83039.0,33900,42926,81558.0,844506.63,SILVER,2021-12-05
2021-11-24,82956.0,83727.0,82503.0,83077.0,101700,42926,81596.0,422446.54,SILVERM,2021-12-05
2021-11-25,83643.0,84704.0,82364.0,83583.0,19126,47997,83039.0,479582.54,SILVER,2021-12-05
2021-11-25,83696.0,84757.0,82417.0,83636.0,57378,47997,83092.0,239943.32,SILVERM,2021-12-05
2021-11-26,82385.0,82899.0,81969.0,82598.0,10154,69940,83583.0,251610.03,SILVER,2021-12-05
2021-11-26,82323.0,82837.0,81907.0,82536.0,30462,69940,83521.0,125710.58,SILVERM,2021-12-05
2021-11-29,82530.0,82584.0,82239.0,82436.0,27208,50724,82598.0,672875.61,SILVER,2021-12-05
2021-11-29,82515.0,82569.0,82224.0,82421.0,81624,50724,82583.0,336376.59,SILVERM,2021-12-05
2021-11-30,81692.0,81704.0,81469.0,81619.0,18767,41704,82436.0,459523.13,SILVER,2021-12-05
2021-11-30,81716.0,81728.0,81493.0,81643.0,56301,41704,82460.0,229829.13,SILVERM,2021-12-05
2021-12-01,80033.0,80412.0,80033.0,80334.0,25043,38391,81619.0,603541.31,SILVER,2022-02-05
2021-12-01,80041.0,80420.0,80041.0,80342.0,75129,38391,81627.0,301800.71,SILVERM,2022-02-05
2021-12-02,81037.0,81332.0,81037.0,81226.0,6525,73291,80334.0,158999.89,SILVER,2022-02-05
2021-12-02,81072.0,81367.0,81072.0,81261.0,19575,73291,80369.0,79534.2,SILVERM,2022-02-05
2021-12-03,83027.0,83710.0,82389.0,83074.0,38528,12526,81226.0,960202.52,SILVER,2022-02-05
2021-12-03,83005.0,83688.0,82367.0,83052.0,115584,12526,81204.0,479974.12,SILVERM,2022-02-05
2021-12-06,81702.0,82490.0,81140.0,81751.0,21978,34686,83074.0,539017.04,SILVER,2022-02-05
2021-12-06,81766.0,82554.0,81204.0,81815.0,65934,34686,83138.0,269719.51,SILVERM,2022-02-05
2021-12-07,82110.0,82456.0,82110.0,82309.0,6055,16574,81751.0,149514.3,SILVER,2022-02-05
2021-12-07,82110.0,82456.0,82110.0,82309.0,18165,16574,81751.0,74757.15,SILVERM,2022-02-05
2021-12-08,81771.0,82230.0,81139.0,81708.0,15046,18733,82309.0,368813.57,SILVER,2022-02-05
2021-12-08,81809.0,82268.0,81177.0,81746.0,45138,18733,82347.0,184492.55,SILVERM,2022-02-05
2021-12-09,81306.0,81650.0,81018.0,81265.0,20678,60290,81708.0,504119.3,SILVER,2022-02-05
2021-12-09,81287.0,81631.0,80999.0,81246.0,62034,60290,81689.0,252000.72,SILVERM,2022-02-05
2021-12-10,80695.0,81086.0,80161.0,80726.0,31624,46051,81265.0,765863.71,SILVER,2022-02-05
2021-12-10,80698.0,81089.0,80164.0,80729.0,94872,46051,81268.0,382946.08,SILVERM,2022-02-05
2021-12-13,79816.0,80333.0,79224.0,79937.0,10255,25909,80726.0,245926.18,SILVER,2022-02-05
2021-12-13,79736.0,80253.0,79144.0,79857.0,30765,25909,80646.0,122840.03,SILVERM,2022-02-05
2021-12-14,80170.0,80736.0,79082.0,80002.0,14411,38133,79937.0,345872.65,SILVER,2022-02-05
2021-12-14,80128.0,80694.0,79040.0,79960.0,43233,38133,79895.0,172845.53,SILVERM,2022-02-05
2021-12-15,79514.0,79514.0,79066.0,79251.0,38971,61571,80002.0,926547.22,SILVER,2022-02-05
2021-12-15,79504.0,79504.0,79056.0,79241.0,116913,61571,79992.0,463215.15,SILVERM,2022-02-05
2021-12-16,79444.0,79728.0,79328.0,79521.0,36235,60908,79251.0,864433.03,SILVER,2022-02-05
2021-12-16,79449.0,79733.0,79333.0,79526.0,108705,60908,79256.0,432243.69,SILVERM,2022-02-05
2021-12-17,79397.0,79579.0,79393.0,79495.0,24194,21278,79521.0,576990.61,SILVER,2022-02-05
2021-12-17,79531.0,79713.0,79527.0,79629.0,72582,21278,79655.0,288981.6,SILVERM,2022-02-05
2021-12-20,79371.0,79613.0,79029.0,79293.0,24476,61458,79495.0,582232.64,SILVER,2022-02-05
2021-12-20,79352.0,79594.0,79010.0,79274.0,73428,61458,79476.0,291046.56,SILVERM,2022-02-05
2021-12-21,78423.0,78949.0,78186.0,78479.0,20110,74265,79293.0,473463.81,SILVER,2022-02-05
2021-12-21,78354.0,78880.0,78117.0,78410.0,60330,74265,79224.0,236523.76,SILVERM,2022-02-05
2021-12-22,77951.0,78135.0,77717.0,77973.0,65142,66782,78479.0,1523795.15,SILVER,2022-02-05
2021-12-22,78036.0,78220.0,77802.0,78058.0,195426,66782,78564.0,762728.14,SILVERM,2022-02-05
2021-12-23,78799.0,79193.0,78146.0,78682.0,21285,65415,77973.0,502423.91,SILVER,2022-02-05
2021-12-23,78853.0,79247.0,78200.0,78736.0,63855,65415,78027.0,251384.36,SILVERM,2022-02-05
2021-12-24,78860.0,79495.0,78533.0,79163.0,37475,64160,78682.0,889990.03,SILVER,2022-02-05
2021-12-24,78802.0,79437.0,78475.0,79105.0,112425,64160,78624.0,444668.98,SILVERM,2022-02-05
2021-12-27,78492.0,78626.0,77806.0,78286.0,31267,64399,79163.0,734330.51,SILVER,2022-02-05
2021-12-27,78515.0,78649.0,77829.0,78309.0,93801,64399,79186.0,367273.13,SILVERM,2022-02-05
2021-12-28,78408.0,78739.0,78017.0,78396.0,24642,35298,78286.0,579550.27,SILVER,2022-02-05
2021-12-28,78450.0,78781.0,78059.0,78438.0,73926,35298,78328.0,289930.38,SILVERM,2022-02-05
2021-12-29,79040.0,79644.0,78635.0,79106.0,42795,32191,78396.0,1015602.38,SILVER,2022-02-05
2021-12-29,79048.0,79652.0,78643.0,79114.0,128385,32191,78404.0,507852.54,SILVERM,2022-02-05
2021-12-30,77587.0,78352.0,76935.0,77601.0,20365,66964,79106.0,474103.31,SILVER,2022-02-05
2021-12-30,77603.0,78368.0,76951.0,77617.0,61095,66964,79122.0,237100.53,SILVERM,2022-02-05
2021-12-31,78108.0,78244.0,77968.0,78114.0,78502,43092,77601.0,1839631.57,SILVER,2022-02-05
2021-12-31,78076.0,78212.0,77936.0,78082.0,235506,43092,77569.0,919438.97,SILVERM,2022-02-05
2022-01-03,77264.0,78340.0,76920.0,77532.0,31177,72513,78114.0,725164.55,SILVER,2022-02-05
2022-01-03,77289.0,78365.0,76945.0,77557.0,93531,72513,78139.0,362699.19,SILVERM,2022-02-05
2022-01-04,78303.0,78501.0,77760.0,78070.0,9414,61097,77532.0,220485.29,SILVER,2022-02-05
2022-01-04,78278.0,78476.0,77735.0,78045.0,28242,61097,77507.0,110207.34,SILVERM,2022-02-05
2022-01-05,77404.0,77986.0,77006.0,77398.0,22494,40279,78070.0,522297.18,SILVER,2022-02-05
2022-01-05,77272.0,77854.0,76874.0,77266.0,67482,40279,77938.0,260703.21,SILVERM,2022-02-05
2022-01-06,75873.0,76142.0,75396.0,75806.0,25437,24404,77398.0,578483.17,SILVER,2022-02-05
2022-01-06,75883.0,76152.0,75406.0,75816.0,76311,24404,77408.0,289279.74,SILVERM,2022-02-05
2022-01-07,74542.0,74950.0,73754.0,74401.0,8937,45198,75806.0,199476.52,SILVER,2022-02-05
2022-01-07,74458.0,74866.0,73670.0,74317.0,26811,45198,75722.0,99625.65,SILVERM,2022-02-05
2022-01-10,74310.0,75076.0,74005.0,74462.0,26326,59997,74401.0,588085.98,SILVER,2022-02-05
2022-01-10,74361.0,75127.0,74056.0,74513.0,78978,59997,74452.0,294244.39,SILVERM,2022-02-05
2022-01-11,74778.0,75043.0,74455.0,74707.0,13974,10567,74462.0,313186.69,SILVER,2022-02-05
2022-01-11,74721.0,74986.0,74398.0,74650.0,41922,10567,74405.0,156473.86,SILVERM,2022-02-05
2022-01-12,73903.0,74202.0,73668.0,73943.0,22500,71032,74707.0,499115.25,SILVER,2022-02-05
2022-01-12,73780.0,74079.0,73545.0,73820.0,67500,71032,74584.0,249142.5,SILVERM,2022-02-05
2022-01-13,74641.0,74890.0,74275.0,74515.0,6750,12179,73943.0,150892.88,SILVER,2022-02-05
2022-01-13,74553.0,74802.0,74187.0,74427.0,20250,12179,73855.0,75357.34,SILVERM,2022-02-05
2022-01-14,72794.0,73281.0,72794.0,73105.0,9027,12019,74515.0,197975.65,SILVER,2022-02-05
2022-01-14,72792.0,73279.0,72792.0,73103.0,27081,12019,74513.0,98985.12,SILVERM,2022-02-05
2022-01-17,73053.0,73636.0,72788.0,73067.0,10745,28704,73105.0,235531.47,SILVER,2022-02-05
2022-01-17,73062.0,73645.0,72797.0,73076.0,32235,28704,73114.0,117780.24,SILVERM,2022-02-05
2022-01-18,71975.0,72458.0,71708.0,72062.0,26448,28030,73067.0,571768.73,SILVER,2022-02-05
2022-01-18,71904.0,72387.0,71637.0,71991.0,79344,28030,72996.0,285602.7,SILVERM,2022-02-05
2022-01-19,71598.0,71916.0,71227.0,71536.0,33451,79445,72062.0,717885.22,SILVER,2022-02-05
2022-01-19,71544.0,71862.0,71173.0,71482.0,100353,79445,72008.0,358671.66,SILVERM,2022-02-05
2022-01-20,71662.0,71950.0,71134.0,71594.0,33207,13420,71536.0,713226.59,SILVER,2022-02-05
2022-01-20,71662.0,71950.0,71134.0,71594.0,99621,13420,71536.0,356613.29,SILVERM,2022-02-05
2022-01-21,70798.0,70946.0,70783.0,70899.0,10938,69875,71594.0,232647.98,SILVER,2022-02-05
2022-01-21,70847.0,70995.0,70832.0,70948.0,32814,69875,71643.0,116404.38,SILVERM,2022-02-05
2022-01-24,70500.0,70790.0,70355.0,70601.0,17150,57653,70899.0,363242.14,SILVER,2022-02-05
2022-01-24,70439.0,70729.0,70294.0,70540.0,51450,57653,70838.0,181464.15,SILVERM,2022-02-05
2022-01-25,71437.0,71838.0,71133.0,71452.0,18406,26740,70601.0,394543.65,SILVER,2022-02-05
2022-01-25,71456.0,71857.0,71152.0,71471.0,55218,26740,70620.0,197324.28,SILVERM,2022-02-05
2022-01-26,70865.0,71310.0,70673.0,70992.0,24781,75263,71452.0,527775.83,SILVER,2022-02-05
2022-01-26,70778.0,71223.0,70586.0,70905.0,74343,75263,71365.0,263564.52,SILVERM,2022-02-05
2022-01-27,71827.0,71827.0,71472.0,71706.0,23325,74559,70992.0,501762.74,SILVER,2022-02-05
2022-01-27,71843.0,71843.0,71488.0,71722.0,69975,74559,71008.0,250937.35,SILVERM,2022-02-05
2022-01-28,70735.0,71391.0,70476.0,70787.0,8148,29465,71706.0,173031.74,SILVER,2022-02-05
2022-01-28,70773.0,71429.0,70514.0,70825.0,24444,29465,71744.0,86562.32,SILVERM,2022-02-05
2022-01-31,70830.0,71414.0,70830.0,71245.0,33879,61432,70787.0,724112.81,SILVER,2022-02-05
2022-01-31,70856.0,71440.0,70856.0,71271.0,101637,61432,70813.0,362188.53,SILVERM,2022-02-05
2022-02-01,72416.0,72885.0,71733.0,72471.0,12933,14131,71245.0,281180.23,SILVER,2022-02-05
2022-02-01,72466.0,72935.0,71783.0,72521.0,38799,14131,71295.0,140687.11,SILVERM,2022-02-05
2022-02-02,70285.0,70859.0,69998.0,70432.0,14436,20652,72471.0,305026.91,SILVER,2022-02-05
2022-02-02,70331.0,70905.0,70044.0,70478.0,43308,20652,72517.0,152613.06,SILVERM,2022-02-05
2022-02-03,69572.0,69948.0,69572.0,69799.0,22669,74973,70432.0,474682.06,SILVER,2022-02-05
2022-02-03,69664.0,70040.0,69664.0,69891.0,68007,74973,70524.0,237653.86,SILVERM,2022-02-05
2022-02-04,70115.0,71297.0,69796.0,70289.0,11474,57147,69799.0,241948.8,SILVER,2022-02-05
2022-02-04,70120.0,71302.0,69801.0,70294.0,34422,57147,69804.0,120983.0,SILVERM,2022-02-05
2022-02-07,70157.0,70347.0,69926.0,70142.0,16228,57671,70289.0,341479.31,SILVER,2022-02-05
2022-02-07,70249.0,70439.0,70018.0,70234.0,48684,57671,70381.0,170963.6,SILVERM,2022-02-05
2022-02-08,70652.0,71119.0,69723.0,70465.0,38538,29171,70142.0,814674.05,SILVER,2022-02-05
2022-02-08,70605.0,71072.0,69676.0,70418.0,115614,29171,70095.0,407065.33,SILVERM,2022-02-05
2022-02-09,70033.0,70304.0,69320.0,69989.0,6843,65692,70465.0,143680.42,SILVER,2022-02-05
2022-02-09,70023.0,70294.0,69310.0,69979.0,20529,65692,70455.0,71829.94,SILVERM,2022-02-05
2022-02-10,69994.0,70393.0,69841.0,70079.0,5073,68541,69989.0,106653.23,SILVER,2022-02-05
2022-02-10,69988.0,70387.0,69835.0,70073.0,15219,68541,69983.0,53322.05,SILVERM,2022-02-05
2022-02-11,70034.0,70792.0,69340.0,69970.0,21059,19470,70079.0,442049.47,SILVER,2022-02-05
2022-02-11,69982.0,70740.0,69288.0,69918.0,63177,19470,70027.0,220860.47,SILVERM,2022-02-05
2022-02-14,70883.0,71364.0,70460.0,70948.0,25733,71344,69970.0,547711.47,SILVER,2022-02-05
2022-02-14,70765.0,71246.0,70342.0,70830.0,77199,71344,69852.0,273400.26,SILVERM,2022-02-05
2022-02-15,71079.0,71425.0,70542.0,71178.0,30395,54308,70948.0,649036.59,SILVER,2022-02-05
2022-02-15,71122.0,71468.0,70585.0,71221.0,91185,54308,70991.0,324714.34,SILVERM,2022-02-05
2022-02-16,71312.0,71963.0,71186.0,71477.0,25202,60639,71178.0,540409.01,SILVER,2022-02-05
2022-02-16,71266.0,71917.0,71140.0,71431.0,75606,60639,71132.0,270030.61,SILVERM,2022-02-05
2022-02-17,70905.0,71623.0,70693.0,71154.0,18273,31326,71477.0,390059.11,SILVER,2022-02-05
2022-02-17,70885.0,71603.0,70673.0,71134.0,54819,31326,71457.0,194974.74,SILVERM,2022-02-05
2022-02-18,70714.0,71330.0,70421.0,70770.0,38099,14597,71154.0,808879.87,SILVER,2022-02-05
2022-02-18,70793.0,71409.0,70500.0,70849.0,114297,14597,71233.0,404891.41,SILVERM,2022-02-05
2022-02-21,70455.0,71025.0,70079.0,70433.0,31280,40788,70770.0,660943.27,SILVER,2022-02-05
2022-02-21,70484.0,71054.0,70108.0,70462.0,93840,40788,70799.0,330607.7,SILVERM,2022-02-05
2022-02-22,70762.0,70864.0,70667.0,70776.0,83077,75020,70433.0,1763957.33,SILVER,2022-02-05
2022-02-22,70849.0,70951.0,70754.0,70863.0,249231,75020,70520.0,883062.82,SILVERM,2022-02-05
2022-02-23,70390.0,71072.0,69905.0,70448.0,70685,59477,70776.0,1493885.06,SILVER,2022-02-05
2022-02-23,70396.0,71078.0,69911.0,70454.0,212055,59477,70782.0,747006.15,SILVERM,2022-02-05
2022-02-24,70572.0,70752.0,70571.0,70706.0,68522,43071,70448.0,1453474.96,SILVER,2022-02-05
2022-02-24,70600.0,70780.0,70599.0,70734.0,205566,43071,70476.0,727025.27,SILVERM,2022-02-05
2022-02-25,72544.0,73113.0,72138.0,72456.0,25282,71923,70706.0,549549.78,SILVER,2022-02-05
2022-02-25,72532.0,73101.0,72126.0,72444.0,75846,71923,70694.0,274729.38,SILVERM,2022-02-05
2022-02-28,73022.0,73542.0,72612.0,73215.0,19702,67492,72456.0,432744.58,SILVER,2022-02-05
2022-02-28,72980.0,73500.0,72570.0,73173.0,59106,67492,72414.0,216248.17,SILVERM,2022-02-05
2022-03-01,73069.0,73117.0,72706.0,72956.0,24249,41770,73215.0,530733.01,SILVER,2022-04-05
2022-03-01,73097.0,73145.0,72734.0,72984.0,72747,41770,73243.0,265468.35,SILVERM,2022-04-05
2022-03-02,73856.0,74242.0,73565.0,74004.0,17714,45399,72956.0,393272.06,SILVER,2022-04-05
2022-03-02,73834.0,74220.0,73543.0,73982.0,53142,45399,72934.0,196577.57,SILVERM,2022-04-05
2022-03-03,73561.0,73852.0,73561.0,73672.0,13656,67439,74004.0,301819.45,SILVER,2022-04-05
2022-03-03,73593.0,73884.0,73593.0,73704.0,40968,67439,74036.0,150975.27,SILVERM,2022-04-05
2022-03-04,71751.0,72164.0,71676.0,71962.0,10741,54415,73672.0,231883.15,SILVER,2022-04-05
2022-03-04,71722.0,72135.0,71647.0,71933.0,32223,54415,73643.0,115894.85,SILVERM,2022-04-05
2022-03-07,71069.0,71518.0,70787.0,71140.0,21661,22569,71962.0,462289.06,SILVER,2022-04-05
2022-03-07,71060.0,71509.0,70778.0,71131.0,64983,22569,71953.0,231115.29,SILVERM,2022-04-05
2022-03-08,69761.0,70288.0,69306.0,69625.0,36555,12369,71140.0,763542.56,SILVER,2022-04-05
2022-03-08,69756.0,70283.0,69301.0,69620.0,109665,12369,71135.0,381743.86,SILVERM,2022-04-05
2022-03-09,69430.0,69739.0,68461.0,69359.0,33690,10528,69625.0,701011.41,SILVER,2022-04-05
2022-03-09,69484.0,69793.0,68515.0,69413.0,101070,10528,69679.0,350778.6,SILVERM,2022-04-05
2022-03-10,69528.0,69744.0,68506.0,69392.0,37833,40314,69359.0,787592.26,SILVER,2022-04-05
2022-03-10,69507.0,69723.0,68485.0,69371.0,113499,40314,69338.0,393676.96,SILVERM,2022-04-05
2022-03-11,70855.0,70944.0,70611.0,70781.0,10704,28047,69392.0,227291.95,SILVER,2022-04-05
2022-03-11,70914.0,71003.0,70670.0,70840.0,32112,28047,69451.0,113740.7,SILVERM,2022-04-05
2022-03-14,70913.0,71535.0,70874.0,71070.0,17175,29748,70781.0,366188.18,SILVER,2022-04-05
2022-03-14,70868.0,71490.0,70829.0,71025.0,51525,29748,70736.0,182978.16,SILVERM,2022-04-05
2022-03-15,70861.0,71003.0,70857.0,70908.0,17696,45109,71070.0,376436.39,SILVER,2022-04-05
2022-03-15,70874.0,71016.0,70870.0,70921.0,53088,45109,71083.0,188252.7,SILVERM,2022-04-05
2022-03-16,71504.0,71830.0,71295.0,71615.0,33054,23919,70908.0,710148.66,SILVER,2022-04-05
2022-03-16,71470.0,71796.0,71261.0,71581.0,99162,23919,70874.0,354905.76,SILVERM,2022-04-05
2022-03-17,69998.0,70122.0,69452.0,69812.0,26076,57498,71615.0,546125.31,SILVER,2022-04-05
2022-03-17,70054.0,70178.0,69508.0,69868.0,78228,57498,71671.0,273281.7,SILVERM,2022-04-05
2022-03-18,69855.0,70787.0,69424.0,70023.0,19986,65808,69812.0,419843.9,SILVER,2022-04-05
2022-03-18,69814.0,70746.0,69383.0,69982.0,59958,65808,69771.0,209799.04,SILVERM,2022-04-05
2022-03-21,70800.0,70870.0,70541.0,70674.0,19440,38906,70023.0,412170.77,SILVER,2022-04-05
2022-03-21,70764.0,70834.0,70505.0,70638.0,58320,38906,69987.0,205980.41,SILVERM,2022-04-05
2022-03-22,69609.0,69829.0,69204.0,69485.0,12960,76896,70674.0,270157.68,SILVER,2022-04-05
2022-03-22,69546.0,69766.0,69141.0,69422.0,38880,76896,70611.0,134956.37,SILVERM,2022-04-05
2022-03-23,70694.0,70847.0,70242.0,70437.0,27462,31946,69485.0,580302.27,SILVER,2022-04-05
2022-03-23,70699.0,70852.0,70247.0,70442.0,82386,31946,69490.0,290171.73,SILVERM,2022-04-05
2022-03-24,70676.0,70962.0,70438.0,70734.0,22821,57020,70437.0,484266.18,SILVER,2022-04-05
2022-03-24,70706.0,70992.0,70468.0,70764.0,68463,57020,70467.0,242235.79,SILVERM,2022-04-05
2022-03-25,70512.0,70538.0,70092.0,70411.0,32258,32161,70734.0,681395.41,SILVER,2022-04-05
2022-03-25,70536.0,70562.0,70116.0,70435.0,96774,32161,70758.0,340813.83,SILVERM,2022-04-05
2022-03-28,71275.0,71275.0,70308.0,70952.0,32353,37738,70411.0,688653.02,SILVER,2022-04-05
2022-03-28,71268.0,71268.0,70301.0,70945.0,97059,37738,70404.0,344292.54,SILVERM,2022-04-05
2022-03-29,72784.0,73087.0,72497.0,72874.0,28416,13925,70952.0,621236.28,SILVER,2022-04-05
2022-03-29,72751.0,73054.0,72464.0,72841.0,85248,13925,70919.0,310477.48,SILVERM,2022-04-05
2022-03-30,72823.0,73277.0,72823.0,73048.0,27115,18463,72874.0,594208.96,SILVER,2022-04-05
2022-03-30,72809.0,73263.0,72809.0,73034.0,81345,18463,72860.0,297047.54,SILVERM,2022-04-05
2022-03-31,73003.0,73638.0,72884.0,73279.0,29968,67153,73048.0,658807.52,SILVER,2022-04-05
2022-03-31,72991.0,73626.0,72872.0,73267.0,89904,67153,73036.0,329349.82,SILVERM,2022-04-05
2022-04-01,73010.0,73240.0,72474.0,72907.0,27731,71009,73279.0,606535.21,SILVER,2022-04-05
2022-04-01,73023.0,73253.0,72487.0,72920.0,83193,71009,73292.0,303321.68,SILVERM,2022-04-05
2022-04-04,71935.0,72641.0,71935.0,72207.0,27785,51552,72907.0,601881.45,SILVER,2022-04-05
2022-04-04,71944.0,72650.0,71944.0,72216.0,83355,51552,72916.0,300978.23,SILVERM,2022-04-05
2022-04-05,72874.0,73330.0,72412.0,72929.0,18828,66271,72207.0,411932.16,SILVER,2022-04-05
2022-04-05,72961.0,73417.0,72499.0,73016.0,56484,66271,72294.0,206211.79,SILVERM,2022-04-05
2022-04-06,72287.0,72712.0,71813.0,72224.0,9541,19797,72929.0,206726.76,SILVER,2022-04-05
2022-04-06,72289.0,72714.0,71815.0,72226.0,28623,19797,72931.0,103366.24,SILVERM,2022-04-05
2022-04-07,72330.0,72679.0,72138.0,72303.0,18311,23965,72224.0,397182.07,SILVER,2022-04-05
2022-04-07,72348.0,72697.0,72156.0,72321.0,54933,23965,72242.0,198640.47,SILVERM,2022-04-05
2022-04-08,71982.0,72111.0,71452.0,71921.0,35531,23733,72303.0,766627.52,SILVER,2022-04-05
2022-04-08,71986.0,72115.0,71456.0,71925.0,106593,23733,72307.0,383335.08,SILVERM,2022-04-05
2022-04-11,72375.0,73192.0,71332.0,72343.0,19588,63223,71921.0,425116.41,SILVER,2022-04-05
2022-04-11,72359.0,73176.0,71316.0,72327.0,58764,63223,71905.0,212511.19,SILVERM,2022-04-05
2022-04-12,72830.0,73011.0,72380.0,72644.0,17380,36926,72343.0,378765.82,SILVER,2022-04-05
2022-04-12,72848.0,73029.0,72398.0,72662.0,52140,36926,72361.0,189429.83,SILVERM,2022-04-05
2022-04-13,73407.0,73922.0,73210.0,73547.0,22818,38783,72644.0,503458.63,SILVER,2022-04-05
2022-04-13,73386.0,73901.0,73189.0,73526.0,68454,38783,72623.0,251657.44,SILVERM,2022-04-05
2022-04-14,73032.0,73556.0,72726.0,73131.0,35857,46394,73547.0,786677.48,SILVER,2022-04-05
2022-04-14,73029.0,73553.0,72723.0,73128.0,107571,46394,73544.0,393322.6,SILVERM,2022-04-05
2022-04-15,72808.0,73405.0,72641.0,72920.0,26711,74796,73131.0,584329.84,SILVER,2022-04-05
2022-04-15,72866.0,73463.0,72699.0,72978.0,80133,74796,73189.0,292397.3,SILVERM,2022-04-05
2022-04-18,72232.0,72556.0,71723.0,72112.0,10097,38287,72920.0,218434.46,SILVER,2022-04-05
2022-04-18,72208.0,72532.0,71699.0,72088.0,30291,38287,72896.0,109180.88,SILVERM,2022-04-05
2022-04-19,71888.0,72096.0,71280.0,71759.0,33393,40436,72112.0,718874.49,SILVER,2022-04-05
2022-04-19,71907.0,72115.0,71299.0,71778.0,100179,40436,72131.0,359532.41,SILVERM,2022-04-05
2022-04-20,72159.0,72614.0,71565.0,72094.0,27076,13188,71759.0,585605.14,SILVER,2022-04-05
2022-04-20,72035.0,72490.0,71441.0,71970.0,81228,13188,71635.0,292298.96,SILVERM,2022-04-05
2022-04-21,72925.0,72979.0,72288.0,72753.0,59345,16765,72094.0,1295258.04,SILVER,2022-04-05
2022-04-21,72916.0,72970.0,72279.0,72744.0,178035,16765,72085.0,647548.9,SILVERM,2022-04-05
2022-04-22,71824.0,72107.0,71824.0,71994.0,85792,61626,72753.0,1852952.77,SILVER,2022-04-05
2022-04-22,71799.0,72082.0,71799.0,71969.0,257376,61626,72728.0,926154.67,SILVERM,2022-04-05
2022-04-25,72989.0,72989.0,72560.0,72747.0,30110,20807,71994.0,657123.65,SILVER,2022-04-05
2022-04-25,72995.0,72995.0,72566.0,72753.0,90330,20807,72000.0,328588.92,SILVERM,2022-04-05
2022-04-26,74150.0,74150.0,73796.0,73925.0,26242,20204,72747.0,581981.95,SILVER,2022-04-05
2022-04-26,74138.0,74138.0,73784.0,73913.0,78726,20204,72735.0,290943.74,SILVERM,2022-04-05
2022-04-27,74411.0,74927.0,73729.0,74301.0,46877,67944,73925.0,1044902.39,SILVER,2022-04-05
2022-04-27,74418.0,74934.0,73736.0,74308.0,140631,67944,73932.0,522500.42,SILVERM,2022-04-05
2022-04-28,76235.0,77079.0,75279.0,75964.0,87205,52120,74301.0,1987332.19,SILVER,2022-04-05
2022-04-28,76216.0,77060.0,75260.0,75945.0,261615,52120,74282.0,993417.56,SILVERM,2022-04-05
2022-04-29,75052.0,75742.0,74748.0,75302.0,68622,32658,75964.0,1550212.15,SILVER,2022-04-05
2022-04-29,75071.0,75761.0,74767.0,75321.0,205866,32658,75983.0,775301.65,SILVERM,2022-04-05
2022-05-02,74159.0,74923.0,73897.0,74237.0,38402,47081,75302.0,855254.78,SILVER,2022-06-05
2022-05-02,74073.0,74837.0,73811.0,74151.0,115206,47081,75216.0,427132.01,SILVERM,2022-06-05
2022-05-03,72626.0,73280.0,72123.0,72733.0,37543,44986,74237.0,819184.51,SILVER,2022-06-05
2022-05-03,72632.0,73286.0,72129.0,72739.0,112629,44986,74243.0,409626.04,SILVERM,2022-06-05
2022-05-04,74139.0,74143.0,73960.0,74032.0,34362,60304,72733.0,763166.28,SILVER,2022-06-05
2022-05-04,74092.0,74096.0,73913.0,73985.0,103086,60304,72686.0,381340.89,SILVERM,2022-06-05
2022-05-05,74461.0,74788.0,74254.0,74618.0,32315,75592,74032.0,723384.2,SILVER,2022-06-05
2022-05-05,74519.0,74846.0,74312.0,74676.0,96945,75592,74090.0,361973.24,SILVERM,2022-06-05
2022-05-06,74702.0,74863.0,74429.0,74589.0,32746,68548,74618.0,732747.42,SILVER,2022-06-05
2022-05-06,74654.0,74815.0,74381.0,74541.0,98238,68548,74570.0,366137.94,SILVERM,2022-06-05
2022-05-09,75058.0,75261.0,74636.0,74853.0,15057,49986,74589.0,338118.49,SILVER,2022-06-05
2022-05-09,75108.0,75311.0,74686.0,74903.0,45171,49986,74639.0,169172.17,SILVERM,2022-06-05
2022-05-10,74000.0,74405.0,73558.0,73897.0,26061,76151,74853.0,577748.92,SILVER,2022-06-05
2022-05-10,73999.0,74404.0,73557.0,73896.0,78183,76151,74852.0,288870.55,SILVERM,2022-06-05
2022-05-11,76097.0,76336.0,75607.0,76053.0,39157,38214,73897.0,893402.2,SILVER,2022-06-05
2022-05-11,76006.0,76245.0,75516.0,75962.0,117471,38214,73806.0,446166.61,SILVERM,2022-06-05
2022-05-12,76037.0,76238.0,76037.0,76188.0,16322,48745,76053.0,373062.16,SILVER,2022-06-05
2022-05-12,75993.0,76194.0,75993.0,76144.0,48966,48745,76009.0,186423.36,SILVERM,2022-06-05
2022-05-13,76176.0,76769.0,75932.0,76305.0,9276,52548,76188.0,212341.55,SILVER,2022-06-05
2022-05-13,76218.0,76811.0,75974.0,76347.0,27828,52548,76230.0,106229.22,SILVERM,2022-06-05
2022-05-16,77165.0,77224.0,76816.0,76973.0,17306,20681,76305.0,399628.42,SILVER,2022-06-05
2022-05-16,77205.0,77264.0,76856.0,77013.0,51918,20681,76345.0,199918.05,SILVERM,2022-06-05
2022-05-17,77546.0,77974.0,77145.0,77426.0,39017,16984,76973.0,906279.07,SILVER,2022-06-05
2022-05-17,77481.0,77909.0,77080.0,77361.0,117051,16984,76908.0,452759.12,SILVERM,2022-06-05
2022-05-18,77642.0,78434.0,76817.0,77648.0,32742,37579,77426.0,762705.24,SILVER,2022-06-05
2022-05-18,77720.0,78512.0,76895.0,77726.0,98226,37579,77504.0,381735.7,SILVERM,2022-06-05
2022-05-19,76891.0,77068.0,76749.0,76956.0,36600,64933,77648.0,844976.88,SILVER,2022-06-05
2022-05-19,76890.0,77067.0,76748.0,76955.0,109800,64933,77647.0,422482.95,SILVERM,2022-06-05
2022-05-20,77086.0,77498.0,77086.0,77400.0,22629,37399,76956.0,525445.38,SILVER,2022-06-05
2022-05-20,77130.0,77542.0,77130.0,77444.0,67887,37399,77000.0,262872.04,SILVERM,2022-06-05
2022-05-23,78967.0,79477.0,78621.0,79136.0,13245,41481,77400.0,314446.9,SILVER,2022-06-05
2022-05-23,78906.0,79416.0,78560.0,79075.0,39735,41481,77339.0,157102.26,SILVERM,2022-06-05
2022-05-24,80715.0,81355.0,79841.0,80408.0,36414,10944,79136.0,878393.07,SILVER,2022-06-05
2022-05-24,80692.0,81332.0,79818.0,80385.0,109242,10944,79113.0,439070.91,SILVERM,2022-06-05
2022-05-25,81725.0,82907.0,81099.0,81935.0,35098,19114,80408.0,862726.39,SILVER,2022-06-05
2022-05-25,81746.0,82928.0,81120.0,81956.0,105294,19114,80429.0,431473.75,SILVERM,2022-06-05
2022-05-26,81500.0,81599.0,81236.0,81469.0,15588,49846,81935.0,380981.63,SILVER,2022-06-05
2022-05-26,81484.0,81583.0,81220.0,81453.0,46764,49846,81919.0,190453.4,SILVERM,2022-06-05
2022-05-27,80717.0,81092.0,79859.0,80555.0,5442,42596,81469.0,131514.09,SILVER,2022-06-05
2022-05-27,80571.0,80946.0,79713.0,80409.0,16326,42596,81323.0,65637.87,SILVERM,2022-06-05
2022-05-30,80255.0,80628.0,80255.0,80457.0,16803,16907,80555.0,405575.69,SILVER,2022-06-05
2022-05-30,80245.0,80618.0,80245.0,80447.0,50409,16907,80545.0,202762.64,SILVERM,2022-06-05
2022-05-31,80560.0,81128.0,80210.0,80530.0,15599,38114,80457.0,376856.24,SILVER,2022-06-05
2022-05-31,80462.0,81030.0,80112.0,80432.0,46797,38114,80359.0,188198.82,SILVERM,2022-06-05
2022-06-01,81737.0,82421.0,80682.0,81584.0,12058,35009,80530.0,295121.96,SILVER,2022-06-05
2022-06-01,81683.0,82367.0,80628.0,81530.0,36174,35009,80476.0,147463.31,SILVERM,2022-06-05
2022-06-02,80013.0,80113.0,79937.0,80011.0,22206,60241,81584.0,533017.28,SILVER,2022-06-05
2022-06-02,79943.0,80043.0,79867.0,79941.0,66618,60241,81514.0,266275.48,SILVERM,2022-06-05
2022-06-03,81938.0,81938.0,81148.0,81471.0,16894,45725,80011.0,412911.32,SILVER,2022-06-05
2022-06-03,81995.0,81995.0,81205.0,81528.0,50682,45725,80068.0,206600.1,SILVERM,2022-06-05
2022-06-06,81070.0,81966.0,81070.0,81341.0,7939,28996,81471.0,193729.86,SILVER,2022-06-05
2022-06-06,81142.0,82038.0,81142.0,81413.0,23817,28996,81543.0,96950.67,SILVERM,2022-06-05
2022-06-07,81129.0,81721.0,80208.0,80958.0,27149,16047,81341.0,659378.62,SILVER,2022-06-05
2022-06-07,81146.0,81738.0,80225.0,80975.0,81447,16047,81358.0,329758.54,SILVERM,2022-06-05
2022-06-08,80001.0,80567.0,79704.0,80029.0,6031,38767,80958.0,144796.47,SILVER,2022-06-05
2022-06-08,79989.0,80555.0,79692.0,80017.0,18093,38767,80946.0,72387.38,SILVERM,2022-06-05
2022-06-09,78642.0,78874.0,78276.0,78520.0,15208,26347,80029.0,358239.65,SILVER,2022-06-05
2022-06-09,78643.0,78875.0,78277.0,78521.0,45624,26347,80030.0,179122.11,SILVERM,2022-06-05
2022-06-10,79368.0,79563.0,79062.0,79298.0,5562,34102,78520.0,132316.64,SILVER,2022-06-05
2022-06-10,79425.0,79620.0,79119.0,79355.0,16686,34102,78577.0,66205.88,SILVERM,2022-06-05
2022-06-13,79269.0,79665.0,78765.0,79386.0,25951,14263,79298.0,618043.83,SILVER,2022-06-05
2022-06-13,79170.0,79566.0,78666.0,79287.0,77853,14263,79199.0,308636.54,SILVERM,2022-06-05
2022-06-14,78257.0,78615.0,77757.0,78221.0,33351,77438,79386.0,782624.57,SILVER,2022-06-05
2022-06-14,78203.0,78561.0,77703.0,78167.0,100053,77438,79332.0,391042.14,SILVERM,2022-06-05
2022-06-15,76783.0,77334.0,76554.0,77069.0,23680,40540,78221.0,547498.18,SILVER,2022-06-05
2022-06-15,76833.0,77384.0,76604.0,77119.0,71040,40540,78271.0,273926.69,SILVERM,2022-06-05
2022-06-16,76881.0,77148.0,76492.0,76788.0,26586,73769,77069.0,612445.73,SILVER,2022-06-05
2022-06-16,76942.0,77209.0,76553.0,76849.0,79758,73769,77130.0,306466.13,SILVERM,2022-06-05
2022-06-17,78363.0,78993.0,77584.0,78317.0,14308,50843,76788.0,336167.89,SILVER,2022-06-05
2022-06-17,78392.0,79022.0,77613.0,78346.0,42924,50843,76817.0,168146.19,SILVERM,2022-06-05
2022-06-20,78200.0,78669.0,77829.0,78100.0,14609,37690,78317.0,342288.87,SILVER,2022-06-05
2022-06-20,78148.0,78617.0,77777.0,78048.0,43827,37690,78265.0,171030.48,SILVERM,2022-06-05
2022-06-21,76926.0,77353.0,76331.0,76764.0,86237,12994,78100.0,1985969.12,SILVER,2022-06-05
2022-06-21,76975.0,77402.0,76380.0,76813.0,258711,12994,78149.0,993618.4,SILVERM,2022-06-05
2022-06-22,76620.0,76935.0,76263.0,76564.0,56687,77546,76764.0,1302055.04,SILVER,2022-06-05
2022-06-22,76688.0,77003.0,76331.0,76632.0,170061,77546,76832.0,651605.73,SILVERM,2022-06-05
2022-06-23,76364.0,76395.0,76277.0,76341.0,82660,17377,76564.0,1893104.12,SILVER,2022-06-05
2022-06-23,76400.0,76431.0,76313.0,76377.0,247980,17377,76600.0,946998.42,SILVERM,2022-06-05
2022-06-24,73868.0,74741.0,73452.0,73998.0,34300,36467,76341.0,761439.42,SILVER,2022-06-05
2022-06-24,73743.0,74616.0,73327.0,73873.0,102900,36467,76216.0,380076.58,SILVERM,2022-06-05
2022-06-27,73866.0,74254.0,73668.0,73971.0,48642,10048,73998.0,1079429.21,SILVER,2022-06-05
2022-06-27,73872.0,74260.0,73674.0,73977.0,145926,10048,74004.0,539758.39,SILVERM,2022-06-05
2022-06-28,73967.0,73979.0,73502.0,73792.0,19847,46978,73971.0,439364.95,SILVER,2022-06-05
2022-06-28,73996.0,74008.0,73531.0,73821.0,59541,46978,74000.0,219768.81,SILVERM,2022-06-05
2022-06-29,74627.0,74661.0,74167.0,74413.0,70912,57606,73792.0,1583032.4,SILVER,2022-06-05
2022-06-29,74601.0,74635.0,74141.0,74387.0,212736,57606,73766.0,791239.64,SILVERM,2022-06-05
2022-06-30,76017.0,76964.0,75074.0,76054.0,25980,59222,74413.0,592764.88,SILVER,2022-06-05
2022-06-30,76026.0,76973.0,75083.0,76063.0,77940,59222,74422.0,296417.51,SILVERM,2022-06-05
2022-07-01,77086.0,77220.0,77027.0,77079.0,30905,58115,76054.0,714637.95,SILVER,2022-08-05
2022-07-01,77060.0,77194.0,77001.0,77053.0,92715,58115,76028.0,357198.44,SILVERM,2022-08-05
2022-07-04,76719.0,77600.0,76151.0,76858.0,12972,50647,77079.0,299100.59,SILVER,2022-08-05
2022-07-04,76676.0,77557.0,76108.0,76815.0,38916,50647,77036.0,149466.63,SILVERM,2022-08-05
2022-07-05,76071.0,76529.0,75247.0,75893.0,35653,64607,76858.0,811743.94,SILVER,2022-08-05
2022-07-05,76147.0,76605.0,75323.0,75969.0,106959,64607,76934.0,406278.41,SILVERM,2022-08-05
2022-07-06,78328.0,78526.0,77715.0,78224.0,31329,67410,75893.0,735203.91,SILVER,2022-08-05
2022-07-06,78339.0,78537.0,77726.0,78235.0,93987,67410,75904.0,367653.65,SILVERM,2022-08-05
2022-07-07,78602.0,78602.0,78098.0,78298.0,24184,31996,78224.0,568067.65,SILVER,2022-08-05
2022-07-07,78547.0,78547.0,78043.0,78243.0,72552,31996,78169.0,283834.31,SILVERM,2022-08-05
2022-07-08,78193.0,79002.0,77914.0,78331.0,19799,64921,78298.0,465262.64,SILVER,2022-08-05
2022-07-08,78124.0,78933.0,77845.0,78262.0,59397,64921,78229.0,232426.4,SILVERM,2022-08-05
2022-07-11,78270.0,79020.0,77733.0,78329.0,20052,56022,78331.0,471195.93,SILVER,2022-08-05
2022-07-11,78227.0,78977.0,77690.0,78286.0,60156,56022,78288.0,235468.63,SILVERM,2022-08-05
2022-07-12,78567.0,79222.0,77875.0,78530.0,11044,50148,78329.0,260185.6,SILVER,2022-08-05
2022-07-12,78524.0,79179.0,77832.0,78487.0,33132,50148,78286.0,130021.56,SILVERM,2022-08-05
2022-07-13,78520.0,78686.0,77820.0,78418.0,24871,77764,78530.0,585100.22,SILVER,2022-08-05
2022-07-13,78527.0,78693.0,77827.0,78425.0,74613,77764,78537.0,292576.23,SILVERM,2022-08-05
2022-07-14,77882.0,78496.0,77574.0,77916.0,28767,18888,78418.0,672422.87,SILVER,2022-08-05
2022-07-14,77906.0,78520.0,77598.0,77940.0,86301,18888,78442.0,336315.0,SILVERM,2022-08-05
2022-07-15,77306.0,77780.0,77237.0,77441.0,25234,49159,77916.0,586243.86,SILVER,2022-08-05
2022-07-15,77330.0,77804.0,77261.0,77465.0,75702,49159,77940.0,293212.77,SILVERM,2022-08-05
2022-07-18,77568.0,77741.0,77089.0,77432.0,26381,52197,77441.0,612820.08,SILVER,2022-08-05
2022-07-18,77530.0,77703.0,77051.0,77394.0,79143,52197,77403.0,306259.67,SILVERM,2022-08-05
2022-07-19,77074.0,77342.0,76746.0,76963.0,22274,34474,77432.0,514282.16,SILVER,2022-08-05
2022-07-19,77120.0,77388.0,76792.0,77009.0,66822,34474,77478.0,257294.77,SILVERM,2022-08-05
2022-07-20,76206.0,76694.0,75424.0,76346.0,27304,27333,76963.0,625365.36,SILVER,2022-08-05
2022-07-20,76267.0,76755.0,75485.0,76407.0,81912,27333,77024.0,312932.51,SILVERM,2022-08-05
2022-07-21,76668.0,77119.0,75959.0,76461.0,22572,46355,76346.0,517763.31,SILVER,2022-08-05
2022-07-21,76655.0,77106.0,75946.0,76448.0,67716,46355,76333.0,258837.64,SILVERM,2022-08-05
2022-07-22,76432.0,76457.0,76104.0,76254.0,30965,76258,76461.0,708361.53,SILVER,2022-08-05
2022-07-22,76380.0,76405.0,76052.0,76202.0,92895,76258,76409.0,353939.24,SILVERM,2022-08-05
2022-07-25,77643.0,77977.0,76933.0,77622.0,23384,41145,76254.0,544533.85,SILVER,2022-08-05
2022-07-25,77648.0,77982.0,76938.0,77627.0,70152,41145,76259.0,272284.47,SILVERM,2022-08-05
2022-07-26,75292.0,75566.0,74852.0,75280.0,22855,59854,77622.0,516157.32,SILVER,2022-08-05
2022-07-26,75400.0,75674.0,74960.0,75388.0,68565,59854,77730.0,258448.91,SILVERM,2022-08-05
2022-07-27,76349.0,76524.0,75952.0,76264.0,22920,77664,75280.0,524391.26,SILVER,2022-08-05
2022-07-27,76296.0,76471.0,75899.0,76211.0,68760,77664,75227.0,262013.42,SILVERM,2022-08-05
2022-07-28,77267.0,77570.0,76967.0,77400.0,21702,45285,76264.0,503920.44,SILVER,2022-08-05
2022-07-28,77241.0,77544.0,76941.0,77374.0,65106,45285,76238.0,251875.58,SILVERM,2022-08-05
2022-07-29,75576.0,76244.0,74715.0,75572.0,6894,27533,77400.0,156298.01,SILVER,2022-08-05
2022-07-29,75579.0,76247.0,74718.0,75575.0,20682,27533,77403.0,78152.11,SILVERM,2022-08-05
2022-08-01,74966.0,76079.0,74606.0,75291.0,35985,42624,75572.0,812803.99,SILVER,2022-08-05
2022-08-01,74993.0,76106.0,74633.0,75318.0,107955,42624,75599.0,406547.73,SILVERM,2022-08-05
2022-08-02,75117.0,75117.0,74863.0,74985.0,33287,56996,75291.0,748807.71,SILVER,2022-08-05
2022-08-02,75018.0,75018.0,74764.0,74886.0,99861,56996,75192.0,373909.54,SILVERM,2022-08-05
2022-08-03,73554.0,74022.0,73290.0,73785.0,12991,56947,74985.0,287562.28,SILVER,2022-08-05
2022-08-03,73619.0,74087.0,73355.0,73850.0,38973,56947,75050.0,143907.8,SILVERM,2022-08-05
2022-08-04,73358.0,73358.0,72887.0,73138.0,20439,37956,73785.0,448460.27,SILVER,2022-08-05
2022-08-04,73423.0,73423.0,72952.0,73203.0,61317,37956,73850.0,224429.42,SILVERM,2022-08-05
2022-08-05,72170.0,72374.0,72146.0,72217.0,34084,61030,73138.0,738433.27,SILVER,2022-08-05
2022-08-05,72149.0,72353.0,72125.0,72196.0,102252,61030,73117.0,369109.27,SILVERM,2022-08-05
2022-08-08,73696.0,73941.0,73541.0,73727.0,32659,68597,72217.0,722355.03,SILVER,2022-08-05
2022-08-08,73831.0,74076.0,73676.0,73862.0,97977,68597,72352.0,361838.86,SILVERM,2022-08-05
2022-08-09,74462.0,75020.0,73772.0,74555.0,29976,52443,73727.0,670458.2,SILVER,2022-08-05
2022-08-09,74523.0,75081.0,73833.0,74616.0,89928,52443,73788.0,335503.38,SILVERM,2022-08-05
2022-08-10,75645.0,76330.0,75407.0,75688.0,22107,75464,74555.0,501970.38,SILVER,2022-08-05
2022-08-10,75704.0,76389.0,75466.0,75747.0,66321,75464,74614.0,251180.84,SILVERM,2022-08-05
2022-08-11,76564.0,76725.0,75713.0,76348.0,7329,13952,75688.0,167866.35,SILVER,2022-08-05
2022-08-11,76623.0,76784.0,75772.0,76407.0,21987,13952,75747.0,83998.04,SILVERM,2022-08-05
2022-08-12,74994.0,75631.0,74850.0,75369.0,7770,66880,76348.0,175685.14,SILVER,2022-08-05
2022-08-12,75052.0,75689.0,74908.0,75427.0,23310,66880,76406.0,87910.17,SILVERM,2022-08-05
2022-08-15,75121.0,75544.0,74468.0,74930.0,9846,62201,75369.0,221328.23,SILVER,2022-08-05
2022-08-15,75120.0,75543.0,74467.0,74929.0,29538,62201,75368.0,110662.64,SILVERM,2022-08-05
2022-08-16,75429.0,75681.0,75253.0,75378.0,21651,52460,74930.0,489602.72,SILVER,2022-08-05
2022-08-16,75423.0,75675.0,75247.0,75372.0,64953,52460,74924.0,244781.88,SILVERM,2022-08-05
2022-08-17,74153.0,74843.0,73700.0,74332.0,19633,32796,75378.0,437808.05,SILVER,2022-08-05
2022-08-17,74106.0,74796.0,73653.0,74285.0,58899,32796,75331.0,218765.61,SILVERM,2022-08-05
2022-08-18,74811.0,75660.0,74509.0,74972.0,18628,41746,74332.0,418973.52,SILVER,2022-08-05
2022-08-18,74782.0,75631.0,74480.0,74943.0,55884,41746,74303.0,209405.73,SILVERM,2022-08-05
2022-08-19,75033.0,75419.0,74223.0,74782.0,5569,10015,74972.0,124938.29,SILVER,2022-08-05
2022-08-19,75017.0,75403.0,74207.0,74766.0,16707,10015,74956.0,62455.78,SILVERM,2022-08-05
2022-08-22,74335.0,74898.0,73741.0,74476.0,17432,59757,74782.0,389479.69,SILVER,2022-08-05
2022-08-22,74338.0,74901.0,73744.0,74479.0,52296,59757,74785.0,194747.69,SILVERM,2022-08-05
2022-08-23,74942.0,75561.0,74471.0,75116.0,95095,35957,74476.0,2142946.81,SILVER,2022-08-05
2022-08-23,75022.0,75641.0,74551.0,75196.0,285285,35957,74556.0,1072614.54,SILVERM,2022-08-05
2022-08-24,75697.0,75801.0,74837.0,75525.0,31602,31292,75116.0,716022.32,SILVER,2022-08-05
2022-08-24,75592.0,75696.0,74732.0,75420.0,94806,31292,75011.0,357513.43,SILVERM,2022-08-05
2022-08-25,75279.0,75589.0,74608.0,75228.0,34825,41876,75525.0,785944.53,SILVER,2022-08-05
2022-08-25,75346.0,75656.0,74675.0,75295.0,104475,41876,75592.0,393322.26,SILVERM,2022-08-05
2022-08-26,76129.0,76737.0,75923.0,76272.0,29200,70727,75228.0,668142.72,SILVER,2022-08-05
2022-08-26,76078.0,76686.0,75872.0,76221.0,87600,70727,75177.0,333847.98,SILVERM,2022-08-05
2022-08-29,75369.0,75640.0,75011.0,75337.0,15642,57046,76272.0,353526.41,SILVER,2022-08-05
2022-08-29,75364.0,75635.0,75006.0,75332.0,46926,57046,76267.0,176751.47,SILVERM,2022-08-05
2022-08-30,75744.0,76443.0,75481.0,75899.0,33125,24817,75337.0,754246.31,SILVER,2022-08-05
2022-08-30,75708.0,76407.0,75445.0,75863.0,99375,24817,75301.0,376944.28,SILVERM,2022-08-05
2022-08-31,76614.0,76730.0,76251.0,76446.0,84392,19759,75899.0,1935429.25,SILVER,2022-08-05
2022-08-31,76707.0,76823.0,76344.0,76539.0,253176,19759,75992.0,968891.89,SILVERM,2022-08-05
2022-09-01,76352.0,76364.0,76034.0,76191.0,9858,58432,76446.0,225327.26,SILVER,2022-10-05
2022-09-01,76327.0,76339.0,76009.0,76166.0,29574,58432,76421.0,112626.66,SILVERM,2022-10-05
2022-09-02,76582.0,76713.0,75996.0,76501.0,18491,16412,76191.0,424374.0,SILVER,2022-10-05
2022-09-02,76608.0,76739.0,76022.0,76527.0,55473,16412,76217.0,212259.11,SILVERM,2022-10-05
2022-09-05,75468.0,75730.0,75212.0,75413.0,30294,67757,76501.0,685368.43,SILVER,2022-10-05
2022-09-05,75497.0,75759.0,75241.0,75442.0,90882,67757,76530.0,342815.99,SILVERM,2022-10-05
2022-09-06,76519.0,76614.0,75857.0,76250.0,11908,30504,75413.0,272395.5,SILVER,2022-10-05
2022-09-06,76461.0,76556.0,75799.0,76192.0,35724,30504,75355.0,136094.15,SILVERM,2022-10-05
2022-09-07,76106.0,76218.0,76010.0,76106.0,15844,18507,76250.0,361747.04,SILVER,2022-10-05
2022-09-07,76101.0,76213.0,76005.0,76101.0,47532,18507,76245.0,180861.64,SILVERM,2022-10-05
2022-09-08,75485.0,76231.0,75370.0,75664.0,7911,31050,76106.0,179573.37,SILVER,2022-10-05
2022-09-08,75545.0,76291.0,75430.0,75724.0,23733,31050,76166.0,89857.88,SILVERM,2022-10-05
2022-09-09,76684.0,77101.0,76172.0,76615.0,13991,14820,75664.0,321576.14,SILVER,2022-10-05
2022-09-09,76640.0,77057.0,76128.0,76571.0,41973,14820,75620.0,160695.73,SILVERM,2022-10-05
2022-09-12,76325.0,76326.0,75885.0,76008.0,16572,17835,76615.0,377881.37,SILVER,2022-10-05
2022-09-12,76366.0,76367.0,75926.0,76049.0,49716,17835,76656.0,189042.6,SILVERM,2022-10-05
2022-09-13,74639.0,75061.0,74322.0,74791.0,34693,23587,76008.0,778417.25,SILVER,2022-10-05
2022-09-13,74622.0,75044.0,74305.0,74774.0,104079,23587,75991.0,389120.16,SILVERM,2022-10-05
2022-09-14,73413.0,74176.0,72876.0,73466.0,22493,67732,74791.0,495741.22,SILVER,2022-10-05
2022-09-14,73471.0,74234.0,72934.0,73524.0,67479,67732,74849.0,248066.3,SILVERM,2022-10-05
2022-09-15,74068.0,74139.0,73917.0,74006.0,22634,61921,73466.0,502515.54,SILVER,2022-10-05
2022-09-15,74155.0,74226.0,74004.0,74093.0,67902,61921,73553.0,251553.14,SILVERM,2022-10-05
2022-09-16,72922.0,73110.0,72632.0,72930.0,29561,55499,74006.0,646765.12,SILVER,2022-10-05
2022-09-16,72822.0,73010.0,72532.0,72830.0,88683,55499,73906.0,322939.14,SILVERM,2022-10-05
2022-09-19,74310.0,74731.0,74134.0,74456.0,23033,16840,72930.0,514483.51,SILVER,2022-10-05
2022-09-19,74243.0,74664.0,74067.0,74389.0,69099,16840,72863.0,257010.28,SILVERM,2022-10-05
2022-09-20,72854.0,72854.0,72432.0,72691.0,12351,75077,74456.0,269341.96,SILVER,2022-10-05
2022-09-20,72832.0,72832.0,72410.0,72669.0,37053,75077,74434.0,134630.22,SILVERM,2022-10-05
2022-09-21,74507.0,74977.0,73888.0,74162.0,30921,41440,72691.0,687948.96,SILVER,2022-10-05
2022-09-21,74580.0,75050.0,73961.0,74235.0,92763,41440,72764.0,344313.07,SILVERM,2022-10-05
2022-09-22,74394.0,74539.0,74131.0,74365.0,24340,45183,74162.0,543013.23,SILVER,2022-10-05
2022-09-22,74421.0,74566.0,74158.0,74392.0,73020,45183,74189.0,271605.19,SILVERM,2022-10-05
2022-09-23,74167.0,74665.0,73952.0,74301.0,19901,12389,74365.0,443599.26,SILVER,2022-10-05
2022-09-23,74105.0,74603.0,73890.0,74239.0,59703,12389,74303.0,221614.55,SILVERM,2022-10-05
2022-09-26,73622.0,73912.0,73622.0,73850.0,15638,65076,74301.0,346459.89,SILVER,2022-10-05
2022-09-26,73656.0,73946.0,73656.0,73884.0,46914,65076,74335.0,173309.7,SILVERM,2022-10-05
2022-09-27,74253.0,74839.0,73523.0,74215.0,26378,76299,73850.0,587292.98,SILVER,2022-10-05
2022-09-27,74207.0,74793.0,73477.0,74169.0,79134,76299,73804.0,293464.48,SILVERM,2022-10-05
2022-09-28,74366.0,74366.0,74001.0,74202.0,27820,49023,74215.0,619289.89,SILVER,2022-10-05
2022-09-28,74410.0,74410.0,74045.0,74246.0,83460,49023,74259.0,309828.56,SILVERM,2022-10-05
2022-09-29,75254.0,75470.0,74865.0,75182.0,30060,60029,74202.0,677991.28,SILVER,2022-10-05
2022-09-29,75281.0,75497.0,74892.0,75209.0,90180,60029,74229.0,339117.38,SILVERM,2022-10-05
2022-09-30,75302.0,75745.0,74890.0,75302.0,37642,49941,75182.0,850355.37,SILVER,2022-10-05
2022-09-30,75256.0,75699.0,74844.0,75256.0,112926,49941,75136.0,424917.95,SILVERM,2022-10-05
2022-10-03,75365.0,76408.0,74816.0,75454.0,30378,63950,75302.0,687642.48,SILVER,2022-10-05
2022-10-03,75362.0,76405.0,74813.0,75451.0,91134,63950,75299.0,343807.57,SILVERM,2022-10-05
2022-10-04,74991.0,75248.0,74991.0,75155.0,13150,75363,75454.0,296486.47,SILVER,2022-10-05
2022-10-04,75052.0,75309.0,75052.0,75216.0,39450,75363,75515.0,148363.56,SILVERM,2022-10-05
2022-10-05,75251.0,75251.0,75027.0,75125.0,29059,71742,75155.0,654917.21,SILVER,2022-10-05
2022-10-05,75156.0,75156.0,74932.0,75030.0,87177,71742,75060.0,327044.52,SILVERM,2022-10-05
2022-10-06,75553.0,75963.0,74781.0,75415.0,39525,55215,75125.0,894233.36,SILVER,2022-10-05
2022-10-06,75568.0,75978.0,74796.0,75430.0,118575,55215,75140.0,447205.61,SILVERM,2022-10-05
2022-10-07,73718.0,74678.0,73420.0,73947.0,23193,57857,75415.0,514515.83,SILVER,2022-10-05
2022-10-07,73663.0,74623.0,73365.0,73892.0,69579,57857,75360.0,257066.57,SILVERM,2022-10-05
2022-10-10,73045.0,73699.0,72372.0,72814.0,32801,65476,73947.0,716511.6,SILVER,2022-10-05
2022-10-10,73044.0,73698.0,72371.0,72813.0,98403,65476,73946.0,358250.88,SILVERM,2022-10-05
2022-10-11,73551.0,73728.0,73234.0,73467.0,31246,38173,72814.0,688664.96,SILVER,2022-10-05
2022-10-11,73574.0,73751.0,73257.0,73490.0,93738,38173,72837.0,344440.28,SILVERM,2022-10-05
2022-10-12,73839.0,73967.0,73211.0,73633.0,17807,19395,73467.0,393354.85,SILVER,2022-10-05
2022-10-12,73940.0,74068.0,73312.0,73734.0,53421,19395,73568.0,196947.2,SILVERM,2022-10-05
2022-10-13,73298.0,73877.0,72913.0,73495.0,22535,69768,73633.0,496862.95,SILVER,2022-10-05
2022-10-13,73297.0,73876.0,72912.0,73494.0,67605,69768,73632.0,248428.09,SILVERM,2022-10-05
2022-10-14,73330.0,73655.0,73299.0,73531.0,10492,56229,73495.0,231446.18,SILVER,2022-10-05
2022-10-14,73403.0,73728.0,73372.0,73604.0,31476,56229,73568.0,115837.98,SILVERM,2022-10-05
2022-10-17,73827.0,74419.0,73163.0,73849.0,36357,36639,73531.0,805478.43,SILVER,2022-10-05
2022-10-17,73785.0,74377.0,73121.0,73807.0,109071,36639,73489.0,402510.16,SILVERM,2022-10-05
2022-10-18,73480.0,73932.0,73007.0,73406.0,11302,72583,73849.0,248890.38,SILVER,2022-10-05
2022-10-18,73455.0,73907.0,72982.0,73381.0,33906,72583,73824.0,124402.81,SILVERM,2022-10-05
2022-10-19,73024.0,73500.0,72108.0,72763.0,37314,38924,73406.0,814523.57,SILVER,2022-10-05
2022-10-19,73053.0,73529.0,72137.0,72792.0,111942,38924,73435.0,407424.1,SILVERM,2022-10-05
2022-10-20,73052.0,73666.0,72494.0,72949.0,9747,40104,72763.0,213310.17,SILVER,2022-10-05
2022-10-20,73062.0,73676.0,72504.0,72959.0,29241,40104,72773.0,106669.71,SILVERM,2022-10-05
2022-10-21,72106.0,72565.0,71844.0,72141.0,39215,47594,72949.0,848702.79,SILVER,2022-10-05
2022-10-21,72090.0,72549.0,71828.0,72125.0,117645,47594,72933.0,424257.28,SILVERM,2022-10-05
2022-10-24,72356.0,72757.0,72124.0,72505.0,59727,13664,72141.0,1299151.84,SILVER,2022-10-05
2022-10-24,72338.0,72739.0,72106.0,72487.0,179181,13664,72123.0,649414.66,SILVERM,2022-10-05
2022-10-25,71275.0,71655.0,70630.0,71100.0,87320,20528,72505.0,1862535.6,SILVER,2022-10-05
2022-10-25,71342.0,71722.0,70697.0,71167.0,261960,20528,72572.0,932145.37,SILVERM,2022-10-05
2022-10-26,71839.0,72050.0,71839.0,71977.0,31235,38190,71100.0,674460.48,SILVER,2022-10-05
2022-10-26,71825.0,72036.0,71825.0,71963.0,93705,38190,71086.0,337164.65,SILVERM,2022-10-05
2022-10-27,72630.0,72630.0,72182.0,72395.0,87192,76033,71977.0,1893679.45,SILVER,2022-10-05
2022-10-27,72579.0,72579.0,72131.0,72344.0,261576,76033,71926.0,946172.71,SILVERM,2022-10-05
2022-10-28,72589.0,72884.0,72319.0,72631.0,82452,71161,72395.0,1796571.36,SILVER,2022-10-05
2022-10-28,72546.0,72841.0,72276.0,72588.0,247356,71161,72352.0,897753.87,SILVERM,2022-10-05
2022-10-31,73721.0,73789.0,73357.0,73487.0,47565,42899,72631.0,1048622.75,SILVER,2022-10-05
2022-10-31,73754.0,73822.0,73390.0,73520.0,142695,42899,72664.0,524546.82,SILVERM,2022-10-05
2022-11-01,75049.0,75255.0,74645.0,74948.0,25422,27241,73487.0,571598.42,SILVER,2022-12-05
2022-11-01,75162.0,75368.0,74758.0,75061.0,76266,27241,73600.0,286230.11,SILVERM,2022-12-05
2022-11-02,75838.0,76195.0,75700.0,75859.0,14244,56211,74948.0,324160.68,SILVER,2022-12-05
2022-11-02,75812.0,76169.0,75674.0,75833.0,42732,56211,74922.0,162024.79,SILVERM,2022-12-05
2022-11-03,74192.0,74719.0,73828.0,74269.0,38481,73472,75859.0,857383.62,SILVER,2022-12-05
2022-11-03,74299.0,74826.0,73935.0,74376.0,115443,73472,75966.0,429309.43,SILVERM,2022-12-05
2022-11-04,73139.0,73732.0,72683.0,73189.0,28644,41346,74269.0,628927.71,SILVER,2022-12-05
2022-11-04,73138.0,73731.0,72682.0,73188.0,85932,41346,74268.0,314459.56,SILVERM,2022-12-05
2022-11-07,72740.0,72893.0,72391.0,72678.0,13521,52220,73189.0,294803.77,SILVER,2022-12-05
2022-11-07,72726.0,72879.0,72377.0,72664.0,40563,52220,73175.0,147373.49,SILVERM,2022-12-05
2022-11-08,72731.0,73089.0,72509.0,72720.0,6746,27942,72678.0,147170.74,SILVER,2022-12-05
2022-11-08,72685.0,73043.0,72463.0,72674.0,20238,27942,72632.0,73538.82,SILVERM,2022-12-05
2022-11-09,73093.0,73769.0,72768.0,73180.0,22591,59167,72720.0,495962.81,SILVER,2022-12-05
2022-11-09,73083.0,73759.0,72758.0,73170.0,67773,59167,72710.0,247947.52,SILVERM,2022-12-05
2022-11-10,72559.0,72926.0,71840.0,72583.0,31718,46373,73180.0,690656.28,SILVER,2022-12-05
2022-11-10,72521.0,72888.0,71802.0,72545.0,95154,46373,73142.0,345147.35,SILVERM,2022-12-05
2022-11-11,72772.0,73083.0,72606.0,72761.0,7696,77143,72583.0,167990.6,SILVER,2022-12-05
2022-11-11,72730.0,73041.0,72564.0,72719.0,23088,77143,72541.0,83946.81,SILVERM,2022-12-05
2022-11-14,71836.0,72382.0,71836.0,72143.0,17012,12016,72761.0,368189.01,SILVER,2022-12-05
2022-11-14,71753.0,72299.0,71753.0,72060.0,51036,12016,72678.0,183882.71,SILVERM,2022-12-05
2022-11-15,71716.0,72118.0,71383.0,71650.0,19688,79110,72143.0,423193.56,SILVER,2022-12-05
2022-11-15,71804.0,72206.0,71471.0,71738.0,59064,79110,72231.0,211856.66,SILVERM,2022-12-05
2022-11-16,70366.0,70647.0,70352.0,70504.0,28457,56309,71650.0,601899.7,SILVER,2022-12-05
2022-11-16,70419.0,70700.0,70405.0,70557.0,85371,56309,71703.0,301176.08,SILVERM,2022-12-05
2022-11-17,69608.0,69938.0,69543.0,69769.0,10036,17274,70504.0,210060.51,SILVER,2022-12-05
2022-11-17,69622.0,69952.0,69557.0,69783.0,30108,17274,70518.0,105051.33,SILVERM,2022-12-05
2022-11-18,68466.0,68879.0,68333.0,68698.0,34960,25748,69769.0,720504.62,SILVER,2022-12-05
2022-11-18,68459.0,68872.0,68326.0,68691.0,104880,25748,69762.0,360215.6,SILVERM,2022-12-05
2022-11-21,67696.0,68340.0,67181.0,67940.0,27159,30175,68698.0,553554.74,SILVER,2022-12-05
2022-11-21,67696.0,68340.0,67181.0,67940.0,81477,30175,68698.0,276777.37,SILVERM,2022-12-05
2022-11-22,68612.0,69026.0,68266.0,68799.0,12910,21826,67940.0,266458.53,SILVER,2022-12-05
2022-11-22,68573.0,68987.0,68227.0,68760.0,38730,21826,67901.0,133153.74,SILVERM,2022-12-05
2022-11-23,67964.0,68300.0,67629.0,68061.0,7693,44129,68799.0,157077.98,SILVER,2022-12-05
2022-11-23,67907.0,68243.0,67572.0,68004.0,23079,44129,68742.0,78473.22,SILVERM,2022-12-05
2022-11-24,70475.0,70500.0,69684.0,70201.0,20858,33490,68061.0,439275.74,SILVER,2022-12-05
2022-11-24,70511.0,70536.0,69720.0,70237.0,62574,33490,68097.0,219750.5,SILVERM,2022-12-05
2022-11-25,70551.0,70939.0,70453.0,70625.0,33810,51435,70201.0,716349.38,SILVER,2022-12-05
2022-11-25,70538.0,70926.0,70440.0,70612.0,101430,51435,70188.0,358108.76,SILVERM,2022-12-05
2022-11-28,70822.0,71377.0,70127.0,70797.0,25092,18520,70625.0,532931.5,SILVER,2022-12-05
2022-11-28,70838.0,71393.0,70143.0,70813.0,75276,18520,70641.0,266525.97,SILVERM,2022-12-05
2022-11-29,70168.0,70324.0,69809.0,70112.0,28243,71877,70797.0,594051.96,SILVER,2022-12-05
2022-11-29,70085.0,70241.0,69726.0,70029.0,84729,71877,70714.0,296674.36,SILVERM,2022-12-05
2022-11-30,70724.0,70956.0,70445.0,70706.0,35505,29798,70112.0,753124.96,SILVER,2022-12-05
2022-11-30,70708.0,70940.0,70429.0,70690.0,106515,29798,70096.0,376477.27,SILVERM,2022-12-05
2022-12-01,70242.0,70551.0,69947.0,70252.0,12692,64638,70706.0,267491.52,SILVER,2023-02-05
2022-12-01,70184.0,70493.0,69889.0,70194.0,38076,64638,70648.0,133635.34,SILVERM,2023-02-05
2022-12-02,70204.0,70434.0,70204.0,70372.0,33555,79072,70252.0,708399.74,SILVER,2023-02-05
2022-12-02,70228.0,70458.0,70228.0,70396.0,100665,79072,70276.0,354320.67,SILVERM,2023-02-05
2022-12-05,72734.0,72734.0,72139.0,72523.0,11398,77309,70372.0,247985.15,SILVER,2023-02-05
2022-12-05,72784.0,72784.0,72189.0,72573.0,34194,77309,70422.0,124078.06,SILVERM,2023-02-05
2022-12-06,72724.0,72875.0,71757.0,72462.0,12252,39894,72523.0,266341.33,SILVER,2023-02-05
2022-12-06,72797.0,72948.0,71830.0,72535.0,36756,39894,72596.0,133304.82,SILVERM,2023-02-05
2022-12-07,73212.0,74273.0,72933.0,73459.0,16721,72963,72462.0,368492.38,SILVER,2023-02-05
2022-12-07,73181.0,74242.0,72902.0,73428.0,50163,72963,72431.0,184168.44,SILVERM,2023-02-05
2022-12-08,72730.0,73636.0,72114.0,72879.0,22939,64567,73459.0,501531.41,SILVER,2023-02-05
2022-12-08,72674.0,73580.0,72058.0,72823.0,68817,64567,73403.0,250573.02,SILVERM,2023-02-05
2022-12-09,72828.0,73386.0,72411.0,72869.0,16825,45326,72879.0,367806.28,SILVER,2023-02-05
2022-12-09,72807.0,73365.0,72390.0,72848.0,50475,45326,72858.0,183850.14,SILVERM,2023-02-05
2022-12-12,74265.0,74881.0,74027.0,74409.0,30251,65059,72869.0,675284.0,SILVER,2023-02-05
2022-12-12,74230.0,74846.0,73992.0,74374.0,90753,65059,72834.0,337483.18,SILVERM,2023-02-05
2022-12-13,73962.0,74326.0,73448.0,73887.0,29151,15079,74409.0,646163.98,SILVER,2023-02-05
2022-12-13,73984.0,74348.0,73470.0,73909.0,87453,15079,74431.0,323178.19,SILVERM,2023-02-05
2022-12-14,75375.0,75808.0,75166.0,75485.0,5036,35838,73887.0,114042.74,SILVER,2023-02-05
2022-12-14,75305.0,75738.0,75096.0,75415.0,15108,35838,73817.0,56968.49,SILVERM,2023-02-05
2022-12-15,76460.0,76529.0,75695.0,76130.0,33412,57109,75485.0,763096.67,SILVER,2023-02-05
2022-12-15,76372.0,76441.0,75607.0,76042.0,100236,57109,75397.0,381107.3,SILVERM,2023-02-05
2022-12-16,75833.0,76239.0,75197.0,75653.0,23171,35594,76130.0,525886.7,SILVER,2023-02-05
2022-12-16,75816.0,76222.0,75180.0,75636.0,69513,35594,76113.0,262884.26,SILVERM,2023-02-05
2022-12-19,76265.0,76708.0,75498.0,76233.0,37761,52749,75653.0,863590.29,SILVER,2023-02-05
2022-12-19,76301.0,76744.0,75534.0,76269.0,113283,52749,75689.0,431999.06,SILVERM,2023-02-05
2022-12-20,77281.0,77310.0,76890.0,77122.0,20202,46292,76233.0,467405.59,SILVER,2023-02-05
2022-12-20,77230.0,77259.0,76839.0,77071.0,60606,46292,76182.0,233548.25,SILVERM,2023-02-05
2022-12-21,77876.0,78002.0,77245.0,77704.0,32650,61818,77122.0,761110.68,SILVER,2023-02-05
2022-12-21,77918.0,78044.0,77287.0,77746.0,97950,61818,77164.0,380761.04,SILVERM,2023-02-05
2022-12-22,76229.0,76879.0,75968.0,76315.0,32662,23429,77704.0,747780.16,SILVER,2023-02-05
2022-12-22,76247.0,76897.0,75986.0,76333.0,97986,23429,77722.0,373978.27,SILVERM,2023-02-05
2022-12-23,75568.0,76241.0,75053.0,75691.0,87182,67748,76315.0,1979667.83,SILVER,2023-02-05
2022-12-23,75645.0,76318.0,75130.0,75768.0,261546,67748,76392.0,990840.87,SILVERM,2023-02-05
2022-12-26,75505.0,75642.0,75441.0,75493.0,27330,58807,75691.0,618967.11,SILVER,2023-02-05
2022-12-26,75465.0,75602.0,75401.0,75453.0,81990,58807,75651.0,309319.57,SILVERM,2023-02-05
2022-12-27,75578.0,75598.0,75381.0,75448.0,78675,17140,75493.0,1780761.42,SILVER,2023-02-05
2022-12-27,75498.0,75518.0,75301.0,75368.0,236025,17140,75413.0,889436.61,SILVERM,2023-02-05
2022-12-28,76037.0,76199.0,75734.0,76016.0,33320,73226,75448.0,759855.94,SILVER,2023-02-05
2022-12-28,76067.0,76229.0,75764.0,76046.0,99960,73226,75478.0,380077.91,SILVERM,2023-02-05
2022-12-29,75954.0,76380.0,75954.0,76194.0,28332,24901,76016.0,647618.52,SILVER,2023-02-05
2022-12-29,75968.0,76394.0,75968.0,76208.0,84996,24901,76030.0,323868.76,SILVERM,2023-02-05
2022-12-30,74917.0,75383.0,74738.0,75038.0,40670,38525,76194.0,915538.64,SILVER,2023-02-05
2022-12-30,74927.0,75393.0,74748.0,75048.0,122010,38525,76204.0,457830.32,SILVERM,2023-02-05
2023-01-02,75380.0,75942.0,74860.0,75391.0,10067,30491,75038.0,227688.36,SILVER,2023-02-05
2023-01-02,75328.0,75890.0,74808.0,75339.0,30201,30491,74986.0,113765.66,SILVERM,2023-02-05
2023-01-03,75938.0,76415.0,75650.0,75950.0,22045,78816,75391.0,502295.32,SILVER,2023-02-05
2023-01-03,75977.0,76454.0,75689.0,75989.0,66135,78816,75430.0,251276.63,SILVERM,2023-02-05
2023-01-04,76769.0,77292.0,75788.0,76467.0,27770,44980,75950.0,637046.58,SILVER,2023-02-05
2023-01-04,76737.0,77260.0,75756.0,76435.0,83310,44980,75918.0,318389.99,SILVERM,2023-02-05
2023-01-05,77242.0,77796.0,77181.0,77457.0,12887,18078,76467.0,299456.51,SILVER,2023-02-05
2023-01-05,77252.0,77806.0,77191.0,77467.0,38661,18078,76477.0,149747.58,SILVERM,2023-02-05
2023-01-06,78313.0,78853.0,77614.0,78234.0,38182,58704,77457.0,896139.18,SILVER,2023-02-05
2023-01-06,78290.0,78830.0,77591.0,78211.0,114546,58704,77434.0,447937.86,SILVERM,2023-02-05
2023-01-09,78909.0,78984.0,78285.0,78675.0,37370,26997,78234.0,882025.42,SILVER,2023-02-05
2023-01-09,78927.0,79002.0,78303.0,78693.0,112110,26997,78252.0,441113.61,SILVERM,2023-02-05
2023-01-10,78988.0,78988.0,78379.0,78631.0,29918,10868,78675.0,705744.68,SILVER,2023-02-05
2023-01-10,78928.0,78928.0,78319.0,78571.0,89754,10868,78615.0,352603.08,SILVERM,2023-02-05
2023-01-11,77082.0,78023.0,76265.0,77144.0,33026,36398,78631.0,764327.32,SILVER,2023-02-05
2023-01-11,77107.0,78048.0,76290.0,77169.0,99078,36398,78656.0,382287.51,SILVERM,2023-02-05
2023-01-12,77628.0,77891.0,76979.0,77552.0,16929,31246,77144.0,393863.34,SILVER,2023-02-05
2023-01-12,77661.0,77924.0,77012.0,77585.0,50787,31246,77177.0,197015.47,SILVERM,2023-02-05
2023-01-13,77849.0,78376.0,77209.0,77760.0,39937,30561,77552.0,931650.34,SILVER,2023-02-05
2023-01-13,77855.0,78382.0,77215.0,77766.0,119811,30561,77558.0,465861.11,SILVERM,2023-02-05
2023-01-16,78058.0,78202.0,77803.0,78027.0,18563,26254,77760.0,434524.56,SILVER,2023-02-05
2023-01-16,78140.0,78284.0,77885.0,78109.0,55689,26254,77842.0,217490.61,SILVERM,2023-02-05
2023-01-17,76880.0,76989.0,76765.0,76895.0,33546,44512,78027.0,773855.9,SILVER,2023-02-05
2023-01-17,76890.0,76999.0,76775.0,76905.0,100638,44512,78037.0,386978.27,SILVERM,2023-02-05
2023-01-18,76019.0,76396.0,75618.0,75953.0,17888,67865,76895.0,407594.18,SILVER,2023-02-05
2023-01-18,76065.0,76442.0,75664.0,75999.0,53664,67865,76941.0,203920.52,SILVERM,2023-02-05
2023-01-19,76522.0,77521.0,76385.0,76911.0,39283,33580,75953.0,906388.44,SILVER,2023-02-05
2023-01-19,76527.0,77526.0,76390.0,76916.0,117849,33580,75958.0,453223.68,SILVERM,2023-02-05
2023-01-20,77001.0,77219.0,76787.0,76896.0,21958,52485,76911.0,506544.71,SILVER,2023-02-05
2023-01-20,77042.0,77260.0,76828.0,76937.0,65874,52485,76952.0,253407.4,SILVERM,2023-02-05
2023-01-23,77550.0,77866.0,77303.0,77530.0,17634,60621,76896.0,410149.21,SILVER,2023-02-05
2023-01-23,77473.0,77789.0,77226.0,77453.0,52902,60621,76819.0,204870.93,SILVERM,2023-02-05
2023-01-24,77542.0,77986.0,77180.0,77576.0,24251,60665,77530.0,564388.67,SILVER,2023-02-05
2023-01-24,77544.0,77988.0,77182.0,77578.0,72753,60665,77532.0,282201.61,SILVERM,2023-02-05
2023-01-25,77942.0,77942.0,77516.0,77624.0,24928,60603,77576.0,580503.32,SILVER,2023-02-05
2023-01-25,77886.0,77886.0,77460.0,77568.0,74784,60603,77520.0,290042.27,SILVERM,2023-02-05
2023-01-26,78392.0,79432.0,77863.0,78498.0,21455,31038,77624.0,505252.38,SILVER,2023-02-05
2023-01-26,78399.0,79439.0,77870.0,78505.0,64365,31038,77631.0,252648.72,SILVERM,2023-02-05
2023-01-27,77985.0,78212.0,77841.0,78048.0,32144,24325,78498.0,752632.47,SILVER,2023-02-05
2023-01-27,78004.0,78231.0,77860.0,78067.0,96432,24325,78517.0,376407.85,SILVERM,2023-02-05
2023-01-30,78467.0,78467.0,77549.0,78156.0,33013,45892,78048.0,774049.21,SILVER,2023-02-05
2023-01-30,78507.0,78507.0,77589.0,78196.0,99039,45892,78088.0,387222.68,SILVERM,2023-02-05
2023-01-31,77627.0,78010.0,77574.0,77757.0,26876,11753,78156.0,626939.14,SILVER,2023-02-05
2023-01-31,77651.0,78034.0,77598.0,77781.0,80628,11753,78180.0,313566.32,SILVERM,2023-02-05
2023-02-01,77299.0,78141.0,76859.0,77385.0,31962,27996,77757.0,742013.81,SILVER,2023-02-05
2023-02-01,77282.0,78124.0,76842.0,77368.0,95886,27996,77740.0,370925.4,SILVERM,2023-02-05
2023-02-02,77104.0,77461.0,76935.0,77127.0,33084,78811,77385.0,765500.9,SILVER,2023-02-05
2023-02-02,77066.0,77423.0,76897.0,77089.0,99252,78811,77347.0,382561.87,SILVERM,2023-02-05
2023-02-03,77477.0,77805.0,76948.0,77347.0,26143,55211,77127.0,606624.79,SILVER,2023-02-05
2023-02-03,77360.0,77688.0,76831.0,77230.0,78429,55211,77010.0,302853.58,SILVERM,2023-02-05
2023-02-06,76969.0,77239.0,76469.0,76937.0,31091,72820,77347.0,717614.48,SILVER,2023-02-05
2023-02-06,76972.0,77242.0,76472.0,76940.0,93273,72820,77350.0,358821.23,SILVERM,2023-02-05
2023-02-07,77890.0,78343.0,77877.0,78092.0,19179,10824,76937.0,449317.94,SILVER,2023-02-05
2023-02-07,77947.0,78400.0,77934.0,78149.0,57537,10824,76994.0,224822.95,SILVERM,2023-02-05
2023-02-08,77221.0,77574.0,76611.0,77303.0,37807,23880,78092.0,876778.36,SILVER,2023-02-05
2023-02-08,77226.0,77579.0,76616.0,77308.0,113421,23880,78097.0,438417.53,SILVERM,2023-02-05
2023-02-09,77061.0,77413.0,76910.0,77155.0,15222,76617,77303.0,352336.02,SILVER,2023-02-05
2023-02-09,77057.0,77409.0,76906.0,77151.0,45666,76617,77299.0,176158.88,SILVERM,2023-02-05
2023-02-10,76769.0,77183.0,76327.0,76781.0,28949,21517,77155.0,666819.95,SILVER,2023-02-05
2023-02-10,76776.0,77190.0,76334.0,76788.0,86847,21517,77162.0,333440.37,SILVERM,2023-02-05
2023-02-13,78174.0,78234.0,77918.0,78108.0,21116,31683,76781.0,494798.56,SILVER,2023-02-05
2023-02-13,78155.0,78215.0,77899.0,78089.0,63348,31683,76762.0,247339.1,SILVERM,2023-02-05
2023-02-14,78373.0,78462.0,78195.0,78308.0,22667,26876,78108.0,532502.23,SILVER,2023-02-05
2023-02-14,78383.0,78472.0,78205.0,78318.0,68001,26876,78118.0,266285.12,SILVERM,2023-02-05
2023-02-15,78994.0,79542.0,78844.0,79276.0,13775,66354,78308.0,327608.07,SILVER,2023-02-05
2023-02-15,78974.0,79522.0,78824.0,79256.0,41325,66354,78288.0,163762.71,SILVERM,2023-02-05
2023-02-16,78102.0,78977.0,77505.0,77936.0,34655,19982,79276.0,810261.62,SILVER,2023-02-05
2023-02-16,78057.0,78932.0,77460.0,77891.0,103965,19982,79231.0,404896.89,SILVERM,2023-02-05
2023-02-17,78239.0,78708.0,77539.0,78199.0,19193,36598,77936.0,450262.02,SILVER,2023-02-05
2023-02-17,78235.0,78704.0,77535.0,78195.0,57579,36598,77932.0,225119.5,SILVERM,2023-02-05
2023-02-20,79254.0,79484.0,78576.0,79035.0,19676,24639,78199.0,466527.8,SILVER,2023-02-05
2023-02-20,79249.0,79479.0,78571.0,79030.0,59028,24639,78194.0,233249.14,SILVERM,2023-02-05
2023-02-21,79202.0,79338.0,78848.0,79132.0,89440,79852,79035.0,2123269.82,SILVER,2023-02-05
2023-02-21,79296.0,79432.0,78942.0,79226.0,268320,79852,79129.0,1062896.02,SILVERM,2023-02-05
2023-02-22,80318.0,80344.0,79908.0,80142.0,55497,19695,79132.0,1334292.17,SILVER,2023-02-05
2023-02-22,80278.0,80304.0,79868.0,80102.0,166491,19695,79092.0,666813.1,SILVERM,2023-02-05
2023-02-23,79755.0,80441.0,79386.0,79681.0,50165,58582,80142.0,1199159.21,SILVER,2023-02-05
2023-02-23,79747.0,80433.0,79378.0,79673.0,150495,58582,80134.0,599519.41,SILVERM,2023-02-05
2023-02-24,81240.0,81240.0,80770.0,81022.0,59737,41094,79681.0,1452003.36,SILVER,2023-02-05
2023-02-24,81227.0,81227.0,80757.0,81009.0,179211,41094,79668.0,725885.19,SILVERM,2023-02-05
2023-02-27,83330.0,84149.0,82432.0,83243.0,13115,70635,81022.0,327519.58,SILVER,2023-02-05
2023-02-27,83308.0,84127.0,82410.0,83221.0,39345,70635,81000.0,163716.51,SILVERM,2023-02-05
2023-02-28,82897.0,83814.0,82563.0,82913.0,65522,32187,83243.0,1629787.68,SILVER,2023-02-05
2023-02-28,82923.0,83840.0,82589.0,82939.0,196566,32187,83269.0,815149.37,SILVERM,2023-02-05
2023-03-01,82880.0,82907.0,82012.0,82505.0,21800,11214,82913.0,539582.7,SILVER,2023-04-05
2023-03-01,82992.0,83019.0,82124.0,82617.0,65400,11214,83025.0,270157.59,SILVERM,2023-04-05
2023-03-02,84085.0,84334.0,83351.0,83936.0,28086,33940,82505.0,707227.95,SILVER,2023-04-05
2023-03-02,84069.0,84318.0,83335.0,83920.0,84258,33940,82489.0,353546.57,SILVERM,2023-04-05
2023-03-03,85616.0,86045.0,84906.0,85518.0,25101,54406,83936.0,643976.2,SILVER,2023-04-05
2023-03-03,85642.0,86071.0,84932.0,85544.0,75303,54406,83962.0,322085.99,SILVERM,2023-04-05
2023-03-06,84803.0,85907.0,84719.0,85020.0,21491,53481,85518.0,548149.45,SILVER,2023-04-05
2023-03-06,84707.0,85811.0,84623.0,84924.0,64473,53481,85422.0,273765.25,SILVERM,2023-04-05
2023-03-07,84408.0,85451.0,84217.0,84626.0,32207,25977,85020.0,817664.87,SILVER,2023-04-05
2023-03-07,84388.0,85431.0,84197.0,84606.0,96621,25977,85000.0,408735.82,SILVERM,2023-04-05
2023-03-08,84419.0,84732.0,83857.0,84370.0,25897,54839,84626.0,655478.97,SILVER,2023-04-05
2023-03-08,84497.0,84810.0,83935.0,84448.0,77691,54839,84704.0,328042.48,SILVERM,2023-04-05
2023-03-09,83104.0,83486.0,82934.0,83079.0,34492,67874,84370.0,859668.26,SILVER,2023-04-05
2023-03-09,83101.0,83483.0,82931.0,83076.0,103476,67874,84367.0,429818.61,SILVERM,2023-04-05
2023-03-10,82115.0,82489.0,81911.0,82216.0,6421,68414,83079.0,158372.68,SILVER,2023-04-05
2023-03-10,82140.0,82514.0,81936.0,82241.0,19263,68414,83104.0,79210.42,SILVERM,2023-04-05
2023-03-13,81303.0,82416.0,80160.0,81280.0,37015,35538,82216.0,902573.76,SILVER,2023-04-05
2023-03-13,81272.0,82385.0,80129.0,81249.0,111045,35538,82185.0,451114.76,SILVERM,2023-04-05
2023-03-14,80833.0,80833.0,80399.0,80577.0,17970,66241,81280.0,434390.61,SILVER,2023-04-05
2023-03-14,80846.0,80846.0,80412.0,80590.0,53910,66241,81293.0,217230.34,SILVERM,2023-04-05
2023-03-15,80678.0,80678.0,80483.0,80566.0,12283,70481,80577.0,296877.65,SILVER,2023-04-05
2023-03-15,80760.0,80760.0,80565.0,80648.0,36849,70481,80659.0,148589.91,SILVERM,2023-04-05
2023-03-16,80623.0,81164.0,80565.0,80807.0,33488,37740,80566.0,811819.44,SILVER,2023-04-05
2023-03-16,80565.0,81106.0,80507.0,80749.0,100464,37740,80508.0,405618.38,SILVERM,2023-04-05
2023-03-17,82284.0,82552.0,82086.0,82302.0,20945,73328,80807.0,517144.62,SILVER,2023-04-05
2023-03-17,82393.0,82661.0,82195.0,82411.0,62835,73328,80916.0,258914.76,SILVERM,2023-04-05
2023-03-20,81240.0,81718.0,81038.0,81371.0,5255,60643,82302.0,128281.38,SILVER,2023-04-05
2023-03-20,81163.0,81641.0,80961.0,81294.0,15765,60643,82225.0,64080.0,SILVERM,2023-04-05
2023-03-21,82268.0,82975.0,81654.0,82331.0,16019,21881,81371.0,395658.09,SILVER,2023-04-05
2023-03-21,82244.0,82951.0,81630.0,82307.0,48057,21881,81347.0,197771.37,SILVERM,2023-04-05
2023-03-22,82080.0,82477.0,81802.0,82148.0,20487,46996,82331.0,504889.82,SILVER,2023-04-05
2023-03-22,82038.0,82435.0,81760.0,82106.0,61461,46996,82289.0,252315.84,SILVERM,2023-04-05
2023-03-23,82043.0,82536.0,81200.0,82122.0,24346,42177,82148.0,599802.66,SILVER,2023-04-05
2023-03-23,82029.0,82522.0,81186.0,82108.0,73038,42177,82134.0,299850.21,SILVERM,2023-04-05
2023-03-24,82584.0,82881.0,82584.0,82791.0,13744,47177,82122.0,341363.85,SILVER,2023-04-05
2023-03-24,82542.0,82839.0,82542.0,82749.0,41232,47177,82080.0,170595.34,SILVERM,2023-04-05
2023-03-27,81715.0,82114.0,81512.0,81736.0,29756,76126,82791.0,729640.92,SILVER,2023-04-05
2023-03-27,81669.0,82068.0,81466.0,81690.0,89268,76126,82745.0,364615.15,SILVERM,2023-04-05
2023-03-28,82031.0,82584.0,81852.0,82123.0,22861,66531,81736.0,563224.17,SILVER,2023-04-05
2023-03-28,81972.0,82525.0,81793.0,82064.0,68583,66531,81677.0,281409.77,SILVERM,2023-04-05
2023-03-29,81821.0,82401.0,81821.0,82304.0,30146,36119,82123.0,744340.92,SILVER,2023-04-05
2023-03-29,81853.0,82433.0,81853.0,82336.0,90438,36119,82155.0,372315.16,SILVERM,2023-04-05
2023-03-30,83139.0,83139.0,82233.0,82799.0,26976,37915,82304.0,670075.75,SILVER,2023-04-05
2023-03-30,83127.0,83127.0,82221.0,82787.0,80928,37915,82292.0,334989.32,SILVERM,2023-04-05
2023-03-31,83281.0,84305.0,82049.0,83100.0,5591,12708,82799.0,139383.63,SILVER,2023-04-05
2023-03-31,83256.0,84280.0,82024.0,83075.0,16773,12708,82774.0,69670.85,SILVERM,2023-04-05
2023-04-03,85469.0,86139.0,85295.0,85534.0,11277,48749,83100.0,289370.08,SILVER,2023-04-05
2023-04-03,85483.0,86153.0,85309.0,85548.0,33831,48749,83114.0,144708.72,SILVERM,2023-04-05
2023-04-04,84925.0,85299.0,84327.0,84922.0,7260,54989,85534.0,184960.12,SILVER,2023-04-05
2023-04-04,84850.0,85224.0,84252.0,84847.0,21780,54989,85459.0,92398.38,SILVERM,2023-04-05
2023-04-05,84222.0,84507.0,84222.0,84420.0,5347,32106,84922.0,135418.12,SILVER,2023-04-05
2023-04-05,84237.0,84522.0,84237.0,84435.0,16041,32106,84937.0,67721.09,SILVERM,2023-04-05
2023-04-06,84115.0,84115.0,83397.0,83830.0,29741,27131,84420.0,747956.41,SILVER,2023-04-05
2023-04-06,84110.0,84110.0,83392.0,83825.0,89223,27131,84415.0,373955.9,SILVERM,2023-04-05
2023-04-07,83627.0,83627.0,83102.0,83311.0,11869,56553,83830.0,296645.48,SILVER,2023-04-05
2023-04-07,83624.0,83624.0,83099.0,83308.0,35607,56553,83827.0,148317.4,SILVERM,2023-04-05
2023-04-10,82742.0,83109.0,82341.0,82716.0,33082,68144,83311.0,820923.21,SILVER,2023-04-05
2023-04-10,82768.0,83135.0,82367.0,82742.0,99246,68144,83337.0,410590.63,SILVERM,2023-04-05
2023-04-11,84063.0,84938.0,82883.0,83892.0,27080,16553,82716.0,681538.61,SILVER,2023-04-05
2023-04-11,84145.0,85020.0,82965.0,83974.0,81240,16553,82798.0,341102.39,SILVERM,2023-04-05
2023-04-12,85344.0,85879.0,84801.0,85314.0,33979,27881,83892.0,869665.32,SILVER,2023-04-05
2023-04-12,85360.0,85895.0,84817.0,85330.0,101937,27881,83908.0,434914.21,SILVERM,2023-04-05
2023-04-13,84543.0,85038.0,84543.0,84770.0,24422,11379,85314.0,621075.88,SILVER,2023-04-05
2023-04-13,84533.0,85028.0,84533.0,84760.0,73266,11379,85304.0,310501.31,SILVERM,2023-04-05
2023-04-14,83904.0,84435.0,83709.0,83973.0,27993,79306,84770.0,705196.86,SILVER,2023-04-05
2023-04-14,83845.0,84376.0,83650.0,83914.0,83979,79306,84711.0,352350.69,SILVERM,2023-04-05
2023-04-17,84480.0,85129.0,84040.0,84457.0,17386,29726,83973.0,440510.82,SILVER,2023-04-05
2023-04-17,84360.0,85009.0,83920.0,84337.0,52158,29726,83853.0,219942.46,SILVERM,2023-04-05
2023-04-18,83861.0,84793.0,83381.0,83937.0,39033,19088,84457.0,982893.88,SILVER,2023-04-05
2023-04-18,83867.0,84799.0,83387.0,83943.0,117099,19088,84463.0,491482.07,SILVERM,2023-04-05
2023-04-19,84543.0,85091.0,83415.0,84580.0,17938,44314,83937.0,455158.81,SILVER,2023-04-05
2023-04-19,84480.0,85028.0,83352.0,84517.0,53814,44314,83874.0,227409.89,SILVERM,2023-04-05
2023-04-20,84787.0,84987.0,84636.0,84802.0,16159,65041,84580.0,411094.66,SILVER,2023-04-05
2023-04-20,84660.0,84860.0,84509.0,84675.0,48477,65041,84453.0,205239.5,SILVERM,2023-04-05
2023-04-21,83325.0,83635.0,83092.0,83339.0,18185,26350,84802.0,454655.91,SILVER,2023-04-05
2023-04-21,83307.0,83617.0,83074.0,83321.0,54555,26350,84784.0,227278.86,SILVERM,2023-04-05
2023-04-24,84886.0,84965.0,84683.0,84877.0,59635,27769,83339.0,1518491.97,SILVER,2023-04-05
2023-04-24,84898.0,84977.0,84695.0,84889.0,178905,27769,83351.0,759353.33,SILVERM,2023-04-05
2023-04-25,86511.0,87033.0,86441.0,86695.0,92037,57249,84877.0,2393744.31,SILVER,2023-04-05
2023-04-25,86548.0,87070.0,86478.0,86732.0,276111,57249,84914.0,1197382.96,SILVERM,2023-04-05
2023-04-26,85976.0,86672.0,85555.0,86099.0,38705,56365,86695.0,999738.54,SILVER,2023-04-05
2023-04-26,86029.0,86725.0,85608.0,86152.0,116115,56365,86748.0,500176.97,SILVERM,2023-04-05
2023-04-27,85513.0,86755.0,84896.0,85733.0,59902,60185,86099.0,1540673.45,SILVER,2023-04-05
2023-04-27,85557.0,86799.0,84940.0,85777.0,179706,60185,86143.0,770732.08,SILVERM,2023-04-05
2023-04-28,86209.0,86460.0,85441.0,86041.0,62610,12786,85733.0,1616108.1,SILVER,2023-04-05
2023-04-28,86254.0,86505.0,85486.0,86086.0,187830,12786,85778.0,808476.67,SILVERM,2023-04-05
2023-05-01,86035.0,86905.0,85970.0,86399.0,38836,11620,86041.0,1006617.47,SILVER,2023-06-05
2023-05-01,85962.0,86832.0,85897.0,86326.0,116508,11620,85968.0,502883.48,SILVERM,2023-06-05
2023-05-02,87288.0,87538.0,86511.0,87087.0,26975,46303,86399.0,704751.55,SILVER,2023-06-05
2023-05-02,87281.0,87531.0,86504.0,87080.0,80925,46303,86392.0,352347.45,SILVERM,2023-06-05
2023-05-03,89421.0,89530.0,89012.0,89174.0,19706,29589,87087.0,527178.85,SILVER,2023-06-05
2023-05-03,89450.0,89559.0,89041.0,89203.0,59118,29589,87116.0,263675.15,SILVERM,2023-06-05
2023-05-04,88958.0,90056.0,87611.0,89012.0,10974,12882,89174.0,293045.31,SILVER,2023-06-05
2023-05-04,88960.0,90058.0,87613.0,89014.0,32922,12882,89176.0,146525.95,SILVERM,2023-06-05
2023-05-05,87751.0,88372.0,87751.0,88210.0,15928,72248,89012.0,421502.66,SILVER,2023-06-05
2023-05-05,87743.0,88364.0,87743.0,88202.0,47784,72248,89004.0,210732.22,SILVERM,2023-06-05
2023-05-08,86763.0,87271.0,86186.0,86825.0,26213,59322,88210.0,682783.12,SILVER,2023-06-05
2023-05-08,86764.0,87272.0,86187.0,86826.0,78639,59322,88211.0,341395.49,SILVERM,2023-06-05
2023-05-09,86100.0,87113.0,85438.0,86111.0,6950,34524,86825.0,179541.44,SILVER,2023-06-05
2023-05-09,86112.0,87125.0,85450.0,86123.0,20850,34524,86837.0,89783.23,SILVERM,2023-06-05
2023-05-10,85925.0,86612.0,85440.0,86099.0,24477,19745,86111.0,632233.57,SILVER,2023-06-05
2023-05-10,85921.0,86608.0,85436.0,86095.0,73431,19745,86107.0,316102.1,SILVERM,2023-06-05
2023-05-11,87851.0,88318.0,87429.0,87941.0,15411,25861,86099.0,406577.63,SILVER,2023-06-05
2023-05-11,87809.0,88276.0,87387.0,87899.0,46233,25861,86057.0,203191.72,SILVERM,2023-06-05
2023-05-12,87702.0,87702.0,86959.0,87435.0,26695,64261,87941.0,700223.2,SILVER,2023-06-05
2023-05-12,87617.0,87617.0,86874.0,87350.0,80085,64261,87856.0,349771.24,SILVERM,2023-06-05
2023-05-15,87802.0,87918.0,87396.0,87685.0,22771,12837,87435.0,599002.54,SILVER,2023-06-05
2023-05-15,87792.0,87908.0,87386.0,87675.0,68313,12837,87425.0,299467.11,SILVERM,2023-06-05
2023-05-16,87528.0,88059.0,86969.0,87690.0,9274,64380,87685.0,243971.12,SILVER,2023-06-05
2023-05-16,87531.0,88062.0,86972.0,87693.0,27822,64380,87688.0,121989.73,SILVERM,2023-06-05
2023-05-17,88652.0,89098.0,88652.0,88936.0,12045,59831,87690.0,321370.24,SILVER,2023-06-05
2023-05-17,88654.0,89100.0,88654.0,88938.0,36135,59831,87692.0,160688.73,SILVERM,2023-06-05
2023-05-18,91557.0,92220.0,90530.0,91617.0,34714,48255,88936.0,954117.76,SILVER,2023-06-05
2023-05-18,91605.0,92268.0,90578.0,91665.0,104142,48255,88984.0,477308.82,SILVERM,2023-06-05
2023-05-19,91035.0,91168.0,90996.0,91074.0,39386,39520,91617.0,1076112.17,SILVER,2023-06-05
2023-05-19,91092.0,91225.0,91053.0,91131.0,118158,39520,91674.0,538392.83,SILVERM,2023-06-05
2023-05-22,90669.0,91091.0,89967.0,90579.0,13562,39541,91074.0,368529.72,SILVER,2023-06-05
2023-05-22,90664.0,91086.0,89962.0,90574.0,40686,39541,91069.0,184254.69,SILVERM,2023-06-05
2023-05-23,91612.0,92012.0,91178.0,91710.0,32759,75772,90579.0,901298.37,SILVER,2023-06-05
2023-05-23,91607.0,92007.0,91173.0,91705.0,98277,75772,90574.0,450624.61,SILVERM,2023-06-05
2023-05-24,92560.0,93091.0,91997.0,92465.0,17026,37350,91710.0,472292.73,SILVER,2023-06-05
2023-05-24,92589.0,93120.0,92026.0,92494.0,51078,37350,91739.0,236220.43,SILVERM,2023-06-05
2023-05-25,94866.0,94866.0,94334.0,94500.0,36589,54397,92465.0,1037298.15,SILVER,2023-06-05
2023-05-25,94887.0,94887.0,94355.0,94521.0,109767,54397,92486.0,518764.33,SILVERM,2023-06-05
2023-05-26,95324.0,96079.0,94547.0,95168.0,36738,73865,94500.0,1048884.6,SILVER,2023-06-05
2023-05-26,95302.0,96057.0,94525.0,95146.0,110214,73865,94478.0,524321.06,SILVERM,2023-06-05
2023-05-29,94785.0,96161.0,93843.0,94794.0,31844,65956,95168.0,905586.04,SILVER,2023-06-05
2023-05-29,94818.0,96194.0,93876.0,94827.0,95532,65956,95201.0,452950.65,SILVERM,2023-06-05
2023-05-30,95437.0,95692.0,95345.0,95472.0,28447,37453,94794.0,814767.6,SILVER,2023-06-05
2023-05-30,95430.0,95685.0,95338.0,95465.0,85341,37453,94787.0,407353.93,SILVERM,2023-06-05
2023-05-31,96668.0,97232.0,96138.0,96737.0,29879,72345,95472.0,867121.45,SILVER,2023-06-05
2023-05-31,96662.0,97226.0,96132.0,96731.0,89637,72345,95466.0,433533.83,SILVERM,2023-06-05
2023-06-01,97921.0,98126.0,97266.0,97690.0,16966,22906,96737.0,497222.56,SILVER,2023-06-05
2023-06-01,97943.0,98148.0,97288.0,97712.0,50898,22906,96759.0,248667.27,SILVERM,2023-06-05
2023-06-02,98169.0,98675.0,97732.0,98293.0,22732,24988,97690.0,670318.94,SILVER,2023-06-05
2023-06-02,98154.0,98660.0,97717.0,98278.0,68196,24988,97675.0,335108.32,SILVERM,2023-06-05
2023-06-05,99555.0,99792.0,98951.0,99546.0,10289,37723,98293.0,307268.64,SILVER,2023-06-05
2023-06-05,99560.0,99797.0,98956.0,99551.0,30867,37723,98298.0,153642.04,SILVERM,2023-06-05
2023-06-06,100946.0,101108.0,100503.0,100936.0,25012,43800,99546.0,757383.37,SILVER,2023-06-05
2023-06-06,100961.0,101123.0,100518.0,100951.0,75036,43800,99561.0,378747.96,SILVERM,2023-06-05
2023-06-07,102496.0,103325.0,101785.0,102599.0,23812,49107,100936.0,732926.22,SILVER,2023-06-05
2023-06-07,102537.0,103366.0,101826.0,102640.0,71436,49107,100977.0,366609.55,SILVERM,2023-06-05
2023-06-08,103118.0,104376.0,102873.0,103402.0,28092,37430,102599.0,871430.7,SILVER,2023-06-05
2023-06-08,103155.0,104413.0,102910.0,103439.0,84276,37430,102636.0,435871.26,SILVERM,2023-06-05
2023-06-09,103292.0,103720.0,102552.0,103225.0,30105,42535,103402.0,932276.59,SILVER,2023-06-05
2023-06-09,103305.0,103733.0,102565.0,103238.0,90315,42535,103415.0,466197.0,SILVERM,2023-06-05
2023-06-12,103414.0,103770.0,102728.0,103426.0,19294,78476,103225.0,598650.37,SILVER,2023-06-05
2023-06-12,103284.0,103640.0,102598.0,103296.0,57882,78476,103095.0,298948.95,SILVERM,2023-06-05
2023-06-13,105020.0,105092.0,104772.0,104915.0,8621,62284,103426.0,271341.66,SILVER,2023-06-05
2023-06-13,105032.0,105104.0,104784.0,104927.0,25863,62284,103438.0,135686.35,SILVERM,2023-06-05
2023-06-14,103835.0,104294.0,103742.0,103945.0,37442,66232,104915.0,1167572.61,SILVER,2023-06-05
2023-06-14,103855.0,104314.0,103762.0,103965.0,112326,66232,104935.0,583898.63,SILVERM,2023-06-05
2023-06-15,104672.0,105047.0,103759.0,104417.0,26699,54420,103945.0,836348.84,SILVER,2023-06-05
2023-06-15,104702.0,105077.0,103789.0,104447.0,80097,54420,103975.0,418294.57,SILVERM,2023-06-05
2023-06-16,103782.0,105142.0,102630.0,103964.0,7347,47710,104417.0,229147.05,SILVER,2023-06-05
2023-06-16,103734.0,105094.0,102582.0,103916.0,22041,47710,104369.0,114520.63,SILVERM,2023-06-05
2023-06-19,104380.0,104477.0,103470.0,104023.0,34486,50498,103964.0,1076201.15,SILVER,2023-06-05
2023-06-19,104274.0,104371.0,103364.0,103917.0,103458,50498,103858.0,537552.25,SILVERM,2023-06-05
2023-06-20,105240.0,106229.0,105022.0,105610.0,22110,41283,104023.0,700511.13,SILVER,2023-06-05
2023-06-20,105280.0,106269.0,105062.0,105650.0,66330,41283,104063.0,350388.22,SILVERM,2023-06-05
2023-06-21,105962.0,106472.0,105558.0,105870.0,24807,76169,105610.0,787895.13,SILVER,2023-06-05
2023-06-21,105901.0,106411.0,105497.0,105809.0,74421,76169,105549.0,393720.58,SILVERM,2023-06-05
2023-06-22,106052.0,106094.0,105750.0,105952.0,51527,72457,105870.0,1637816.61,SILVER,2023-06-05
2023-06-22,106113.0,106155.0,105811.0,106013.0,154581,72457,105931.0,819379.78,SILVERM,2023-06-05
2023-06-23,104144.0,104816.0,103230.0,104310.0,60497,35968,105952.0,1893132.62,SILVER,2023-06-05
2023-06-23,104115.0,104787.0,103201.0,104281.0,181491,35968,105923.0,946303.15,SILVERM,2023-06-05
2023-06-26,105335.0,106143.0,104227.0,105246.0,35165,72508,104310.0,1110292.68,SILVER,2023-06-05
2023-06-26,105284.0,106092.0,104176.0,105195.0,105495,72508,104259.0,554877.33,SILVERM,2023-06-05
2023-06-27,106337.0,106644.0,105771.0,106065.0,79385,73220,105246.0,2525991.01,SILVER,2023-06-05
2023-06-27,106354.0,106661.0,105788.0,106082.0,238155,73220,105263.0,1263197.94,SILVERM,2023-06-05
2023-06-28,108316.0,109192.0,108316.0,108798.0,73150,15738,106065.0,2387572.11,SILVER,2023-06-05
2023-06-28,108347.0,109223.0,108347.0,108829.0,219450,15738,106096.0,1194126.2,SILVERM,2023-06-05
2023-06-29,108543.0,108906.0,107978.0,108434.0,54977,13098,108798.0,1788412.81,SILVER,2023-06-05
2023-06-29,108571.0,108934.0,108006.0,108462.0,164931,13098,108826.0,894437.31,SILVERM,2023-06-05
2023-06-30,108194.0,109353.0,108194.0,108736.0,68882,48244,108434.0,2246985.95,SILVER,2023-06-05
2023-06-30,108219.0,109378.0,108219.0,108761.0,206646,48244,108459.0,1123751.28,SILVERM,2023-06-05
2023-07-03,108867.0,109726.0,108364.0,109078.0,29174,18253,108736.0,954672.47,SILVER,2023-08-05
2023-07-03,108832.0,109691.0,108329.0,109043.0,87522,18253,108701.0,477183.07,SILVERM,2023-08-05
2023-07-04,111489.0,112245.0,109597.0,111127.0,26957,64333,109078.0,898695.16,SILVER,2023-08-05
2023-07-04,111413.0,112169.0,109521.0,111051.0,80871,64333,109002.0,449040.27,SILVERM,2023-08-05
2023-07-05,110900.0,111528.0,110671.0,111029.0,5634,60969,111127.0,187661.22,SILVER,2023-08-05
2023-07-05,110881.0,111509.0,110652.0,111010.0,16902,60969,111108.0,93814.55,SILVERM,2023-08-05
2023-07-06,111154.0,111740.0,110724.0,111416.0,34881,54411,111029.0,1165890.45,SILVER,2023-08-05
2023-07-06,111097.0,111683.0,110667.0,111359.0,104643,54411,110972.0,582646.99,SILVERM,2023-08-05
2023-07-07,112189.0,112682.0,111800.0,112234.0,17771,45421,111416.0,598353.12,SILVER,2023-08-05
2023-07-07,112211.0,112704.0,111822.0,112256.0,53313,45421,111438.0,299235.21,SILVERM,2023-08-05
2023-07-10,112969.0,113184.0,111805.0,112504.0,23298,11454,112234.0,786335.46,SILVER,2023-08-05
2023-07-10,113013.0,113228.0,111849.0,112548.0,69894,11454,112278.0,393321.5,SILVERM,2023-08-05
2023-07-11,111535.0,112757.0,111415.0,111945.0,19340,27522,112504.0,649504.89,SILVER,2023-08-05
2023-07-11,111544.0,112766.0,111424.0,111954.0,58020,27522,112513.0,324778.55,SILVERM,2023-08-05
2023-07-12,111988.0,112610.0,111786.0,112224.0,38356,48575,111945.0,1291339.12,SILVER,2023-08-05
2023-07-12,111988.0,112610.0,111786.0,112224.0,115068,48575,111945.0,645669.56,SILVERM,2023-08-05
2023-07-13,114003.0,114630.0,112618.0,113663.0,11351,13192,112224.0,387056.61,SILVER,2023-08-05
2023-07-13,113987.0,114614.0,112602.0,113647.0,34053,13192,112208.0,193501.06,SILVERM,2023-08-05
2023-07-14,112754.0,113406.0,111353.0,112337.0,8838,65268,113663.0,297850.32,SILVER,2023-08-05
2023-07-14,112803.0,113455.0,111402.0,112386.0,26514,65268,113712.0,148990.12,SILVERM,2023-08-05
2023-07-17,112513.0,113130.0,112125.0,112537.0,6973,20402,112337.0,235416.15,SILVER,2023-08-05
2023-07-17,112421.0,113038.0,112033.0,112445.0,20919,20402,112245.0,117611.85,SILVERM,2023-08-05
2023-07-18,111371.0,111840.0,111371.0,111647.0,15247,46527,112537.0,510684.54,SILVER,2023-08-05
2023-07-18,111311.0,111780.0,111311.0,111587.0,45741,46527,112477.0,255205.05,SILVERM,2023-08-05
2023-07-19,113714.0,114078.0,112055.0,113239.0,36655,62181,111647.0,1245232.66,SILVER,2023-08-05
2023-07-19,113805.0,114169.0,112146.0,113330.0,109965,62181,111738.0,623116.67,SILVERM,2023-08-05
2023-07-20,111627.0,111742.0,110874.0,111272.0,11683,37002,113239.0,389997.23,SILVER,2023-08-05
2023-07-20,111564.0,111679.0,110811.0,111209.0,35049,37002,113176.0,194888.21,SILVERM,2023-08-05
2023-07-21,110725.0,111451.0,110091.0,110575.0,16244,22460,111272.0,538854.09,SILVER,2023-08-05
2023-07-21,110752.0,111478.0,110118.0,110602.0,48732,22460,111299.0,269492.83,SILVERM,2023-08-05
2023-07-24,110907.0,111230.0,110901.0,111087.0,34058,40482,110575.0,1135020.31,SILVER,2023-08-05
2023-07-24,110944.0,111267.0,110938.0,111124.0,102174,40482,110612.0,567699.18,SILVERM,2023-08-05
2023-07-25,113147.0,113727.0,111911.0,113158.0,33371,26447,111087.0,1132858.69,SILVER,2023-08-05
2023-07-25,113051.0,113631.0,111815.0,113062.0,100113,26447,110991.0,565948.8,SILVERM,2023-08-05
2023-07-26,113061.0,113320.0,112754.0,113097.0,8822,58228,113158.0,299322.52,SILVER,2023-08-05
2023-07-26,112974.0,113233.0,112667.0,113010.0,26466,58228,113071.0,149546.13,SILVERM,2023-08-05
2023-07-27,112468.0,112973.0,111708.0,112393.0,33878,60126,113097.0,1142295.02,SILVER,2023-08-05
2023-07-27,112531.0,113036.0,111771.0,112456.0,101634,60126,113160.0,571467.66,SILVERM,2023-08-05
2023-07-28,115244.0,115781.0,114545.0,114911.0,10914,30545,112393.0,376241.6,SILVER,2023-08-05
2023-07-28,115195.0,115732.0,114496.0,114862.0,32742,30545,112344.0,188040.58,SILVERM,2023-08-05
2023-07-31,113212.0,113266.0,112700.0,113013.0,23164,65114,114911.0,785349.94,SILVER,2023-08-05
2023-07-31,113165.0,113219.0,112653.0,112966.0,69492,65114,114864.0,392511.66,SILVERM,2023-08-05
2023-08-01,109942.0,110858.0,109913.0,110179.0,32180,67801,113013.0,1063668.07,SILVER,2023-08-05
2023-08-01,109916.0,110832.0,109887.0,110153.0,96540,67801,112987.0,531708.53,SILVERM,2023-08-05
2023-08-02,111076.0,111572.0,109636.0,110771.0,8688,23890,110179.0,288713.53,SILVER,2023-08-05
2023-08-02,111027.0,111523.0,109587.0,110722.0,26064,23890,110130.0,144292.91,SILVERM,2023-08-05
2023-08-03,110219.0,110838.0,109752.0,110150.0,19683,62482,110771.0,650424.74,SILVER,2023-08-05
2023-08-03,110245.0,110864.0,109778.0,110176.0,59049,62482,110797.0,325289.13,SILVERM,2023-08-05
2023-08-04,109021.0,109637.0,108335.0,108872.0,18080,73397,110150.0,590521.73,SILVER,2023-08-05
2023-08-04,108962.0,109578.0,108276.0,108813.0,54240,73397,110091.0,295100.86,SILVERM,2023-08-05
2023-08-07,110122.0,110482.0,108778.0,109799.0,35953,11740,108872.0,1184281.03,SILVER,2023-08-05
2023-08-07,110024.0,110384.0,108680.0,109701.0,107859,11740,108774.0,591612.01,SILVERM,2023-08-05
2023-08-08,109892.0,110261.0,109892.0,110137.0,14916,40121,109799.0,492841.05,SILVER,2023-08-05
2023-08-08,109950.0,110319.0,109950.0,110195.0,44748,40121,109857.0,246550.29,SILVERM,2023-08-05
2023-08-09,109433.0,110026.0,108085.0,109441.0,34677,21218,110137.0,1138525.67,SILVER,2023-08-05
2023-08-09,109376.0,109969.0,108028.0,109384.0,104031,21218,110080.0,568966.35,SILVERM,2023-08-05
2023-08-10,107730.0,108513.0,107282.0,107845.0,32360,44722,109441.0,1046959.26,SILVER,2023-08-05
2023-08-10,107692.0,108475.0,107244.0,107807.0,97080,44722,109403.0,523295.18,SILVERM,2023-08-05
2023-08-11,108630.0,109266.0,108630.0,108972.0,18453,59431,107845.0,603258.09,SILVER,2023-08-05
2023-08-11,108671.0,109307.0,108671.0,109013.0,55359,59431,107886.0,301742.53,SILVERM,2023-08-05
2023-08-14,109902.0,110075.0,109683.0,109826.0,27703,61543,108972.0,912752.9,SILVER,2023-08-05
2023-08-14,109906.0,110079.0,109687.0,109830.0,83109,61543,108976.0,456393.07,SILVERM,2023-08-05
2023-08-15,110276.0,110276.0,109203.0,109725.0,13640,52000,109826.0,448994.7,SILVER,2023-08-05
2023-08-15,110332.0,110332.0,109259.0,109781.0,40920,52000,109882.0,224611.93,SILVERM,2023-08-05
2023-08-16,111725.0,112681.0,111609.0,112137.0,34263,40921,109725.0,1152645.01,SILVER,2023-08-05
2023-08-16,111767.0,112723.0,111651.0,112179.0,102789,40921,109767.0,576538.36,SILVERM,2023-08-05
2023-08-17,110766.0,111258.0,110169.0,110773.0,37849,40614,112137.0,1257794.18,SILVER,2023-08-05
2023-08-17,110743.0,111235.0,110146.0,110750.0,113547,40614,112114.0,628766.51,SILVERM,2023-08-05
2023-08-18,108985.0,110296.0,107782.0,108846.0,21078,71189,110773.0,688276.8,SILVER,2023-08-05
2023-08-18,109036.0,110347.0,107833.0,108897.0,63234,71189,110824.0,344299.64,SILVERM,2023-08-05
2023-08-21,108023.0,108186.0,107807.0,107997.0,70957,27601,108846.0,2298942.94,SILVER,2023-08-05
2023-08-21,108031.0,108194.0,107815.0,108005.0,212871,27601,108854.0,1149556.62,SILVERM,2023-08-05
2023-08-22,107940.0,108474.0,107143.0,107964.0,51340,30514,107997.0,1662861.53,SILVER,2023-08-05
2023-08-22,107910.0,108444.0,107113.0,107934.0,154020,30514,107967.0,831199.73,SILVERM,2023-08-05
2023-08-23,108015.0,108510.0,107992.0,108296.0,31025,77612,107964.0,1007965.02,SILVER,2023-08-05
2023-08-23,108030.0,108525.0,108007.0,108311.0,93075,77612,107979.0,504052.32,SILVERM,2023-08-05
2023-08-24,108067.0,108384.0,107034.0,108017.0,52315,26292,108296.0,1695272.81,SILVER,2023-08-05
2023-08-24,108002.0,108319.0,106969.0,107952.0,156945,26292,108231.0,847126.33,SILVERM,2023-08-05
2023-08-25,108322.0,109725.0,107896.0,108486.0,98120,41510,108017.0,3193393.9,SILVER,2023-08-05
2023-08-25,108364.0,109767.0,107938.0,108528.0,294360,41510,108059.0,1597315.1,SILVERM,2023-08-05
2023-08-28,106472.0,107458.0,106472.0,106940.0,90397,38000,108486.0,2900116.55,SILVER,2023-08-05
2023-08-28,106507.0,107493.0,106507.0,106975.0,271191,38000,108521.0,1450532.86,SILVERM,2023-08-05
2023-08-29,109040.0,109040.0,108646.0,108780.0,85225,40383,106940.0,2781232.65,SILVER,2023-08-05
2023-08-29,109046.0,109046.0,108652.0,108786.0,255675,40383,106946.0,1390693.03,SILVERM,2023-08-05
2023-08-30,108909.0,109380.0,107815.0,108701.0,63917,21785,108780.0,2084352.55,SILVER,2023-08-05
2023-08-30,108813.0,109284.0,107719.0,108605.0,191751,21785,108684.0,1041255.87,SILVERM,2023-08-05
2023-08-31,110163.0,110556.0,109099.0,110151.0,50917,50910,108701.0,1682567.54,SILVER,2023-08-05
2023-08-31,110221.0,110614.0,109157.0,110209.0,152751,50910,108759.0,841726.75,SILVERM,2023-08-05
2023-09-01,110668.0,111656.0,109658.0,110618.0,10813,49028,110151.0,358833.73,SILVER,2023-10-05
2023-09-01,110690.0,111678.0,109680.0,110640.0,32439,49028,110173.0,179452.55,SILVERM,2023-10-05
2023-09-04,111472.0,111842.0,110691.0,111233.0,39269,34855,110618.0,1310402.6,SILVER,2023-10-05
2023-09-04,111471.0,111841.0,110690.0,111232.0,117807,34855,110617.0,655195.41,SILVERM,2023-10-05
2023-09-05,112050.0,112314.0,111599.0,112000.0,21498,34281,111233.0,722332.8,SILVER,2023-10-05
2023-09-05,112041.0,112305.0,111590.0,111991.0,64494,34281,111224.0,361137.38,SILVERM,2023-10-05
2023-09-06,112815.0,113181.0,111892.0,112612.0,30989,14841,112000.0,1046919.98,SILVER,2023-10-05
2023-09-06,112788.0,113154.0,111865.0,112585.0,92967,14841,111973.0,523334.48,SILVERM,2023-10-05
2023-09-07,113417.0,114647.0,113040.0,113484.0,30568,70155,112612.0,1040693.67,SILVER,2023-10-05
2023-09-07,113400.0,114630.0,113023.0,113467.0,91704,70155,112595.0,520268.89,SILVERM,2023-10-05
2023-09-08,115585.0,115585.0,115142.0,115282.0,6041,36918,113484.0,208925.57,SILVER,2023-10-05
2023-09-08,115623.0,115623.0,115180.0,115320.0,18123,36918,113522.0,104497.22,SILVERM,2023-10-05
2023-09-11,115647.0,116400.0,115216.0,115573.0,35099,66313,115282.0,1216949.02,SILVER,2023-10-05
2023-09-11,115621.0,116374.0,115190.0,115547.0,105297,66313,115256.0,608337.62,SILVERM,2023-10-05
2023-09-12,116603.0,117067.0,116083.0,116558.0,29364,27443,115573.0,1026782.73,SILVER,2023-10-05
2023-09-12,116589.0,117053.0,116069.0,116544.0,88092,27443,115559.0,513329.7,SILVERM,2023-10-05
2023-09-13,116166.0,117289.0,115982.0,116462.0,28482,42250,116558.0,995121.21,SILVER,2023-10-05
2023-09-13,116160.0,117283.0,115976.0,116456.0,85446,42250,116552.0,497534.97,SILVERM,2023-10-05
2023-09-14,118528.0,118855.0,117758.0,118460.0,8676,11922,116462.0,308327.69,SILVER,2023-10-05
2023-09-14,118523.0,118850.0,117753.0,118455.0,26028,11922,116457.0,154157.34,SILVERM,2023-10-05
2023-09-15,117360.0,117934.0,117037.0,117556.0,26781,41976,118460.0,944480.17,SILVER,2023-10-05
2023-09-15,117329.0,117903.0,117006.0,117525.0,80343,41976,118429.0,472115.55,SILVERM,2023-10-05
2023-09-18,119923.0,120378.0,119499.0,120076.0,35048,21991,117556.0,1262527.09,SILVER,2023-10-05
2023-09-18,119914.0,120369.0,119490.0,120067.0,105144,21991,117547.0,631216.23,SILVERM,2023-10-05
2023-09-19,119851.0,121015.0,119301.0,120047.0,8065,63744,120076.0,290453.72,SILVER,2023-10-05
2023-09-19,119868.0,121032.0,119318.0,120064.0,24195,63744,120093.0,145247.42,SILVERM,2023-10-05
2023-09-20,117836.0,118335.0,117828.0,118088.0,7036,32733,120047.0,249260.15,SILVER,2023-10-05
2023-09-20,117791.0,118290.0,117783.0,118043.0,21108,32733,120002.0,124582.58,SILVERM,2023-10-05
2023-09-21,118794.0,118794.0,117913.0,118291.0,21924,12473,118088.0,778023.57,SILVER,2023-10-05
2023-09-21,118786.0,118786.0,117905.0,118283.0,65772,12473,118080.0,388985.47,SILVERM,2023-10-05
2023-09-22,117694.0,118362.0,116207.0,117382.0,37844,18108,118291.0,1332661.32,SILVER,2023-10-05
2023-09-22,117791.0,118459.0,116304.0,117479.0,113532,18108,118388.0,666881.29,SILVERM,2023-10-05
2023-09-25,119020.0,119020.0,118409.0,118564.0,21407,38715,117382.0,761429.86,SILVER,2023-10-05
2023-09-25,119017.0,119017.0,118406.0,118561.0,64221,38715,117379.0,380705.3,SILVERM,2023-10-05
2023-09-26,117404.0,118279.0,116848.0,117692.0,26518,42210,118564.0,936286.94,SILVER,2023-10-05
2023-09-26,117357.0,118232.0,116801.0,117645.0,79554,42210,118517.0,467956.52,SILVERM,2023-10-05
2023-09-27,117125.0,117681.0,116532.0,117108.0,22059,47317,117692.0,774985.61,SILVER,2023-10-05
2023-09-27,117073.0,117629.0,116480.0,117056.0,66177,47317,117640.0,387320.75,SILVERM,2023-10-05
2023-09-28,114287.0,114718.0,114287.0,114583.0,28052,75516,117108.0,964284.69,SILVER,2023-10-05
2023-09-28,114224.0,114655.0,114224.0,114520.0,84156,75516,117045.0,481877.26,SILVERM,2023-10-05
2023-09-29,113848.0,114286.0,113543.0,114007.0,9267,43362,114583.0,316950.86,SILVER,2023-10-05
2023-09-29,113929.0,114367.0,113624.0,114088.0,27801,43362,114664.0,158588.02,SILVERM,2023-10-05
2023-10-02,110653.0,111301.0,109576.0,110856.0,10988,64604,114007.0,365425.72,SILVER,2023-10-05
2023-10-02,110703.0,111351.0,109626.0,110906.0,32964,64604,114057.0,182795.27,SILVERM,2023-10-05
2023-10-03,109124.0,109260.0,108670.0,108854.0,32974,14889,110856.0,1076805.54,SILVER,2023-10-05
2023-10-03,109060.0,109196.0,108606.0,108790.0,98922,14889,110792.0,538086.22,SILVERM,2023-10-05
2023-10-04,109761.0,110507.0,109262.0,109848.0,29036,41971,108854.0,956863.96,SILVER,2023-10-05
2023-10-04,109772.0,110518.0,109273.0,109859.0,87108,41971,108865.0,478479.89,SILVERM,2023-10-05
2023-10-05,111121.0,111473.0,109905.0,110884.0,13680,60551,109848.0,455067.94,SILVER,2023-10-05
2023-10-05,111182.0,111534.0,109966.0,110945.0,41040,60551,109909.0,227659.14,SILVERM,2023-10-05
2023-10-06,111596.0,112128.0,110295.0,111461.0,6485,13201,110884.0,216847.38,SILVER,2023-10-05
2023-10-06,111594.0,112126.0,110293.0,111459.0,19455,13201,110882.0,108421.74,SILVERM,2023-10-05
2023-10-09,110745.0,110745.0,109863.0,110238.0,19713,47958,111461.0,651936.51,SILVER,2023-10-05
2023-10-09,110720.0,110720.0,109838.0,110213.0,59139,47958,111436.0,325894.33,SILVERM,2023-10-05
2023-10-10,109876.0,110682.0,109625.0,110202.0,25043,15681,110238.0,827936.61,SILVER,2023-10-05
2023-10-10,109988.0,110794.0,109737.0,110314.0,75129,15681,110350.0,414389.03,SILVERM,2023-10-05
2023-10-11,110500.0,111547.0,109431.0,110223.0,7419,56870,110202.0,245323.33,SILVER,2023-10-05
2023-10-11,110405.0,111452.0,109336.0,110128.0,22257,56870,110107.0,122555.94,SILVERM,2023-10-05
2023-10-12,109019.0,109425.0,107653.0,108770.0,22140,77203,110223.0,722450.34,SILVER,2023-10-05
2023-10-12,109151.0,109557.0,107785.0,108902.0,66420,77203,110355.0,361663.54,SILVERM,2023-10-05
2023-10-13,110502.0,111261.0,110276.0,110718.0,17961,38152,108770.0,596581.8,SILVER,2023-10-05
2023-10-13,110505.0,111264.0,110279.0,110721.0,53883,38152,108773.0,298298.98,SILVERM,2023-10-05
2023-10-16,112107.0,112678.0,111573.0,111882.0,11487,60061,110718.0,385556.56,SILVER,2023-10-05
2023-10-16,112172.0,112743.0,111638.0,111947.0,34461,60061,110783.0,192890.28,SILVERM,2023-10-05
2023-10-17,111695.0,112009.0,111192.0,111620.0,36110,67619,111882.0,1209179.46,SILVER,2023-10-05
2023-10-17,111635.0,111949.0,111132.0,111560.0,108330,67619,111822.0,604264.74,SILVERM,2023-10-05
2023-10-18,111629.0,111853.0,111361.0,111680.0,21360,68235,111620.0,715645.44,SILVER,2023-10-05
2023-10-18,111593.0,111817.0,111325.0,111644.0,64080,68235,111584.0,357707.38,SILVERM,2023-10-05
2023-10-19,111793.0,112809.0,111436.0,111977.0,29882,47890,111680.0,1003829.01,SILVER,2023-10-05
2023-10-19,111739.0,112755.0,111382.0,111923.0,89646,47890,111626.0,501672.46,SILVERM,2023-10-05
2023-10-20,109212.0,109916.0,108911.0,109370.0,22502,71401,111977.0,738313.12,SILVER,2023-10-05
2023-10-20,109207.0,109911.0,108906.0,109365.0,67506,71401,111972.0,369139.68,SILVERM,2023-10-05
2023-10-23,109527.0,109909.0,107939.0,109080.0,31577,21217,109370.0,1033325.75,SILVER,2023-10-05
2023-10-23,109542.0,109924.0,107954.0,109095.0,94731,21217,109385.0,516733.92,SILVERM,2023-10-05
2023-10-24,108242.0,109204.0,107897.0,108242.0,20042,58351,109080.0,650815.85,SILVER,2023-10-05
2023-10-24,108295.0,109257.0,107950.0,108295.0,60126,58351,109133.0,325567.26,SILVERM,2023-10-05
2023-10-25,107178.0,107196.0,106826.0,107011.0,64312,43741,108242.0,2064627.43,SILVER,2023-10-05
2023-10-25,107092.0,107110.0,106740.0,106925.0,192936,43741,108156.0,1031484.09,SILVERM,2023-10-05
2023-10-26,106517.0,107441.0,106223.0,106686.0,74405,30654,107011.0,2381391.55,SILVER,2023-10-05
2023-10-26,106525.0,107449.0,106231.0,106694.0,223215,30654,107019.0,1190785.06,SILVERM,2023-10-05
2023-10-27,108800.0,109390.0,108780.0,108970.0,14460,71314,106686.0,472711.86,SILVER,2023-10-05
2023-10-27,108845.0,109435.0,108825.0,109015.0,43380,71314,106731.0,236453.54,SILVERM,2023-10-05
2023-10-30,110050.0,110227.0,109407.0,109812.0,82550,11408,108970.0,2719494.18,SILVER,2023-10-05
2023-10-30,110104.0,110281.0,109461.0,109866.0,247650,11408,109024.0,1360415.74,SILVERM,2023-10-05
2023-10-31,108815.0,109934.0,108481.0,109109.0,51912,52903,109812.0,1699219.92,SILVER,2023-10-05
2023-10-31,108793.0,109912.0,108459.0,109087.0,155736,52903,109790.0,849438.65,SILVERM,2023-10-05
2023-11-01,109774.0,110987.0,108902.0,109865.0,36127,11218,109109.0,1190727.86,SILVER,2023-12-05
2023-11-01,109753.0,110966.0,108881.0,109844.0,108381,11218,109088.0,595250.13,SILVERM,2023-12-05
2023-11-02,111705.0,113817.0,110500.0,111697.0,8196,60572,109865.0,274640.58,SILVER,2023-12-05
2023-11-02,111700.0,113812.0,110495.0,111692.0,24588,60572,109860.0,137314.14,SILVERM,2023-12-05
2023-11-03,112959.0,114035.0,111786.0,112933.0,14552,68798,111697.0,493020.3,SILVER,2023-12-05
2023-11-03,112968.0,114044.0,111795.0,112942.0,43656,68798,111706.0,246529.8,SILVERM,2023-12-05
2023-11-06,112997.0,113335.0,112422.0,113038.0,36921,40105,112933.0,1252042.8,SILVER,2023-12-05
2023-11-06,113062.0,113400.0,112487.0,113103.0,110763,40105,112998.0,626381.38,SILVERM,2023-12-05
2023-11-07,112303.0,113302.0,111855.0,112215.0,9746,79634,113038.0,328094.22,SILVER,2023-12-05
2023-11-07,112242.0,113241.0,111794.0,112154.0,29238,79634,112977.0,163957.93,SILVERM,2023-12-05
2023-11-08,113314.0,114305.0,112372.0,113157.0,7999,75063,112215.0,271542.85,SILVER,2023-12-05
2023-11-08,113275.0,114266.0,112333.0,113118.0,23997,75063,112176.0,135724.63,SILVERM,2023-12-05
2023-11-09,113871.0,114356.0,113007.0,113703.0,20595,17619,113157.0,702513.99,SILVER,2023-12-05
2023-11-09,113804.0,114289.0,112940.0,113636.0,61785,17619,113090.0,351050.01,SILVERM,2023-12-05
2023-11-10,114696.0,115691.0,114031.0,114922.0,27063,21939,113703.0,933040.23,SILVER,2023-12-05
2023-11-10,114717.0,115712.0,114052.0,114943.0,81189,21939,113724.0,466605.36,SILVERM,2023-12-05
2023-11-13,115737.0,116694.0,115424.0,115802.0,11200,28226,114922.0,389094.72,SILVER,2023-12-05
2023-11-13,115792.0,116749.0,115479.0,115857.0,33600,28226,114977.0,194639.76,SILVERM,2023-12-05
2023-11-14,117534.0,118303.0,116281.0,117254.0,28377,35322,115802.0,998195.03,SILVER,2023-12-05
2023-11-14,117463.0,118232.0,116210.0,117183.0,85131,35322,115731.0,498795.3,SILVERM,2023-12-05
2023-11-15,116760.0,117176.0,115651.0,116551.0,18410,68215,117254.0,643711.17,SILVER,2023-12-05
2023-11-15,116764.0,117180.0,115655.0,116555.0,55230,68215,117258.0,321866.63,SILVERM,2023-12-05
2023-11-16,118056.0,119490.0,117580.0,118381.0,8598,26878,116551.0,305351.95,SILVER,2023-12-05
2023-11-16,118107.0,119541.0,117631.0,118432.0,25794,26878,116602.0,152741.75,SILVERM,2023-12-05
2023-11-17,118764.0,119132.0,118226.0,118681.0,15564,16560,118381.0,554145.33,SILVER,2023-12-05
2023-11-17,118803.0,119171.0,118265.0,118720.0,46692,16560,118420.0,277163.71,SILVERM,2023-12-05
2023-11-20,121132.0,121886.0,121132.0,121614.0,35898,48278,118681.0,1309709.81,SILVER,2023-12-05
2023-11-20,121171.0,121925.0,121171.0,121653.0,107694,48278,118720.0,655064.91,SILVERM,2023-12-05
2023-11-21,120679.0,121138.0,120156.0,120668.0,25598,46212,121614.0,926657.84,SILVER,2023-12-05
2023-11-21,120620.0,121079.0,120097.0,120609.0,76794,46212,121555.0,463102.38,SILVERM,2023-12-05
2023-11-22,123629.0,123629.0,122964.0,123161.0,22862,33946,120668.0,844712.03,SILVER,2023-12-05
2023-11-22,123667.0,123667.0,123002.0,123199.0,68586,33946,120706.0,422486.33,SILVERM,2023-12-05
2023-11-23,123239.0,124378.0,122686.0,123473.0,15265,41740,123161.0,565444.6,SILVER,2023-12-05
2023-11-23,123230.0,124369.0,122677.0,123464.0,45795,41740,123152.0,282701.69,SILVERM,2023-12-05
2023-11-24,122362.0,122991.0,121638.0,122566.0,14705,17253,123473.0,540699.91,SILVER,2023-12-05
2023-11-24,122416.0,123045.0,121692.0,122620.0,44115,17253,123527.0,270469.06,SILVERM,2023-12-05
2023-11-27,122090.0,123069.0,121307.0,121904.0,30544,42813,122566.0,1117030.73,SILVER,2023-12-05
2023-11-27,122112.0,123091.0,121329.0,121926.0,91632,42813,122588.0,558616.16,SILVERM,2023-12-05
2023-11-28,121102.0,122068.0,119756.0,121477.0,19298,74331,121904.0,703278.94,SILVER,2023-12-05
2023-11-28,121061.0,122027.0,119715.0,121436.0,57894,74331,121863.0,351520.79,SILVERM,2023-12-05
2023-11-29,121951.0,122496.0,121239.0,122106.0,37670,37632,121477.0,1379919.91,SILVER,2023-12-05
2023-11-29,121965.0,122510.0,121253.0,122120.0,113010,37632,121491.0,690039.06,SILVERM,2023-12-05
2023-11-30,123026.0,123286.0,121823.0,122879.0,11050,58365,122106.0,407343.88,SILVER,2023-12-05
2023-11-30,123067.0,123327.0,121864.0,122920.0,33150,58365,122147.0,203739.9,SILVERM,2023-12-05
2023-12-01,121933.0,122397.0,121930.0,122088.0,26034,77593,122879.0,953531.7,SILVER,2024-02-05
2023-12-01,121908.0,122372.0,121905.0,122063.0,78102,77593,122854.0,476668.22,SILVERM,2024-02-05
2023-12-04,122022.0,122830.0,121785.0,122080.0,13484,43431,122088.0,493838.02,SILVER,2024-02-05
2023-12-04,122028.0,122836.0,121791.0,122086.0,40452,43431,122094.0,246931.14,SILVERM,2024-02-05
2023-12-05,125381.0,126228.0,124324.0,125194.0,36323,47436,122080.0,1364226.5,SILVER,2024-02-05
2023-12-05,125314.0,126161.0,124257.0,125127.0,108969,47436,122013.0,681748.2,SILVERM,2024-02-05
2023-12-06,127876.0,129044.0,127168.0,127768.0,25796,28413,125194.0,988771.0,SILVER,2024-02-05
2023-12-06,127903.0,129071.0,127195.0,127795.0,77388,28413,125221.0,494489.97,SILVERM,2024-02-05
2023-12-07,128516.0,128719.0,127585.0,128448.0,34069,48485,127768.0,1312828.47,SILVER,2024-02-05
2023-12-07,128513.0,128716.0,127582.0,128445.0,102207,48485,127765.0,656398.91,SILVERM,2024-02-05
2023-12-08,128446.0,129206.0,128125.0,128533.0,26827,78232,128448.0,1034446.44,SILVER,2024-02-05
2023-12-08,128492.0,129252.0,128171.0,128579.0,80481,78232,128494.0,517408.32,SILVERM,2024-02-05
2023-12-11,128836.0,128901.0,128576.0,128741.0,15315,26101,128533.0,591500.52,SILVER,2024-02-05
2023-12-11,128862.0,128927.0,128602.0,128767.0,45945,26101,128559.0,295809.99,SILVERM,2024-02-05
2023-12-12,129661.0,130246.0,129220.0,129693.0,31519,18831,128741.0,1226338.1,SILVER,2024-02-05
2023-12-12,129641.0,130226.0,129200.0,129673.0,94557,18831,128721.0,613074.49,SILVERM,2024-02-05
2023-12-13,128301.0,128703.0,127076.0,128184.0,14107,61897,129693.0,542487.51,SILVER,2024-02-05
2023-12-13,128259.0,128661.0,127034.0,128142.0,42321,61897,129651.0,271154.88,SILVERM,2024-02-05
2023-12-14,127701.0,128854.0,127314.0,127828.0,8869,15004,128184.0,340111.96,SILVER,2024-02-05
2023-12-14,127647.0,128800.0,127260.0,127774.0,26607,15004,128130.0,169984.14,SILVERM,2024-02-05
2023-12-15,125348.0,126211.0,124639.0,125393.0,20447,55924,127828.0,769173.2,SILVER,2024-02-05
2023-12-15,125323.0,126186.0,124614.0,125368.0,61341,55924,127803.0,384509.92,SILVERM,2024-02-05
2023-12-18,125756.0,126869.0,125497.0,126006.0,32370,31509,125393.0,1223644.27,SILVER,2024-02-05
2023-12-18,125800.0,126913.0,125541.0,126050.0,97110,31509,125437.0,612035.78,SILVERM,2024-02-05
2023-12-19,126979.0,127640.0,126048.0,126988.0,12971,47170,126006.0,494148.4,SILVER,2024-02-05
2023-12-19,126891.0,127552.0,125960.0,126900.0,38913,47170,125918.0,246902.98,SILVERM,2024-02-05
2023-12-20,126098.0,126576.0,126080.0,126302.0,36269,53555,126988.0,1374254.17,SILVER,2024-02-05
2023-12-20,126046.0,126524.0,126028.0,126250.0,108807,53555,126936.0,686844.19,SILVERM,2024-02-05
2023-12-21,128382.0,129716.0,127364.0,128669.0,76627,24662,126302.0,2957855.84,SILVER,2024-02-05
2023-12-21,128425.0,129759.0,127407.0,128712.0,229881,24662,126345.0,1479422.16,SILVERM,2024-02-05
2023-12-22,126937.0,127388.0,125786.0,126871.0,71115,75930,128669.0,2706729.35,SILVER,2024-02-05
2023-12-22,127003.0,127454.0,125852.0,126937.0,213345,75930,128735.0,1354068.71,SILVERM,2024-02-05
2023-12-25,124805.0,125884.0,124120.0,124752.0,36607,57403,126871.0,1370038.94,SILVER,2024-02-05
2023-12-25,124756.0,125835.0,124071.0,124703.0,109821,57403,126822.0,684750.41,SILVERM,2024-02-05
2023-12-26,125302.0,125644.0,124478.0,125106.0,22057,46365,124752.0,827838.91,SILVER,2024-02-05
2023-12-26,125250.0,125592.0,124426.0,125054.0,66171,46365,124700.0,413747.41,SILVERM,2024-02-05
2023-12-27,126561.0,126774.0,126561.0,126670.0,46135,72188,125106.0,1753176.14,SILVER,2024-02-05
2023-12-27,126631.0,126844.0,126631.0,126740.0,138405,72188,125176.0,877072.48,SILVERM,2024-02-05
2023-12-28,129315.0,130768.0,127646.0,129209.0,22330,36673,126670.0,865571.09,SILVER,2024-02-05
2023-12-28,129309.0,130762.0,127640.0,129203.0,66990,36673,126664.0,432765.45,SILVERM,2024-02-05
2023-12-29,128690.0,129066.0,128025.0,128548.0,38050,73471,129209.0,1467375.42,SILVER,2024-02-05
2023-12-29,128645.0,129021.0,127980.0,128503.0,114150,73471,129164.0,733430.87,SILVERM,2024-02-05
2024-01-01,130318.0,130410.0,129899.0,130203.0,13554,27156,128548.0,529431.44,SILVER,2024-02-05
2024-01-01,130370.0,130462.0,129951.0,130255.0,40662,27156,128600.0,264821.44,SILVERM,2024-02-05
2024-01-02,129957.0,131209.0,129396.0,130172.0,7429,67287,130203.0,290114.34,SILVER,2024-02-05
2024-01-02,129982.0,131234.0,129421.0,130197.0,22287,67287,130228.0,145085.03,SILVERM,2024-02-05
2024-01-03,129978.0,130338.0,129649.0,129939.0,33208,11645,130172.0,1294504.29,SILVER,2024-02-05
2024-01-03,130015.0,130375.0,129686.0,129976.0,99624,11645,130209.0,647436.45,SILVERM,2024-02-05
2024-01-04,131408.0,132699.0,129717.0,131313.0,12444,69076,129939.0,490217.69,SILVER,2024-02-05
2024-01-04,131366.0,132657.0,129675.0,131271.0,37332,69076,129897.0,245030.45,SILVERM,2024-02-05
2024-01-05,132345.0,133552.0,131890.0,132343.0,15510,60151,131313.0,615791.98,SILVER,2024-02-05
2024-01-05,132364.0,133571.0,131909.0,132362.0,46530,60151,131332.0,307940.19,SILVERM,2024-02-05
2024-01-08,129420.0,131337.0,128904.0,129962.0,15537,77384,132343.0,605765.88,SILVER,2024-02-05
2024-01-08,129482.0,131399.0,128966.0,130024.0,46611,77384,132405.0,303027.43,SILVERM,2024-02-05
2024-01-09,132289.0,132465.0,132042.0,132247.0,12147,43541,129962.0,481921.29,SILVER,2024-02-05
2024-01-09,132321.0,132497.0,132074.0,132279.0,36441,43541,129994.0,241018.95,SILVERM,2024-02-05
2024-01-10,135015.0,135488.0,132755.0,134420.0,8598,60955,132247.0,346722.95,SILVER,2024-02-05
2024-01-10,135061.0,135534.0,132801.0,134466.0,25794,60955,132293.0,173420.8,SILVERM,2024-02-05
2024-01-11,133376.0,134471.0,132902.0,133472.0,11718,19290,134420.0,469207.47,SILVER,2024-02-05
2024-01-11,133446.0,134541.0,132972.0,133542.0,35154,19290,134490.0,234726.77,SILVERM,2024-02-05
2024-01-12,133923.0,134462.0,133530.0,134118.0,18782,68942,133472.0,755701.28,SILVER,2024-02-05
2024-01-12,133944.0,134483.0,133551.0,134139.0,56346,68942,133493.0,377909.8,SILVERM,2024-02-05
2024-01-15,135022.0,135711.0,134184.0,134922.0,5051,40143,134118.0,204447.31,SILVER,2024-02-05
2024-01-15,134994.0,135683.0,134156.0,134894.0,15153,40143,134090.0,102202.44,SILVERM,2024-02-05
2024-01-16,135446.0,135546.0,135147.0,135361.0,21702,34509,134922.0,881281.33,SILVER,2024-02-05
2024-01-16,135490.0,135590.0,135191.0,135405.0,65106,34509,134966.0,440783.9,SILVERM,2024-02-05
2024-01-17,134845.0,134995.0,134074.0,134525.0,15184,46741,135361.0,612788.28,SILVER,2024-02-05
2024-01-17,134790.0,134940.0,134019.0,134470.0,45552,46741,135306.0,306268.87,SILVERM,2024-02-05
2024-01-18,133168.0,133811.0,133168.0,133504.0,17468,36898,134525.0,699614.36,SILVER,2024-02-05
2024-01-18,133157.0,133800.0,133157.0,133493.0,52404,36898,134514.0,349778.36,SILVERM,2024-02-05
2024-01-19,133689.0,133803.0,133338.0,133493.0,27072,72948,133504.0,1084176.75,SILVER,2024-02-05
2024-01-19,133718.0,133832.0,133367.0,133522.0,81216,72948,133533.0,542206.14,SILVERM,2024-02-05
2024-01-22,135519.0,135603.0,135138.0,135359.0,20479,71768,133493.0,831605.09,SILVER,2024-02-05
2024-01-22,135358.0,135442.0,134977.0,135198.0,61437,71768,133332.0,415307.98,SILVERM,2024-02-05
2024-01-23,136210.0,136876.0,135515.0,136249.0,33467,53262,135359.0,1367953.58,SILVER,2024-02-05
2024-01-23,136223.0,136889.0,135528.0,136262.0,100401,53262,135372.0,684042.05,SILVERM,2024-02-05
2024-01-24,135783.0,135961.0,135169.0,135691.0,28402,15506,136249.0,1156168.73,SILVER,2024-02-05
2024-01-24,135798.0,135976.0,135184.0,135706.0,85206,15506,136264.0,578148.27,SILVERM,2024-02-05
2024-01-25,137228.0,137883.0,136074.0,136946.0,12210,30605,135691.0,501633.2,SILVER,2024-02-05
2024-01-25,137171.0,137826.0,136017.0,136889.0,36630,30605,135634.0,250712.2,SILVERM,2024-02-05
2024-01-26,132734.0,133210.0,131802.0,132502.0,11057,38231,136946.0,439522.38,SILVER,2024-02-05
2024-01-26,132750.0,133226.0,131818.0,132518.0,33171,38231,136962.0,219787.73,SILVERM,2024-02-05
2024-01-29,134010.0,134422.0,134010.0,134317.0,35916,23515,132502.0,1447238.81,SILVER,2024-02-05
2024-01-29,134019.0,134431.0,134019.0,134326.0,107748,23515,132511.0,723667.89,SILVERM,2024-02-05
2024-01-30,131866.0,132024.0,131341.0,131650.0,32268,48622,134317.0,1274424.66,SILVER,2024-02-05
2024-01-30,131868.0,132026.0,131343.0,131652.0,96804,48622,134319.0,637222.01,SILVERM,2024-02-05
2024-01-31,131106.0,131753.0,130196.0,131123.0,28259,26600,131650.0,1111621.46,SILVER,2024-02-05
2024-01-31,131165.0,131812.0,130255.0,131182.0,84777,26600,131709.0,556060.82,SILVERM,2024-02-05
2024-02-01,129470.0,130154.0,129009.0,129451.0,18864,37892,131123.0,732589.1,SILVER,2024-02-05
2024-02-01,129514.0,130198.0,129053.0,129495.0,56592,37892,131167.0,366419.05,SILVERM,2024-02-05
2024-02-02,127559.0,127948.0,127293.0,127541.0,39293,79310,129451.0,1503440.55,SILVER,2024-02-05
2024-02-02,127591.0,127980.0,127325.0,127573.0,117879,79310,129483.0,751908.88,SILVERM,2024-02-05
2024-02-05,129267.0,130258.0,128761.0,129306.0,12043,31801,127541.0,467169.65,SILVER,2024-02-05
2024-02-05,129216.0,130207.0,128710.0,129255.0,36129,31801,127490.0,233492.69,SILVERM,2024-02-05
2024-02-06,128938.0,129228.0,127656.0,128632.0,17529,47695,129306.0,676437.1,SILVER,2024-02-05
2024-02-06,128937.0,129227.0,127655.0,128631.0,52587,47695,129305.0,338215.92,SILVERM,2024-02-05
2024-02-07,129159.0,130384.0,128095.0,129180.0,35868,38853,128632.0,1390028.47,SILVER,2024-02-05
2024-02-07,129218.0,130443.0,128154.0,129239.0,107604,38853,128691.0,695331.67,SILVERM,2024-02-05
2024-02-08,128849.0,129966.0,127426.0,129138.0,31309,14429,129180.0,1212954.49,SILVER,2024-02-05
2024-02-08,128838.0,129955.0,127415.0,129127.0,93927,14429,129169.0,606425.59,SILVERM,2024-02-05
2024-02-09,129784.0,130568.0,129394.0,129886.0,28284,14606,129138.0,1102108.69,SILVER,2024-02-05
2024-02-09,129862.0,130646.0,129472.0,129964.0,84852,14606,129216.0,551385.27,SILVERM,2024-02-05
2024-02-12,130077.0,130350.0,129755.0,130031.0,8464,14478,129886.0,330174.72,SILVER,2024-02-05
2024-02-12,130110.0,130383.0,129788.0,130064.0,25392,14478,129919.0,165129.25,SILVERM,2024-02-05
2024-02-13,128444.0,128445.0,127607.0,128129.0,23643,50134,130031.0,908806.18,SILVER,2024-02-05
2024-02-13,128529.0,128530.0,127692.0,128214.0,70929,50134,130116.0,454704.54,SILVERM,2024-02-05
2024-02-14,129810.0,130717.0,128882.0,129654.0,34265,79963,128129.0,1332778.29,SILVER,2024-02-05
2024-02-14,129757.0,130664.0,128829.0,129601.0,102795,79963,128076.0,666116.74,SILVERM,2024-02-05
2024-02-15,128719.0,129320.0,128678.0,128938.0,20954,35475,129654.0,810530.06,SILVER,2024-02-05
2024-02-15,128711.0,129312.0,128670.0,128930.0,62862,35475,129646.0,405239.88,SILVERM,2024-02-05
2024-02-16,127277.0,127277.0,126321.0,126648.0,28880,76177,128938.0,1097278.27,SILVER,2024-02-05
2024-02-16,127274.0,127274.0,126318.0,126645.0,86640,76177,128935.0,548626.14,SILVERM,2024-02-05
2024-02-19,126112.0,126753.0,125301.0,126045.0,24043,31730,126648.0,909149.98,SILVER,2024-02-05
2024-02-19,126142.0,126783.0,125331.0,126075.0,72129,31730,126678.0,454683.18,SILVERM,2024-02-05
2024-02-20,128625.0,128711.0,127502.0,128298.0,5255,31113,126045.0,202261.8,SILVER,2024-02-05
2024-02-20,128588.0,128674.0,127465.0,128261.0,15765,31113,126008.0,101101.73,SILVERM,2024-02-05
2024-02-21,129564.0,130436.0,128594.0,129604.0,16255,30011,128298.0,632013.91,SILVER,2024-02-05
2024-02-21,129484.0,130356.0,128514.0,129524.0,48765,30011,128218.0,315811.89,SILVERM,2024-02-05
2024-02-22,129244.0,129639.0,128766.0,129106.0,24140,65746,129604.0,934985.65,SILVER,2024-02-05
2024-02-22,129263.0,129658.0,128785.0,129125.0,72420,65746,129623.0,467561.62,SILVERM,2024-02-05
2024-02-23,128826.0,128951.0,128310.0,128610.0,38255,52853,129106.0,1475992.66,SILVER,2024-02-05
2024-02-23,128808.0,128933.0,128292.0,128592.0,114765,52853,129088.0,737893.04,SILVERM,2024-02-05
2024-02-26,128469.0,128518.0,127800.0,128157.0,26075,46818,128610.0,1002508.13,SILVER,2024-02-05
2024-02-26,128445.0,128494.0,127776.0,128133.0,78225,46818,128586.0,501160.2,SILVERM,2024-02-05
2024-02-27,131603.0,132647.0,130291.0,131325.0,81062,47321,128157.0,3193640.14,SILVER,2024-02-05
2024-02-27,131568.0,132612.0,130256.0,131290.0,243186,47321,128122.0,1596394.5,SILVERM,2024-02-05
2024-02-28,132170.0,133470.0,131270.0,131940.0,17150,31309,131325.0,678831.3,SILVER,2024-02-05
2024-02-28,132176.0,133476.0,131276.0,131946.0,51450,31309,131331.0,339431.08,SILVERM,2024-02-05
2024-02-29,132548.0,132807.0,132411.0,132632.0,27895,28688,131940.0,1109930.89,SILVER,2024-02-05
2024-02-29,132494.0,132753.0,132357.0,132578.0,83685,28688,131886.0,554739.5,SILVERM,2024-02-05
2024-03-01,134109.0,134818.0,133694.0,134263.0,10806,38176,132632.0,435253.79,SILVER,2024-04-05
2024-03-01,134099.0,134808.0,133684.0,134253.0,32418,38176,132622.0,217610.69,SILVERM,2024-04-05
2024-03-04,134756.0,134849.0,134405.0,134666.0,25738,78879,134263.0,1039810.05,SILVER,2024-04-05
2024-03-04,134715.0,134808.0,134364.0,134625.0,77214,78879,134222.0,519746.74,SILVERM,2024-04-05
2024-03-05,134540.0,134707.0,133971.0,134289.0,22106,77592,134666.0,890577.79,SILVER,2024-04-05
2024-03-05,134510.0,134677.0,133941.0,134259.0,66318,77592,134636.0,445189.42,SILVERM,2024-04-05
2024-03-06,133951.0,134929.0,133073.0,134011.0,14474,19416,134289.0,581902.56,SILVER,2024-04-05
2024-03-06,133969.0,134947.0,133091.0,134029.0,43422,19416,134307.0,290990.36,SILVERM,2024-04-05
2024-03-07,134213.0,134213.0,133694.0,133928.0,21997,49994,134011.0,883804.26,SILVER,2024-04-05
2024-03-07,134246.0,134246.0,133727.0,133961.0,65991,49994,134044.0,442011.02,SILVERM,2024-04-05
2024-03-08,134288.0,134288.0,133542.0,133899.0,37599,76422,133928.0,1510340.55,SILVER,2024-04-05
2024-03-08,134273.0,134273.0,133527.0,133884.0,112797,76422,133913.0,755085.68,SILVERM,2024-04-05
2024-03-11,134821.0,135415.0,134703.0,135068.0,10790,18584,133899.0,437215.12,SILVER,2024-04-05
2024-03-11,134869.0,135463.0,134751.0,135116.0,32370,18584,133947.0,218685.25,SILVERM,2024-04-05
2024-03-12,134953.0,136245.0,134111.0,135179.0,15170,28830,135068.0,615199.63,SILVER,2024-04-05
2024-03-12,134904.0,136196.0,134062.0,135130.0,45510,28830,135019.0,307488.32,SILVERM,2024-04-05
2024-03-13,136330.0,137364.0,135650.0,136368.0,14004,13591,135179.0,572909.24,SILVER,2024-04-05
2024-03-13,136254.0,137288.0,135574.0,136292.0,42012,13591,135103.0,286294.98,SILVERM,2024-04-05
2024-03-14,136353.0,136675.0,135878.0,136269.0,30792,31395,136368.0,1258798.51,SILVER,2024-04-05
2024-03-14,136286.0,136608.0,135811.0,136202.0,92376,31395,136301.0,629089.8,SILVERM,2024-04-05
2024-03-15,136280.0,137057.0,135657.0,136423.0,35216,64182,136269.0,1441281.71,SILVER,2024-04-05
2024-03-15,136226.0,137003.0,135603.0,136369.0,105648,64182,136215.0,720355.61,SILVERM,2024-04-05
2024-03-18,133672.0,133811.0,132765.0,133311.0,12232,26738,136423.0,489198.05,SILVER,2024-04-05
2024-03-18,133606.0,133745.0,132699.0,133245.0,36696,26738,136357.0,244477.93,SILVERM,2024-04-05
2024-03-19,134886.0,135425.0,134369.0,134772.0,17674,12631,133311.0,714588.1,SILVER,2024-04-05
2024-03-19,134987.0,135526.0,134470.0,134873.0,53022,12631,133412.0,357561.81,SILVERM,2024-04-05
2024-03-20,135357.0,136275.0,133496.0,135346.0,21052,27905,134772.0,854791.2,SILVER,2024-04-05
2024-03-20,135279.0,136197.0,133418.0,135268.0,63156,27905,134694.0,427149.29,SILVERM,2024-04-05
2024-03-21,136566.0,138525.0,135547.0,136959.0,10913,29056,135346.0,448390.07,SILVER,2024-04-05
2024-03-21,136613.0,138572.0,135594.0,137006.0,32739,29056,135393.0,224271.97,SILVERM,2024-04-05
2024-03-22,132093.0,132680.0,132093.0,132442.0,32913,45447,136959.0,1307719.06,SILVER,2024-04-05
2024-03-22,132092.0,132679.0,132092.0,132441.0,98739,45447,136958.0,653854.59,SILVERM,2024-04-05
2024-03-25,135811.0,136555.0,135167.0,135734.0,15567,64418,132442.0,633891.35,SILVER,2024-04-05
2024-03-25,135822.0,136566.0,135178.0,135745.0,46701,64418,132453.0,316971.36,SILVERM,2024-04-05
2024-03-26,134965.0,136114.0,134441.0,135543.0,14432,47190,135734.0,586846.97,SILVER,2024-04-05
2024-03-26,134920.0,136069.0,134396.0,135498.0,43296,47190,135689.0,293326.07,SILVERM,2024-04-05
2024-03-27,137613.0,137613.0,137154.0,137334.0,5319,36014,135543.0,219143.86,SILVER,2024-04-05
2024-03-27,137629.0,137629.0,137170.0,137350.0,15957,36014,135559.0,109584.7,SILVERM,2024-04-05
2024-03-28,135666.0,137185.0,135166.0,135709.0,29469,60278,137334.0,1199762.56,SILVER,2024-04-05
2024-03-28,135620.0,137139.0,135120.0,135663.0,88407,60278,137288.0,599677.94,SILVERM,2024-04-05
2024-03-29,137598.0,137705.0,135417.0,136711.0,31490,11780,135709.0,1291508.82,SILVER,2024-04-05
2024-03-29,137644.0,137751.0,135463.0,136757.0,94470,11780,135755.0,645971.69,SILVERM,2024-04-05
2024-04-01,135696.0,135696.0,134796.0,135072.0,25584,69258,136711.0,1036704.61,SILVER,2024-04-05
2024-04-01,135746.0,135746.0,134846.0,135122.0,76752,69258,136761.0,518544.19,SILVERM,2024-04-05
2024-04-02,134074.0,134484.0,133709.0,134123.0,9791,52192,135072.0,393959.49,SILVER,2024-04-05
2024-04-02,134067.0,134477.0,133702.0,134116.0,29373,52192,135065.0,196969.46,SILVERM,2024-04-05
2024-04-03,137149.0,138030.0,136578.0,137178.0,36736,69300,134123.0,1511811.3,SILVER,2024-04-05
2024-04-03,137146.0,138027.0,136575.0,137175.0,110208,69300,134120.0,755889.12,SILVERM,2024-04-05
2024-04-04,137175.0,137306.0,136154.0,136903.0,5329,53923,137178.0,218866.83,SILVER,2024-04-05
2024-04-04,137197.0,137328.0,136176.0,136925.0,15987,53923,137200.0,109451.0,SILVERM,2024-04-05
2024-04-05,137747.0,138017.0,136688.0,137279.0,13851,12395,136903.0,570435.43,SILVER,2024-04-05
2024-04-05,137766.0,138036.0,136707.0,137298.0,41553,12395,136922.0,285257.19,SILVERM,2024-04-05
2024-04-08,138254.0,139593.0,137421.0,138708.0,28126,25779,137279.0,1170390.36,SILVER,2024-04-05
2024-04-08,138305.0,139644.0,137472.0,138759.0,84378,25779,137330.0,585410.35,SILVERM,2024-04-05
2024-04-09,139043.0,140457.0,138617.0,139542.0,26300,39722,138708.0,1100986.38,SILVER,2024-04-05
2024-04-09,139093.0,140507.0,138667.0,139592.0,78900,39722,138758.0,550690.44,SILVERM,2024-04-05
2024-04-10,139642.0,140023.0,139522.0,139816.0,15164,17111,139542.0,636050.95,SILVER,2024-04-05
2024-04-10,139641.0,140022.0,139521.0,139815.0,45492,17111,139541.0,318023.2,SILVERM,2024-04-05
2024-04-11,140606.0,141492.0,139539.0,140442.0,29509,19984,139816.0,1243290.89,SILVER,2024-04-05
2024-04-11,140582.0,141468.0,139515.0,140418.0,88527,19984,139792.0,621539.21,SILVERM,2024-04-05
2024-04-12,144606.0,146250.0,143791.0,144462.0,10703,36924,140442.0,463853.04,SILVER,2024-04-05
2024-04-12,144647.0,146291.0,143832.0,144503.0,32109,36924,140483.0,231992.34,SILVERM,2024-04-05
2024-04-15,144705.0,144973.0,143390.0,144396.0,32109,62703,144462.0,1390923.35,SILVER,2024-04-05
2024-04-15,144697.0,144965.0,143382.0,144388.0,96327,62703,144454.0,695423.14,SILVERM,2024-04-05
2024-04-16,144418.0,145310.0,144198.0,144765.0,27554,42577,144396.0,1196656.44,SILVER,2024-04-05
2024-04-16,144424.0,145316.0,144204.0,144771.0,82662,42577,144402.0,598353.02,SILVERM,2024-04-05
2024-04-17,145900.0,146717.0,145900.0,146579.0,32676,17711,144765.0,1436884.62,SILVER,2024-04-05
2024-04-17,145927.0,146744.0,145927.0,146606.0,98028,17711,144792.0,718574.65,SILVERM,2024-04-05
2024-04-18,148766.0,149438.0,147384.0,148511.0,28804,14096,146579.0,1283313.25,SILVER,2024-04-05
2024-04-18,148815.0,149487.0,147433.0,148560.0,86412,14096,146628.0,641868.34,SILVERM,2024-04-05
2024-04-19,150362.0,151900.0,150120.0,150611.0,34802,76555,148511.0,1572469.21,SILVER,2024-04-05
2024-04-19,150375.0,151913.0,150133.0,150624.0,104406,76555,148524.0,786302.47,SILVERM,2024-04-05
2024-04-22,151156.0,152291.0,150748.0,151768.0,74487,18254,150611.0,3391422.9,SILVER,2024-04-05
2024-04-22,151127.0,152262.0,150719.0,151739.0,223461,18254,150582.0,1695387.43,SILVERM,2024-04-05
2024-04-23,149834.0,151282.0,148526.0,149791.0,19027,15965,151768.0,855022.01,SILVER,2024-04-05
2024-04-23,149924.0,151372.0,148616.0,149881.0,57081,15965,151858.0,427767.87,SILVERM,2024-04-05
2024-04-24,152944.0,153022.0,152198.0,152701.0,67687,67987,149791.0,3100761.78,SILVER,2024-04-05
2024-04-24,153021.0,153099.0,152275.0,152778.0,203061,67987,149868.0,1551162.67,SILVERM,2024-04-05
2024-04-25,150669.0,151623.0,150176.0,150706.0,53697,42963,152701.0,2427738.02,SILVER,2024-04-05
2024-04-25,150618.0,151572.0,150125.0,150655.0,161091,42963,152650.0,1213458.23,SILVERM,2024-04-05
2024-04-26,151131.0,151770.0,151024.0,151270.0,35450,13273,150706.0,1608756.45,SILVER,2024-04-05
2024-04-26,151085.0,151724.0,150978.0,151224.0,106350,13273,150660.0,804133.62,SILVERM,2024-04-05
2024-04-29,149929.0,150614.0,148878.0,149977.0,35760,25330,151270.0,1608953.26,SILVER,2024-04-05
2024-04-29,149890.0,150575.0,148839.0,149938.0,107280,25330,151231.0,804267.43,SILVERM,2024-04-05
2024-04-30,149785.0,150656.0,149042.0,149896.0,49025,31494,149977.0,2204595.42,SILVER,2024-04-05
2024-04-30,149827.0,150698.0,149084.0,149938.0,147075,31494,150019.0,1102606.57,SILVERM,2024-04-05
2024-05-01,150097.0,151097.0,149866.0,150503.0,13437,13212,149896.0,606692.64,SILVER,2024-06-05
2024-05-01,150189.0,151189.0,149958.0,150595.0,40311,13212,149988.0,303531.75,SILVERM,2024-06-05
2024-05-02,150883.0,151906.0,150758.0,151099.0,17521,11080,150503.0,794221.67,SILVER,2024-06-05
2024-05-02,150858.0,151881.0,150733.0,151074.0,52563,11080,150478.0,397045.13,SILVERM,2024-06-05
2024-05-03,152033.0,152257.0,150986.0,151875.0,29028,42675,151099.0,1322588.25,SILVER,2024-06-05
2024-05-03,152041.0,152265.0,150994.0,151883.0,87084,42675,151107.0,661328.96,SILVERM,2024-06-05
2024-05-06,154890.0,156360.0,153564.0,154790.0,32301,32007,151875.0,1499961.54,SILVER,2024-06-05
2024-05-06,154852.0,156322.0,153526.0,154752.0,96903,32007,151837.0,749796.65,SILVERM,2024-06-05
2024-05-07,155695.0,156070.0,155075.0,155643.0,26740,56815,154790.0,1248568.15,SILVER,2024-06-05
2024-05-07,155780.0,156155.0,155160.0,155728.0,80220,56815,154875.0,624625.01,SILVERM,2024-06-05
2024-05-08,154923.0,155516.0,154923.0,155232.0,26282,10639,155643.0,1223942.23,SILVER,2024-06-05
2024-05-08,154964.0,155557.0,154964.0,155273.0,78846,10639,155684.0,612132.75,SILVERM,2024-06-05
2024-05-09,156962.0,158306.0,155955.0,157019.0,15858,73593,155232.0,747002.19,SILVER,2024-06-05
2024-05-09,156921.0,158265.0,155914.0,156978.0,47574,73593,155191.0,373403.57,SILVERM,2024-06-05
2024-05-10,158550.0,160979.0,157587.0,159243.0,20186,13736,157019.0,964343.76,SILVER,2024-06-05
2024-05-10,158445.0,160874.0,157482.0,159138.0,60558,13736,156914.0,481853.95,SILVERM,2024-06-05
2024-05-13,157069.0,157246.0,156577.0,157013.0,39185,26473,159243.0,1845766.32,SILVER,2024-06-05
2024-05-13,157121.0,157298.0,156629.0,157065.0,117555,26473,159295.0,923188.8,SILVERM,2024-06-05
2024-05-14,158594.0,159732.0,157422.0,158142.0,36194,44019,157013.0,1717137.46,SILVER,2024-06-05
2024-05-14,158565.0,159703.0,157393.0,158113.0,108582,44019,156984.0,858411.29,SILVERM,2024-06-05
2024-05-15,159002.0,159843.0,158787.0,159472.0,30230,46820,158142.0,1446251.57,SILVER,2024-06-05
2024-05-15,159044.0,159885.0,158829.0,159514.0,90690,46820,158184.0,723316.23,SILVERM,2024-06-05
2024-05-16,158766.0,159564.0,158094.0,158953.0,32018,67589,159472.0,1526807.15,SILVER,2024-06-05
2024-05-16,158781.0,159579.0,158109.0,158968.0,96054,67589,159487.0,763475.61,SILVERM,2024-06-05
2024-05-17,161661.0,162511.0,160646.0,161555.0,29665,75807,158953.0,1437758.72,SILVER,2024-06-05
2024-05-17,161569.0,162419.0,160554.0,161463.0,88995,75807,158861.0,718469.98,SILVERM,2024-06-05
2024-05-20,161709.0,161712.0,160760.0,161305.0,26516,28414,161555.0,1283149.01,SILVER,2024-06-05
2024-05-20,161669.0,161672.0,160720.0,161265.0,79548,28414,161515.0,641415.41,SILVERM,2024-06-05
2024-05-21,161429.0,161918.0,160884.0,161574.0,29673,34220,161305.0,1438315.59,SILVER,2024-06-05
2024-05-21,161411.0,161900.0,160866.0,161556.0,89019,34220,161287.0,719077.68,SILVERM,2024-06-05
2024-05-22,161058.0,162092.0,160741.0,161281.0,10239,70531,161574.0,495406.85,SILVER,2024-06-05
2024-05-22,161024.0,162058.0,160707.0,161247.0,30717,70531,161540.0,247651.2,SILVERM,2024-06-05
2024-05-23,160708.0,162031.0,160708.0,161343.0,31415,52425,161281.0,1520577.1,SILVER,2024-06-05
2024-05-23,160714.0,162037.0,160714.0,161349.0,94245,52425,161287.0,760316.83,SILVERM,2024-06-05
2024-05-24,159360.0,159746.0,158945.0,159327.0,32195,19387,161343.0,1538859.83,SILVER,2024-06-05
2024-05-24,159380.0,159766.0,158965.0,159347.0,96585,19387,161363.0,769526.5,SILVERM,2024-06-05
2024-05-27,157347.0,157854.0,156190.0,156707.0,34323,37584,159327.0,1613596.31,SILVER,2024-06-05
2024-05-27,157436.0,157943.0,156279.0,156796.0,102969,37584,159416.0,807256.37,SILVERM,2024-06-05
2024-05-28,159768.0,160238.0,159384.0,159679.0,39964,54783,156707.0,1914423.47,SILVER,2024-06-05
2024-05-28,159792.0,160262.0,159408.0,159703.0,119892,54783,156731.0,957355.6,SILVERM,2024-06-05
2024-05-29,158136.0,158972.0,156786.0,158143.0,35763,49809,159679.0,1696700.43,SILVER,2024-06-05
2024-05-29,158211.0,159047.0,156861.0,158218.0,107289,49809,159754.0,848752.55,SILVERM,2024-06-05
2024-05-30,156459.0,158085.0,155404.0,156358.0,39674,64327,158143.0,1861004.19,SILVER,2024-06-05
2024-05-30,156435.0,158061.0,155380.0,156334.0,119022,64327,158119.0,930359.27,SILVERM,2024-06-05
2024-05-31,152511.0,153174.0,151836.0,152514.0,23105,20857,156358.0,1057150.79,SILVER,2024-06-05
2024-05-31,152569.0,153232.0,151894.0,152572.0,69315,20857,156416.0,528776.41,SILVERM,2024-06-05
2024-06-03,151168.0,152760.0,150637.0,151414.0,34739,52261,152514.0,1577991.28,SILVER,2024-06-05
2024-06-03,151149.0,152741.0,150618.0,151395.0,104217,52261,152495.0,788896.64,SILVERM,2024-06-05
2024-06-04,149374.0,149852.0,148247.0,149128.0,36969,26995,151414.0,1653933.91,SILVER,2024-06-05
2024-06-04,149328.0,149806.0,148201.0,149082.0,110907,26995,151368.0,826711.87,SILVERM,2024-06-05
2024-06-05,152110.0,153200.0,151097.0,152041.0,19497,23580,149128.0,889303.01,SILVER,2024-06-05
2024-06-05,152062.0,153152.0,151049.0,151993.0,58491,23580,149080.0,444511.13,SILVERM,2024-06-05
2024-06-06,153879.0,154303.0,153161.0,153873.0,6816,28240,152041.0,314639.51,SILVER,2024-06-05
2024-06-06,153747.0,154171.0,153029.0,153741.0,20448,28240,151909.0,157184.8,SILVERM,2024-06-05
2024-06-07,152378.0,153311.0,152055.0,152676.0,31483,56111,153873.0,1442009.55,SILVER,2024-06-05
2024-06-07,152421.0,153354.0,152098.0,152719.0,94449,56111,153916.0,721207.84,SILVERM,2024-06-05
2024-06-10,157178.0,157240.0,155965.0,156769.0,27159,44866,152676.0,1277306.78,SILVER,2024-06-05
2024-06-10,157113.0,157175.0,155900.0,156704.0,81477,44866,152611.0,638388.59,SILVERM,2024-06-05
2024-06-11,158816.0,159089.0,158236.0,158605.0,8849,22211,156769.0,421048.69,SILVER,2024-06-05
2024-06-11,158886.0,159159.0,158306.0,158675.0,26547,22211,156839.0,210617.26,SILVERM,2024-06-05
2024-06-12,157864.0,159601.0,156649.0,158038.0,26612,68985,158605.0,1261712.18,SILVER,2024-06-05
2024-06-12,157855.0,159592.0,156640.0,158029.0,79836,68985,158596.0,630820.16,SILVERM,2024-06-05
2024-06-13,153840.0,155041.0,152646.0,153533.0,38826,43268,158038.0,1788321.68,SILVER,2024-06-05
2024-06-13,153762.0,154963.0,152568.0,153455.0,116478,43268,157960.0,893706.57,SILVERM,2024-06-05
2024-06-14,157563.0,158232.0,157234.0,157720.0,23706,13646,153533.0,1121673.1,SILVER,2024-06-05
2024-06-14,157507.0,158176.0,157178.0,157664.0,71118,13646,153477.0,560637.42,SILVERM,2024-06-05
2024-06-17,154975.0,155863.0,154667.0,155218.0,29563,65371,157720.0,1376612.92,SILVER,2024-06-05
2024-06-17,154985.0,155873.0,154677.0,155228.0,88689,65371,157730.0,688350.8,SILVERM,2024-06-05
2024-06-18,152070.0,152965.0,151570.0,152301.0,9359,52816,155218.0,427615.52,SILVER,2024-06-05
2024-06-18,151976.0,152871.0,151476.0,152207.0,28077,52816,155124.0,213675.8,SILVERM,2024-06-05
2024-06-19,153613.0,154710.0,153613.0,154159.0,35669,54112,152301.0,1649609.21,SILVER,2024-06-05
2024-06-19,153642.0,154739.0,153642.0,154188.0,107007,54112,152330.0,824959.77,SILVERM,2024-06-05
2024-06-20,158788.0,159736.0,156829.0,158638.0,17809,61048,154159.0,847555.24,SILVER,2024-06-05
2024-06-20,158712.0,159660.0,156753.0,158562.0,53427,61048,154083.0,423574.6,SILVERM,2024-06-05
2024-06-21,160661.0,163586.0,159992.0,161251.0,86135,64911,158638.0,4166806.47,SILVER,2024-06-05
2024-06-21,160624.0,163549.0,159955.0,161214.0,258405,64911,158601.0,2082925.18,SILVERM,2024-06-05
2024-06-24,161948.0,162882.0,161948.0,162347.0,30635,11778,161251.0,1492050.1,SILVER,2024-06-05
2024-06-24,161958.0,162892.0,161958.0,162357.0,91905,11778,161261.0,746071.0,SILVERM,2024-06-05
2024-06-25,162831.0,163653.0,162831.0,163510.0,74462,55752,162347.0,3652584.49,SILVER,2024-06-05
2024-06-25,162854.0,163676.0,162854.0,163533.0,223386,55752,162370.0,1826549.14,SILVERM,2024-06-05
2024-06-26,165149.0,165653.0,164585.0,165178.0,17732,37289,163510.0,878680.89,SILVER,2024-06-05
2024-06-26,165189.0,165693.0,164625.0,165218.0,53196,37289,163550.0,439446.84,SILVERM,2024-06-05
2024-06-27,166628.0,167353.0,165322.0,166679.0,92522,54788,165178.0,4626442.33,SILVER,2024-06-05
2024-06-27,166563.0,167288.0,165257.0,166614.0,277566,54788,165113.0,2312319.08,SILVERM,2024-06-05
2024-06-28,167150.0,167955.0,166842.0,167259.0,53895,14747,166679.0,2704327.14,SILVER,2024-06-05
2024-06-28,167135.0,167940.0,166827.0,167244.0,161685,14747,166664.0,1352042.31,SILVERM,2024-06-05
2024-07-01,167147.0,169702.0,166585.0,167496.0,22718,10045,167259.0,1141552.24,SILVER,2024-08-05
2024-07-01,167202.0,169757.0,166640.0,167551.0,68154,10045,167314.0,570963.54,SILVERM,2024-08-05
2024-07-02,167015.0,167738.0,167015.0,167408.0,21705,17758,167496.0,1090077.19,SILVER,2024-08-05
2024-07-02,167000.0,167723.0,167000.0,167393.0,65115,17758,167481.0,544989.76,SILVERM,2024-08-05
2024-07-03,166131.0,167516.0,165015.0,165976.0,27082,33437,167408.0,1348488.61,SILVER,2024-08-05
2024-07-03,166146.0,167531.0,165030.0,165991.0,81246,33437,167423.0,674305.24,SILVERM,2024-08-05
2024-07-04,165285.0,166046.0,164734.0,165468.0,17342,29585,165976.0,860863.82,SILVER,2024-08-05
2024-07-04,165293.0,166054.0,164742.0,165476.0,52026,29585,165984.0,430452.72,SILVERM,2024-08-05
2024-07-05,162370.0,163603.0,160601.0,162268.0,17239,19854,165468.0,839201.42,SILVER,2024-08-05
2024-07-05,162435.0,163668.0,160666.0,162333.0,51717,19854,165533.0,419768.79,SILVERM,2024-08-05
2024-07-08,161828.0,163088.0,160874.0,162115.0,37274,62076,162268.0,1812802.35,SILVER,2024-08-05
2024-07-08,161805.0,163065.0,160851.0,162092.0,111822,62076,162245.0,906272.58,SILVERM,2024-08-05
2024-07-09,160348.0,161012.0,159693.0,160290.0,16419,66950,162115.0,789540.45,SILVER,2024-08-05
2024-07-09,160279.0,160943.0,159624.0,160221.0,49257,66950,162046.0,394600.29,SILVERM,2024-08-05
2024-07-10,158687.0,159053.0,157924.0,158274.0,20003,27349,160290.0,949786.45,SILVER,2024-08-05
2024-07-10,158639.0,159005.0,157876.0,158226.0,60009,27349,160242.0,474749.2,SILVERM,2024-08-05
2024-07-11,158825.0,159397.0,157413.0,158639.0,35866,31348,158274.0,1706923.91,SILVER,2024-08-05
2024-07-11,158834.0,159406.0,157422.0,158648.0,107598,31348,158283.0,853510.38,SILVERM,2024-08-05
2024-07-12,161133.0,161951.0,160636.0,161266.0,26988,44296,158639.0,1305674.04,SILVER,2024-08-05
2024-07-12,161055.0,161873.0,160558.0,161188.0,80964,44296,158561.0,652521.26,SILVERM,2024-08-05
2024-07-15,163119.0,163852.0,162413.0,163035.0,29908,29455,161266.0,1462815.23,SILVER,2024-08-05
2024-07-15,163092.0,163825.0,162386.0,163008.0,89724,29455,161239.0,731286.49,SILVERM,2024-08-05
2024-07-16,160033.0,161067.0,159173.0,160110.0,10674,64021,163035.0,512704.24,SILVER,2024-08-05
2024-07-16,160037.0,161071.0,159177.0,160114.0,32022,64021,163039.0,256358.53,SILVERM,2024-08-05
2024-07-17,158309.0,158611.0,158018.0,158306.0,10002,49293,160110.0,475012.98,SILVER,2024-08-05
2024-07-17,158271.0,158573.0,157980.0,158268.0,30006,49293,160072.0,237449.48,SILVERM,2024-08-05
2024-07-18,159980.0,160982.0,158814.0,160085.0,32567,56116,158306.0,1564046.46,SILVER,2024-08-05
2024-07-18,159996.0,160998.0,158830.0,160101.0,97701,56116,158322.0,782101.39,SILVERM,2024-08-05
2024-07-19,158242.0,158857.0,157692.0,158294.0,5910,50484,160085.0,280655.26,SILVER,2024-08-05
2024-07-19,158278.0,158893.0,157728.0,158330.0,17730,50484,160121.0,140359.55,SILVERM,2024-08-05
2024-07-22,157980.0,158232.0,157358.0,157913.0,34072,40215,158294.0,1614123.52,SILVER,2024-08-05
2024-07-22,158003.0,158255.0,157381.0,157936.0,102216,40215,158317.0,807179.31,SILVERM,2024-08-05
2024-07-23,158645.0,159714.0,157959.0,158961.0,38717,13404,157913.0,1846347.91,SILVER,2024-08-05
2024-07-23,158568.0,159637.0,157882.0,158884.0,116151,13404,157836.0,922726.77,SILVERM,2024-08-05
2024-07-24,156890.0,157411.0,156890.0,157209.0,26809,47260,158961.0,1264384.82,SILVER,2024-08-05
2024-07-24,156894.0,157415.0,156894.0,157213.0,80427,47260,158965.0,632208.5,SILVERM,2024-08-05
2024-07-25,156998.0,158007.0,156309.0,157435.0,31651,75642,157209.0,1494892.56,SILVER,2024-08-05
2024-07-25,157006.0,158015.0,156317.0,157443.0,94953,75642,157217.0,747484.26,SILVERM,2024-08-05
2024-07-26,154542.0,155914.0,154443.0,155038.0,21484,56009,157435.0,999250.92,SILVER,2024-08-05
2024-07-26,154523.0,155895.0,154424.0,155019.0,64452,56009,157416.0,499564.23,SILVERM,2024-08-05
2024-07-29,153612.0,154841.0,152991.0,153987.0,9646,39605,155038.0,445607.58,SILVER,2024-08-05
2024-07-29,153628.0,154857.0,153007.0,154003.0,28938,39605,155054.0,222826.94,SILVERM,2024-08-05
2024-07-30,154643.0,155276.0,153632.0,154594.0,7400,63205,153987.0,343198.68,SILVER,2024-08-05
2024-07-30,154657.0,155290.0,153646.0,154608.0,22200,63205,154001.0,171614.88,SILVERM,2024-08-05
2024-07-31,151511.0,153040.0,150984.0,151782.0,27185,47569,154594.0,1237858.1,SILVER,2024-08-05
2024-07-31,151506.0,153035.0,150979.0,151777.0,81555,47569,154589.0,618908.66,SILVERM,2024-08-05
2024-08-01,152752.0,153236.0,151703.0,152595.0,23727,15580,151782.0,1086186.47,SILVER,2024-08-05
2024-08-01,152702.0,153186.0,151653.0,152545.0,71181,15580,151732.0,542915.28,SILVERM,2024-08-05
2024-08-02,152602.0,153517.0,150987.0,152592.0,38120,15400,152595.0,1745042.11,SILVER,2024-08-05
2024-08-02,152601.0,153516.0,150986.0,152591.0,114360,15400,152594.0,872515.34,SILVERM,2024-08-05
2024-08-05,153005.0,154096.0,152835.0,153609.0,6018,49643,152592.0,277325.69,SILVER,2024-08-05
2024-08-05,153098.0,154189.0,152928.0,153702.0,18054,49643,152685.0,138746.8,SILVERM,2024-08-05
2024-08-06,154244.0,154522.0,153419.0,154043.0,22563,49015,153609.0,1042701.66,SILVER,2024-08-05
2024-08-06,154224.0,154502.0,153399.0,154023.0,67689,49015,153589.0,521283.14,SILVERM,2024-08-05
2024-08-07,156798.0,156818.0,156238.0,156544.0,10193,24974,154043.0,478695.9,SILVER,2024-08-05
2024-08-07,156850.0,156870.0,156290.0,156596.0,30579,24974,154095.0,239427.45,SILVERM,2024-08-05
2024-08-08,156493.0,157278.0,156162.0,156805.0,20701,24037,156544.0,973806.09,SILVER,2024-08-05
2024-08-08,156495.0,157280.0,156164.0,156807.0,62103,24037,156546.0,486909.26,SILVERM,2024-08-05
2024-08-09,156185.0,157862.0,155044.0,156054.0,8536,26167,156805.0,399623.08,SILVER,2024-08-05
2024-08-09,156145.0,157822.0,155004.0,156014.0,25608,26167,156765.0,199760.33,SILVERM,2024-08-05
2024-08-12,156041.0,158319.0,154464.0,156309.0,23886,53148,156054.0,1120079.03,SILVER,2024-08-05
2024-08-12,156026.0,158304.0,154449.0,156294.0,71658,53148,156039.0,559985.77,SILVERM,2024-08-05
2024-08-13,157365.0,157473.0,157065.0,157334.0,34410,31534,156309.0,1624158.88,SILVER,2024-08-05
2024-08-13,157364.0,157472.0,157064.0,157333.0,103230,31534,156308.0,812074.28,SILVERM,2024-08-05
2024-08-14,157058.0,157627.0,157058.0,157456.0,38744,66879,157334.0,1830142.58,SILVER,2024-08-05
2024-08-14,157091.0,157660.0,157091.0,157489.0,116232,66879,157367.0,915263.07,SILVERM,2024-08-05
2024-08-15,156998.0,158090.0,156550.0,157563.0,20957,75839,157456.0,990614.34,SILVER,2024-08-05
2024-08-15,157117.0,158209.0,156669.0,157682.0,62871,75839,157575.0,495681.25,SILVERM,2024-08-05
2024-08-16,156192.0,157487.0,155090.0,156312.0,37875,39756,157563.0,1776095.1,SILVER,2024-08-05
2024-08-16,156195.0,157490.0,155093.0,156315.0,113625,39756,157566.0,888064.59,SILVERM,2024-08-05
2024-08-19,155102.0,155676.0,154652.0,155141.0,6626,22683,156312.0,308389.28,SILVER,2024-08-05
2024-08-19,155040.0,155614.0,154590.0,155079.0,19878,22683,156250.0,154133.02,SILVERM,2024-08-05
2024-08-20,152536.0,153601.0,151687.0,152657.0,30279,59485,155141.0,1386690.39,SILVER,2024-08-05
2024-08-20,152453.0,153518.0,151604.0,152574.0,90837,59485,155058.0,692968.22,SILVERM,2024-08-05
2024-08-21,155465.0,156603.0,155118.0,155834.0,28072,21025,152657.0,1312371.61,SILVER,2024-08-05
2024-08-21,155444.0,156582.0,155097.0,155813.0,84216,21025,152636.0,656097.38,SILVERM,2024-08-05
2024-08-22,153500.0,154580.0,152851.0,153623.0,29692,28715,155834.0,1368412.23,SILVER,2024-08-05
2024-08-22,153444.0,154524.0,152795.0,153567.0,89076,28715,155778.0,683956.7,SILVERM,2024-08-05
2024-08-23,152501.0,153301.0,151915.0,152419.0,96605,27116,153623.0,4417331.25,SILVER,2024-08-05
2024-08-23,152529.0,153329.0,151943.0,152447.0,289815,27116,153651.0,2209071.37,SILVERM,2024-08-05
2024-08-26,151166.0,151307.0,150996.0,151180.0,93390,46744,152419.0,4235610.06,SILVER,2024-08-05
2024-08-26,151194.0,151335.0,151024.0,151208.0,280170,46744,152447.0,2118197.27,SILVERM,2024-08-05
2024-08-27,152853.0,153271.0,152096.0,152797.0,22022,12124,151180.0,1009468.66,SILVER,2024-08-05
2024-08-27,152846.0,153264.0,152089.0,152790.0,66066,12124,151173.0,504711.21,SILVERM,2024-08-05
2024-08-28,152100.0,152670.0,151897.0,152304.0,99687,48051,152797.0,4554818.65,SILVER,2024-08-05
2024-08-28,152133.0,152703.0,151930.0,152337.0,299061,48051,152830.0,2277902.78,SILVERM,2024-08-05
2024-08-29,154930.0,155530.0,153525.0,154568.0,36162,17176,152304.0,1676846.4,SILVER,2024-08-05
2024-08-29,154933.0,155533.0,153528.0,154571.0,108486,17176,152307.0,838439.48,SILVERM,2024-08-05
2024-08-30,153030.0,154758.0,151572.0,153391.0,13897,74818,154568.0,639502.42,SILVER,2024-08-05
2024-08-30,153123.0,154851.0,151665.0,153484.0,41691,74818,154661.0,319945.07,SILVERM,2024-08-05
2024-09-02,154073.0,154478.0,152504.0,153922.0,13308,28676,153391.0,614518.19,SILVER,2024-10-05
2024-09-02,154104.0,154509.0,152535.0,153953.0,39924,28676,153422.0,307320.98,SILVERM,2024-10-05
2024-09-03,152823.0,153470.0,151723.0,152463.0,26353,55177,153922.0,1205357.23,SILVER,2024-10-05
2024-09-03,152868.0,153515.0,151768.0,152508.0,79059,55177,153967.0,602856.5,SILVERM,2024-10-05
2024-09-04,156506.0,156932.0,154774.0,156355.0,20250,10997,152463.0,949856.62,SILVER,2024-10-05
2024-09-04,156434.0,156860.0,154702.0,156283.0,60750,10997,152391.0,474709.61,SILVERM,2024-10-05
2024-09-05,154176.0,155558.0,153661.0,154238.0,21427,69330,156355.0,991457.29,SILVER,2024-10-05
2024-09-05,154117.0,155499.0,153602.0,154179.0,64281,69330,156296.0,495539.01,SILVERM,2024-10-05
2024-09-06,154665.0,156105.0,153962.0,154828.0,38276,53769,154238.0,1777858.96,SILVER,2024-10-05
2024-09-06,154689.0,156129.0,153986.0,154852.0,114828,53769,154262.0,889067.27,SILVERM,2024-10-05
2024-09-09,156332.0,156835.0,155137.0,156008.0,11107,21231,154828.0,519834.26,SILVER,2024-10-05
2024-09-09,156255.0,156758.0,155060.0,155931.0,33321,21231,154751.0,259788.84,SILVERM,2024-10-05
2024-09-10,156349.0,157800.0,155017.0,156795.0,18476,65965,156008.0,869083.33,SILVER,2024-10-05
2024-09-10,156318.0,157769.0,154986.0,156764.0,55428,65965,155977.0,434455.75,SILVERM,2024-10-05
2024-09-11,156185.0,156708.0,155998.0,156489.0,8439,71517,156795.0,396183.2,SILVER,2024-10-05
2024-09-11,156244.0,156767.0,156057.0,156548.0,25317,71517,156854.0,198166.29,SILVERM,2024-10-05
2024-09-12,156161.0,157504.0,155736.0,156285.0,25312,37387,156489.0,1186765.78,SILVER,2024-10-05
2024-09-12,156129.0,157472.0,155704.0,156253.0,75936,37387,156457.0,593261.39,SILVERM,2024-10-05
2024-09-13,156784.0,156901.0,156161.0,156397.0,26795,14090,156285.0,1257197.28,SILVER,2024-10-05
2024-09-13,156724.0,156841.0,156101.0,156337.0,80385,14090,156225.0,628357.49,SILVERM,2024-10-05
2024-09-16,156280.0,157515.0,154733.0,156162.0,18136,34945,156397.0,849646.21,SILVER,2024-10-05
2024-09-16,156313.0,157548.0,154766.0,156195.0,54408,34945,156430.0,424912.88,SILVERM,2024-10-05
2024-09-17,157653.0,158612.0,157652.0,157958.0,19167,50239,156162.0,908274.3,SILVER,2024-10-05
2024-09-17,157757.0,158716.0,157756.0,158062.0,57501,50239,156266.0,454436.15,SILVERM,2024-10-05
2024-09-18,162014.0,162919.0,161326.0,162114.0,22300,13743,157958.0,1084542.66,SILVER,2024-10-05
2024-09-18,161974.0,162879.0,161286.0,162074.0,66900,13743,157918.0,542137.53,SILVERM,2024-10-05
2024-09-19,160899.0,161547.0,160350.0,161097.0,22182,40924,162114.0,1072036.1,SILVER,2024-10-05
2024-09-19,160960.0,161608.0,160411.0,161158.0,66546,40924,162175.0,536221.01,SILVERM,2024-10-05
2024-09-20,158353.0,159466.0,156911.0,158578.0,9971,20196,161097.0,474354.37,SILVER,2024-10-05
2024-09-20,158306.0,159419.0,156864.0,158531.0,29913,20196,161050.0,237106.89,SILVERM,2024-10-05
2024-09-23,158758.0,160093.0,157731.0,158448.0,31909,78860,158578.0,1516775.17,SILVER,2024-10-05
2024-09-23,158752.0,160087.0,157725.0,158442.0,95727,78860,158572.0,758358.87,SILVERM,2024-10-05
2024-09-24,162869.0,163538.0,162869.0,163318.0,24659,51400,158448.0,1208177.57,SILVER,2024-10-05
2024-09-24,162866.0,163535.0,162866.0,163315.0,73977,51400,158445.0,604077.69,SILVERM,2024-10-05
2024-09-25,162349.0,162349.0,160910.0,161828.0,36403,58795,163318.0,1767307.41,SILVER,2024-10-05
2024-09-25,162310.0,162310.0,160871.0,161789.0,109209,58795,163279.0,883440.75,SILVERM,2024-10-05
2024-09-26,165256.0,165658.0,164163.0,164983.0,38586,61553,161828.0,1909810.21,SILVER,2024-10-05
2024-09-26,165300.0,165702.0,164207.0,165027.0,115758,61553,161872.0,955159.77,SILVERM,2024-10-05
2024-09-27,168642.0,168642.0,167980.0,168275.0,15360,34111,164983.0,775411.2,SILVER,2024-10-05
2024-09-27,168565.0,168565.0,167903.0,168198.0,46080,34111,164906.0,387528.19,SILVERM,2024-10-05
2024-09-30,167071.0,168352.0,166595.0,167226.0,26424,73083,168275.0,1325633.95,SILVER,2024-10-05
2024-09-30,167081.0,168362.0,166605.0,167236.0,79272,73083,168285.0,662856.61,SILVERM,2024-10-05
2024-10-01,168322.0,169233.0,167547.0,168373.0,37499,71600,167226.0,1894145.74,SILVER,2024-10-05
2024-10-01,168376.0,169287.0,167601.0,168427.0,112497,71600,167280.0,947376.61,SILVERM,2024-10-05
2024-10-02,171141.0,172737.0,168742.0,171633.0,8065,60022,168373.0,415266.04,SILVER,2024-10-05
2024-10-02,171181.0,172777.0,168782.0,171673.0,24195,60022,168413.0,207681.41,SILVERM,2024-10-05
2024-10-03,170732.0,172513.0,169438.0,170911.0,8259,13199,171633.0,423466.18,SILVER,2024-10-05
2024-10-03,170757.0,172538.0,169463.0,170936.0,24777,13199,171658.0,211764.06,SILVERM,2024-10-05
2024-10-04,170709.0,170744.0,170117.0,170540.0,17300,60897,170911.0,885102.6,SILVER,2024-10-05
2024-10-04,170788.0,170823.0,170196.0,170619.0,51900,60897,170990.0,442756.3,SILVERM,2024-10-05
2024-10-07,169861.0,169943.0,169115.0,169422.0,38370,48038,170540.0,1950216.64,SILVER,2024-10-05
2024-10-07,169850.0,169932.0,169104.0,169411.0,115110,48038,170529.0,975045.01,SILVERM,2024-10-05
2024-10-08,167093.0,168641.0,166697.0,167464.0,9295,65038,169422.0,466973.36,SILVER,2024-10-05
2024-10-08,167017.0,168565.0,166621.0,167388.0,27885,65038,169346.0,233380.72,SILVERM,2024-10-05
2024-10-09,166114.0,167148.0,164260.0,166235.0,32209,17897,167464.0,1606278.93,SILVER,2024-10-05
2024-10-09,166121.0,167155.0,164267.0,166242.0,96627,17897,167471.0,803173.29,SILVERM,2024-10-05
2024-10-10,163864.0,164126.0,163627.0,163914.0,25927,74541,166235.0,1274939.48,SILVER,2024-10-05
2024-10-10,163858.0,164120.0,163621.0,163908.0,77781,74541,166229.0,637446.41,SILVERM,2024-10-05
2024-10-11,163555.0,164139.0,163555.0,164012.0,39579,24892,163914.0,1947429.28,SILVER,2024-10-05
2024-10-11,163449.0,164033.0,163449.0,163906.0,118737,24892,163808.0,973085.34,SILVERM,2024-10-05
2024-10-14,162773.0,164042.0,161404.0,162580.0,14032,18271,164012.0,684396.77,SILVER,2024-10-05
2024-10-14,162717.0,163986.0,161348.0,162524.0,42096,18271,163956.0,342080.52,SILVERM,2024-10-05
2024-10-15,162821.0,163908.0,161731.0,163057.0,32718,34815,162580.0,1600469.68,SILVER,2024-10-05
2024-10-15,162758.0,163845.0,161668.0,162994.0,98154,34815,162517.0,799925.65,SILVERM,2024-10-05
2024-10-16,160097.0,160770.0,159914.0,160160.0,17877,55612,163057.0,858954.1,SILVER,2024-10-05
2024-10-16,160056.0,160729.0,159873.0,160119.0,53631,55612,163016.0,429367.1,SILVERM,2024-10-05
2024-10-17,160666.0,162218.0,159901.0,160812.0,31666,43357,160160.0,1527681.84,SILVER,2024-10-05
2024-10-17,160648.0,162200.0,159883.0,160794.0,94998,43357,160142.0,763755.42,SILVERM,2024-10-05
2024-10-18,162159.0,162583.0,162145.0,162415.0,11766,26267,160812.0,573292.47,SILVER,2024-10-05
2024-10-18,162143.0,162567.0,162129.0,162399.0,35298,26267,160796.0,286618.0,SILVERM,2024-10-05
2024-10-21,158715.0,159425.0,157837.0,158717.0,69572,28268,162415.0,3312677.74,SILVER,2024-10-05
2024-10-21,158676.0,159386.0,157798.0,158678.0,208716,28268,162376.0,1655931.87,SILVERM,2024-10-05
2024-10-22,159375.0,160277.0,158241.0,159443.0,63052,24263,158717.0,3015960.01,SILVER,2024-10-05
2024-10-22,159312.0,160214.0,158178.0,159380.0,189156,24263,158654.0,1507384.16,SILVERM,2024-10-05
2024-10-23,161654.0,162543.0,160737.0,161774.0,75255,69660,159443.0,3652290.71,SILVER,2024-10-05
2024-10-23,161673.0,162562.0,160756.0,161793.0,225765,69660,159462.0,1826359.83,SILVERM,2024-10-05
2024-10-24,159310.0,160083.0,159084.0,159543.0,98582,75527,161774.0,4718420.41,SILVER,2024-10-05
2024-10-24,159316.0,160089.0,159090.0,159549.0,295746,75527,161780.0,2359298.93,SILVERM,2024-10-05
2024-10-25,162821.0,163796.0,161753.0,162717.0,52330,73379,159543.0,2554494.18,SILVER,2024-10-05
2024-10-25,162828.0,163803.0,161760.0,162724.0,156990,73379,159550.0,1277302.04,SILVERM,2024-10-05
2024-10-28,164087.0,164087.0,163066.0,163547.0,76785,51271,162717.0,3767386.92,SILVER,2024-10-05
2024-10-28,164176.0,164176.0,163155.0,163636.0,230355,51271,162806.0,1884718.54,SILVERM,2024-10-05
2024-10-29,162287.0,163056.0,161146.0,162241.0,18880,76612,163547.0,918933.02,SILVER,2024-10-05
2024-10-29,162295.0,163064.0,161154.0,162249.0,56640,76612,163555.0,459489.17,SILVERM,2024-10-05
2024-10-30,162492.0,162492.0,161824.0,162169.0,48185,17235,162241.0,2344233.98,SILVER,2024-10-05
2024-10-30,162474.0,162474.0,161806.0,162151.0,144555,17235,162223.0,1171986.89,SILVERM,2024-10-05
2024-10-31,162807.0,164030.0,162807.0,163261.0,85625,26417,162169.0,4193766.94,SILVER,2024-10-05
2024-10-31,162802.0,164025.0,162802.0,163256.0,256875,26417,162164.0,2096819.25,SILVERM,2024-10-05
2024-11-01,163491.0,163692.0,163188.0,163439.0,7808,44609,163261.0,382839.51,SILVER,2024-12-05
2024-11-01,163496.0,163697.0,163193.0,163444.0,23424,44609,163266.0,191425.61,SILVERM,2024-12-05
2024-11-04,164142.0,166230.0,163705.0,164503.0,20295,43902,163439.0,1001576.52,SILVER,2024-12-05
2024-11-04,164173.0,166261.0,163736.0,164534.0,60885,43902,163470.0,500882.63,SILVERM,2024-12-05
2024-11-05,162299.0,164356.0,161570.0,162780.0,19669,33645,164503.0,960515.95,SILVER,2024-12-05
2024-11-05,162297.0,164354.0,161568.0,162778.0,59007,33645,164501.0,480252.07,SILVERM,2024-12-05
2024-11-06,162894.0,163795.0,162112.0,163135.0,15523,72873,162780.0,759703.38,SILVER,2024-12-05
2024-11-06,162797.0,163698.0,162015.0,163038.0,46569,72873,162683.0,379625.83,SILVERM,2024-12-05
2024-11-07,160885.0,161425.0,159467.0,160502.0,18769,74558,163135.0,903738.61,SILVER,2024-12-05
2024-11-07,160863.0,161403.0,159445.0,160480.0,56307,74558,163113.0,451807.37,SILVERM,2024-12-05
2024-11-08,160632.0,160659.0,160026.0,160327.0,30207,72233,160502.0,1452899.31,SILVER,2024-12-05
2024-11-08,160632.0,160659.0,160026.0,160327.0,90621,72233,160502.0,726449.65,SILVERM,2024-12-05
2024-11-11,158757.0,159422.0,158091.0,158680.0,30557,33401,160327.0,1454635.43,SILVER,2024-12-05
2024-11-11,158822.0,159487.0,158156.0,158745.0,91671,33401,160392.0,727615.64,SILVERM,2024-12-05
2024-11-12,156876.0,157876.0,156642.0,157358.0,19246,17771,158680.0,908553.62,SILVER,2024-12-05
2024-11-12,156837.0,157837.0,156603.0,157319.0,57738,17771,158641.0,454164.22,SILVERM,2024-12-05
2024-11-13,159612.0,161342.0,157976.0,159674.0,17846,51335,157358.0,854862.66,SILVER,2024-12-05
2024-11-13,159530.0,161260.0,157894.0,159592.0,53538,51335,157276.0,427211.82,SILVERM,2024-12-05
2024-11-14,161849.0,162263.0,161502.0,161752.0,18470,77449,159674.0,896267.83,SILVER,2024-12-05
2024-11-14,161852.0,162266.0,161505.0,161755.0,55410,77449,159677.0,448142.23,SILVERM,2024-12-05
2024-11-15,162995.0,164633.0,162163.0,162937.0,18176,11942,161752.0,888462.87,SILVER,2024-12-05
2024-11-15,163038.0,164676.0,162206.0,162980.0,54528,11942,161795.0,444348.67,SILVERM,2024-12-05
2024-11-18,160316.0,162367.0,159533.0,160909.0,18546,30388,162937.0,895265.49,SILVER,2024-12-05
2024-11-18,160296.0,162347.0,159513.0,160889.0,55638,30388,162917.0,447577.11,SILVERM,2024-12-05
2024-11-19,160065.0,161677.0,158898.0,160350.0,11805,67042,160909.0,567879.52,SILVER,2024-12-05
2024-11-19,160184.0,161796.0,159017.0,160469.0,35415,67042,161028.0,284150.48,SILVERM,2024-12-05
2024-11-20,162646.0,164931.0,161647.0,162667.0,21788,63740,160350.0,1063256.58,SILVER,2024-12-05
2024-11-20,162753.0,165038.0,161754.0,162774.0,65364,63740,160457.0,531977.99,SILVERM,2024-12-05
2024-11-21,163144.0,164429.0,162455.0,162969.0,34348,75873,162667.0,1679297.76,SILVER,2024-12-05
2024-11-21,163140.0,164425.0,162451.0,162965.0,103044,75873,162663.0,839628.27,SILVERM,2024-12-05
2024-11-22,166733.0,168055.0,166115.0,167469.0,13080,57024,162969.0,657148.36,SILVER,2024-12-05
2024-11-22,166742.0,168064.0,166124.0,167478.0,39240,57024,162978.0,328591.84,SILVERM,2024-12-05
2024-11-25,168218.0,169164.0,167647.0,168272.0,28764,33450,167469.0,1452052.74,SILVER,2024-12-05
2024-11-25,168286.0,169232.0,167715.0,168340.0,86292,33450,167537.0,726319.76,SILVERM,2024-12-05
2024-11-26,168732.0,170463.0,166768.0,168683.0,11630,66965,168272.0,588534.99,SILVER,2024-12-05
2024-11-26,168728.0,170459.0,166764.0,168679.0,34890,66965,168268.0,294260.52,SILVERM,2024-12-05
2024-11-27,168397.0,169839.0,166460.0,168111.0,38333,20057,168683.0,1933259.69,SILVER,2024-12-05
2024-11-27,168357.0,169799.0,166420.0,168071.0,114999,20057,168643.0,966399.85,SILVERM,2024-12-05
2024-11-28,168640.0,169078.0,167516.0,168407.0,20701,18983,168111.0,1045857.99,SILVER,2024-12-05
2024-11-28,168684.0,169122.0,167560.0,168451.0,62103,18983,168155.0,523065.62,SILVERM,2024-12-05
2024-11-29,168338.0,168338.0,167874.0,168142.0,19859,29995,168407.0,1001739.59,SILVER,2024-12-05
2024-11-29,168361.0,168361.0,167897.0,168165.0,59577,29995,168430.0,500938.31,SILVERM,2024-12-05
2024-12-02,169298.0,170616.0,168639.0,169570.0,26183,48886,168142.0,1331955.39,SILVER,2025-02-05
2024-12-02,169258.0,170576.0,168599.0,169530.0,78549,48886,168102.0,665820.6,SILVERM,2025-02-05
2024-12-03,170851.0,172168.0,170851.0,171506.0,36749,12673,169570.0,1890802.2,SILVER,2025-02-05
2024-12-03,170865.0,172182.0,170865.0,171520.0,110247,12673,169584.0,945478.27,SILVERM,2025-02-05
2024-12-04,169842.0,170450.0,169000.0,169976.0,36887,44890,171506.0,1880971.41,SILVER,2025-02-05
2024-12-04,169834.0,170442.0,168992.0,169968.0,110661,44890,171498.0,940441.44,SILVERM,2025-02-05
2024-12-05,167728.0,168747.0,166061.0,167393.0,13776,33466,169976.0,691801.79,SILVER,2025-02-05
2024-12-05,167709.0,168728.0,166042.0,167374.0,41328,33466,169957.0,345861.63,SILVERM,2025-02-05
2024-12-06,164339.0,164339.0,163445.0,163882.0,20021,60406,167393.0,984324.46,SILVER,2025-02-05
2024-12-06,164300.0,164300.0,163406.0,163843.0,60063,60406,167354.0,492045.11,SILVERM,2025-02-05
2024-12-09,165123.0,165581.0,164043.0,164889.0,9327,13688,163882.0,461375.91,SILVER,2025-02-05
2024-12-09,165129.0,165587.0,164049.0,164895.0,27981,13688,163888.0,230696.35,SILVERM,2025-02-05
2024-12-10,162955.0,163235.0,161918.0,162816.0,12614,79284,164889.0,616128.31,SILVER,2025-02-05
2024-12-10,162942.0,163222.0,161905.0,162803.0,37842,79284,164876.0,308039.56,SILVERM,2025-02-05
2024-12-11,158935.0,159864.0,157244.0,158814.0,6245,23665,162816.0,297538.03,SILVER,2025-02-05
2024-12-11,158949.0,159878.0,157258.0,158828.0,18735,23665,162830.0,148782.13,SILVERM,2025-02-05
2024-12-12,159390.0,159786.0,159308.0,159568.0,15355,30641,158814.0,735049.99,SILVER,2025-02-05
2024-12-12,159431.0,159827.0,159349.0,159609.0,46065,30641,158855.0,367619.43,SILVERM,2025-02-05
2024-12-13,164263.0,164978.0,163606.0,164306.0,38305,42500,159568.0,1888122.4,SILVER,2025-02-05
2024-12-13,164275.0,164990.0,163618.0,164318.0,114915,42500,159580.0,944130.15,SILVERM,2025-02-05
2024-12-16,164877.0,165439.0,163777.0,164328.0,34714,45797,164306.0,1711344.66,SILVER,2025-02-05
2024-12-16,164889.0,165451.0,163789.0,164340.0,104142,45797,164318.0,855734.81,SILVERM,2025-02-05
2024-12-17,165663.0,167857.0,164267.0,165976.0,22198,55950,164328.0,1105300.57,SILVER,2025-02-05
2024-12-17,165636.0,167830.0,164240.0,165949.0,66594,55950,164301.0,552560.39,SILVERM,2025-02-05
2024-12-18,166705.0,166705.0,165516.0,166168.0,6415,35046,165976.0,319790.32,SILVER,2025-02-05
2024-12-18,166764.0,166764.0,165575.0,166227.0,19245,35046,166035.0,159951.93,SILVERM,2025-02-05
2024-12-19,165904.0,166138.0,165703.0,166010.0,6652,19638,166168.0,331289.56,SILVER,2025-02-05
2024-12-19,165862.0,166096.0,165661.0,165968.0,19956,19638,166126.0,165602.87,SILVERM,2025-02-05
2024-12-20,168277.0,169408.0,166172.0,167832.0,25446,31173,166010.0,1281195.92,SILVER,2025-02-05
2024-12-20,168196.0,169327.0,166091.0,167751.0,76338,31173,165929.0,640288.79,SILVERM,2025-02-05
2024-12-23,166829.0,167674.0,166829.0,167300.0,59350,23222,167832.0,2978776.5,SILVER,2025-02-05
2024-12-23,166775.0,167620.0,166775.0,167246.0,178050,23222,167778.0,1488907.52,SILVERM,2025-02-05
2024-12-24,168053.0,168390.0,167380.0,167856.0,22025,60064,167300.0,1109108.52,SILVER,2025-02-05
2024-12-24,168105.0,168442.0,167432.0,167908.0,66075,60064,167352.0,554726.06,SILVERM,2025-02-05
2024-12-25,168272.0,169346.0,168218.0,168521.0,53922,47010,167856.0,2726096.81,SILVER,2025-02-05
2024-12-25,168295.0,169369.0,168241.0,168544.0,161766,47010,167879.0,1363234.44,SILVERM,2025-02-05
2024-12-26,166774.0,168038.0,166571.0,167248.0,98297,28095,168521.0,4931993.0,SILVER,2025-02-05
2024-12-26,166840.0,168104.0,166637.0,167314.0,294891,28095,168587.0,2466969.64,SILVERM,2025-02-05
2024-12-27,169301.0,170159.0,168585.0,169227.0,46460,11439,167248.0,2358685.93,SILVER,2025-02-05
2024-12-27,169235.0,170093.0,168519.0,169161.0,139380,11439,167182.0,1178883.01,SILVERM,2025-02-05
2024-12-30,169258.0,169258.0,168780.0,168917.0,79457,15375,169227.0,4026491.42,SILVER,2025-02-05
2024-12-30,169374.0,169374.0,168896.0,169033.0,238371,15375,169343.0,2014628.26,SILVERM,2025-02-05
2024-12-31,167186.0,168463.0,165873.0,167469.0,96322,30600,168917.0,4839284.71,SILVER,2025-02-05
2024-12-31,167172.0,168449.0,165859.0,167455.0,288966,30600,168903.0,2419440.08,SILVERM,2025-02-05
