trade_date,open,high,low,close,volume_lots,open_interest,prev_close,value_lakh,symbol,expiry_date,SMA_10,SMA_20,SMA_50,SMA_200,EMA_12,EMA_26,RSI,MACD,MACD_signal,MACD_hist,BB_upper,BB_lower,BB_middle,BB_width,BB_pct,high_low,high_close,low_close,true_range,ATR,pct_return,candle_body,upper_wick,lower_wick,daily_range,daily_range_pct,price_in_range,momentum_5,momentum_10,price_vs_sma20,price_vs_sma50,volume_MA_20,volume_MA_50,volume_change,volume_change_MA,volume_spike_ratio,is_volume_spike,volume_momentum,OI_change,OI_change_pct,OI_MA_20,OI_momentum,price_oi_bullish,rsi_oversold,rsi_overbought,vol_spike,oi_increasing,price_near_bb_lower,macd_bullish,strong_entry_signal,high_next_n,close_next_n,return_next_n_pct,target
2020-01-01,68173.0,68440.0,67485.0,68000.0,15559,19471,68000.0,317403.6,SILVER,2020-02-05,,,,,68000.0,68000.0,,0.0,0.0,0.0,,,,,,955.0,,,955.0,,,173.0,267.0,515.0,955.0,1.4044117647058822,0.5392670157068062,,,,,,,,,,0,0,,,,,0,0,0,0,0,0,0,0,,69930.0,2.8382352941176467,1
2020-01-02,68501.0,68548.0,68248.0,68412.0,25157,16163,68000.0,516312.21,SILVER,2020-02-05,,,,,68063.38461538462,68030.51851851853,,32.866096866098815,6.5732193732197635,26.29287749287905,,,,,,300.0,548.0,248.0,548.0,,0.6058823529411672,89.0,47.0,164.0,300.0,0.43851955797228553,0.5466666666666666,,,,,,,61.68776913683398,,,0,25157,-3308.0,-16.989368804889327,,,0,0,0,0,0,0,1,0,,69757.0,1.966029351575747,1
2020-01-03,68163.0,68860.0,67792.0,68319.0,11618,73087,68412.0,238119.04,SILVER,2020-02-05,,,,,68102.7100591716,68051.88751714678,,50.822542024819995,15.423083903539812,35.39945812128018,,,,,,1068.0,448.0,620.0,1068.0,,-0.13594106297141195,156.0,541.0,371.0,1068.0,1.5632547314802618,0.4934456928838951,,,,,,,-53.81802281671105,,,0,0,56924.0,352.1870939800779,,,0,0,0,0,1,0,0,0,,71070.0,4.026698283054494,1
2020-01-06,68826.0,69292.0,68664.0,68853.0,11780,72071,68319.0,243326.5,SILVER,2020-02-05,,,,,68218.13928083751,68111.22918254332,,106.91009829418908,33.72048678166967,73.1896115125194,,,,,,628.0,973.0,345.0,973.0,,0.7816273657401229,27.0,439.0,162.0,628.0,0.9120880716889604,0.30095541401273884,,,,,,,1.3943880185918411,,,0,11780,-1016.0,-1.3901240986769148,,,0,0,0,0,0,0,0,0,,71726.0,4.172657691022904,1
2020-01-07,70103.0,70943.0,69511.0,70104.0,32050,26065,68853.0,674049.96,SILVER,2020-02-05,,,,,68508.2716991702,68258.84183568826,,249.42986348194245,76.86236212172423,172.56750136021822,,,,,,1432.0,2090.0,658.0,2090.0,,1.8169142956733886,1.0,839.0,592.0,1432.0,2.042679447677736,0.41410614525139666,,,,,,,172.07130730050935,,,0,32050,-46006.0,-63.8342745348337,,,0,0,0,0,0,0,0,0,,71352.0,1.780212256076686,1
2020-01-08,70014.0,70345.0,69436.0,69930.0,13015,58348,70104.0,273041.68,SILVER,2020-02-05,,,,,68726.9991300671,68382.63132934098,,344.36780072611873,130.36344984260313,214.0043508835156,,,,,,909.0,241.0,668.0,909.0,,-0.24820267031838705,84.0,331.0,494.0,909.0,1.2998712998712998,0.5434543454345434,1930.0,,,,,,-59.39157566302652,,,0,0,32283.0,123.855745252254,,7775.4,0,0,0,0,1,0,0,0,,71822.0,2.7055627055627056,1
2020-01-09,69850.0,70105.0,69340.0,69757.0,8130,29154,69930.0,170137.32,SILVER,2020-02-05,,,,,68885.46080236447,68484.43641605646,,401.02438630801043,184.4956371356846,216.52874917232583,,,,,,765.0,175.0,590.0,765.0,,-0.2473902473902445,93.0,255.0,417.0,765.0,1.0966641340653984,0.5450980392156862,1345.0,,,,,,-37.533615059546676,,,0,0,-29194.0,-50.03427709604442,,2598.2,0,0,0,0,0,0,0,0,,71453.0,2.43129721748355,1
2020-01-10,70966.0,71814.0,70686.0,71070.0,33083,30229,69757.0,705362.64,SILVER,2020-02-05,,,,,69221.54375584685,68675.95964449672,,545.5841113501374,256.7133319785752,288.8707793715622,,,,,,1128.0,2057.0,929.0,2057.0,,1.882248376507012,104.0,744.0,280.0,1128.0,1.587167581257915,0.3404255319148936,2751.0,,,,,,306.9249692496925,,,0,33083,1075.0,3.687315634218291,,-8571.6,1,0,0,0,1,0,0,0,,71083.0,0.018291824961305755,0
2020-01-13,71738.0,72375.0,71186.0,71726.0,21480,62587,71070.0,462202.34,SILVER,2020-02-05,,,,,69606.8447164858,68901.88855971918,,704.9561567666096,346.3618969361821,358.5942598304275,,,,,,1189.0,1305.0,116.0,1305.0,,0.9230336288166496,12.0,637.0,540.0,1189.0,1.6576973482419206,0.4541631623212784,2873.0,,,,,,-35.07239367651059,,,0,21480,32358.0,107.0429058189156,,-1896.8,1,0,0,0,1,0,0,0,,71301.0,-0.5925326938627555,0
2020-01-14,71417.0,71932.0,70702.0,71352.0,16528,59713,71726.0,353791.76,SILVER,2020-02-05,69752.3,,,,69875.33014471876,69083.37829603627,,791.9518486824818,435.4798872854421,356.4719613970397,,,,,,1230.0,206.0,1024.0,1230.0,,-0.5214287705992193,65.0,515.0,650.0,1230.0,1.7238479650184997,0.5284552845528455,1248.0,,,,,,-23.05400372439479,,,0,0,-2874.0,-4.592007924968444,,6729.6,0,0,0,0,0,0,0,0,72375.0,69746.0,-2.250812871398139,0
2020-01-15,72031.0,72097.0,71570.0,71822.0,10914,36997,71352.0,235159.59,SILVER,2020-02-05,70134.5,,,,70174.81781476202,69286.23916299656,,888.5786517654633,526.0996401814464,362.4790115840169,,,,,,527.0,745.0,218.0,745.0,,0.6587061329745403,209.0,66.0,252.0,527.0,0.7337584584110718,0.4781783681214421,1892.0,3822.0,,,,,-33.966602129719256,29.924222063571875,,0,10914,-22716.0,-38.041967410781574,,-4270.2,0,0,0,0,0,0,0,0,72375.0,68375.0,-4.799365097045474,0
2020-01-16,71553.0,71573.0,71280.0,71453.0,16179,31101,71822.0,346811.43,SILVER,2020-02-05,70438.6,,,,70371.46122787555,69446.73996573755,,924.7212621380022,605.8239645727575,318.8972975652447,,,,,,293.0,249.0,542.0,542.0,,-0.5137701539918105,100.0,20.0,173.0,293.0,0.41005975956222973,0.590443686006826,1696.0,3041.0,,,,,48.24079164376032,28.579524314264507,,0,0,-5896.0,-15.9364272778874,,389.4,0,0,0,0,0,0,0,0,72375.0,67945.0,-4.909520943837207,0
2020-01-17,71195.0,71195.0,70899.0,71083.0,25472,50391,71453.0,543187.85,SILVER,2020-02-05,70715.0,,,,70480.92873127932,69567.94441271995,,912.9843185593636,667.2560353700787,245.72828318928487,,,,,,296.0,258.0,554.0,554.0,,-0.5178229045666338,112.0,0.0,184.0,296.0,0.41641461390205814,0.6216216216216216,13.0,2764.0,,,,,57.43865504666543,39.705192100602154,,0,0,19290.0,62.0237291405421,,4032.4,0,0,0,0,1,0,0,0,72375.0,67165.0,-5.5118664096900805,0
2020-01-20,71313.0,71516.0,70899.0,71301.0,17076,69405,71083.0,365260.76,SILVER,2020-02-05,70959.8,,,,70607.09354185173,69696.31890066662,75.76088653035742,910.7746411851112,715.9597565330853,194.81488465202597,,,,,,617.0,433.0,184.0,617.0,1025.5714285714287,0.30668373591435927,12.0,203.0,402.0,617.0,0.8653455070756371,0.6515397082658023,-425.0,2448.0,,,,,-32.96168341708543,36.26958495703443,,0,17076,19014.0,37.73292849913674,,1363.6,1,0,1,0,1,0,0,0,72097.0,67428.0,-5.431901375857281,0
2020-01-21,69943.0,69943.0,69436.0,69746.0,29783,44948,71301.0,623173.54,SILVER,2020-02-05,70924.0,,,,70474.61761233608,69699.99898209872,60.96458176337603,774.6186302373535,727.691531273939,46.92709896341455,,,,,,507.0,1358.0,1865.0,1865.0,1090.5714285714287,-2.180895078610401,197.0,0.0,310.0,507.0,0.7269234077939953,0.611439842209073,-1606.0,-358.0,,,,,74.41438275942845,26.50389250292634,,0,0,-24457.0,-35.238095238095234,,-2953.0,0,0,0,0,0,0,0,0,72097.0,66735.0,-4.317093453388008,0
2020-01-22,68431.0,68538.0,68154.0,68375.0,18824,63031,69746.0,386127.3,SILVER,2020-02-05,70768.5,,,,70151.59951813053,69601.85090935067,49.79262414527519,549.7486087798607,692.1029467751233,-142.35433799526265,,,,,,384.0,1208.0,1592.0,1592.0,1165.142857142857,-1.965704126401513,56.0,107.0,221.0,384.0,0.5616087751371115,0.5755208333333334,-3447.0,-1555.0,,,,,-36.79615888258403,28.763434180970584,,0,0,18083.0,40.230933523182344,,5206.8,0,0,0,0,1,0,0,0,71573.0,65663.0,-3.96636197440585,0
2020-01-23,67828.0,68496.0,67555.0,67945.0,9299,47921,68375.0,189546.17,SILVER,2020-02-05,70587.3,,,,69812.12266918737,69479.12121236173,47.980125297040395,333.0014568256447,620.2826487852276,-287.2811919595829,,,,,,941.0,121.0,820.0,941.0,1156.0714285714287,-0.6288848263254154,117.0,551.0,273.0,941.0,1.3849437044668482,0.41445270988310307,-3508.0,-1812.0,,,,,-50.60029749256268,27.456765937668983,,0,0,-15110.0,-23.972331075185227,,3364.0,0,0,0,0,0,0,0,0,71516.0,66811.0,-1.668996982853779,0
2020-01-24,67354.0,67484.0,66548.0,67165.0,13118,38460,67945.0,264321.14,SILVER,2020-02-05,70196.8,,,,69404.87302777394,69307.70482626086,41.119528619528616,97.16820151307911,515.6597593307979,-418.4915578177188,,,,,,936.0,461.0,1397.0,1397.0,1186.357142857143,-1.1479873427036602,189.0,130.0,617.0,936.0,1.3935829673192883,0.6591880341880342,-3918.0,-3905.0,,,,,41.06893214324121,0.8711622270238593,,0,0,-9461.0,-19.742910206381335,,-2386.2,0,0,0,0,0,0,0,0,71516.0,66652.0,-0.7637906647807639,0
2020-01-27,67523.0,67826.0,67115.0,67428.0,15756,31071,67165.0,318718.67,SILVER,2020-02-05,69767.0,,,,69100.73871580872,69168.46743172302,34.288398309065286,-67.72871591430157,398.98206428177804,-466.7107801960796,,,,,,711.0,661.0,50.0,711.0,1087.857142857143,0.3915729918856581,95.0,303.0,313.0,711.0,1.0544580886278698,0.44022503516174405,-3873.0,-4298.0,,,,,20.109772831224284,6.389378877797347,,0,15756,-7389.0,-19.21216848673947,,-7666.8,0,0,0,0,0,0,0,0,69943.0,66721.0,-1.048525834964703,0
2020-01-28,66676.0,67324.0,66087.0,66735.0,12953,76118,67428.0,259325.54,SILVER,2020-02-05,69305.3,69528.8,,,68736.77891337662,68988.21058492872,32.31876037631433,-251.43167155209812,268.8993171150028,-520.3309886671009,72862.40412514113,66195.19587485888,69528.8,6667.208250282245,0.08096404145142277,1237.0,104.0,1341.0,1341.0,1118.7142857142858,-1.0277629471436178,59.0,589.0,589.0,1237.0,1.853600059938563,0.5238480194017785,-3011.0,-4617.0,-4.018191023000544,,17888.7,,-17.790048235592792,6.9157744266775465,0.7240883909954329,0,0,45047.0,144.980850310579,46816.55,6234.0,0,0,0,0,1,1,0,0,68538.0,65639.0,-1.6423166254589048,0
2020-01-29,65600.0,66034.0,65328.0,65663.0,20185,58282,66735.0,397622.3,SILVER,2020-02-05,68689.4,69411.95,,,68263.88984978021,68741.8986897488,29.39400040265754,-478.00883996859193,119.51768569828386,-597.5265256668758,73114.5935776561,65709.3064223439,69411.95,7405.287155312195,-0.006253156882739061,706.0,701.0,1407.0,1407.0,1164.5714285714287,-1.6063534876751384,63.0,371.0,272.0,706.0,1.0751869393722493,0.4745042492917847,-2712.0,-6159.0,-5.401015243052525,,18120.0,,55.83262564656837,15.89569720430631,1.113962472406181,0,0,-17836.0,-23.432039727791064,48757.1,-949.8,0,1,0,0,0,1,0,0,68496.0,65241.0,-0.6426754793414861,0
2020-01-30,66850.0,66865.0,66757.0,66811.0,19674,68445,65663.0,394331.88,SILVER,2020-02-05,68225.2,69331.9,,,68040.36833442941,68598.86915717482,28.201453577643562,-558.5008227454091,-16.086015990454726,-542.4148067549544,73191.47008241237,65472.32991758761,69331.9,7719.140164824763,0.17342217576415533,108.0,1202.0,1094.0,1202.0,1103.5,1.7483209722370274,39.0,15.0,54.0,108.0,0.16165002769005105,0.5,-1134.0,-4642.0,-3.6359886286110643,,17845.85,,-2.5315828585583344,10.818459754074443,1.1024411838046382,0,19674,10163.0,17.437630829415607,51371.2,4104.8,1,1,0,0,1,1,0,0,67826.0,65342.0,-2.1987397284878236,0
2020-01-31,66714.0,66881.0,66490.0,66652.0,38927,64816,66811.0,778368.72,SILVER,2020-02-05,67782.1,69248.55,,,67826.77320605566,68454.65662701373,22.638050043140638,-627.8834209580673,-138.44549698397725,-489.43792397409004,73268.87438989693,65228.22561010307,69248.55,8040.6487797938535,0.17707207824757523,391.0,70.0,321.0,391.0,1038.2142857142858,-0.23798476298813043,62.0,167.0,162.0,391.0,0.5866290583928464,0.4143222506393862,-513.0,-4431.0,-3.7496091975933106,,19211.3,,97.8601199552709,14.86060624493499,2.0262553809476715,1,0,-3629.0,-5.302067353349404,50957.65,5271.2,0,1,0,1,0,1,0,0,67826.0,64488.0,-3.246714277140971,0
2020-02-03,66748.0,67078.0,66243.0,66721.0,5386,13060,66652.0,107807.79,SILVER,2020-02-05,67324.1,69141.95,,,67656.65425127787,68326.23761760531,24.17753986840637,-669.5833663274389,-244.67307085266958,-424.91029547476927,73316.53644532291,64967.36355467708,69141.95,8349.17289064583,0.21003714598935197,835.0,426.0,409.0,835.0,1010.0,0.10352277501051166,27.0,330.0,478.0,835.0,1.251480043764332,0.5724550898203593,-707.0,-4580.0,-3.501419904992551,,18891.6,,-86.16384514604259,9.540390072039274,0.28510025619852214,0,5386,-51756.0,-79.8506541594668,48007.1,-3602.2,0,1,0,0,0,0,0,0,67324.0,64787.0,-2.8986376103475666,0
2020-02-04,65680.0,65808.0,65531.0,65639.0,31617,23731,66721.0,622592.48,SILVER,2020-02-05,66913.4,68918.7,,,67346.24590492743,68127.18297926418,17.726276229251482,-780.9370743367472,-351.9258715494851,-429.01120278726205,73346.53953971616,64490.86046028383,68918.7,8855.679079432331,0.1296500843603026,277.0,913.0,1190.0,1190.0,1041.7857142857142,-1.6216783321592931,41.0,128.0,108.0,277.0,0.4220052103170371,0.3898916967509025,-1096.0,-4107.0,-4.758795508330826,,18869.95,,487.0219086520609,50.80114266130252,1.6755211328063933,1,0,10671.0,81.70750382848394,47890.4,-10477.4,0,1,0,1,1,1,0,1,67078.0,64352.0,-1.9607245692347535,0
2020-02-05,65463.0,65810.0,64625.0,65241.0,12192,30719,65639.0,238625.48,SILVER,2020-02-05,66600.0,68684.25,,,67022.36191955398,67913.39164746684,17.672772689425486,-891.0297279128572,-459.7466428221595,-431.2830850906977,73375.35665318741,63993.14334681259,68684.25,9382.213306374819,0.1330023750727926,1185.0,171.0,1014.0,1185.0,1087.7142857142858,-0.606346836484406,222.0,347.0,616.0,1185.0,1.8163424840207845,0.5198312236286919,-422.0,-3134.0,-5.013158038414921,,18828.8,,-61.43846664768952,48.336911884791974,0.6475186947654656,0,0,6988.0,29.446715266950395,46508.95,-5512.6,0,1,0,0,1,1,0,0,67078.0,64150.0,-1.6722613080731443,0
2020-02-06,65482.0,66249.0,64496.0,65342.0,15745,57042,65241.0,308642.94,SILVER,2020-02-05,66339.7,68463.5,,,66763.84470116106,67722.91819209892,19.26330442231503,-959.0734909378662,-559.6120124453009,-399.4614784925652,73353.3610248253,63573.638975174705,68463.5,9779.72204965059,0.1808191496493988,1753.0,1008.0,745.0,1753.0,1173.357142857143,0.15481062522033628,140.0,767.0,846.0,1753.0,2.6828073826941323,0.48260125499144324,-1469.0,-2603.0,-4.559363748566755,,19209.55,,29.142060367454057,56.31114767079364,0.8196443956261339,0,15745,26323.0,85.6896383345812,47903.35,-2280.6,1,1,0,0,1,1,0,0,67078.0,63718.0,-2.485384591839858,0
2020-02-07,64512.0,65070.0,64035.0,64488.0,35020,59116,65342.0,677510.93,SILVER,2020-02-05,66072.0,68134.4,,,66413.71474713628,67483.29462231381,15.849624060150376,-1069.5798751775292,-661.6055849917466,-407.9742901857826,73169.44854521104,63099.35145478895,68134.4,10070.097090422089,0.13789822806493365,1035.0,272.0,1307.0,1307.0,1222.642857142857,-1.3069694836399304,24.0,558.0,453.0,1035.0,1.604949758094529,0.43768115942028984,-2164.0,-2677.0,-5.351775314672169,,19306.4,,122.41981581454428,64.44623603792395,1.8139062694236108,1,0,2074.0,3.6359173942007716,49347.7,-1140.0,0,1,0,1,1,1,0,1,67078.0,65126.0,0.989331348467932,1
2020-02-10,64909.0,65037.0,64622.0,64787.0,26159,36325,64488.0,508428.94,SILVER,2020-02-05,65807.9,67787.45,,,66163.45093988455,67283.56909473501,21.562105746071794,-1120.1181548504537,-753.308098963488,-366.81005588696576,72735.99898350067,62838.90101649932,67787.45,9897.097967001348,0.19683537436892903,415.0,549.0,134.0,549.0,1128.642857142857,0.46365215233841184,122.0,128.0,165.0,415.0,0.6405606062944726,0.39759036144578314,-1934.0,-2641.0,-4.4262617932965425,,19540.35,,-25.302684180468304,59.9049903367547,1.3387170649451008,0,26159,-22791.0,-38.55301441234184,48034.6,4653.0,0,1,0,0,0,1,0,0,66249.0,65132.0,0.5325142389676941,1
2020-02-11,64219.0,65029.0,63627.0,64352.0,8409,32597,64787.0,162340.79,SILVER,2020-02-05,65569.6,67437.45,,,65884.76617990232,67066.41582845834,24.155210073236546,-1181.64964855602,-838.9764088819944,-342.6732396740257,72314.13893172842,62560.76106827158,67437.45,9753.377863456837,0.1836531873167435,1402.0,242.0,1160.0,1402.0,1115.0714285714287,-0.6714309969592658,133.0,677.0,592.0,1402.0,2.1786424664346096,0.5171184022824536,-1287.0,-2383.0,-4.575276793532373,,19134.4,,-67.85427577506785,54.89856758280719,0.4394702734342336,0,0,-3728.0,-10.262904335856849,46678.8,1773.2,0,1,0,0,0,1,0,0,66249.0,64351.0,-0.0015539532570860268,0
2020-02-12,64201.0,64342.0,63864.0,64150.0,30745,77439,64352.0,591687.52,SILVER,2020-02-05,65418.3,67053.85,,,65617.87907530196,66850.38502635031,24.884182660489742,-1232.5059510483552,-917.6823173152666,-314.8236337330886,71678.83979913531,62428.8602008647,67053.85,9249.979598270613,0.18606957786772707,478.0,10.0,488.0,488.0,1082.7142857142858,-0.3138985579313802,51.0,141.0,286.0,478.0,0.745128604832424,0.5983263598326359,-1091.0,-1513.0,-4.330623819512236,,20125.95,,265.62016886669045,75.8773219048194,1.527629751639053,1,0,44842.0,137.5648065772924,48700.9,9344.0,0,1,0,1,1,1,0,1,66249.0,64987.0,1.3047544816835541,1
2020-02-13,63949.0,64112.0,63359.0,63718.0,34455,24551,64150.0,658621.11,SILVER,2020-02-05,65109.0,66667.1,,,65325.58998679396,66618.35650587991,26.085749965311507,-1292.7665190859552,-992.6991576694045,-300.06736141655074,71029.35156252334,62304.84843747667,66667.1,8724.50312504667,0.16197501935283795,753.0,38.0,791.0,791.0,1039.4285714285713,-0.6734216679657012,231.0,163.0,359.0,753.0,1.1817696726199818,0.4767596281540505,-1624.0,-3093.0,-4.423621246461906,,21039.75,,12.06700276467718,77.33718046714294,1.637614515381599,1,0,-52888.0,-68.29633647128708,48373.4,-6498.2,0,1,0,1,0,1,0,0,65070.0,64085.0,0.5759753915691014,1
2020-02-14,65097.0,65264.0,64905.0,65126.0,34166,34278,63718.0,667528.47,SILVER,2020-02-05,64956.4,66369.25,,,65294.883834979504,66507.81157951844,36.218869731800766,-1212.927744538938,-1036.7448750433114,-176.18286949562662,70248.73471212086,62489.76528787914,66369.25,7758.969424241717,0.33976609108477024,359.0,1546.0,1187.0,1546.0,1099.0714285714287,2.2097366521234285,29.0,138.0,192.0,359.0,0.5512391364432023,0.6155988857938719,638.0,-1526.0,-1.8732319560639903,,21474.45,,-0.8387752140473048,67.46729095021112,1.591006987373367,1,34166,9727.0,39.619567431061874,47567.75,-4967.6,1,0,0,1,1,0,0,0,65264.0,64258.0,-1.3328010318459602,0
2020-02-17,65022.0,65366.0,64849.0,65132.0,33072,25141,65126.0,646213.65,SILVER,2020-02-05,64797.5,66060.8,,,65269.8247834442,66405.89961066523,39.54337899543379,-1136.074827221033,-1056.6108654788557,-79.46396174217739,69199.52951836794,62922.070481632065,66060.8,6277.459036735876,0.35204204526630317,517.0,240.0,277.0,517.0,1040.2142857142858,0.009212910358380455,110.0,234.0,173.0,517.0,0.7937726463182461,0.5473887814313346,345.0,-1589.0,-1.4059775237357144,,22274.25,,-3.2020136978282543,75.76347409503256,1.4847637967608336,0,33072,-9137.0,-26.655580839022107,45354.55,-2236.8,0,0,0,0,0,0,0,0,65366.0,62824.0,-3.543573051648959,0
2020-02-18,64267.0,64712.0,64000.0,64351.0,17109,77913,65132.0,330294.38,SILVER,2020-02-05,64668.7,65791.05,,,65128.467124452785,66253.68482469003,41.10387849199891,-1125.2177002372482,-1070.3322324305343,-54.885467806713905,68493.19826621933,63088.901733780665,65791.05,5404.296532438668,0.23353608719353852,712.0,420.0,1132.0,1132.0,1020.5714285714286,-1.1991033593318212,84.0,361.0,267.0,712.0,1.1064319124799926,0.49297752808988765,-1.0,-1288.0,-2.1888235557876077,,21640.55,,-48.26741654571843,22.23454157525462,0.7905991298742407,0,0,52772.0,209.90414064675232,47002.8,9063.2,0,0,0,0,1,0,0,0,65366.0,61875.0,-3.8476480551972774,0
2020-02-19,64845.0,65392.0,64667.0,64987.0,7484,43615,64351.0,145908.81,SILVER,2020-02-05,64643.3,65621.65,,,65106.70295146005,66159.85631915744,36.70941416496648,-1053.153367697385,-1066.8964594839044,13.743091786519471,68052.9544603562,63190.34553964379,65621.65,4862.608920712402,0.36948364337985584,725.0,1041.0,316.0,1041.0,1009.0714285714286,0.9883296296871791,142.0,405.0,178.0,725.0,1.1156077369320017,0.4413793103448276,837.0,-254.0,-0.9671350842290528,,21073.55,,-56.25694079139634,22.75269416088394,0.3551371268723115,0,7484,-34298.0,-44.02089510094592,46032.0,-6764.8,0,0,0,0,0,0,1,0,65392.0,62033.0,-4.545524489513287,0
2020-02-20,63985.0,64404.0,63748.0,64085.0,39622,72751,64987.0,761752.76,SILVER,2020-02-05,64517.6,65428.65,,,64949.51788200466,66006.16325847911,33.12294543063773,-1056.645376474451,-1064.846242882014,8.200866407562899,67690.31005868549,63166.98994131451,65428.65,4523.320117370975,0.20295049540271132,656.0,583.0,1239.0,1239.0,1069.642857142857,-1.3879699016726477,100.0,319.0,237.0,656.0,1.0236404774908325,0.5137195121951219,367.0,-1257.0,-2.053611070991074,,22589.7,,429.4227685729556,62.780764981434096,1.7539852233540063,1,0,29136.0,66.80270549123009,47273.5,9640.0,0,0,0,1,1,0,0,0,65392.0,62586.0,-2.3390809081688384,0
2020-02-21,64211.0,64583.0,63968.0,64258.0,18992,37452,64085.0,366116.38,SILVER,2020-02-05,64494.6,65283.3,,,64843.130515542405,65876.66968377696,34.02516539110131,-1033.5391682345507,-1058.5848279525214,25.045659717970693,67446.61773465047,63119.98226534953,65283.3,4326.635469300942,0.26302602627957056,615.0,498.0,117.0,615.0,1053.9285714285713,0.269953967387071,47.0,325.0,243.0,615.0,0.957079274175978,0.4715447154471545,-868.0,-230.0,-1.57053947946872,,22883.4,,-52.06703346625612,45.332080053354055,0.8299465988445772,0,18992,-35299.0,-48.52029525367348,47223.1,634.8,0,0,0,0,0,0,0,0,65392.0,62727.0,-2.3825827134364594,0
2020-02-24,62647.0,63374.0,62482.0,62824.0,22457,32725,64258.0,423251.57,SILVER,2020-02-05,64298.3,65053.1,,,64532.4950516128,65650.54600349718,32.53938717280734,-1118.0509518843755,-1070.4780527388923,-47.572899145483234,67235.24331142104,62870.95668857895,65053.1,4364.28662284209,-0.010759304472164733,892.0,884.0,1776.0,1776.0,1095.7857142857142,-2.2316287466152107,177.0,550.0,165.0,892.0,1.419839551763657,0.3834080717488789,-2308.0,-1963.0,-3.42658535873002,,23218.45,,18.24452401010952,49.68680087241184,0.967204959848741,0,0,-4727.0,-12.621488839047313,47305.8,1516.8,0,0,0,0,0,1,0,0,65392.0,62659.0,-0.26263848210874824,0
2020-02-25,61877.0,62300.0,61347.0,61875.0,55100,60391,62824.0,1022793.75,SILVER,2020-02-05,64050.6,64810.1,,,64123.64965905699,65370.87592916405,30.457501161170455,-1247.226270107065,-1105.827696212527,-141.398573894538,67268.54888197087,62351.65111802913,64810.1,4916.897763941743,-0.09694143358535262,953.0,524.0,1477.0,1477.0,1116.642857142857,-1.5105692092194034,2.0,423.0,528.0,953.0,1.5402020202020201,0.5540398740818469,-2476.0,-2477.0,-4.528769435628087,,25325.8,,145.35779489691413,71.00800793961004,2.1756469687038513,1,0,27666.0,84.54087089381208,46519.45,-3504.4,0,0,0,1,1,1,0,0,65392.0,62456.0,0.938989898989899,1
2020-02-26,62145.0,62698.0,61399.0,62033.0,88885,21698,61875.0,1654140.96,SILVER,2020-02-05,63838.9,64628.6,,,63802.0112499713,65123.62586033709,30.914753720152262,-1321.6146103657884,-1148.9850790431792,-172.62953132260918,67344.43515506267,61912.764844937316,64628.6,5431.670310125359,0.02213594496679044,1299.0,823.0,476.0,1299.0,1084.2142857142858,0.2553535353535308,112.0,553.0,634.0,1299.0,2.0940467170699466,0.4880677444187837,-2954.0,-2117.0,-4.016178595853845,,28760.8,,61.31578947368421,50.57757000030941,3.090491224166226,1,88885,-38693.0,-64.07080525243828,44690.25,-4383.4,0,0,0,1,0,1,0,0,64583.0,61405.0,-1.012364386697403,0
2020-02-27,62472.0,62632.0,62472.0,62586.0,82290,12365,62033.0,1545060.58,SILVER,2020-02-05,63725.7,64417.35,,,63614.93259612956,64935.65357438619,38.635277246653914,-1320.7209782566279,-1183.332258885869,-137.38871937075896,67075.07663241203,61759.623367587956,64417.35,5315.453264824078,0.15546682309874363,160.0,599.0,439.0,599.0,1033.642857142857,0.89146099656634,114.0,46.0,0.0,160.0,0.2556482280382194,0.7125,-1499.0,-1132.0,-2.8429452624176537,,31891.6,,-7.419699611858022,48.62889976265589,2.58030327735203,1,82290,-9333.0,-43.013180938335324,41886.25,-12077.2,0,0,0,1,0,1,0,0,64583.0,60908.0,-2.681110791550826,0
2020-02-28,62918.0,62918.0,62635.0,62727.0,78430,53372,62586.0,1475903.58,SILVER,2020-02-05,63485.8,64221.1,,,63478.3275813404,64772.04960591314,37.45432399512789,-1293.7220245727367,-1205.4102120232426,-88.3118125494941,66761.09659344998,61681.10340655001,64221.1,5079.99318689997,0.20588543231654166,283.0,332.0,49.0,332.0,1018.1428571428571,0.2252900009586778,191.0,0.0,92.0,283.0,0.4511613818610805,0.3250883392226148,-1531.0,-2399.0,-2.3264939404650473,,33866.75,,-4.690727913476733,48.24370449271295,2.3158407582658507,1,78430,41007.0,331.637687019814,41314.05,3184.0,1,0,0,1,1,0,0,0,63374.0,60598.0,-3.39407272785244,0
2020-03-02,62723.0,63316.0,62093.0,62659.0,34048,54134,62727.0,640024.09,SILVER,2020-04-05,63238.5,64018.0,,,63352.27718421111,64615.52741288254,39.20693612138212,-1263.2502286714298,-1216.97821535288,-46.27201331854985,66358.07116401025,61677.928835989755,64018.0,4680.142328020498,0.20962421551508603,1223.0,589.0,634.0,1223.0,1005.3571428571429,-0.10840626843304779,64.0,593.0,566.0,1223.0,1.9518345329481799,0.4627964022894522,-165.0,-2473.0,-2.1228404511231216,,35299.85,,-56.58804029070509,42.90510183342526,0.9645366765014582,0,0,762.0,1.4277149066926453,43367.75,4281.8,0,0,0,0,1,0,0,0,63316.0,61366.0,-2.0635503279656553,0
2020-03-03,62585.0,62585.0,62379.0,62456.0,24669,47823,62659.0,462218.12,SILVER,2020-04-05,63049.0,63858.85,,,63214.38838664017,64455.562419335685,39.20193778684344,-1241.1740326955187,-1221.8173788214078,-19.35665387411086,66167.47504306663,61550.22495693337,63858.85,4617.250086133259,0.196171969499095,206.0,74.0,280.0,280.0,990.5,-0.3239758055506803,129.0,0.0,77.0,206.0,0.3298322018701165,0.3737864077669903,581.0,-1895.0,-2.196798094547582,,34952.45,,-27.546405075187973,44.97720298047831,0.7057874340711453,0,0,-6311.0,-11.658107658772677,44572.35,-2513.6,0,0,0,0,0,1,0,0,63316.0,61628.0,-1.3257333162546432,0
2020-03-04,61324.0,61667.0,61190.0,61405.0,14777,11949,62456.0,272214.51,SILVER,2020-04-05,62690.8,63667.05,,,62936.02094254168,64229.59483271823,36.33463310882666,-1293.5738901765435,-1236.168681092435,-57.40520908410849,66124.75997175499,61209.340028245024,63667.05,4915.419943509965,0.039805341965403016,477.0,789.0,1266.0,1266.0,1024.4285714285713,-1.682784680415017,81.0,262.0,134.0,477.0,0.7768097060499959,0.45073375262054505,-628.0,-3582.0,-3.55293672315586,,35081.7,,-40.098909562608945,46.59300610335705,0.4212167597351326,0,0,-35874.0,-75.0141145473935,43633.85,-1949.8,0,0,0,0,0,1,0,0,63316.0,60391.0,-1.6513313248106831,0
2020-03-05,61012.0,61012.0,60716.0,60908.0,25968,59396,61405.0,474497.68,SILVER,2020-04-05,62373.1,63445.35,,,62624.017720612195,63983.55077103539,22.07362288135593,-1359.533050423197,-1260.8415549585875,-98.69149546460949,66061.71503770536,60828.98496229463,63445.35,5232.730075410735,0.015100155476521541,296.0,393.0,689.0,689.0,963.2142857142857,-0.8093803436202252,104.0,0.0,192.0,296.0,0.4859788533525974,0.6486486486486487,-1678.0,-3177.0,-3.999268661927152,,35592.85,,75.73255735264262,11.223984981325753,0.7295847340125896,0,0,47447.0,397.07925349401626,43751.55,9406.2,0,1,0,0,1,1,0,0,63316.0,60636.0,-0.4465751625402246,0
2020-03-06,60466.0,60695.0,60466.0,60598.0,16292,41912,60908.0,296178.78,SILVER,2020-04-05,62007.1,63250.85,,,62312.32268667186,63732.76923244017,21.14307535641548,-1420.446545768311,-1292.7625531205322,-127.68399264777872,66108.12756144877,60393.57243855124,63250.85,5714.555122897531,0.035773136675092486,229.0,213.0,442.0,442.0,957.8571428571429,-0.508964339659812,132.0,97.0,0.0,229.0,0.3779002607346777,0.5764192139737991,-2129.0,-3660.0,-4.194172884633169,,34656.45,,-37.26124460874923,12.704563867076445,0.47010008238004763,0,0,-17484.0,-29.436325678496868,42891.35,-2292.0,0,1,0,0,0,1,0,0,63316.0,60380.0,-0.35974784646357966,0
2020-03-09,61475.0,61787.0,60927.0,61366.0,18923,66947,60598.0,348368.65,SILVER,2020-04-05,61861.3,63079.8,,,62166.73458103004,63557.45299300016,30.97029198010965,-1390.7184119701196,-1312.3537248904497,-78.36468707966992,65959.37991088259,60200.22008911741,63079.8,5759.1598217651845,0.20242187175928744,860.0,1189.0,329.0,1189.0,961.9285714285714,1.267368560018478,109.0,312.0,439.0,860.0,1.4014275005703485,0.5104651162790698,-1293.0,-1458.0,-2.7168760839444683,,34294.65,,16.14903019887062,12.495014485952552,0.5517770264458158,0,18923,25035.0,59.732296239740414,44422.45,2562.6,1,0,0,0,1,0,0,0,62585.0,59922.0,-2.353094547469283,0
2020-03-10,61650.0,62135.0,61116.0,61628.0,32703,54387,61366.0,604626.15,SILVER,2020-04-05,61836.6,62943.6,66102.88,,62083.852337794655,63414.53054907422,27.513723390012046,-1330.6782112795627,-1316.0186221682725,-14.659589111290188,65827.49826815256,60059.70173184744,62943.6,5767.796536305119,0.2719059624036636,1019.0,769.0,250.0,1019.0,960.3571428571429,0.42694651761561175,22.0,485.0,512.0,1019.0,1.653469202310638,0.5024533856722276,-828.0,-247.0,-2.0901251278922697,-6.769568890190571,35509.35,25625.5,72.82143423347249,5.24137841960839,0.9209687026093129,0,32703,-12560.0,-18.761109534407815,45511.95,1312.8,0,1,0,0,0,0,0,0,62135.0,60367.0,-2.0461478548711622,0
2020-03-11,60458.0,60541.0,60281.0,60391.0,23657,73965,61628.0,428600.97,SILVER,2020-04-05,61672.4,62755.65,65950.7,,61823.41351659548,63190.56532321687,26.33264992311635,-1367.1518066213903,-1326.245259058896,-40.906547562494325,65794.31281359706,59716.98718640295,62755.65,6077.325627194114,0.11090615427632464,260.0,1087.0,1347.0,1347.0,968.0714285714286,-2.0072045174271413,67.0,83.0,110.0,260.0,0.430527727641536,0.4230769230769231,-1014.0,-1642.0,-3.76802726129042,-8.430084896748628,35154.95,25787.46,-27.661070849769132,-3.6563076127369447,0.6729351058670259,0,0,19578.0,35.99757294941806,45338.25,12403.2,0,1,0,0,1,1,0,0,62135.0,61113.0,1.1955423821430344,1
2020-03-12,60493.0,60700.0,60493.0,60636.0,8629,26508,60391.0,156968.41,SILVER,2020-04-05,61477.4,62601.55,65795.18,,61640.73451404233,63001.33826223784,27.006094464195016,-1360.6037481955136,-1333.1169568862197,-27.48679130929395,65745.49498913986,59457.605010860156,62601.55,6287.889978279702,0.18740706233893747,207.0,309.0,102.0,309.0,946.2142857142857,0.4056895895083734,143.0,64.0,0.0,207.0,0.34138135760934096,0.6908212560386473,-272.0,-1950.0,-3.1397784879128436,-7.84127347930349,33863.65,25456.9,-63.52453819165576,-9.266791470716718,0.2548160047720786,0,8629,-47457.0,-64.16142770229163,45436.1,-6577.6,0,1,0,0,0,1,0,0,62135.0,61796.0,1.913054950854278,1
2020-03-13,60272.0,60496.0,60150.0,60380.0,7114,55592,60636.0,128863.0,SILVER,2020-04-05,61242.7,62364.25,65636.4,,61446.77535803581,62807.16505762763,31.755747984472976,-1360.3896995918185,-1338.5715054273394,-21.81819416447911,65421.15120874077,59307.34879125923,62364.25,6113.802417481536,0.1754474769537329,346.0,140.0,486.0,486.0,854.0714285714286,-0.4221914374299085,108.0,116.0,122.0,346.0,0.5730374296124545,0.6647398843930635,-218.0,-2347.0,-3.1817106755873756,-8.008361214204305,32511.05,25366.82,-17.557074979719555,-10.553426177341,0.21881790960304268,0,0,29084.0,109.71782103515922,46501.8,2736.0,0,0,0,0,1,1,0,0,62135.0,61211.0,1.3762835375952303,1
2020-03-16,59993.0,60223.0,59531.0,59922.0,39445,11919,60380.0,709086.99,SILVER,2020-04-05,60969.0,62103.75,65457.78,,61212.194533722606,62593.449127432985,34.26776220396326,-1381.2545937103787,-1347.1081230839472,-34.14647062643144,65053.64754505416,59153.85245494584,62103.75,5899.795090108324,0.13019902103753545,692.0,157.0,849.0,849.0,809.2142857142857,-0.7585293143424932,71.0,230.0,391.0,692.0,1.1548346183371716,0.565028901734104,-1444.0,-2737.0,-3.5130728820723385,-8.457023748743081,32829.7,25920.12,454.47005903851556,40.55238375558106,1.2015035166328052,0,0,-43673.0,-78.55986472873795,45840.7,-11005.6,0,0,0,0,0,1,0,0,62135.0,61007.0,1.8106872267280798,1
2020-03-17,60252.0,60454.0,60252.0,60367.0,30574,52595,59922.0,553698.2,SILVER,2020-04-05,60760.1,61904.55,65263.04,,61082.16460545758,62428.526969845356,37.17277486910994,-1346.3623643877727,-1346.9589713447124,0.596606956939695,64751.76688486749,59057.33311513252,61904.55,5694.433769734969,0.22999071335734164,202.0,532.0,330.0,532.0,754.4285714285714,0.7426320883815674,115.0,87.0,0.0,202.0,0.33461990822800536,0.5693069306930693,-1261.0,-2089.0,-2.483743117428368,-7.502010326212203,33502.95,25890.6,-22.489542400811256,41.058070023018736,0.9125763552164811,0,30574,40676.0,341.2702407920127,44574.8,-358.4,1,0,0,0,1,0,1,0,60700.0,61259.0,1.477628505640499,1
2020-03-18,61169.0,61593.0,60922.0,61113.0,37349,19617,60367.0,684752.83,SILVER,2020-04-05,60730.9,61710.85,65086.7,,61086.90851231026,62331.08052763459,38.98609241812472,-1244.1720153243295,-1326.4015801406358,82.22956481630627,64176.66762035292,59245.03237964708,61710.85,4931.635240705844,0.3787724617049271,671.0,1226.0,555.0,1226.0,799.2142857142857,1.2357745125648023,56.0,424.0,191.0,671.0,1.097966062867148,0.2846497764530551,722.0,-292.0,-0.9687923598524386,-6.105241162941119,34996.2,26377.28,22.159351082619217,47.28389608754155,1.0672301564169826,0,37349,-32978.0,-62.701777735526186,43374.9,-10869.6,0,0,0,0,0,0,0,0,61593.0,61976.0,1.4121381702747369,1
2020-03-19,61627.0,62172.0,61582.0,61796.0,27257,43298,61113.0,505312.07,SILVER,2020-04-05,60819.7,61596.4,64927.48,,61195.999510416375,62291.44493299499,43.56065845898464,-1095.4454225786176,-1280.2103486282322,184.7649260496146,63796.39544497155,59396.40455502845,61596.4,4399.990889943103,0.5453637302877642,590.0,1059.0,469.0,1059.0,851.1428571428571,1.1176018195801163,169.0,376.0,45.0,590.0,0.9547543530325587,0.36271186440677966,1160.0,888.0,0.3240449117156174,-4.823042569956517,34377.95,26759.82,-27.02080376984658,37.00855997529263,0.7928628670412285,0,27257,23681.0,120.71672528928991,41902.25,3358.0,1,0,0,0,1,0,0,0,62172.0,61647.0,-0.2411159298336462,0
2020-03-20,61314.0,61593.0,60601.0,61211.0,22973,16929,61796.0,421860.09,SILVER,2020-04-05,60881.0,61444.05,64730.3,,61198.307278044624,62211.41197499536,40.653240382132715,-1013.104696950737,-1226.7892182927333,213.6845213419963,63255.71471569828,59632.38528430172,61444.05,3623.32943139656,0.4356807035041864,992.0,203.0,1195.0,1195.0,849.1428571428571,-0.9466632144475406,103.0,279.0,610.0,992.0,1.620623744098283,0.6149193548387096,831.0,613.0,-0.3792881491373093,-5.436866506103019,34577.0,26557.62,-15.717063506622154,39.162978085505344,0.6644011915435116,0,0,-26369.0,-60.90119636010901,40876.1,-7732.6,0,0,0,0,0,0,0,0,62172.0,61530.0,0.5211481596445083,1
2020-03-23,60856.0,61507.0,60704.0,61007.0,30737,24456,61211.0,562551.65,SILVER,2020-04-05,60845.1,61353.2,64515.92,,61168.87538911468,62122.196273143854,40.64799277139538,-953.3208840291773,-1172.095551440022,218.7746674108448,63052.226916549225,59654.17308345077,61353.2,3398.0538330984564,0.3981181532123284,803.0,296.0,507.0,803.0,886.5,-0.33327343124601727,151.0,500.0,152.0,803.0,1.316242398413297,0.37733499377334995,1085.0,-359.0,-0.5642737461126676,-5.438843621853332,34991.0,26742.76,33.7961955338876,40.927694619007035,0.8784258809408133,0,0,7527.0,44.46216551479709,40462.65,2507.4,0,0,0,0,1,0,0,0,62172.0,60758.0,-0.4081498844394906,0
2020-03-24,61327.0,61461.0,61101.0,61259.0,17047,47924,61007.0,313284.65,SILVER,2020-04-05,60808.2,61322.4,64314.06,,61182.74071386627,62058.25580846653,48.94933793897524,-875.5150946002614,-1112.77946007207,237.26436547180856,63003.84141172195,59640.95858827805,61322.4,3362.882823443899,0.4811471278279408,360.0,454.0,94.0,454.0,828.5,0.4130673529267215,68.0,134.0,158.0,360.0,0.5876687507141808,0.4388888888888889,892.0,-369.0,-0.10338799525132977,-4.7502210247650325,33088.35,26753.14,-44.539154764615944,29.191635719198196,0.51519643620791,0,17047,23468.0,95.96009159306509,39839.3,-934.2,1,0,0,0,1,0,0,0,62172.0,59933.0,-2.164579898463899,0
2020-03-25,62053.0,62729.0,61709.0,61976.0,27113,34240,61259.0,504106.59,SILVER,2020-04-05,60966.7,61319.55,64117.14,,61304.78060404069,62052.16278561716,57.449776785714285,-747.382181576475,-1039.7000043729508,292.31782279647587,62996.106178913644,59642.99382108636,61319.55,3353.112357827282,0.6957733383039265,1020.0,1470.0,450.0,1470.0,884.2857142857143,1.1704402618390786,77.0,676.0,267.0,1020.0,1.6457983735639603,0.26176470588235295,863.0,1585.0,1.0705394935220447,-3.339419069534292,29999.75,27077.12,59.048512934827244,37.86259409765783,0.9037741981183176,0,27113,-13684.0,-28.55354310992405,40466.4,2924.6,0,0,0,0,0,0,0,0,62729.0,60519.0,-2.350910029688912,0
2020-03-26,61561.0,61951.0,61499.0,61647.0,5694,19228,61976.0,105305.41,SILVER,2020-04-05,61067.8,61272.6,63921.02,,61357.42974188058,62022.1507274233,57.297898984277175,-664.7209855427209,-964.7042006069048,299.9832150641839,62849.45461733522,59695.745382664776,61272.6,3153.709234670445,0.6187173490453775,452.0,25.0,477.0,477.0,886.7857142857143,-0.5308506518652334,86.0,304.0,62.0,452.0,0.7332068064950444,0.3274336283185841,-149.0,1011.0,0.6110398448898879,-3.557546484708781,26169.95,26867.42,-78.99900416774241,36.315147500049164,0.21757779437866712,0,0,-15012.0,-43.84345794392524,40809.55,-4814.0,0,0,0,0,0,0,0,0,62729.0,61500.0,-0.23845442600613168,0
2020-03-27,61602.0,61764.0,61141.0,61530.0,20588,31686,61647.0,380033.89,SILVER,2020-04-05,61182.8,61212.75,63729.96,,61383.97901236049,61985.695117984535,51.254589963280296,-601.7161056240438,-892.1065816103327,290.39047598628883,62641.04082620152,59784.45917379848,61212.75,2856.581652403038,0.6110593144547856,623.0,117.0,506.0,623.0,846.3571428571429,-0.18979025743345312,72.0,162.0,389.0,623.0,1.012514220705347,0.6243980738362761,319.0,1150.0,0.5182743791121948,-3.4520027942901566,23277.85,26769.74,261.57358623112043,64.22821362113316,0.8844459432464769,0,0,12458.0,64.79092989390472,39725.25,2951.4,0,0,0,0,1,0,0,0,62729.0,61464.0,-0.10726474890297416,0
2020-03-30,60789.0,60845.0,60582.0,60758.0,25067,21920,61530.0,456906.24,SILVER,2020-04-05,61266.4,61117.7,63519.1,,61287.67454892042,61894.754738874566,43.82628441669033,-607.0801899541475,-835.1013032790958,228.02111332494826,62384.651434287436,59850.74856571256,61117.7,2533.902868574878,0.3580450717109373,263.0,685.0,948.0,948.0,841.2857142857143,-1.254672517471156,31.0,56.0,176.0,263.0,0.4328648079265282,0.6692015209125475,-249.0,836.0,-0.5885365450597734,-4.3468814891898635,22828.8,26929.56,21.755391490188458,20.956746866300456,1.098042823100645,0,0,-9766.0,-30.82118285678217,38114.55,-507.2,0,0,0,0,0,0,0,0,62729.0,62204.0,2.3799335066987064,1
2020-03-31,59868.0,60234.0,59688.0,59933.0,11704,17432,60758.0,210436.75,SILVER,2020-04-05,61223.0,60991.55,63322.84,,61079.26307985574,61749.439573032,46.548085619535726,-670.1764931762664,-802.1163412585299,131.93984808226355,62198.43628950303,59784.66371049698,60991.55,2413.7725790060504,0.06145412819467217,546.0,524.0,1070.0,1070.0,821.5,-1.3578458803778948,65.0,301.0,180.0,546.0,0.911017302654631,0.44871794871794873,-1326.0,-434.0,-1.7355682877382241,-5.353265899002629,22180.55,26567.98,-53.30913152750628,17.87478795363095,0.5276695122528522,0,0,-4488.0,-20.474452554744527,36595.0,-6098.4,0,0,0,0,0,1,0,0,62729.0,62483.0,4.254751138771629,1
2020-04-01,60397.0,60623.0,60392.0,60519.0,6971,73575,59933.0,126563.38,SILVER,2020-04-05,61163.6,60947.25,63165.72,,60993.068759877926,61658.29590095556,49.16129032258065,-665.2271410776375,-774.7385012223515,109.51136014471399,62155.27943062827,59739.22056937173,60947.25,2416.0588612565334,0.3227485236939643,231.0,690.0,459.0,690.0,848.7142857142857,0.9777584969883124,122.0,104.0,5.0,231.0,0.3816983096217717,0.5497835497835498,-1457.0,-594.0,-0.7026568056803218,-4.190120844027427,21790.25,26330.92,-40.43916609706083,11.614936235662949,0.3199137228806462,0,6971,56143.0,322.0686094538779,39676.3,7867.0,1,0,0,0,1,0,0,0,61951.0,62031.0,2.4983889357061417,1
2020-04-02,61258.0,61730.0,61130.0,61500.0,16441,43910,60519.0,303336.45,SILVER,2020-04-05,61134.0,60976.85,63036.82,,61071.05818143517,61646.570278662555,57.27272727272727,-575.5120972273871,-734.8932204233586,159.38112319597144,62209.58854742873,59744.11145257127,60976.85,2465.4770948574587,0.7121901684226547,600.0,1211.0,611.0,1211.0,900.5,1.6209785356664952,242.0,230.0,128.0,600.0,0.975609756097561,0.6166666666666667,-147.0,-296.0,0.8579485493265091,-2.4379719662254535,21313.9,26473.76,135.84851527757854,27.901868140405462,0.7713745490032325,0,16441,-29665.0,-40.31940197077811,38902.0,4936.4,0,0,0,0,0,0,0,0,61764.0,62310.0,1.3170731707317074,1
2020-04-03,61507.0,62078.0,61083.0,61464.0,36476,40226,61500.0,672588.26,SILVER,2020-04-05,61159.3,61020.15,62922.8,,61131.51076890668,61633.04655431718,60.593569661995055,-501.5357854105023,-688.2217334207874,186.68594801028507,62257.685798525636,59782.61420147437,61020.15,2475.0715970512683,0.6793281457105278,995.0,578.0,417.0,995.0,910.9285714285714,-0.05853658536585371,43.0,571.0,381.0,995.0,1.6188337888845505,0.3829145728643216,-66.0,253.0,0.7273826760504498,-2.3183965112804943,22323.1,26940.92,121.85998418587678,41.65957290965535,1.6340024458968514,1,0,-3684.0,-8.389888408107494,38817.7,1708.0,0,0,0,1,0,0,0,0,62078.0,63453.0,3.236040609137056,1
2020-04-06,62009.0,62312.0,62009.0,62204.0,19677,69099,61464.0,367196.43,SILVER,2020-04-05,61279.0,61062.05,62818.32,,61296.509112151805,61675.33940214554,62.12861481579294,-378.83028999373346,-626.3434447353766,247.51315474164312,62401.44318153324,59722.65681846676,61062.05,2678.7863630664797,0.9262937932432864,303.0,848.0,545.0,848.0,933.5,1.203956787713123,195.0,108.0,0.0,303.0,0.4871069384605492,0.6435643564356436,1446.0,1197.0,1.8701468424332248,-0.9779312786461014,22360.8,27019.34,-46.05494023467486,33.67445933279911,0.879977460555973,0,19677,28873.0,71.77696017501118,38925.3,9435.8,1,0,0,0,1,0,0,0,62312.0,63443.0,1.9918333226159088,1
2020-04-07,62495.0,62573.0,62405.0,62483.0,32818,28013,62204.0,615170.13,SILVER,2020-04-05,61401.4,61104.8,62733.28,,61479.04617182075,61735.16611309772,59.63974106388967,-256.1199412769711,-552.2987440436955,296.1788027667244,62569.01347307616,59640.58652692385,61104.8,2928.426946152307,0.9706280967025076,168.0,369.0,201.0,369.0,872.2857142857143,0.4485242106616827,12.0,78.0,78.0,168.0,0.2688731334923099,0.4642857142857143,2550.0,1224.0,2.255469292101434,-0.39895889390766565,22366.55,27416.64,66.78355440361842,44.80673024962255,1.4672803807471426,0,32818,-41086.0,-59.45961591339961,37606.6,2116.2,0,0,0,0,0,0,0,0,62573.0,64628.0,3.4329337579821715,1
2020-04-08,61999.0,62390.0,61600.0,62031.0,6868,31446,62483.0,127808.67,SILVER,2020-04-05,61406.9,61186.8,62660.64,,61563.96214538679,61757.07973434975,51.70909090909091,-193.11758896295942,-480.4625130275483,287.3449240645889,62666.30782712604,59707.29217287397,61186.8,2959.015654252071,0.7852975781952662,790.0,93.0,883.0,883.0,859.7142857142857,-0.7233967639197814,32.0,359.0,399.0,790.0,1.2735567700020958,0.5455696202531646,1512.0,55.0,1.379709349075286,-1.0048413166542816,21527.1,27150.3,-79.07246023523676,30.994632932616145,0.3190397220247967,0,0,3433.0,12.255024452932561,35480.65,-8425.8,0,0,0,0,1,0,0,0,62573.0,62701.0,1.0801051087359546,1
2020-04-09,62394.0,62562.0,62098.0,62310.0,23055,72509,62031.0,430967.12,SILVER,2020-04-05,61473.2,61270.5,62570.62,,61678.73719994267,61798.03679106458,58.365047952504185,-119.29959112191136,-408.22992864642094,288.9303375245096,62807.11041872957,59733.88958127043,61270.5,3073.220837459143,0.8382444851764805,464.0,531.0,67.0,531.0,812.2857142857143,0.4497751124437732,84.0,168.0,212.0,464.0,0.7446637778847697,0.45689655172413796,810.0,663.0,1.696575023869562,-0.4165213641801897,22248.4,27217.92,235.68724519510775,62.46325786890115,1.0362542924435014,0,23055,41063.0,130.58258602047954,37780.7,5719.8,1,0,0,0,1,0,0,0,62573.0,63321.0,1.6225324987963408,1
2020-04-10,63415.0,63700.0,63199.0,63453.0,6728,10557,62310.0,128073.54,SILVER,2020-04-05,61665.5,61424.15,62506.64,,61951.700707643795,61920.62665839313,66.28929142248268,31.074049250666576,-320.3691330670035,351.44318231767005,63184.156851063475,59664.14314893653,61424.15,3520.0137021269475,1.076375597280794,501.0,1390.0,889.0,1390.0,854.2142857142857,1.834376504573898,38.0,247.0,216.0,501.0,0.7895607772682143,0.5069860279441117,1989.0,1923.0,3.303016810163427,1.5140151510303557,22229.1,26573.94,-70.8176100628931,29.2241382394998,0.30266632477248295,0,6728,-61952.0,-85.44042808478947,35528.95,-5933.8,0,0,0,0,0,0,0,0,63700.0,63401.0,-0.08195041999590248,0
2020-04-13,63401.0,64198.0,62860.0,63443.0,12632,40666,63453.0,240423.59,SILVER,2020-04-05,61934.0,61600.2,62441.08,,62181.13136800629,62033.39505406771,65.02890173410404,147.73631393857795,-226.7480436658872,374.4843576044651,63430.53751273562,59769.86248726438,61600.2,3660.6750254712388,1.003404423276491,1338.0,745.0,593.0,1338.0,917.3571428571429,-0.015759696153061498,42.0,755.0,541.0,1338.0,2.1089797140740507,0.43572496263079225,1239.0,2685.0,2.991548728737899,1.6045846740639307,20888.45,26718.86,87.75267538644471,35.823866629125426,0.6047361101469951,0,0,30109.0,285.20412996116323,36966.3,-5686.6,0,0,0,0,1,0,0,0,64198.0,63197.0,-0.3877496335293098,0
2020-04-14,64722.0,64919.0,64311.0,64628.0,17043,47389,63443.0,330436.5,SILVER,2020-04-05,62403.5,61813.25,62420.86,,62557.572696005314,62225.588013025656,67.14507370054307,331.9846829796588,-115.001498336778,446.98618131643684,63997.02402677129,59629.47597322871,61813.25,4367.548053542574,1.1444691542012733,608.0,1476.0,868.0,1476.0,917.7857142857143,1.867818356635098,94.0,197.0,317.0,608.0,0.9407687070619546,0.5213815789473685,2145.0,4695.0,4.553635345172758,3.5359012996616825,20211.9,26427.38,34.91925269157694,44.64670505103375,0.8432161251539934,0,17043,6723.0,16.532238233413654,36706.0,3875.2,1,0,0,0,1,0,0,0,64919.0,63282.0,-2.082688617936498,0
2020-04-15,62743.0,63608.0,62132.0,62701.0,11403,57700,64628.0,214493.85,SILVER,2020-04-05,62621.7,61892.65,62370.06,,62579.63843508142,62260.803715764494,55.64723531933134,318.83471931692475,-28.234254806037455,347.06897412296223,64084.682968922454,59700.61703107755,61892.65,4384.065937844905,0.6843836318751544,1476.0,1020.0,2496.0,2496.0,1062.0,-2.9816797672835293,42.0,865.0,569.0,1476.0,2.3540294413167255,0.38550135501355015,670.0,2182.0,1.3060516878821613,0.530607153496409,18914.6,26411.6,-33.09276535821159,45.381345124918674,0.6028676260666364,0,0,10311.0,21.7582139315031,38610.15,5250.8,0,0,0,0,1,0,0,0,64919.0,61849.0,-1.3588300027112805,0
2020-04-16,63361.0,63886.0,63082.0,63321.0,20732,34578,62701.0,393831.29,SILVER,2020-04-05,62803.8,61968.9,62329.64,,62693.694060453505,62339.33677385601,59.105236400610075,354.35728659749293,48.284053474668625,306.0732331228243,64251.02051898202,59686.779481017984,61968.9,4564.241037964035,0.796237641429018,804.0,1185.0,381.0,1185.0,1102.142857142857,0.9888199550246446,40.0,525.0,239.0,804.0,1.2697209456578387,0.2972636815920398,1011.0,1821.0,2.1819009212685696,1.5905113522234375,18588.35,26511.34,81.81180391125142,39.97767398828596,1.1153222313976228,0,20732,-23122.0,-40.07279029462738,38174.15,-7586.2,0,0,0,0,0,0,0,0,64919.0,61707.0,-2.548917420760885,0
2020-04-17,63461.0,63675.0,63213.0,63401.0,23526,19596,63321.0,447471.58,SILVER,2020-04-05,62997.5,62078.4,62307.9,,62802.51035884527,62417.97849431112,64.45368041124358,384.53186453414673,115.53361568656425,268.9982488475825,64416.86755038666,59739.93244961334,62078.4,4676.93510077332,0.7827920361309503,462.0,354.0,108.0,462.0,1067.4285714285713,0.12634039260277508,60.0,214.0,188.0,462.0,0.7286951309916248,0.4069264069264069,-52.0,1937.0,2.1305317147349134,1.7543521768507664,18616.0,26281.46,13.476750916457657,29.139350661344047,1.2637516115169747,0,23526,-14982.0,-43.3281277112615,38307.5,1807.8,0,0,0,0,0,0,0,0,64919.0,61981.0,-2.239712307376855,0
2020-04-20,63003.0,63654.0,62161.0,63197.0,14340,67500,63401.0,271873.49,SILVER,2020-04-05,63096.8,62187.9,62276.1,,62863.20107286907,62475.683791028816,69.15043417038254,387.51728184025706,169.9303489173028,217.58693292295425,64520.21792542612,59855.58207457388,62187.9,4664.635850852239,0.7163298555911141,1493.0,253.0,1240.0,1493.0,1097.642857142857,-0.32176148641188673,194.0,457.0,842.0,1493.0,2.3624539139516116,0.6939048894842599,-246.0,993.0,1.6226629296052744,1.4787374289655284,17796.15,26045.08,-39.04616169344555,29.840228515466983,0.8057922640571135,0,0,47904.0,244.45805266380893,40459.7,5366.8,0,0,0,0,1,0,0,0,64919.0,63074.0,-0.19462949190626136,0
2020-04-21,63377.0,63552.0,63028.0,63282.0,68485,20129,63197.0,1300160.33,SILVER,2020-04-05,63176.7,62289.05,62254.7,,62927.63167704306,62535.41091761927,67.223538212193,392.22075942378433,214.38843101859914,177.8323284051852,64627.208562450105,59950.8914375499,62289.05,4676.317124900204,0.7123358988450098,524.0,355.0,169.0,524.0,1085.7857142857142,0.13450005538238052,95.0,175.0,254.0,524.0,0.8280395689137512,0.4847328244274809,-1346.0,799.0,1.594100407696051,1.650156534366085,20368.05,27246.6,377.58019525801956,60.91989260090709,3.3623739140467546,1,68485,-47371.0,-70.17925925925925,39069.95,-5452.0,0,0,0,1,0,0,0,0,63886.0,62711.0,-0.9023102936063967,0
2020-04-22,61925.0,62348.0,61308.0,61849.0,95052,73394,63282.0,1763661.34,SILVER,2020-04-05,63158.5,62282.7,62208.68,,62761.68834211335,62484.565664462294,52.059483063849875,277.12267765105935,226.9352803450912,50.18739730596815,64625.12421435589,59940.2757856441,62282.7,4684.84842871179,0.4074249665491839,1040.0,934.0,1974.0,1974.0,1140.2857142857142,-2.2644669890332203,76.0,423.0,541.0,1040.0,1.6815146566638104,0.5201923076923077,-852.0,-182.0,-0.6963410385227312,-0.5781829802529169,23765.0,28532.74,38.792436299919686,72.70638225442273,3.9996633705028404,1,0,53265.0,264.61821252918674,41027.65,3138.8,0,0,0,1,1,0,0,0,63886.0,62139.0,0.4688838946466394,0
2020-04-23,61582.0,62117.0,61534.0,61707.0,22755,76046,61849.0,421242.84,SILVER,2020-04-05,63098.2,62285.7,62168.46,,62599.42859717284,62426.96820783546,51.41624898006761,172.46038933737873,216.04030214354873,-43.57991280617,64624.84758203221,59946.55241796778,62285.7,4678.295164064431,0.37630109266187656,583.0,268.0,315.0,583.0,1110.857142857143,-0.22959142427525503,125.0,410.0,48.0,583.0,0.9447874633347918,0.2967409948542024,-1614.0,-603.0,-0.929105717684793,-0.742273493665436,24618.05,28298.74,-76.06047216260573,41.53161051865139,0.9243217882813627,0,0,2652.0,3.6133743902771354,43868.55,8293.6,0,0,0,0,1,0,0,0,63675.0,61793.0,0.1393683050545319,0
2020-04-24,61951.0,62507.0,61438.0,61981.0,60397,21596,61707.0,1123039.94,SILVER,2020-04-05,62951.0,62308.25,62105.56,,62504.28573606932,62393.93352577357,48.625662516948104,110.35221029575041,194.90268377398908,-84.55047347823867,64625.31455626415,59991.18544373585,62308.25,4634.129112528302,0.42938263219397915,1069.0,800.0,269.0,1069.0,1126.642857142857,0.4440339021504869,30.0,526.0,513.0,1069.0,1.7247220922540778,0.5079513564078578,-1420.0,-1472.0,-0.5252113484169432,-0.20056175324720954,26608.5,28823.36,165.42298395956934,65.15566992089764,2.269838585414435,1,60397,-54450.0,-71.60139915314416,43364.05,400.0,0,0,0,1,0,0,0,0,63654.0,62473.0,0.793791645826947,1
2020-04-27,63069.0,63676.0,62781.0,63074.0,28030,75355,61981.0,530389.27,SILVER,2020-04-05,62914.1,62424.05,62064.4,,62591.93408436635,62444.30882016072,53.310182592136215,147.62526420563518,185.4471998603183,-37.82193565468313,64644.3699840518,60203.730015948204,62424.05,4440.639968103598,0.6463640386675081,895.0,1695.0,800.0,1695.0,1221.357142857143,1.7634436359529548,5.0,602.0,288.0,895.0,1.4189681960871356,0.32737430167597764,-123.0,-369.0,1.0411852483137463,1.62669743041099,26756.65,28722.52,-53.59041011970793,51.02136137028237,1.0475900383642944,0,28030,53759.0,248.93035747360622,46035.8,1571.0,1,0,0,0,1,0,0,0,63676.0,62729.0,-0.546976567206773,0
2020-04-28,62694.0,62983.0,62355.0,62711.0,92060,22974,63074.0,1731952.4,SILVER,2020-04-05,62722.4,62562.95,62031.6,,62610.25191754076,62464.06372237104,53.847024213622994,146.18819516972144,177.59539892219897,-31.40720375247753,64449.62320406798,60676.27679593201,62562.95,3773.3464081359707,0.5392357297704717,628.0,91.0,719.0,719.0,1209.642857142857,-0.5755144750610341,17.0,272.0,339.0,628.0,1.0014192087512557,0.5668789808917197,-571.0,-1917.0,0.23664165452556654,1.0952482283223413,30774.45,30221.54,228.43382090617195,70.37281819174186,2.991442576552952,1,0,-52381.0,-69.51230840687413,46312.9,569.0,0,0,0,1,0,0,0,0,63676.0,62359.0,-0.5613050342045256,0
2020-04-29,62181.0,62345.0,61847.0,62139.0,41312,76673,62711.0,770125.91,SILVER,2020-04-05,62666.2,62643.95,61974.64,,62537.75162253449,62439.98492812133,49.06362939437083,97.76669441315607,161.6296580203904,-63.86296360723432,64284.14106396681,61003.758936033184,62643.95,3280.382127933626,0.3460697625132855,498.0,366.0,864.0,864.0,1233.4285714285713,-0.9121206805823512,42.0,164.0,292.0,498.0,0.8014290542171583,0.5863453815261044,290.0,-562.0,-0.8060634746052845,0.26520525169650133,32491.5,30898.1,-55.12491853139257,68.16960287442377,1.2714710001077205,0,0,53699.0,233.73813876556108,46467.8,655.8,0,0,0,0,1,0,0,0,63676.0,62750.0,0.9832794219411319,1
2020-04-30,61970.0,62060.0,61199.0,61793.0,84400,31818,62139.0,1564598.76,SILVER,2020-04-05,62513.4,62658.6,61928.8,,62423.17444983687,62392.06011863086,40.0407967362611,31.1143312060085,135.52659265751402,-104.41226145150551,64260.55793360918,61056.642066390814,62658.6,3203.9158672183694,0.22983060858226906,861.0,79.0,940.0,940.0,1201.2857142857142,-0.5568161701990704,177.0,90.0,594.0,861.0,1.3933617076367872,0.6898954703832753,86.0,-1528.0,-1.3814544212606068,-0.21928408107375388,35889.45,31793.66,104.29899302865996,70.41832178616463,2.351666018843978,1,0,-44855.0,-58.50168899090944,45863.2,-8845.6,0,0,0,1,0,0,0,0,63676.0,62837.0,1.6895117569951288,1
2020-05-01,62608.0,62758.0,62248.0,62473.0,32457,53246,61793.0,608305.85,SILVER,2020-06-05,62420.6,62709.05,61893.1,,62430.83991909273,62398.05566539895,44.61350510884051,32.784253693782375,114.9781248647677,-82.19387117098532,64213.16736314227,61204.93263685774,62709.05,3008.2347262845287,0.4215320540190864,510.0,965.0,455.0,965.0,1174.642857142857,1.100448270839749,135.0,150.0,225.0,510.0,0.8163526643509996,0.4411764705882353,492.0,-928.0,-0.37642094721575736,0.9369380431744435,35688.5,32062.96,-61.54383886255924,62.91626280826294,0.909452624795102,0,32457,21428.0,67.34552768872966,46514.2,6330.0,1,0,0,0,1,0,0,0,63676.0,63568.0,1.752757191106558,1
2020-05-04,62564.0,63162.0,62104.0,62729.0,15532,65598,62473.0,292292.05,SILVER,2020-06-05,62373.8,62735.3,61891.2,,62476.71070077077,62422.57006055458,38.24148606811146,54.14064021618833,102.81062793505183,-48.669987718863496,64220.51089765969,61250.08910234032,62735.3,2970.421795319373,0.49787908908764067,1058.0,689.0,369.0,1058.0,1144.7857142857142,0.4097770236742182,165.0,433.0,460.0,1058.0,1.686620223501092,0.5907372400756143,-345.0,-468.0,-0.01004219315122891,1.3536657877048803,35481.25,31924.46,-52.145916135194256,61.60628736408806,0.43775233397921437,0,15532,12352.0,23.197986703226526,46339.15,-1951.4,1,0,0,0,1,0,0,0,63162.0,63066.0,0.5372315834781362,1
2020-05-05,62437.0,62551.0,61847.0,62359.0,18518,12654,62729.0,346429.19,SILVER,2020-06-05,62281.5,62729.1,61900.88,,62458.601362190646,62417.86116718016,47.37649585762504,40.74019501048315,90.3965413501381,-49.656346339654945,64219.770763890054,61238.42923610994,62729.1,2981.3415277801105,0.37586125354931316,704.0,178.0,882.0,882.0,1029.5,-0.589838830524958,78.0,114.0,512.0,704.0,1.128946904215911,0.7272727272727273,-352.0,-923.0,-0.5899973058755802,0.7400864091108279,34766.25,31192.82,19.224826165336072,25.770750454819716,0.5326430086650128,0,0,-52944.0,-80.70977773712613,45571.2,-2064.0,0,0,0,0,0,0,0,0,63162.0,62842.0,0.7745473788867686,1
2020-05-06,62917.0,62998.0,62433.0,62750.0,11476,43758,62359.0,216035.7,SILVER,2020-06-05,62371.6,62765.05,61915.22,,62503.431921853626,62442.46404368534,45.460327556050245,60.967878168288735,84.51080871376823,-23.542930545479493,64219.062013995375,61311.03798600463,62765.05,2908.024027990745,0.4948246644954989,565.0,639.0,74.0,639.0,990.5,0.6270145448131093,167.0,81.0,317.0,565.0,0.900398406374502,0.5610619469026549,611.0,901.0,-0.023978312771204532,1.3482629957545154,34996.65,29644.64,-38.02786478021385,18.08872034680636,0.3279171006367752,0,11476,31104.0,245.8036984352774,46186.8,-6583.0,1,0,0,0,1,0,0,0,63162.0,62572.0,-0.2836653386454183,0
2020-05-07,62886.0,63255.0,62648.0,62837.0,24743,34204,62750.0,466432.77,SILVER,2020-06-05,62484.6,62791.4,61920.24,,62554.75008772229,62471.68892933828,45.520965692503175,83.06115838401456,84.2208786478175,-1.1597202638029387,64229.70578697399,61353.094213026015,62791.4,2876.611573947972,0.5158519837759727,607.0,505.0,102.0,607.0,1000.8571428571429,0.1386454183266883,49.0,369.0,189.0,607.0,0.9659913745086494,0.3113673805601318,1044.0,1130.0,0.07262140993830132,1.4805498169903768,35081.05,28493.7,115.60648309515508,37.25541587258245,0.7053095617149429,0,24743,-9554.0,-21.83372183372183,44271.55,477.2,0,0,0,0,0,0,0,0,63255.0,61530.0,-2.0799847223769437,0
2020-05-08,63706.0,63706.0,63464.0,63568.0,6004,44928,62837.0,114498.68,SILVER,2020-06-05,62643.3,62797.15,61937.06,,62710.634689611165,62552.8971567947,52.718745419903264,157.7375328164635,98.9242094815467,58.8133233349168,64247.46165797697,61346.83834202303,62797.15,2900.6233159539406,0.7657532247500692,242.0,869.0,627.0,869.0,956.2857142857143,1.1633273389881849,138.0,0.0,104.0,242.0,0.3806946891517745,0.4297520661157025,1095.0,1587.0,1.2275238605573637,2.6332215316645677,35044.85,27045.18,-75.73455118619408,13.139662358006102,0.1713233185475184,0,6004,10724.0,31.353058121857092,45990.1,-1663.6,1,0,0,0,1,0,1,0,63706.0,61759.0,-2.8457714573370247,0
2020-05-11,63320.0,63320.0,62945.0,63066.0,8271,63609,63568.0,156485.67,SILVER,2020-06-05,62642.5,62778.3,61945.2,,62765.306275824834,62590.90477480991,48.508287292817684,174.40150101492327,114.01966778822202,60.38183322670125,64202.838351814455,61353.76164818555,62778.3,2849.0767036289035,0.6009800822959769,375.0,248.0,623.0,623.0,963.3571428571429,-0.7897055122073948,254.0,0.0,121.0,375.0,0.5946151650651699,0.32266666666666666,337.0,-8.0,0.45827937360520604,1.8093411596055917,34826.8,26529.64,37.75816122584943,22.27451949256184,0.23748951956539216,0,0,18681.0,41.579861111111114,47137.25,-397.8,0,0,0,0,1,0,0,0,63706.0,61964.0,-1.7473757650715123,0
2020-05-12,62971.0,63398.0,62336.0,62842.0,5209,40552,63066.0,98203.19,SILVER,2020-06-05,62655.6,62689.0,61952.92,,62777.10531031332,62609.50442112029,58.23246559442878,167.60088919303234,124.7359120691841,42.86497712384825,63818.73196634877,61559.26803365123,62689.0,2259.463932697545,0.5677151769434687,1062.0,332.0,730.0,1062.0,898.2142857142857,-0.35518345859892886,129.0,427.0,506.0,1062.0,1.6899525794850576,0.4764595103578154,483.0,131.0,0.24406195664311123,1.4350897423398312,34235.1,26140.44,-37.02091645508403,-4.270954243563759,0.15215378368983878,0,0,-23057.0,-36.248015217972295,46795.4,5579.6,0,0,0,0,0,0,0,0,63706.0,61984.0,-1.365328920148945,0
2020-05-13,62603.0,62755.0,62364.0,62572.0,30463,20336,62842.0,571839.25,SILVER,2020-06-05,62698.9,62682.55,61976.26,,62745.550647188196,62606.726315852124,57.02224387075824,138.82433133607265,127.55359592256181,11.270735413510835,63813.46587941659,61551.63412058342,62682.55,2261.83175883317,0.45112368567278704,391.0,87.0,478.0,478.0,890.7142857142857,-0.429648960886031,31.0,152.0,208.0,391.0,0.6248801380809308,0.5319693094629157,-178.0,433.0,-0.17636487347755142,0.9612390292670094,35188.1,26454.16,484.8147437128047,49.72301198085597,0.8657188083471401,0,0,-20216.0,-49.85204182284474,44927.2,-4684.4,0,0,0,0,0,0,0,0,63706.0,61831.0,-1.1842357604040146,0
2020-05-14,61659.0,61754.0,61364.0,61530.0,10539,57037,62572.0,194539.4,SILVER,2020-06-05,62672.6,62593.0,61988.7,,62558.54285531309,62526.968810974184,46.744622491699154,31.574044338907697,108.357685605831,-76.7836412669233,63792.603443248416,61393.396556751584,62593.0,2399.2068864968314,0.05693691695253315,390.0,818.0,1208.0,1208.0,900.6428571428571,-1.665281595601864,129.0,95.0,166.0,390.0,0.6338371526084837,0.4256410256410256,-1307.0,-263.0,-1.6982729698209065,-0.7399735758291384,34678.45,26145.58,-65.40393263959558,32.75271941403041,0.30390631645878063,0,0,36701.0,180.4730527143981,46050.15,4566.6,0,0,0,0,1,1,0,0,63706.0,60836.0,-1.1279050869494556,0
2020-05-15,61777.0,62352.0,61415.0,61759.0,24977,26206,61530.0,462766.36,SILVER,2020-06-05,62601.2,62510.9,62011.92,,62435.536262188005,62470.0822323835,39.15553356424212,-34.54597019549692,79.77695444556541,-114.32292464106233,63702.39298648501,61319.407013514996,62510.9,2382.985972970011,0.18447149562408952,937.0,822.0,115.0,937.0,846.5,0.3721761742239593,18.0,575.0,344.0,937.0,1.5171877782995191,0.3671291355389541,-1809.0,-714.0,-1.2028302264085167,-0.407857070060076,34751.0,26319.28,136.9959199165006,52.6066952919364,0.7187419067077206,0,24977,-30831.0,-54.05438574960113,46380.65,-3744.4,0,0,0,0,0,1,0,0,63398.0,60555.0,-1.949513431240791,0
2020-05-18,61967.0,62479.0,61636.0,61964.0,13606,44831,61759.0,252924.66,SILVER,2020-06-05,62524.7,62449.25,62023.88,,62362.99222185139,62432.594659614355,43.674851820491114,-69.60243776296556,49.90107600385922,-119.50351376682478,63618.65972514514,61279.84027485486,62449.25,2338.819450290277,0.29252353150228233,843.0,720.0,123.0,843.0,855.3571428571429,0.33193542641558604,3.0,512.0,328.0,843.0,1.360467368149248,0.38908659549228947,-1102.0,-765.0,-0.777030949130694,-0.09654346035752259,34714.3,26212.94,-45.52588381310806,53.26869852414502,0.39194222553817876,0,13606,18625.0,71.07151034114325,45247.2,-3755.6,1,0,0,0,1,0,0,0,63398.0,60330.0,-2.6370150409915434,0
2020-05-19,61941.0,62341.0,61544.0,61984.0,39052,53563,61964.0,726179.75,SILVER,2020-06-05,62487.2,62384.35,62031.0,,62304.685726181946,62399.365425568845,48.55221371193723,-94.6796993868993,20.984920925707517,-115.66462031260681,63502.09778719994,61266.602212800055,62384.35,2235.495574399887,0.32091219298992735,797.0,377.0,420.0,797.0,850.5714285714286,0.032276805887287985,43.0,357.0,397.0,797.0,1.2858156943727412,0.5520702634880803,-858.0,-375.0,-0.6417474895546696,-0.0757685673292386,33242.65,26339.92,187.02043216228134,70.04825912383954,1.1747559234898541,0,39052,8732.0,19.47759362940822,46918.9,2602.2,1,0,0,0,1,0,0,0,62755.0,59784.0,-3.549303045947341,0
2020-05-20,62025.0,62436.0,61178.0,61831.0,8148,28361,61984.0,151139.7,SILVER,2020-06-05,62395.3,62383.45,62059.8,,62231.81099907703,62357.26428293411,50.36821705426357,-125.45328385708126,-8.302720030850239,-117.15056382623102,63503.04023989317,61263.859760106825,62383.45,2239.180479786344,0.2532802715158047,1258.0,452.0,806.0,1258.0,873.2857142857143,-0.246837893649976,194.0,411.0,653.0,1258.0,2.0345781242418854,0.5190779014308426,-741.0,-919.0,-0.8855714135720245,-0.3686766634762002,28897.45,26029.74,-79.13551162552494,65.93749443930844,0.2819625953155036,0,0,-25202.0,-47.051136045404476,44667.25,1605.0,0,0,0,0,0,0,0,0,62479.0,59688.0,-3.465898982710938,0
2020-05-21,60736.0,60935.0,60605.0,60836.0,38536,51335,61831.0,703312.83,SILVER,2020-06-05,62195.2,62339.9,62063.8,,62017.07084537287,62244.57803975381,35.05022831050229,-227.50719438093802,-52.143614900867796,-175.36357948007023,63625.70311171897,61054.096888281034,62339.9,2571.606223437935,-0.08480959732219967,330.0,896.0,1226.0,1226.0,891.9285714285714,-1.6092251459623785,100.0,99.0,131.0,330.0,0.542441975146295,0.7,-694.0,-2001.0,-2.4124196541861656,-1.97828685965088,29686.5,26627.88,372.9504172803142,91.67188785782434,1.298098462263992,0,0,22974.0,81.00560629032827,43431.7,-1140.4,0,0,0,0,1,1,0,0,62479.0,59986.0,-1.3971990268919718,0
2020-05-22,60740.0,60740.0,60480.0,60555.0,10607,35816,60836.0,192692.07,SILVER,2020-06-05,61893.9,62268.6,62067.3,,61792.136869161666,62119.424110883156,30.23636363636365,-327.2872417214894,-107.17234026499213,-220.11490145649728,63777.06808315445,60760.131916845545,62268.6,3016.9361663089076,-0.06799345612158407,260.0,96.0,356.0,356.0,841.7857142857143,-0.4618975606548781,185.0,0.0,75.0,260.0,0.4293617372636446,0.28846153846153844,-1204.0,-3013.0,-2.7519488152937415,-2.436548714057165,27197.0,26697.74,-72.47508822918829,91.99783415352492,0.39000625068941425,0,0,-15519.0,-30.230836661147364,44142.7,1922.0,0,0,0,0,0,1,0,0,62479.0,61336.0,1.2897366030881017,1
2020-05-25,60390.0,60782.0,59523.0,60330.0,24586,25619,60555.0,444982.01,SILVER,2020-06-05,61620.3,62131.4,62075.46,,61567.192735444485,61986.874176743666,31.05508870214753,-419.68144129918073,-169.67416047182985,-250.00728082735088,63819.84586279215,60442.95413720785,62131.4,3376.891725584297,-0.033449143883435783,1259.0,227.0,1032.0,1259.0,868.7142857142857,-0.3715630418627658,60.0,392.0,807.0,1259.0,2.0868556273827283,0.6409849086576648,-1634.0,-2736.0,-2.8993391425269697,-2.8118357882486884,27024.8,26400.56,131.79032714245312,101.4010507451853,0.9097569639738314,0,0,-10197.0,-28.470515970515976,41655.9,-3842.4,0,0,0,0,0,1,0,0,62436.0,61477.0,1.901210011602851,1
2020-05-26,59617.0,60163.0,59408.0,59784.0,34250,36819,60330.0,614280.6,SILVER,2020-06-05,61314.5,61985.05,62063.8,,61292.85539152995,61823.69831179969,23.08529945553539,-530.8429202697444,-241.90791243141277,-288.93500783833156,63947.192703646884,60022.90729635312,61985.05,3924.2854072937625,-0.06087918475783727,755.0,167.0,922.0,922.0,888.9285714285714,-0.9050223769269006,167.0,379.0,209.0,755.0,1.2628797002542487,0.49801324503311256,-2200.0,-3058.0,-3.5509368791345706,-3.673316812699195,24134.3,26474.08,39.30692263890019,109.03383465458371,1.4191420509399486,0,0,11200.0,43.717553378352015,42348.15,-3348.8,0,1,0,0,1,1,0,0,62436.0,61678.0,3.168071724876221,1
2020-05-27,59732.0,59817.0,59502.0,59688.0,23594,21741,59784.0,422483.6,SILVER,2020-06-05,61026.1,61862.5,62035.3,,61045.95456206381,61665.49843685157,21.471281029171948,-619.5438747877633,-317.4351049026829,-302.10876988508045,64074.42400174028,59650.57599825972,61862.5,4423.848003480554,0.008459603881243897,315.0,33.0,282.0,315.0,868.0714285714286,-0.16057808109193328,44.0,85.0,186.0,315.0,0.5277442702050663,0.5904761904761905,-2143.0,-2884.0,-3.515053546170944,-3.783813409462037,23248.4,26198.98,-31.112408759124087,57.44111940739083,1.014865539133876,0,0,-15078.0,-40.951682555202474,39601.55,-1324.0,0,1,0,0,0,1,0,0,60935.0,61641.0,3.272014475271411,1
2020-05-28,59734.0,60535.0,59725.0,59986.0,12399,18798,59688.0,223129.92,SILVER,2020-06-05,60871.7,61772.15,61999.1,,60882.8846294386,61541.09114523294,14.785686197404644,-658.2065157943362,-385.58938708101357,-272.6171287133226,64138.272591031695,59406.02740896831,61772.15,4732.245182063387,0.12255759554258942,810.0,847.0,37.0,847.0,866.5,0.49926283340033795,252.0,549.0,9.0,810.0,1.350315073517154,0.32222222222222224,-850.0,-1544.0,-2.8915134085506193,-3.246982617489606,19648.35,25901.82,-47.44850385691277,59.23666228565912,0.6310453549534695,0,12399,-2943.0,-13.536635849316959,38950.55,-6507.4,0,1,0,0,0,1,0,0,60782.0,60294.0,0.5134531390657819,1
2020-05-29,61413.0,61849.0,60822.0,61336.0,30117,35143,59986.0,554176.89,SILVER,2020-06-05,60829.4,61715.3,62001.6,,60952.59468644805,61525.89920854902,35.42298618132793,-573.304522100967,-423.13241408500426,-150.17210801596275,64065.10152353366,59365.498476466346,61715.3,4699.603047067314,0.41929105581870435,1027.0,1863.0,836.0,1863.0,955.0714285714286,2.2505251225285905,77.0,436.0,514.0,1027.0,1.67438372244685,0.5004868549172347,781.0,-423.0,-0.6145963804761589,-1.073520683337202,19531.35,26044.7,142.8986208565207,59.82693237966113,1.5419825050495743,1,30117,16345.0,86.950739440366,38045.4,-134.6,1,0,0,1,1,0,0,0,61849.0,60292.0,-1.7020999086996218,0
2020-06-01,61586.0,61863.0,60946.0,61477.0,38126,59695,61336.0,703161.63,SILVER,2020-06-05,60780.7,61652.7,62011.0,,61033.2724269945,61522.277044952796,38.335327294479576,-489.00461795829324,-436.3068548596621,-52.69776309863113,63955.02231499118,59350.37768500881,61652.7,4604.644629982373,0.4618428751578448,917.0,527.0,390.0,917.0,944.7142857142857,0.229881309508273,109.0,277.0,531.0,917.0,1.491614750231794,0.579062159214831,1147.0,-487.0,-0.2849834638223421,-0.8611375401138507,20661.05,26192.48,26.592954145499228,67.03881617552186,1.8453079586952261,1,38126,24552.0,69.86313063768033,37750.25,6815.2,1,0,0,1,1,0,0,0,61863.0,60351.0,-1.8315792898157035,0
2020-06-02,61605.0,62048.0,60674.0,61678.0,38617,42747,61477.0,714545.8,SILVER,2020-06-05,60750.1,61618.65,62019.38,,61132.46128437996,61533.81207865999,42.269111034244204,-401.3507942800279,-429.3156427437353,27.96484846370737,63897.00862201881,59340.29137798119,61618.65,4556.717244037616,0.5130247274126252,1374.0,571.0,803.0,1374.0,1008.7142857142857,0.3269515428534264,73.0,370.0,931.0,1374.0,2.227698693213139,0.7307132459970888,1894.0,-306.0,0.09631824131167843,-0.5504408460710143,21666.0,26623.88,1.2878350731784005,48.46555646661156,1.7823779193205944,1,38617,-16948.0,-28.390987519892786,39254.9,1185.6,0,0,0,1,0,0,1,0,62048.0,62125.0,0.7247316709361523,1
2020-06-03,61657.0,61969.0,61333.0,61641.0,12498,31182,61678.0,231116.77,SILVER,2020-06-05,60731.1,61563.2,62012.68,,61210.698009859974,61541.75192468517,51.16181703998326,-331.0539148251992,-409.66329716002804,78.60938233482887,63778.73905523335,59347.66094476664,61563.2,4431.078110466711,0.5175578037805811,636.0,291.0,345.0,636.0,967.8571428571429,-0.0599889749991922,16.0,312.0,308.0,636.0,1.031780795249915,0.48427672955974843,1953.0,-190.0,0.12637419757258056,-0.599361291916428,21717.1,26331.58,-67.63601522645467,49.615506106518595,0.5754912027849023,0,0,-11565.0,-27.054530142466138,38626.1,1888.2,0,0,0,0,0,0,0,0,62048.0,62002.0,0.585649162083678,1
2020-06-04,60530.0,60762.0,59786.0,60294.0,14628,19415,61641.0,264594.19,SILVER,2020-06-05,60676.9,61436.05,61985.62,,61069.667546804594,61449.32585618997,37.57421543681085,-379.6583093853769,-403.6622996050978,24.00399021972089,63635.613255692064,59236.48674430794,61436.05,4399.126511384122,0.2403916443310758,976.0,879.0,1855.0,1855.0,1033.4285714285713,-2.185233854090618,236.0,232.0,508.0,976.0,1.6187348658241285,0.5204918032786885,308.0,-542.0,-1.8589248494979786,-2.729052318908809,21211.35,26510.26,17.0427268362938,14.024737062116547,0.6896307872907665,0,0,-11767.0,-37.73651465589122,37886.65,123.4,0,0,0,0,0,0,0,0,62048.0,62237.0,3.222542873254387,1
2020-06-05,60231.0,60654.0,59959.0,60292.0,5329,21085,60294.0,96388.82,SILVER,2020-06-05,60650.6,61272.25,61960.86,,60950.02638575774,61363.59801499071,35.31271960646522,-413.5716292329744,-405.64416553067315,-7.927463702301225,63283.16253179435,59261.33746820565,61272.25,4021.8250635886943,0.2562673700368961,695.0,360.0,335.0,695.0,1022.8571428571429,-0.003317079643083698,61.0,362.0,272.0,695.0,1.1527234127247397,0.479136690647482,-1044.0,-263.0,-1.5998270016198197,-2.693410001087784,21177.6,26205.08,-63.56986601039103,14.915259283996273,0.2516338017527954,0,0,1670.0,8.601596703579716,36694.5,-2811.6,0,0,0,0,1,0,0,0,62048.0,62228.0,3.211039607244742,1
2020-06-08,60223.0,60606.0,60176.0,60351.0,12032,25008,60292.0,217842.97,SILVER,2020-06-05,60652.7,61136.5,61952.72,,60857.86848025654,61288.59075462103,35.752922701099294,-430.72227436448884,-410.6597872974363,-20.06248706705253,62998.61566151069,59274.38433848931,61136.5,3724.2313230213767,0.2890839929452225,430.0,314.0,116.0,430.0,996.6428571428571,0.09785709546872301,128.0,255.0,47.0,430.0,0.7124985501482991,0.4069767441860465,-1126.0,21.0,-1.2848298479631644,-2.585390923917467,21365.65,25944.38,125.78344905235505,14.314571474986465,0.5631469204072892,0,12032,3923.0,18.60564382262271,34764.45,-6937.4,1,0,0,0,1,0,0,0,62048.0,61403.0,1.7431359878046762,1
2020-06-09,62309.0,62685.0,61710.0,62125.0,25622,28452,60351.0,477530.02,SILVER,2020-06-05,60886.8,61100.65,61996.56,,61052.81179098631,61350.546995019475,51.99945593035909,-297.735204033168,-388.0748706445827,90.33966661141471,62848.62341603332,59352.676583966684,61100.65,3495.9468320666347,0.7930107490777977,975.0,2334.0,1359.0,2334.0,1073.5,2.9394707627048433,184.0,376.0,415.0,975.0,1.5694164989939636,0.4256410256410256,447.0,2341.0,1.6764960765556478,0.2071727850706593,22386.3,26222.74,112.94880319148936,21.678759530245383,1.1445392941218513,0,25622,3444.0,13.771593090211143,34159.45,-2859.0,1,0,0,0,1,0,1,0,62685.0,62243.0,0.18993963782696177,0
2020-06-10,62246.0,62376.0,61616.0,62002.0,33584,74075,62125.0,624682.55,SILVER,2020-06-05,61118.2,61072.15,62026.22,,61198.84074621918,61398.802773166186,58.99691358024692,-199.96202694700332,-350.45230190506686,150.49027495806354,62735.66046379613,59408.639536203875,61072.15,3327.0209275922534,0.7794842654244817,760.0,251.0,509.0,760.0,1040.2142857142858,-0.19798792756539063,244.0,130.0,386.0,760.0,1.2257669107448146,0.5078947368421053,361.0,2314.0,1.5225434179081603,-0.03904800260277212,22542.35,26755.0,31.074857544297863,27.89748616058758,1.489818053574716,0,0,45623.0,160.35076620272739,36846.4,8578.6,0,0,0,0,1,0,0,0,62685.0,62807.0,1.2983452146704944,1
2020-06-11,62237.0,62460.0,61769.0,62237.0,9722,18120,62002.0,181520.43,SILVER,2020-06-05,61343.3,61107.5,62040.96,,61358.557554493156,61460.891456635356,63.071184333229716,-102.3339021421998,-300.82862195249345,198.49471981029365,62840.56998674279,59374.43001325721,61107.5,3466.1399734855804,0.825866816874151,691.0,458.0,233.0,691.0,1064.142857142857,0.37902003161187636,0.0,223.0,468.0,691.0,1.1102720246798528,0.6772793053545586,1943.0,2251.0,1.8483819498424907,0.3159847945615298,22501.5,26620.62,-71.05169128156265,25.537167418122586,0.43206008488323,0,9722,-55955.0,-75.53830577117786,34900.55,-259.0,0,0,0,0,0,0,0,0,62685.0,63406.0,1.8783039028230795,1
2020-06-12,62354.0,62515.0,61701.0,62228.0,22772,74385,62237.0,425116.8,SILVER,2020-06-05,61432.5,61130.95,62056.24,,61492.317930724974,61517.714311699405,65.26214216789964,-25.39638097443094,-245.74217375688096,220.34579278245002,62913.133459751494,59348.7665402485,61130.95,3564.3669195029943,0.8077825669398179,814.0,278.0,536.0,814.0,1032.357142857143,-0.014460851262110275,126.0,161.0,527.0,814.0,1.3080928199524329,0.6474201474201474,1936.0,892.0,1.7945901380560958,0.2767811907392424,22391.25,26346.54,134.23163958033325,24.670469290503846,1.0170044102048792,0,0,56265.0,310.5132450331125,37309.5,10660.0,0,0,0,0,1,0,0,0,62685.0,62754.0,0.8452786526965353,1
2020-06-15,61568.0,61759.0,61074.0,61403.0,25569,28170,62228.0,471003.99,SILVER,2020-06-05,61425.1,61102.9,62040.22,,61478.57671061344,61509.21695527723,62.45959673695552,-30.640244663794874,-202.72178793826376,172.08154327446888,62847.13246881385,59358.667531186155,61102.9,3488.464937627694,0.5860263770356481,685.0,469.0,1154.0,1154.0,1048.9285714285713,-1.3257697499517884,165.0,191.0,329.0,685.0,1.115580671954139,0.4802919708029197,1052.0,-74.0,0.4911387184568957,-1.0271078987147388,22989.4,26464.38,12.282627788512212,23.239436654805143,1.1122082350996545,0,0,-46215.0,-62.12946158499697,36476.45,632.4,0,0,0,0,0,0,0,0,62685.0,63805.0,3.9118609839910103,1
2020-06-16,62150.0,62378.0,62100.0,62243.0,8235,26259,61403.0,153771.33,SILVER,2020-06-05,61481.6,61115.85,62035.42,,61596.180293595986,61563.57125488632,67.64259080237537,32.609038709662855,-155.65562260867844,188.2646613183413,62891.19486197714,59340.505138022854,61115.85,3550.6897239542886,0.8174453662892095,278.0,975.0,697.0,975.0,1096.0714285714287,1.368011334951058,93.0,135.0,50.0,278.0,0.44663656957408865,0.5143884892086331,118.0,565.0,1.8442842568662652,0.3346152891364349,21448.55,25972.72,-67.79303062302007,16.3313500851853,0.3839420380398675,0,8235,-1911.0,-6.783812566560165,35111.25,-438.6,0,0,0,0,0,0,0,0,62515.0,62788.0,0.8756004691290586,1
2020-06-17,62746.0,62912.0,62640.0,62807.0,9576,32099,62243.0,180431.95,SILVER,2020-06-05,61598.2,61164.65,62050.94,,61782.46024842737,61655.67708785771,68.78913014519782,126.78316056966287,-99.16786597301018,225.95102654267305,63071.54632373524,59257.753676264765,61164.65,3813.7926474704727,0.9306343191178209,272.0,669.0,397.0,669.0,1083.357142857143,0.9061259900711827,61.0,105.0,106.0,272.0,0.4330727466683649,0.6139705882352942,805.0,1166.0,2.685129400724109,1.2184505182354974,21519.95,26026.88,16.284153005464486,24.72336690837721,0.4449824465205542,0,9576,5840.0,22.239993906850984,35298.15,-8395.2,1,0,0,0,1,0,0,0,62912.0,63235.0,0.6814527043163978,1
2020-06-18,63562.0,63562.0,63360.0,63406.0,31707,19649,62807.0,603124.21,SILVER,2020-06-05,61909.4,61293.15,62072.86,,62032.235594823156,61785.33063690529,65.31971580817051,246.90495791786816,-29.953301194834523,276.8582591127027,63438.28395729452,59148.01604270548,61293.15,4290.267914589043,0.9924750719681767,202.0,755.0,553.0,755.0,1004.2142857142857,0.953715350199813,156.0,0.0,46.0,202.0,0.3185818376809766,0.22772277227722773,1169.0,3112.0,3.4471225577409523,2.147701910303472,21178.5,26199.92,231.10902255639098,46.129996480386936,1.4971315248955308,0,31707,-12450.0,-38.78625502352098,33713.85,305.8,0,0,0,0,0,0,0,0,63562.0,64887.0,2.3357410970570607,1
2020-06-19,62965.0,63607.0,62154.0,62754.0,38868,69258,63406.0,731736.74,SILVER,2020-06-05,62155.6,61403.1,62058.88,,62143.27627254267,61857.083923060454,58.78629420668777,286.19234948221856,33.2758289405761,252.91652054164246,63613.3648471932,59192.835152806794,61403.1,4420.529694386409,0.8055968613253515,1453.0,201.0,1252.0,1453.0,1042.5,-1.0282938523168195,211.0,642.0,600.0,1453.0,2.3153902540077125,0.41293874741913283,526.0,2462.0,2.200051788916197,1.1200975589633628,22591.55,26842.72,22.58491815687387,54.745474897113425,1.7204662805340936,1,0,49609.0,252.47595297470608,35385.95,-1025.4,0,0,0,1,1,0,0,0,63607.0,64159.0,2.2389011059055997,1
2020-06-22,63877.0,63884.0,63616.0,63805.0,88212,51037,62754.0,1688510.0,SILVER,2020-06-05,62501.0,61576.85,62066.12,,62398.926076766875,62001.37400283375,63.10213132930886,397.55207393312594,106.13107793908607,291.42099599403986,63970.650525920195,59183.0494740798,61576.85,4787.601051840393,0.9654000982691493,268.0,1130.0,862.0,1130.0,1025.0714285714287,1.6747936386525053,72.0,7.0,189.0,268.0,0.4200297782305462,0.7052238805970149,2402.0,3454.0,3.6184864928946534,2.8016573293126705,25772.85,28354.32,126.95276319851807,54.862406311729714,3.422671532251963,1,88212,-18221.0,-26.30887406508995,36656.85,4573.4,0,0,0,1,0,0,0,0,63884.0,63754.0,-0.07993103988715618,0
2020-06-23,62677.0,63102.0,62437.0,62788.0,72885,21805,63805.0,1372891.01,SILVER,2020-06-05,62567.3,61727.05,62029.32,,62458.783603418124,62059.642595216435,56.30427613498955,399.14100820168824,164.7330639916065,234.40794421008172,64022.134309883775,59431.96569011623,61727.05,4590.168619767544,0.7311352997863781,665.0,703.0,1368.0,1368.0,1077.357142857143,-1.593918971867414,111.0,314.0,240.0,665.0,1.0591195769892336,0.5278195488721804,545.0,663.0,1.7187764521388875,1.2230990118866374,27704.6,29471.16,-17.375187049381037,41.83000728764269,2.6307905546371364,1,0,-29232.0,-57.2760938142916,35906.15,-890.8,0,0,0,1,0,0,0,0,63884.0,63845.0,1.6834426960565714,1
2020-06-24,63487.0,63487.0,62802.0,63235.0,62635,53147,62788.0,1188217.27,SILVER,2020-06-05,62690.6,61904.4,62040.0,,62578.201510584564,62146.706106681886,67.93949005733805,431.49540390267794,218.08553197382082,213.40987192885711,64081.18346963705,59727.61653036295,61904.4,4353.5669392740965,0.8056344414958875,685.0,699.0,14.0,699.0,994.7857142857143,0.7119194750589308,252.0,0.0,433.0,685.0,1.0832608523760576,0.6321167883211679,428.0,1233.0,2.149443335207188,1.9261766602192132,29656.65,30495.8,-14.063250325855803,37.31619650062731,2.1120052332276233,1,62635,31342.0,143.737674845219,37476.45,4209.6,1,0,0,1,1,0,0,0,63884.0,63488.0,0.4000948841622519,0
2020-06-25,64818.0,65082.0,64591.0,64887.0,55412,56053,63235.0,1078655.53,SILVER,2020-06-05,62955.6,62149.45,62071.32,,62933.40127818694,62349.69083952026,73.33197928303036,583.710438666676,291.21051331239187,292.4999253542842,64512.40929314354,59786.49070685646,62149.45,4725.91858628708,1.079263046964751,491.0,1847.0,1356.0,1847.0,1077.0714285714287,2.612477267336133,69.0,195.0,227.0,491.0,0.7567001094209934,0.6028513238289206,1481.0,2650.0,4.404785561255977,4.536201260098868,31807.3,31189.4,-11.531891115191184,43.26817651726446,1.742115803604833,1,55412,2906.0,5.467853312510584,39339.2,7280.8,1,0,1,1,1,0,0,0,65082.0,62367.0,-3.8836746960099866,0
2020-06-26,64116.0,64403.0,63691.0,64159.0,48597,20985,64887.0,935380.48,SILVER,2020-06-05,63148.7,62290.6,62086.48,,63121.954927696635,62483.71374029654,68.10574362875619,638.2411874000973,360.61664812993297,277.6245392701643,64782.69752280255,59798.50247719745,62290.6,4984.195045605098,0.8748649446709547,712.0,484.0,1196.0,1196.0,1131.7857142857142,-1.1219504677362213,43.0,244.0,425.0,712.0,1.109742982278402,0.6573033707865169,1405.0,1931.0,2.999489489585911,3.338118057264636,32731.3,31690.82,-12.29878004764311,28.615134554466824,1.4847256295961357,0,0,-35068.0,-62.56221790091521,38631.3,-9654.6,0,0,0,0,0,0,0,0,65082.0,62434.0,-2.6886329275705667,0
2020-06-29,63798.0,64399.0,63367.0,63754.0,68787,22391,64159.0,1315633.92,SILVER,2020-06-05,63383.8,62404.45,62097.62,,63219.192631127924,62577.809018793094,58.90455887176123,641.3836123348301,416.7700409709124,224.61357136391769,64947.571618881346,59861.32838111865,62404.45,5086.243237762697,0.7653333584167387,1032.0,240.0,792.0,1032.0,1038.7857142857142,-0.6312442525600481,44.0,601.0,387.0,1032.0,1.6187219625435265,0.375,-51.0,2351.0,2.1625861617240485,2.6673808110520136,34264.35,32779.76,41.54577443052041,31.541449218667644,2.0075384473950333,1,0,1406.0,6.700023826542778,36766.1,-5729.2,0,0,0,1,1,0,0,0,65082.0,61682.0,-3.249992157354833,0
2020-06-30,64043.0,64043.0,63625.0,63845.0,79905,14861,63754.0,1530460.42,SILVER,2020-06-05,63544.0,62512.8,62108.88,,63315.470687877474,62671.67501740101,60.10970927043335,643.7956704764656,462.17516687202306,181.62050360444255,65109.686038072796,59915.91396192721,62512.8,5193.772076145586,0.756499511428051,418.0,289.0,129.0,418.0,1014.3571428571429,0.14273614204598495,198.0,0.0,220.0,418.0,0.6547106273004935,0.5263157894736842,1057.0,1602.0,2.131083554088118,2.7952846678285015,36328.75,33008.16,16.16293776440316,39.93704605740997,2.1994976430513025,1,79905,-7530.0,-33.62958331472466,35371.8,-1388.8,0,0,0,1,0,0,0,0,65082.0,62040.0,-2.827159526979403,0
2020-07-01,63596.0,63642.0,63069.0,63488.0,24464,73582,63845.0,465951.13,SILVER,2020-08-05,63612.1,62605.15,62141.66,,63342.01365897325,62732.143534630566,56.771679116596296,609.870124342684,491.71415836615523,118.15596597652876,65202.86318663176,60007.436813368244,62605.15,5195.426373263515,0.6699283055079529,573.0,203.0,776.0,776.0,1020.4285714285714,-0.5591667319288951,108.0,46.0,419.0,573.0,0.9025327620967742,0.731239092495637,253.0,681.0,1.410187500549074,2.1665658754529513,36927.05,31596.4,-69.38364307615294,31.37026644924823,0.6624953794034454,0,0,58721.0,395.13491689657496,37491.8,4087.0,0,0,0,0,1,0,0,0,65082.0,61395.0,-3.296685987903226,0
2020-07-02,62419.0,62713.0,61924.0,62367.0,35413,61928,63488.0,662580.77,SILVER,2020-08-05,63508.2,62708.8,62154.86,,63192.01155759275,62705.095865398675,50.67156246980384,486.9156921940739,490.754465131739,-3.8387729376650555,65073.183760818356,60344.41623918165,62708.8,4728.767521636706,0.4277190095651604,789.0,775.0,1564.0,1564.0,1074.0,-1.765688004032262,52.0,294.0,443.0,789.0,1.2650921160228967,0.5614702154626109,-2520.0,-1039.0,-0.5450590666700733,0.3413087890472272,37966.3,31849.56,44.755559189012416,12.734920112510371,0.9327482530559996,0,0,-11654.0,-15.838112581881436,39617.45,1175.0,0,0,0,0,0,0,0,0,64403.0,62531.0,0.2629595779819456,0
2020-07-03,62492.0,62823.0,62033.0,62434.0,38270,44364,62367.0,716804.75,SILVER,2020-08-05,63476.2,62815.9,62163.92,,63075.39439488617,62685.01469018396,55.37483057032634,390.379704702209,470.679513045833,-80.29980834362402,64896.34326248554,60735.45673751446,62815.9,4160.88652497108,0.4082166750503594,790.0,456.0,334.0,790.0,1048.0,0.10742860807799737,58.0,331.0,401.0,790.0,1.265336195021943,0.5075949367088608,-1725.0,-320.0,-0.6079670911345717,0.43446423584613353,39613.35,31407.02,8.067658769378472,11.283194173760831,0.966088452504017,0,38270,-17564.0,-28.361968737889164,40781.4,4675.8,0,0,0,0,0,0,0,0,64399.0,61979.0,-0.7287695806771952,0
2020-07-06,61687.0,62113.0,61288.0,61682.0,25269,52923,62434.0,467592.74,SILVER,2020-08-05,63263.9,62882.45,62136.08,,62861.026026442145,62610.71730572589,47.04830053667263,250.30872071625345,426.6053545799171,-176.29663386366366,64699.363458530665,61065.53654146933,62882.45,3633.826917061335,0.16964579563112558,825.0,321.0,1146.0,1146.0,1060.2142857142858,-1.2044719223500033,5.0,426.0,394.0,825.0,1.3375052689601505,0.4775757575757576,-2072.0,-2123.0,-1.9090382133647739,-0.7307831456377707,40275.2,31351.8,-33.971779461719365,-4.809260092262912,0.6274084300015891,0,0,8559.0,19.292669732215305,42177.15,6106.4,0,0,0,0,1,1,0,0,64043.0,61764.0,0.1329399176420998,0
2020-07-07,62109.0,62408.0,61477.0,62040.0,36541,17919,61682.0,680101.09,SILVER,2020-08-05,63189.1,62878.2,62122.66,,62734.714330066425,62568.44194974619,45.875013445197375,166.2723803202316,374.53875972798005,-208.26637940774845,64702.95429925017,61053.44570074983,62878.2,3649.508598500339,0.2703252431452192,931.0,726.0,205.0,931.0,1078.9285714285713,0.5803962258033035,69.0,299.0,563.0,931.0,1.5006447453255962,0.6047261009667024,-1805.0,-748.0,-1.3330534271019163,-0.13305933776822093,40821.15,30241.42,44.60801772923344,1.3890603855985357,0.8951487158005103,0,36541,-35004.0,-66.14137520548722,41650.5,611.6,0,0,0,0,0,0,0,0,63642.0,62369.0,0.5303030303030304,1
2020-07-08,61085.0,61616.0,61085.0,61395.0,13009,65896,62040.0,239606.27,SILVER,2020-08-05,63005.1,62847.85,62107.78,,62528.60443313313,62481.52032383907,39.237932141710374,47.08410929406091,309.04782964119624,-261.96372034713534,64752.411977546595,60943.2880224534,62847.85,3809.123955093193,0.11858684119287123,531.0,424.0,955.0,955.0,1093.2142857142858,-1.0396518375241803,310.0,221.0,0.0,531.0,0.8648912777913511,0.583804143126177,-2093.0,-1840.0,-2.311694035675045,-1.1476501011628475,39792.4,29675.36,-64.3988943926001,-3.644504021075894,0.326921723746243,0,0,47977.0,267.74373569953684,41241.55,-1537.2,0,0,0,0,1,1,0,0,62823.0,61497.0,0.16613730759833864,0
2020-07-09,62494.0,62940.0,61917.0,62531.0,22007,57396,61395.0,412835.92,SILVER,2020-08-05,62769.5,62862.55,62122.54,,62528.972981881874,62485.18548503618,48.86537091686171,43.787496845696296,255.99576308209626,-212.20826623639996,64751.73678968391,60973.36321031609,62862.55,3778.3735793678206,0.4122506038549327,1023.0,1545.0,522.0,1545.0,1099.7857142857142,1.8503135434481566,37.0,409.0,577.0,1023.0,1.635988549679359,0.6001955034213099,164.0,-2356.0,-0.5274205389377346,0.6575069209983995,40406.65,28427.5,69.16749942347606,4.425435032790831,0.5446380731884479,0,22007,-8500.0,-12.899113755007896,43205.35,-906.4,0,0,0,0,0,0,0,0,62940.0,61677.0,-1.3657226015896116,0
2020-07-10,62009.0,62533.0,61562.0,61979.0,31462,44840,62531.0,584994.99,SILVER,2020-08-05,62551.5,62850.1,62112.66,,62444.36175390004,62447.690263922384,40.2122641509434,-3.328510022343835,204.13090846120826,-207.4594184835521,64760.06190648163,60940.13809351837,62850.1,3819.9238129632577,0.27195880267458694,971.0,2.0,969.0,971.0,1088.4285714285713,-0.8827621499736149,30.0,524.0,417.0,971.0,1.5666596750512272,0.4294541709577755,-455.0,-2180.0,-1.3859962036655449,-0.2151896247882533,40841.15,28407.6,42.96360249011677,9.95167328656682,0.7703504920894735,0,0,-12556.0,-21.87608892605757,41728.1,95.2,0,0,0,0,0,0,0,0,62940.0,62640.0,1.066490262830959,1
2020-07-13,61621.0,62141.0,61483.0,61764.0,16542,52255,61979.0,306510.03,SILVER,2020-08-05,62352.5,62868.15,62093.36,,62339.69071483849,62397.046540668875,43.994839315036366,-57.355825830381946,151.83356160289023,-209.18938743327217,64726.66001724794,61009.639982752065,62868.15,3717.020034495872,0.20294752523448428,658.0,162.0,496.0,658.0,1037.7142857142858,-0.3468916891205098,143.0,377.0,138.0,658.0,1.0653455087105757,0.4270516717325228,82.0,-1990.0,-1.7562947215720541,-0.53042708592352,40389.8,28427.8,-47.4222872036107,1.054867123153708,0.40955884901633577,0,0,7415.0,16.536574487065113,42932.35,-133.6,0,0,0,0,1,0,0,0,62940.0,61494.0,-0.4371478531183214,0
2020-07-14,62417.0,62462.0,62253.0,62369.0,22434,18176,61764.0,419755.84,SILVER,2020-08-05,62204.9,62874.45,62093.56,,62344.199835632564,62394.96901913785,45.013818516812535,-50.769183505282854,111.3130125812556,-162.08219608653846,64724.87395995602,61024.02604004397,62874.45,3700.8479199120484,0.36342319086378205,209.0,698.0,489.0,698.0,1037.642857142857,0.9795350042095752,48.0,45.0,116.0,209.0,0.3351023745771136,0.5550239234449761,329.0,-1476.0,-0.8039036524375117,0.443588674896402,41099.75,28506.12,35.618425825172295,3.000415929230621,0.5458427362696854,0,22434,-34079.0,-65.21672567218448,42528.2,51.4,0,0,0,0,0,0,0,0,62940.0,61643.0,-1.1640398274783947,0
2020-07-15,61472.0,61804.0,60931.0,61497.0,34765,43529,62369.0,641382.96,SILVER,2020-08-05,62005.8,62808.95,62068.5,,62213.8613993814,62328.45279549801,28.55516194331983,-114.59139611660794,66.1321308416829,-180.72352695829085,64759.46091552428,60858.439084475714,62808.95,3901.021831048565,0.16369067982186739,873.0,565.0,1438.0,1438.0,1008.4285714285714,-1.3981304814892015,25.0,307.0,541.0,873.0,1.4195814429972193,0.6483390607101948,102.0,-1991.0,-2.0887946701863305,-0.9207569056767926,42359.2,28971.9,54.965677097263075,15.435347946572222,0.8207189937487016,0,0,25353.0,139.4861355633803,43099.7,-4473.4,0,1,0,0,1,1,0,0,62940.0,61846.0,0.5675073580825081,1
2020-07-16,61893.0,61893.0,61566.0,61677.0,28769,66406,61497.0,532315.68,SILVER,2020-08-05,61936.8,62722.5,62045.3,,62131.2673379381,62280.19703286852,33.12941816204459,-148.92969493041892,23.119765687262536,-172.04946061768146,64714.41581940087,60730.58418059913,62722.5,3983.831638801741,0.2375642108423874,327.0,396.0,69.0,396.0,951.2857142857143,0.2926972047416987,216.0,0.0,111.0,327.0,0.5301814290578336,0.3394495412844037,-854.0,-690.0,-1.6668659571923952,-0.5935985481575605,42212.3,29052.42,-17.247231410901765,9.235068886580803,0.6815312124665085,0,28769,22877.0,52.55576741942154,45437.55,1802.0,1,0,0,0,1,0,0,0,62533.0,62429.0,1.2192551518394217,1
2020-07-17,62837.0,62845.0,62439.0,62640.0,27465,22941,61677.0,516122.28,SILVER,2020-08-05,61957.4,62716.8,62026.74,,62209.53390133224,62306.84910450789,42.961839777609306,-97.31520317565446,-0.9672280853208655,-96.34797509033359,64708.98870380781,60724.6112961922,62716.8,3984.3774076156114,0.48072471752971746,406.0,1168.0,762.0,1168.0,961.0,1.5613599883262719,197.0,8.0,201.0,406.0,0.6481481481481481,0.49507389162561577,661.0,206.0,-0.12245522730752031,0.988702614388572,41642.15,29481.64,-4.532656679064273,7.975037341736529,0.6595480780891476,0,27465,-43465.0,-65.45342288347437,43121.7,-4379.8,0,0,0,0,0,0,0,0,62845.0,61552.0,-1.7369093231162196,0
2020-07-20,61437.0,61729.0,60922.0,61494.0,26868,11669,62640.0,495666.24,SILVER,2020-08-05,61938.6,62601.25,61995.3,,62099.45176266574,62246.63805972953,36.89374512208718,-147.18629706378852,-30.211041881014395,-116.97525518277412,64595.763514091916,60606.736485908084,62601.25,3989.027028183831,0.2224260472097826,807.0,911.0,1718.0,1718.0,1053.857142857143,-1.8295019157088088,57.0,235.0,515.0,807.0,1.3123231534783881,0.7087980173482032,-270.0,-188.0,-1.7687346498672152,-0.808609684927733,38574.95,29853.58,-2.173675587110868,11.15484772919738,0.6965141886120397,0,0,-11272.0,-49.134736933873846,41153.3,-8117.2,0,0,0,0,0,0,0,0,62845.0,60628.0,-1.4082674732494227,0
2020-07-21,61624.0,62311.0,61182.0,61643.0,25156,54859,61494.0,465207.39,SILVER,2020-08-05,61898.9,62544.0,61971.32,,62029.22841456332,62201.92412937919,39.470380093596624,-172.69571481587627,-58.707976467986775,-113.98773834788949,64581.21771050631,60506.78228949369,62544.0,4074.4354210126185,0.278865067942082,1129.0,817.0,312.0,1129.0,1079.0714285714287,0.24230006179464247,19.0,668.0,442.0,1129.0,1.8315137160748178,0.408325952170062,-726.0,-397.0,-1.4405858275773855,-0.5297934592969775,36188.5,30252.52,-6.371892213785912,6.056856734895445,0.6951379581911381,0,25156,43190.0,370.125974805039,42806.0,7336.6,1,0,0,0,1,0,0,0,62845.0,61015.0,-1.0187693655402885,0
2020-07-22,61837.0,62335.0,61627.0,61846.0,25300,65786,61643.0,469411.14,SILVER,2020-08-05,61944.0,62474.55,61956.8,,62001.03942770742,62175.55937905481,46.678566874920314,-174.51995134738536,-81.8703714438665,-92.64957990351886,64507.2807508039,60441.81924919611,62474.55,4065.461501607788,0.3453927063996481,708.0,692.0,16.0,708.0,1017.9285714285714,0.32931557516668875,9.0,489.0,210.0,708.0,1.1447789671118584,0.3093220338983051,349.0,451.0,-1.0060896797175856,-0.17883428453374434,34321.75,30149.26,0.5724280489743938,12.553988979052894,0.7371418998157145,0,25300,10927.0,19.918336097996693,43437.95,4451.4,1,0,0,0,1,0,0,0,62845.0,61243.0,-0.9750024253791676,0
2020-07-23,62373.0,62994.0,62085.0,62429.0,18435,61083,61846.0,345263.58,SILVER,2020-08-05,61933.8,62351.65,61974.78,,62066.87951575244,62194.33275838409,49.97009211628185,-127.45324263165094,-90.98694568142339,-36.466296950227544,64037.94425851969,60665.355741480314,62351.65,3372.588517039374,0.5229349058176538,909.0,1148.0,239.0,1148.0,1043.5,0.9426640364776917,56.0,565.0,288.0,909.0,1.4560540774319628,0.37843784378437845,752.0,-102.0,0.1240544556559426,0.7329110325200043,32472.9,30307.18,-27.134387351778656,2.9238003015274225,0.5677041471503931,0,18435,-4703.0,-7.148937463898097,43689.45,-1064.6,0,0,0,0,0,0,0,0,62994.0,61438.0,-1.5874032901375963,0
2020-07-24,61576.0,62378.0,61033.0,61552.0,9114,50076,62429.0,168295.48,SILVER,2020-08-05,61891.1,62221.3,61970.64,,61987.667282559756,62146.75255405934,49.23385195662423,-159.08527149958536,-104.6066108450558,-54.47866065452956,63710.92363314422,60731.67636685578,62221.3,2979.2472662884393,0.2753459380248689,1345.0,51.0,1396.0,1396.0,1061.357142857143,-1.4047958480834177,24.0,802.0,519.0,1345.0,2.1851442682609825,0.3858736059479554,-1088.0,-427.0,-1.0756766573504617,-0.6755457100330082,30498.75,29989.92,-50.56143205858421,-6.428703153342676,0.2988319193409566,0,0,-11007.0,-18.019743627523212,45144.0,5427.0,0,0,0,0,0,0,0,0,62994.0,61704.0,0.24694567195217054,0
2020-07-27,60536.0,61020.0,60117.0,60628.0,13095,30323,61552.0,238177.1,SILVER,2020-08-05,61777.5,62065.0,61943.92,,61778.487700627484,62034.25236486976,42.1988950276243,-255.76466424227692,-134.83822152450003,-120.9264427177769,63533.33167054915,60596.66832945085,62065.0,2936.663341098305,0.010669139397311544,903.0,532.0,1435.0,1435.0,1097.357142857143,-1.5011697426566162,92.0,392.0,419.0,903.0,1.4894108332783533,0.5658914728682171,-866.0,-1136.0,-2.315314589543221,-2.1243731426748553,27714.15,29979.7,43.68005266622779,2.6815308336411734,0.47250231379999025,0,0,-19753.0,-39.44604201613547,45540.6,3730.8,0,0,0,0,0,1,0,0,62994.0,61233.0,0.9978887642673353,1
2020-07-28,60877.0,61903.0,60079.0,61015.0,8951,16021,60628.0,163843.58,SILVER,2020-08-05,61642.1,61923.5,61924.54,,61661.0280543771,61958.75218969422,47.83894449499545,-297.72413531711936,-167.4154042830239,-130.30873103409547,63202.86209433527,60644.13790566473,61923.5,2558.724188670545,0.1449402385678638,1824.0,1275.0,549.0,1824.0,1159.4285714285713,0.6383189285478652,138.0,888.0,798.0,1824.0,2.989428828976481,0.5131578947368421,-628.0,-1354.0,-1.4671328332539342,-1.4687876567189693,24166.45,29377.68,-31.645666284841546,-4.044878377360211,0.3703895276302477,0,8951,-14302.0,-47.16551792368829,45598.6,-7767.6,0,0,0,0,0,1,0,0,62994.0,61415.0,0.6555764975825616,1
2020-07-29,61319.0,61557.0,60832.0,61243.0,26468,49807,61015.0,486293.92,SILVER,2020-08-05,61616.7,61811.25,61912.78,,61596.716046011396,61905.73350897613,41.83155758498224,-309.0174629647372,-195.73581601936655,-113.28164694537065,62891.02227131265,60731.47772868735,61811.25,2159.544542625299,0.236865811848829,725.0,542.0,183.0,725.0,1100.857142857143,0.37367860362205185,76.0,238.0,411.0,725.0,1.1838087618176771,0.5668965517241379,-603.0,-254.0,-0.9193310279277639,-1.0818121880490568,24266.65,29744.08,195.69880460283767,10.028434373197248,1.0907150348317547,0,26468,33786.0,210.88571250234068,44409.85,-3195.8,1,0,0,0,1,0,0,0,62994.0,61642.0,0.6515030289175906,1
2020-07-30,61516.0,61530.0,61317.0,61438.0,32073,60355,61243.0,591150.29,SILVER,2020-08-05,61592.8,61764.8,61924.82,,61572.29819277887,61871.08658238531,46.40627075860237,-298.7883896064377,-216.3463307367808,-82.4420588696569,62823.63443365604,60705.96556634396,61764.8,2117.6688673120807,0.3456793670415506,213.0,287.0,74.0,287.0,1052.0,0.3184037359371672,78.0,14.0,121.0,213.0,0.3466909730134444,0.568075117370892,-991.0,-239.0,-0.5291039556511199,-0.7861468147989767,24099.65,29614.82,21.176515037025844,13.870809017990009,1.3308492032041959,0,32073,10548.0,21.177746099945782,44331.2,-145.6,1,0,0,0,1,0,0,0,62378.0,61148.0,-0.4720205735863798,0
2020-07-31,61604.0,62124.0,61278.0,61704.0,39341,54732,61438.0,728249.12,SILVER,2020-08-05,61499.2,61728.3,61947.8,,61592.56000927443,61858.70979850491,49.60411718131433,-266.1497892304833,-226.3070224355213,-39.84276679496199,62739.249756678,60717.350243322006,61728.3,2021.8995133559947,0.4879815985713013,846.0,686.0,160.0,846.0,1065.4285714285713,0.43295680197923403,100.0,420.0,326.0,846.0,1.3710618436406068,0.5035460992907801,152.0,-936.0,-0.03936606062373807,-0.3935571561863422,24153.2,30189.5,22.660805038505917,16.59015518974703,1.6288110892138514,1,39341,-5623.0,-9.316543782619501,44849.6,931.2,0,0,0,1,0,0,0,0,62124.0,62508.0,1.3029949436017114,1
2020-08-03,61343.0,61605.0,61034.0,61233.0,7768,18711,61704.0,142697.38,SILVER,2020-08-05,61473.1,61705.85,61965.86,,61537.24308477067,61812.36092454159,42.369693713057494,-275.11783977091545,-236.06918590260017,-39.048653868315284,62740.78610786822,60670.91389213178,61705.85,2069.872215736439,0.2715559461086039,571.0,99.0,670.0,670.0,1063.4285714285713,-0.7633216647218943,110.0,262.0,199.0,571.0,0.9325037153169043,0.34851138353765326,605.0,-261.0,-0.7662968746075105,-1.1826834970094833,23278.15,29853.14,-80.25469611855316,8.7820531366028,0.3337034944787279,0,0,-36021.0,-65.81341811006358,43139.0,-2322.4,0,0,0,0,0,0,0,0,62124.0,62871.0,2.675028171084219,1
2020-08-04,61338.0,62087.0,61025.0,61415.0,38979,73079,61233.0,718168.59,SILVER,2020-08-05,61450.3,61674.6,61998.48,,61518.43645634441,61782.926781982955,49.39295232454841,-264.49032563854416,-241.75341384978898,-22.73691178875518,62704.78616610936,60644.413833890634,61674.6,2060.372332218729,0.37400335563599507,1062.0,854.0,208.0,1062.0,1036.5714285714287,0.2972253523426893,77.0,672.0,313.0,1062.0,1.7292192461125133,0.3672316384180791,400.0,-228.0,-0.4209188223352864,-0.9411198468091526,23400.05,29947.72,401.7893923789908,49.59818159588047,1.665765671440873,1,38979,54368.0,290.56704612260165,45897.0,11411.6,1,0,0,1,1,0,0,0,62124.0,62021.0,0.98672962631279,1
2020-08-05,61673.0,61970.0,61243.0,61642.0,30351,17904,61415.0,561268.9,SILVER,2020-08-05,61429.9,61686.95,62037.56,,61537.446232291426,61772.487761095326,49.74268489927952,-235.0415288039003,-240.41103684061125,5.369508036710954,62708.912297172996,60664.987702827,61686.95,2043.9245943459973,0.47800799495033236,727.0,555.0,172.0,727.0,1060.2142857142858,0.3696165431897658,31.0,297.0,399.0,727.0,1.1793906751889947,0.5488308115543329,399.0,-204.0,-0.07286792425301801,-0.6376137294890348,24267.15,30082.86,-22.134995766951437,47.327439214287885,1.2507031109957287,0,30351,-55175.0,-75.50048577566743,43497.4,-6380.6,0,0,0,0,0,0,1,0,62124.0,62514.0,1.41461990201486,1
2020-08-06,61248.0,61386.0,60961.0,61148.0,20445,74033,61642.0,375051.26,SILVER,2020-08-05,61301.8,61617.8,62060.8,,61477.53142732351,61726.2294084216,38.21857233101706,-248.6979810980847,-242.06842569210596,-6.629555405978749,62584.98203805585,60650.617961944154,61617.8,1934.3640761116985,0.25712948467056074,425.0,256.0,681.0,681.0,1025.4285714285713,-0.8014016417377756,100.0,138.0,187.0,425.0,0.6950349970563223,0.44,-290.0,-1281.0,-0.7624420216236264,-1.4708157162008915,24189.05,30243.78,-32.63813383414056,46.77706456605169,0.8452171540428417,0,0,56129.0,313.4997765862377,44329.25,2735.6,0,0,0,0,1,0,0,0,62124.0,61825.0,1.10714986589913,1
2020-08-07,62504.0,62692.0,62322.0,62508.0,6160,65096,61148.0,115514.78,SILVER,2020-08-05,61397.4,61644.25,62084.24,,61636.06505388912,61784.1383411311,57.745187901008244,-148.07328724198305,-223.2693980020814,75.19611076009835,62679.55760748016,60608.94239251984,61644.25,2070.615214960315,0.9171465532366208,370.0,1544.0,1174.0,1544.0,1013.0,2.2241119905802353,4.0,184.0,182.0,370.0,0.5919242336980867,0.5027027027027027,804.0,956.0,1.4011850253673295,0.6825564748799406,22923.95,29764.64,-69.8703839569577,44.84616937621435,0.2687145976151579,0,6160,-8937.0,-12.071643726446313,45342.05,2072.8,0,0,0,0,0,0,1,0,62692.0,62411.0,-0.15518013694247138,0
2020-08-10,62929.0,63024.0,62494.0,62871.0,27361,13093,62508.0,516064.03,SILVER,2020-08-05,61621.7,61699.6,62112.12,,61826.055045598485,61864.64661215843,59.08284023668639,-38.59156655994593,-186.33383171365432,147.7422651537084,62871.25171760614,60527.94828239386,61699.6,2343.3034352122777,0.9998925800208565,530.0,516.0,14.0,530.0,970.2142857142857,0.580725667114601,58.0,95.0,377.0,530.0,0.8429959758871339,0.7113207547169811,1638.0,2243.0,1.8985536373007303,1.2217905297709968,23464.9,29549.34,344.17207792207796,74.89537190179936,1.1660394887683305,0,27361,-52003.0,-79.8866289787391,43383.95,-1123.6,0,0,0,0,0,0,0,0,63024.0,63276.0,0.6441761702533759,1
2020-08-11,61957.0,62204.0,61882.0,62021.0,12041,34918,62871.0,224038.46,SILVER,2020-08-05,61722.3,61682.2,62118.98,,61856.04657704488,61876.22834459114,51.18131497232348,-20.181767546258925,-153.10341888017527,132.92165133391634,62821.894622072046,60542.50537792795,61682.2,2279.3892441440985,0.6486363072346694,322.0,667.0,989.0,989.0,990.2857142857143,-1.3519746783095532,64.0,183.0,75.0,322.0,0.5191789877622096,0.43167701863354035,606.0,1006.0,0.5492670494891604,-0.15772956993177156,22945.25,29017.82,-55.99210555169767,72.46072797511376,0.5247709220862706,0,0,21825.0,166.6921255632781,44221.05,-7632.2,0,0,0,0,1,0,0,0,63024.0,62691.0,1.0802792602505602,1
2020-08-12,62490.0,62847.0,62261.0,62514.0,23767,72636,62021.0,445731.07,SILVER,2020-08-05,61849.4,61733.05,62136.44,,61957.27018057644,61923.47068943624,50.58083914172475,33.79949114019837,-115.72283687610054,149.5223280162989,62927.39377048916,60538.70622951085,61733.05,2388.6875409783097,0.826936858254869,586.0,826.0,240.0,826.0,967.2857142857143,0.7948920526918313,24.0,333.0,229.0,586.0,0.9373900246344818,0.431740614334471,872.0,1271.0,1.2650436030618883,0.607630562677871,22395.35,29243.2,97.38393821111204,62.629241335941195,1.0612470892395074,0,23767,37718.0,108.01878687210036,45676.4,10946.4,1,0,0,0,1,0,0,0,63024.0,63415.0,1.4412771539175224,1
2020-08-13,61799.0,62290.0,61309.0,61825.0,15846,68806,62514.0,293903.68,SILVER,2020-08-05,61888.1,61740.45,62167.06,,61936.92092202621,61916.176564292815,51.914714546219656,20.74435773339792,-88.42939795420085,109.17375568759877,62935.16546491466,60545.734535085336,61740.45,2389.430929829323,0.5353849943702044,981.0,224.0,1205.0,1205.0,953.6428571428571,-1.102153117701632,26.0,465.0,490.0,981.0,1.5867367569753335,0.5259938837920489,677.0,387.0,0.13694425615621997,-0.5502270816731525,21749.2,29267.56,-33.32772331383852,57.178817500854755,0.7285785224284111,0,0,-3830.0,-5.272867448648055,45796.4,-1045.4,0,0,0,0,0,0,0,0,63024.0,63738.0,3.094217549534978,1
2020-08-14,62318.0,63036.0,61533.0,62411.0,24924,19394,61825.0,466659.53,SILVER,2020-08-05,61958.8,61729.0,62209.44,,62009.85616479142,61952.83015212297,63.12766897364158,57.02601266844431,-59.338315829671814,116.36432849811612,62891.3672759552,60566.6327240448,61729.0,2324.7345519103983,0.7933668273823145,1503.0,1211.0,292.0,1503.0,958.5,0.947836635665178,93.0,625.0,785.0,1503.0,2.4082293185496146,0.58416500332668,-97.0,707.0,1.104829172674108,0.3240022736099178,21622.15,29659.46,57.28890571753125,60.64162756875729,1.152706830726824,0,24924,-49412.0,-71.81350463622358,45619.05,-9140.4,0,0,0,0,0,0,0,0,63036.0,64369.0,3.137267468875679,1
2020-08-17,63254.0,63564.0,62720.0,63276.0,18882,23280,62411.0,358433.23,SILVER,2020-08-05,62163.1,61818.1,62267.94,,62204.64752405428,62050.84273344719,65.55234557710827,153.80479060708603,-16.709694542320246,170.51448514940628,63163.41716471811,60472.78283528189,61818.1,2690.634329436216,1.0418424882378883,844.0,1153.0,309.0,1153.0,910.5714285714286,1.3859736264440592,22.0,288.0,534.0,844.0,1.333839054301789,0.6587677725118484,405.0,2043.0,2.3583707684319015,1.6189069366996847,21222.85,29796.46,-24.241694752046218,66.242927705408,0.8897014302980043,0,18882,3886.0,20.037124883984745,46199.6,2037.4,1,0,0,0,1,0,0,0,63564.0,65825.0,4.028383589354574,1
2020-08-18,62496.0,62800.0,62496.0,62691.0,19738,46303,63276.0,371218.49,SILVER,2020-08-05,62290.7,61870.5,62279.26,,62279.47098189208,62098.26179022888,59.49383687385261,181.20919166320527,22.87408269878486,158.3351089644204,63267.737952081814,60473.262047918186,61870.5,2794.475904163628,0.7936149847552797,304.0,476.0,780.0,780.0,914.5,-0.9245211454579905,195.0,109.0,0.0,304.0,0.4849180903159943,0.6414473684210527,670.0,1276.0,1.3261570538463403,0.6611189664103233,20951.95,29678.78,4.533418070119688,26.517330274520873,0.9420602855581461,0,0,23023.0,98.89604810996563,45771.8,2277.0,0,0,0,0,1,0,0,0,63564.0,65654.0,4.726356255283853,1
2020-08-19,63353.0,63971.0,62893.0,63415.0,26019,37453,62691.0,494998.47,SILVER,2020-08-05,62468.0,61948.95,62307.52,,62454.16775390868,62195.79795391563,62.12139791538933,258.36979999305186,69.97322615763827,188.3965738354136,63507.29547551354,60390.60452448645,61948.95,3116.6909510270925,0.970386709184904,1078.0,1280.0,202.0,1280.0,985.4285714285714,1.1548707150946802,62.0,556.0,460.0,1078.0,1.699913269731136,0.4842300556586271,901.0,1773.0,2.3665453571045236,1.777441952432071,20987.9,29527.48,31.82186645050158,31.913016496266174,1.239714311579529,0,26019,-8850.0,-19.11323240394791,44355.15,-7036.6,0,0,0,0,0,0,0,0,63971.0,65097.0,2.652369313253962,1
2020-08-20,63702.0,64302.0,63173.0,63738.0,6095,70695,63415.0,116544.93,SILVER,2020-08-05,62727.0,62014.4,62337.54,,62651.6804071535,62310.035142514476,62.38431563565514,341.6452646390244,124.30763385391549,217.3376307851089,63756.73181926462,60272.06818073538,62014.4,3484.663638529237,0.9946244971659515,1129.0,887.0,242.0,1129.0,1005.6428571428571,0.5093432153276067,36.0,564.0,529.0,1129.0,1.7713138159339799,0.5004428697962799,1913.0,2590.0,2.7793544725096084,2.246575658904729,20370.9,29454.94,-76.57481071524654,27.51934880815558,0.2992013116749873,0,6095,33242.0,88.75657490721704,44835.75,377.8,1,0,0,0,1,0,0,0,64302.0,64442.0,1.1045216354451035,1
2020-08-21,64336.0,64605.0,64123.0,64369.0,47807,78449,63738.0,923186.63,SILVER,2020-08-05,62913.1,62155.25,62380.36,,62915.883421437575,62462.55105788377,68.72909698996655,453.3323635538036,190.11257979389313,263.21978375991046,64173.75511387455,60136.74488612545,62155.25,4037.010227749095,1.048363733334982,482.0,867.0,385.0,867.0,1019.7142857142857,0.9899902726787868,33.0,236.0,213.0,482.0,0.7488076558591868,0.5103734439834025,1958.0,1861.0,3.561646039554181,3.1879264563397824,22305.55,29955.64,684.3642329778506,102.9428105016364,2.143278242410521,1,47807,7754.0,10.968243864488292,46254.4,11811.0,1,0,0,1,1,0,0,0,64605.0,63849.0,-0.8078422843294133,0
2020-08-24,65793.0,66006.0,65638.0,65825.0,82830,35765,64369.0,1635685.42,SILVER,2020-08-05,63208.5,62415.1,62468.8,,63363.439818139486,62711.62134989238,72.85921625544267,651.8184682471037,282.45375748453523,369.3647107625685,64891.827713823586,59938.37228617641,62415.1,4953.455427647175,1.1883881463771762,368.0,1637.0,1269.0,1637.0,1060.7857142857142,2.2619583961223544,32.0,181.0,155.0,368.0,0.5590581086213445,0.5081521739130435,2549.0,2954.0,5.463261294141965,5.3726020029198525,25792.3,31100.86,73.25914615014537,75.85151732444315,3.2114235643971263,1,82830,-42684.0,-54.40987138140703,46526.5,2497.0,0,0,1,1,0,0,0,0,66006.0,63809.0,-3.0626661602734524,0
2020-08-25,65646.0,65818.0,65448.0,65654.0,15197,12340,65825.0,299323.15,SILVER,2020-08-05,63571.8,62647.05,62537.02,,63715.83369227187,62929.57532397442,70.91762252346194,786.2583682974509,383.2146796471184,403.04368865033257,65422.564478624336,59871.53552137567,62647.05,5551.028957248665,1.0416923642730147,370.0,7.0,377.0,377.0,1035.7857142857142,-0.2597797189517692,8.0,164.0,198.0,370.0,0.5635604837481342,0.5567567567567567,2963.0,3633.0,4.799826967111775,4.9842157493273636,26104.6,31240.1,-81.65278280816129,73.28544959879679,0.582157933850739,0,0,-23425.0,-65.49699426813925,46342.45,-6792.6,0,0,1,0,0,0,0,0,66006.0,64080.0,-2.3974167605934142,0
2020-08-26,65159.0,65405.0,64884.0,65097.0,86642,48057,65654.0,1692040.28,SILVER,2020-08-05,63830.1,62839.75,62582.82,,63928.32081653774,63090.12529997632,70.45478089713043,838.1955165614199,474.2108470299787,363.9846695314412,65737.29036346266,59942.209636537336,62839.75,5795.08072692532,0.889511398782123,521.0,249.0,770.0,770.0,1042.142857142857,-0.8483869985073222,62.0,246.0,213.0,521.0,0.8003441018787348,0.4088291746641075,1682.0,2583.0,3.592073488516425,4.017364509940588,29113.3,32781.42,470.125682700533,110.55962404773888,2.97602813834227,1,0,35717.0,289.4408427876823,46254.95,2120.8,0,0,1,1,1,0,0,0,66006.0,64304.0,-1.218182097485291,0
2020-08-27,64555.0,64827.0,64109.0,64442.0,93437,10597,65097.0,1806380.15,SILVER,2020-08-05,64091.8,62989.95,62603.54,,64007.348383224235,63190.26416664474,60.806884219937416,817.0842165794966,542.7855209398823,274.29869563961427,65892.97444647692,60086.92555352308,62989.95,5806.048892953841,0.7500926235330528,718.0,270.0,988.0,988.0,1002.4285714285714,-1.00619076147902,113.0,272.0,333.0,718.0,1.114180193041805,0.4637883008356546,704.0,2617.0,2.3052090055635905,2.9366709933655493,32181.5,34016.02,7.842616744765829,114.67665805359931,2.9034383108307567,1,0,-37460.0,-77.94910210791353,43767.05,-12019.6,0,0,0,1,0,0,0,0,66006.0,64944.0,0.7789950653300642,1
2020-08-28,63766.0,64196.0,63698.0,63849.0,74385,67988,64442.0,1424822.36,SILVER,2020-08-05,64235.6,63097.2,62625.44,,63982.98709349743,63239.05941355994,55.32795816081936,743.9276799374929,583.0139527394044,160.9137271980885,65958.37808640178,60236.02191359822,63097.2,5722.356172803557,0.6313794488314196,498.0,246.0,744.0,744.0,1017.7142857142857,-0.9202073182086212,83.0,347.0,68.0,498.0,0.7799652304656298,0.3032128514056225,-520.0,1438.0,1.1914950267206832,1.953774696034068,33933.7,34726.36,-20.390209445936836,106.90874653725253,2.192068651517518,1,0,57391.0,541.5778050391621,44429.85,-2092.2,0,0,0,1,1,0,0,0,66006.0,64971.0,1.7572710614105154,1
2020-08-31,63655.0,64028.0,63311.0,63809.0,90382,25025,63849.0,1730155.51,SILVER,2020-08-05,64288.9,63226.0,62625.52,,63956.219848343986,63281.27723477772,60.68355640535373,674.9426135662652,601.3996849047766,73.54292866148865,65963.06504355159,60488.93495644842,63226.0,5474.1300871031635,0.6065009400075313,717.0,179.0,538.0,717.0,998.2857142857143,-0.06264780967595307,154.0,219.0,344.0,717.0,1.123665940541303,0.694560669456067,-2016.0,533.0,0.9220890140132224,1.8897727316276227,38064.4,34769.76,21.50567990858372,111.48348400331551,2.374449616964933,1,0,-42963.0,-63.192033888333235,44745.55,-2148.0,0,0,0,1,0,0,0,0,65818.0,66098.0,3.58726825369462,1
2020-09-01,63946.0,64302.0,63946.0,64080.0,23344,17145,63809.0,448765.06,SILVER,2020-10-05,64427.8,63359.25,62651.36,,63975.262948598756,63340.44188405344,59.61207954824453,634.8210645453146,608.0839608328841,26.73710371243044,65982.19441821649,60736.30558178352,63359.25,5245.888836432969,0.6373933040659098,356.0,493.0,137.0,493.0,974.5,0.4247049789214641,134.0,222.0,0.0,356.0,0.5555555555555556,0.37640449438202245,-1574.0,1389.0,1.137560813930089,2.280301656659966,37282.65,33778.94,-74.1718483768892,103.61295735861461,0.6261357494705982,0,23344,-7880.0,-31.488511488511485,41948.85,961.0,0,0,0,0,0,0,0,0,65405.0,65911.0,2.857365792759051,1
2020-09-02,64241.0,64687.0,64016.0,64304.0,39241,65797,64080.0,757005.98,SILVER,2020-10-05,64516.7,63492.35,62672.74,,64025.83787958357,63411.81655930875,66.13722171592241,614.02132027482,609.2714327212714,4.74988755354866,66016.69548265284,60968.00451734716,63492.35,5048.690965305679,0.6607644447991796,671.0,607.0,64.0,671.0,936.3571428571429,0.3495630461922694,63.0,383.0,225.0,671.0,1.043480965414282,0.42921013412816694,-793.0,889.0,1.2783429814772984,2.602822215846957,37727.15,33311.06,68.09886908841672,107.24065762240612,1.0401262751095697,0,39241,48652.0,283.76786235053953,44343.5,3548.0,1,0,0,0,1,0,0,0,64827.0,68052.0,5.828564319482458,1
2020-09-03,64898.0,65441.0,64465.0,64944.0,9979,51723,64304.0,194422.85,SILVER,2020-10-05,64637.3,63682.15,62673.88,,64167.093590416865,63525.31162898958,66.37362637362637,641.7819614272885,615.7735384624748,26.00842296481369,66028.8991759319,61335.4008240681,63682.15,4693.498351863804,0.7688506323857371,976.0,1137.0,161.0,1137.0,910.2142857142857,0.9952724558347947,46.0,497.0,433.0,976.0,1.5028332101502835,0.49077868852459017,502.0,1206.0,1.9814814669416758,3.6221149863388113,37203.85,32402.4,-74.56996508753599,107.44114218517718,0.26822492833402994,0,9979,-14074.0,-21.39003298022706,43228.0,8225.2,0,0,0,0,0,0,0,0,65441.0,68568.0,5.580192165558019,1
2020-09-04,64871.0,65135.0,64557.0,64971.0,6212,14830,64944.0,121079.96,SILVER,2020-10-05,64697.5,63805.3,62690.12,,64290.7714995835,63632.399656471825,62.2879512831666,658.3718431116722,624.2931993923144,34.07864371935784,66151.11545467,61459.48454533001,63805.3,4691.6309093399905,0.748463705377878,578.0,191.0,387.0,578.0,869.1428571428571,0.041574279379164025,100.0,164.0,314.0,578.0,0.8896276800418648,0.7162629757785467,1122.0,602.0,1.826964217706048,3.638340459389769,37206.45,31554.7,-37.74927347429602,35.229791539962505,0.16696029855038577,0,6212,-36893.0,-71.32803588345611,40714.7,-10631.6,0,0,0,0,0,0,0,0,65441.0,67903.0,4.512782626094719,1
2020-09-07,65926.0,66795.0,65468.0,66098.0,14001,33930,64971.0,277631.43,SILVER,2020-10-05,64724.8,63966.65,62737.0,,64568.80665349373,63815.036718955394,72.89958327732222,753.7699345383371,650.1885464215189,103.58138811681818,66479.83286556898,61453.46713443101,63966.65,5026.365731137972,0.9240340066773182,1327.0,1824.0,497.0,1824.0,943.7142857142857,1.7346200612581075,172.0,697.0,458.0,1327.0,2.0076250416048897,0.4747550866616428,2289.0,273.0,3.33197064407781,5.357285174617849,36538.45,30458.98,125.38634900193175,40.44251182514115,0.38318538416380554,0,14001,19100.0,128.79298718813214,41756.55,1781.0,1,0,1,0,1,0,0,0,66795.0,67079.0,1.4841598838088899,1
2020-09-08,65851.0,66264.0,65766.0,65911.0,18248,33752,66098.0,360823.18,SILVER,2020-10-05,64750.5,64161.15,62778.32,,64775.297937571624,63970.29325829203,68.08171544479862,805.0046792795911,681.1517729931334,123.85290628645771,66642.22602081287,61680.07397918713,64161.15,4962.152041625741,0.8526393357803479,498.0,166.0,332.0,498.0,887.8571428571429,-0.2829132500226983,60.0,353.0,85.0,498.0,0.7555643215851678,0.29116465863453816,1831.0,257.0,2.727273435716159,4.990066634468715,36848.8,29225.84,30.333547603742584,51.64114486633154,0.4952128698899285,0,0,-178.0,-0.5246094901267262,41698.25,3321.4,0,0,0,0,0,0,0,0,66795.0,67474.0,2.371379587625738,1
2020-09-09,68077.0,68406.0,67636.0,68052.0,38187,72040,65911.0,779610.52,SILVER,2020-10-05,65046.0,64438.05,62869.6,,65279.40594717599,64272.641905825956,74.7362385321101,1006.764041350034,746.2742266645135,260.4898146855204,67344.73539568244,61531.364604317576,64438.05,5813.370791364861,1.1216617053514164,770.0,2495.0,1725.0,2495.0,985.4285714285714,3.24831970384305,25.0,329.0,416.0,770.0,1.1314876858872627,0.5402597402597402,3748.0,2955.0,5.608409937917111,8.243093641441972,37569.8,29500.3,109.26676896098203,15.555253492376437,1.0164280885179053,0,38187,38288.0,113.43920360274949,41668.45,1248.6,1,0,1,0,1,0,0,0,68406.0,67316.0,-1.081525891964968,0
2020-09-10,68649.0,69304.0,67853.0,68568.0,20608,77696,68052.0,423914.8,SILVER,2020-10-05,65458.6,64775.2,62993.62,,65785.3434937643,64590.816579468476,74.39860546194073,1194.5269142958277,835.9247641907764,358.60215010505135,67956.95552999146,61593.44447000854,64775.2,6363.511059982928,1.0960231646097234,1451.0,1252.0,199.0,1451.0,1027.142857142857,0.7582436959971739,81.0,655.0,715.0,1451.0,2.1161474740403685,0.49276361130255,3624.0,4126.0,5.85532734750337,8.849118371035031,37807.9,29204.2,-46.033990625081834,10.167592755391672,0.5450712681741118,0,20608,5656.0,7.851193781232646,42112.95,5194.6,1,0,1,0,1,0,0,0,69304.0,67896.0,-0.9800490024501224,0
2020-09-11,67828.0,68023.0,67746.0,67903.0,36368,74648,68568.0,740848.89,SILVER,2020-10-05,65864.0,65049.8,63103.0,,66111.13680241595,64836.16349950785,63.2966470437676,1274.9733029080962,923.7344719342404,351.2388309738558,68319.19676393055,61780.403236069455,65049.8,6538.793527861097,0.9363496091202175,277.0,545.0,822.0,822.0,968.9285714285714,-0.9698401586745953,75.0,120.0,82.0,277.0,0.4079348482394003,0.5667870036101083,2932.0,4054.0,4.386177974413444,7.606611413086541,38380.1,29166.16,76.4751552795031,19.854129227935665,0.947574394021902,0,0,-3048.0,-3.9229818780889603,44875.65,11963.6,0,0,0,0,0,0,0,0,69304.0,68289.0,0.5684579473660957,1
2020-09-14,67023.0,67203.0,66998.0,67079.0,10283,65030,67903.0,206932.01,SILVER,2020-10-05,66191.0,65239.95,63210.94,,66260.03883281349,65002.29953658135,58.415023030589346,1257.7392962321392,990.5354367938203,267.2038594383189,68517.3264523664,61962.5735476336,65239.95,6554.752904732799,0.7805674030324062,205.0,700.0,905.0,905.0,1006.6428571428571,-1.213495721838509,56.0,124.0,25.0,205.0,0.30560980336618015,0.3951219512195122,981.0,3270.0,2.8189016086002563,6.11928884462088,37950.15,28866.44,-71.72514298284206,10.531046938793086,0.2709607208403656,0,0,-9618.0,-12.88447111777945,46963.15,6220.0,0,0,0,0,0,0,0,0,69304.0,68249.0,1.7442120484801502,1
2020-09-15,67349.0,67574.0,67349.0,67474.0,30854,66815,67079.0,624552.84,SILVER,2020-10-05,66530.4,65479.1,63319.62,,66446.80208930372,65185.38845979754,64.31065623118603,1261.4136295061762,1044.7110753362915,216.7025541698847,68670.22789167904,62287.97210832096,65479.1,6382.2557833580795,0.8125697351713421,225.0,495.0,270.0,495.0,987.0,0.5888579138031202,125.0,100.0,0.0,225.0,0.33346177786999437,0.5555555555555556,1563.0,3394.0,3.0466209828785087,6.560967990648075,38505.95,28752.7,200.04862394242923,37.95309417072493,0.8012787634118883,0,30854,1785.0,2.7448869752422,47988.75,6612.6,1,0,0,0,1,0,0,0,69304.0,67596.0,0.18081038622284137,0
2020-09-16,67312.0,67660.0,66495.0,67316.0,15715,45690,67474.0,317361.28,SILVER,2020-10-05,66831.6,65674.15,63438.04,,66580.52484479545,65343.21153684958,68.40420081967213,1237.3133079458712,1083.2315218582075,154.08178608766366,68810.47250456338,62537.827495436606,65674.15,6272.645009126776,0.7617476355845252,1165.0,186.0,979.0,1165.0,999.6428571428571,-0.2341642706820357,4.0,344.0,817.0,1165.0,1.7306435319983362,0.7047210300429184,-736.0,3012.0,2.49999428999082,6.112988358404515,37990.75,28806.82,-49.06657159525507,26.23655010235775,0.41365332350637984,0,0,-21125.0,-31.617151837162318,48400.6,-5270.0,0,0,0,0,0,0,0,0,69304.0,66430.0,-1.3161804028759878,0
2020-09-17,67781.0,68099.0,67725.0,67896.0,21165,67923,67316.0,431105.65,SILVER,2020-10-05,67126.8,65882.05,63545.34,,66782.90563790385,65532.306978564426,75.95894804361771,1250.5986593394264,1116.7049493544514,133.89370998497498,69029.21102476321,62734.8889752368,65882.05,6294.32204952641,0.8199629736377293,374.0,783.0,409.0,783.0,1002.4285714285714,0.861607938677289,115.0,203.0,56.0,374.0,0.5508424649463886,0.4572192513368984,-672.0,2952.0,3.05690244914965,6.846544530251948,38744.25,28789.98,34.68024180719058,37.16157079183041,0.5462746084902921,0,21165,22233.0,48.66053841103086,48262.0,-1954.6,1,0,1,0,1,0,0,0,68099.0,66102.0,-2.642276422764228,0
2020-09-18,68367.0,68838.0,67379.0,68289.0,39108,46572,67896.0,801193.86,SILVER,2020-10-05,67458.6,66078.05,63671.54,,67014.61246284173,65736.50646163372,77.4914089347079,1278.1060012080125,1148.9851597251636,129.12084148284885,69315.4214142315,62840.67858576851,66078.05,6474.742828462993,0.8414730219524162,1459.0,942.0,517.0,1459.0,1055.4285714285713,0.5788264404383181,78.0,471.0,910.0,1459.0,2.13650807597124,0.6237148732008225,386.0,3318.0,3.3459673825120397,7.251999873098717,38309.3,28942.9,84.77675407512402,49.41417354677241,1.0208487234170291,0,39108,-21351.0,-31.434123934455194,46668.15,-5615.2,0,0,1,0,0,0,0,0,68838.0,66783.0,-2.2053332161841586,0
2020-09-21,68005.0,68616.0,68005.0,68249.0,31797,64030,68289.0,651034.04,SILVER,2020-10-05,67673.7,66199.25,63801.24,,67204.51823778916,65922.6170941053,76.32941770872806,1281.9011436838628,1175.5683565169033,106.3327871669594,69575.2621523227,62823.2378476773,66199.25,6752.024304645398,0.8035756252520848,611.0,327.0,284.0,611.0,1063.857142857143,-0.0585745874152499,244.0,367.0,0.0,611.0,0.8952512124719776,0.3993453355155483,1170.0,2151.0,3.096334172970238,6.971275166438774,35757.65,29248.0,-18.694384780607553,35.00610016851848,0.8892362892975348,0,0,17458.0,37.48604311603538,48081.4,-200.0,0,0,1,0,1,0,0,0,68838.0,66967.0,-1.8784158009641168,0
2020-09-22,67547.0,68087.0,67402.0,67596.0,15584,77904,68249.0,316024.82,SILVER,2020-10-05,67842.2,66296.35,63905.78,,67264.74620120622,66046.57138343084,69.72202252576085,1218.1748177753761,1184.089648768598,34.08516900677819,69717.73693176336,62874.96306823666,66296.35,6842.773863526694,0.689930286448216,685.0,162.0,847.0,847.0,1076.4285714285713,-0.956790575686095,49.0,491.0,145.0,685.0,1.0133735724007338,0.2832116788321168,122.0,1685.0,1.9603643337830725,5.774469852335738,35777.0,29111.0,-50.989087020788126,26.873836706065408,0.43558710903653186,0,0,13874.0,21.667968139934413,51359.6,2217.8,0,0,0,0,1,0,0,0,68838.0,66019.0,-2.3329782827386234,0
2020-09-23,66470.0,67158.0,65919.0,66430.0,19780,39203,67596.0,394195.62,SILVER,2020-10-05,67680.0,66363.0,64004.44,,67136.32370871295,66074.9735031767,58.374661857529304,1061.3502055362478,1159.541760122128,-98.19155458588011,69737.62818224763,62988.37181775237,66363.0,6749.256364495261,0.5099270195680307,1239.0,438.0,1677.0,1677.0,1115.0,-1.7249541392981849,40.0,688.0,511.0,1239.0,1.8651211801896734,0.4124293785310734,-886.0,-1622.0,0.10095987221795277,3.789674591325223,32433.9,28811.3,26.925051334702268,18.639664943437435,0.6098557373612177,0,0,-38701.0,-49.67780858492503,50916.9,-1297.4,0,0,0,0,0,0,0,0,68838.0,66170.0,-0.3913894324853229,0
2020-09-24,66127.0,66643.0,65588.0,66102.0,26573,15608,66430.0,526958.53,SILVER,2020-10-05,67433.4,66446.0,64092.94,,66977.19698429557,66076.97546590435,56.16483157091464,900.2215183912194,1107.6777117759464,-207.45619338472693,69701.2353945119,63190.7646054881,66446.0,6510.470789023799,0.44716203925222175,1055.0,213.0,842.0,1055.0,1149.0714285714287,-0.4937528225199439,25.0,516.0,514.0,1055.0,1.5960182747874498,0.4872037914691943,-1794.0,-2466.0,-0.5177136321223249,3.1346042169387105,29090.7,28767.38,34.34277047522751,26.67734105346837,0.9134534404466031,0,0,-23595.0,-60.18672040405071,51167.45,-10463.0,0,0,0,0,0,0,0,0,68838.0,66485.0,0.5794075822214153,1
2020-09-25,67143.0,67248.0,65936.0,66783.0,38359,55667,66102.0,768518.73,SILVER,2020-10-05,67321.4,66592.7,64175.8,,66947.32052517317,66129.27357954107,53.92460181047325,818.0469456321007,1049.7515585471772,-231.7046129150765,69610.97382525331,63574.42617474667,66592.7,6036.54765050664,0.5315246414039381,1312.0,1146.0,166.0,1312.0,1112.5,1.030226014341462,360.0,105.0,847.0,1312.0,1.9645718221703128,0.645579268292683,-1506.0,-1120.0,0.2857670585514672,4.062590571523841,27289.4,28985.26,44.3532909344071,23.46515461895877,1.4056373536977727,0,38359,40059.0,256.6568426447975,50551.4,1819.0,1,0,0,0,1,0,0,0,68616.0,65821.0,-1.440486351316952,0
2020-09-28,67014.0,67680.0,66138.0,66967.0,5526,65547,66783.0,111017.89,SILVER,2020-10-05,67310.2,66750.6,64285.26,,66950.34813668499,66191.32738846395,56.05226960110041,759.020748221039,991.6053964819496,-232.58464826091063,69471.46893241243,64029.73106758758,66750.6,5441.737864824856,0.5397667078744814,1542.0,897.0,645.0,1542.0,1187.0714285714287,0.2755192189629163,47.0,666.0,829.0,1542.0,2.3026266668657698,0.5376134889753567,-1282.0,-112.0,0.32419184247032107,4.171625035039133,23046.6,28558.42,-85.59399358690268,22.078269558552705,0.23977506443466717,0,5526,9880.0,17.74839671618733,52577.5,303.4,1,0,0,0,1,0,0,0,68087.0,65956.0,-1.509698806875028,0
2020-09-29,65886.0,66524.0,65630.0,66019.0,12855,32485,66967.0,254602.27,SILVER,2020-10-05,67164.7,66847.55,64372.78,,66807.06380796422,66178.56239672587,36.50245651307928,628.5014112383506,918.9845994332298,-290.4831881948793,69291.87769574975,64403.22230425027,66847.55,4888.65539149948,0.33051576892887347,894.0,443.0,1337.0,1337.0,1104.357142857143,-1.4156226200964683,133.0,505.0,256.0,894.0,1.3541556218664323,0.43512304250559286,-1577.0,-1455.0,-1.2394620296480616,2.557323141862137,22522.15,28312.4,132.62757871878392,15.336165036188174,0.5707714405596268,0,0,-33062.0,-50.44014218804826,53344.5,-9083.8,0,0,0,0,0,0,0,0,67680.0,66018.0,-0.0015147154607007074,0
2020-09-30,66157.0,66484.0,65574.0,66170.0,39060,19862,66019.0,775380.06,SILVER,2020-10-05,67050.1,66940.85,64459.26,,66709.05399135433,66177.92814511654,33.26821099637175,531.1258462377882,841.4128487941416,-310.2870025563534,69102.49335877244,64779.20664122757,66940.85,4323.28671754487,0.32169815458416867,910.0,465.0,445.0,910.0,1065.7142857142858,0.2287220345658092,13.0,314.0,583.0,910.0,1.37524557956778,0.654945054945055,-260.0,-1146.0,-1.1515390079450825,2.6539864094002907,22513.1,28587.6,203.85064177362895,40.62788637307658,1.7349898503537942,1,39060,-12623.0,-38.85793443127598,51047.75,-3868.2,0,0,0,1,0,0,0,0,67680.0,65161.0,-1.5248602085537253,0
2020-10-01,66249.0,67025.0,66234.0,66485.0,34482,67560,66170.0,687760.73,SILVER,2020-10-05,66909.0,67017.9,64540.38,,66674.58414653059,66200.67420844124,39.59800469483568,473.9099380893458,767.9122666531825,-294.0023285638367,68980.55072099704,65055.24927900295,67017.9,3925.3014419940882,0.3642397258210885,791.0,855.0,64.0,855.0,1068.0714285714287,0.4760465467734676,236.0,540.0,15.0,791.0,1.1897420470782885,0.3173198482932996,383.0,-1411.0,-0.7951606958737802,3.013028432742421,23738.25,28908.54,-11.72043010752688,35.98781918160483,1.4525923351552874,0,34482,47698.0,240.14701439935556,51839.6,10390.4,1,0,0,0,1,0,0,0,67680.0,65451.0,-1.555238023614349,0
2020-10-02,65810.0,65946.0,65562.0,65821.0,21571,38415,66485.0,425947.44,SILVER,2020-10-05,66662.2,67060.4,64625.76,,66543.2635086028,66172.55019300115,40.54987980769231,370.7133156016498,688.4724764428761,-317.7591608412263,68867.0330883132,65253.76691168679,67060.4,3613.2661766264064,0.15698624473960476,384.0,539.0,923.0,923.0,1069.357142857143,-0.9987215161314622,11.0,125.0,248.0,384.0,0.5834004345117819,0.6744791666666666,-962.0,-2468.0,-1.848184621624676,1.8494792169562075,24506.2,29157.68,-37.44272373992228,23.7658714001002,0.8802262284646334,0,0,-29145.0,-43.13943161634103,53018.85,-3450.4,0,0,0,0,0,1,0,0,67680.0,65897.0,0.11546466933045685,0
2020-10-05,65846.0,66121.0,65846.0,65956.0,36740,74523,65821.0,726967.03,SILVER,2020-10-05,66432.9,67053.3,64732.32,,66452.91527651006,66156.50943796404,38.13320825515947,296.405838546023,610.0591488635055,-313.65331031748246,68876.89461099824,65229.70538900178,67053.3,3647.1892219964575,0.19913817649435017,275.0,300.0,25.0,300.0,1055.4285714285713,0.2051017152580492,110.0,165.0,0.0,275.0,0.4169446297531688,0.4,-1011.0,-2293.0,-1.636459353976617,1.8903694475958843,25643.15,29630.58,70.32126466088731,32.66743634424969,1.4327412973835116,0,36740,36108.0,93.99453338539634,55048.5,1795.2,1,0,0,0,1,1,0,0,67025.0,66752.0,1.206865182849172,1
2020-10-06,66139.0,66349.0,65515.0,66018.0,24142,29323,65956.0,478141.97,SILVER,2020-10-05,66275.1,67058.65,64832.38,63722.7,66386.00523397005,66146.24947959633,39.6984126984127,239.75575437372026,535.9984699655485,-296.2427155918282,68868.71173491655,65248.58826508343,67058.65,3620.1234698331173,0.2125374289932815,834.0,393.0,441.0,834.0,1031.7857142857142,0.09400206198071359,121.0,210.0,503.0,834.0,1.2632918295010451,0.6031175059952039,-1.0,-1578.0,-1.5518505069815665,1.8287466849126977,25937.85,29934.4,-34.2896026129559,34.33738478503291,0.9307633439163231,0,24142,-45200.0,-60.65241603263423,54827.05,-632.4,0,0,0,0,0,0,0,0,67025.0,67594.0,2.387227725771759,1
2020-10-07,65090.0,65354.0,64762.0,65161.0,30104,63214,66018.0,588482.02,SILVER,2020-10-05,66148.2,66914.1,64910.74,63708.505,66197.54289028235,66073.26803666327,29.207845522274596,124.27485361907748,453.65374669625425,-329.37889307717677,68847.67992498746,64980.52007501255,66914.1,3867.159849974909,0.04666989004569325,592.0,664.0,1256.0,1256.0,1065.5714285714287,-1.2981308128086289,71.0,193.0,328.0,592.0,0.9085188993416307,0.6739864864864865,-1009.0,-1269.0,-2.6199261441161217,0.38554482663423967,25533.7,30007.12,24.695551321348685,34.11443478369755,1.1789909022194198,0,0,33891.0,115.57821505303005,54385.75,8670.4,0,1,0,0,1,1,0,0,67025.0,66535.0,2.1086232562422307,1
2020-10-08,65436.0,65851.0,65143.0,65451.0,13625,27997,65161.0,267530.96,SILVER,2020-10-05,66083.1,66758.25,64991.0,63693.7,66082.69013793122,66027.17410802154,28.08155699721965,55.516029909675126,374.02620333893844,-318.5101734292633,68632.08455709601,64884.415442903985,66758.25,3747.6691141920237,0.15118318609036752,708.0,690.0,18.0,708.0,1011.9285714285714,0.4450514878531653,15.0,400.0,293.0,708.0,1.0817252601182563,0.4350282485875706,-1034.0,-651.0,-1.9581849434339578,0.7077903094274591,25184.55,29638.16,-54.74023385596598,25.206134350578203,0.5410062915557355,0,13625,-35217.0,-55.710760274622714,51900.8,-7912.6,0,1,0,0,0,1,0,0,66349.0,65829.0,0.5775312829444929,1
2020-10-09,65813.0,66214.0,65274.0,65897.0,20926,67003,65451.0,413688.19,SILVER,2020-10-05,65994.5,66657.95,65074.86,63681.59,66054.12242440334,66017.53158150143,32.90697674418605,36.59084290190367,306.5391312515315,-269.94828834962783,68488.02408248061,64827.875917519385,66657.95,3660.148164961225,0.29209858024748614,940.0,763.0,177.0,940.0,1035.4285714285713,0.6814257994530282,84.0,317.0,539.0,940.0,1.4264685797532513,0.6627659574468086,76.0,-886.0,-1.1415742608345998,1.2633757490988062,24412.45,29269.86,53.585321100917426,26.129337367229233,0.8571855753928835,0,20926,39006.0,139.32207022180947,51518.55,5717.6,1,0,0,0,1,0,0,0,66349.0,66242.0,0.5235443191647571,1
2020-10-12,66984.0,67060.0,66157.0,66752.0,36218,13679,65897.0,725287.18,SILVER,2020-10-05,65973.0,66641.6,65185.24,63671.085,66161.48820526437,66071.93664953837,44.041231290595874,89.55155572599324,263.14161614642387,-173.59006042043063,68461.65082635765,64821.54917364235,66641.6,3640.101652715304,0.5303288233496573,903.0,1163.0,260.0,1163.0,1058.0,1.297479399669177,232.0,76.0,595.0,903.0,1.3527684563758389,0.6589147286821705,796.0,-215.0,0.16566228902066302,2.4035502515600187,25709.2,29838.86,73.07655548121954,41.996392274041455,1.408756398487701,0,36218,-53324.0,-79.58449621658733,48951.0,-12168.8,0,0,0,0,0,0,0,0,67060.0,66657.0,-0.14231783317353788,0
2020-10-13,67551.0,67844.0,67042.0,67594.0,31380,50308,66752.0,636329.92,SILVER,2020-10-05,66130.5,66647.6,65308.82,63658.535,66381.87463522369,66184.6820829059,58.6120153891684,197.19255231779243,249.95180338069758,-52.75925106290515,68479.95452786527,64815.245472134746,66647.6,3664.70905573052,0.7582469673875215,802.0,1092.0,290.0,1092.0,1016.2142857142857,1.2613854266538826,43.0,250.0,509.0,802.0,1.1864958428262862,0.6882793017456359,1576.0,1575.0,1.420006121750812,3.4990373428887556,25735.5,29686.88,-13.357998785134463,27.397834523649617,1.2193273882380369,0,31380,36629.0,267.77542217998393,48125.65,4197.0,1,0,0,0,1,0,0,0,67844.0,67076.0,-0.7663402077107435,0
2020-10-14,66779.0,67311.0,65794.0,66535.0,25566,49842,67594.0,510310.14,SILVER,2020-10-05,66167.0,66608.55,65406.68,63641.56,66405.43238365081,66210.63155824621,52.89090666310589,194.8008254045999,238.92160778547805,-44.120782380878154,68414.01870718671,64803.08129281329,66608.55,3610.937414373424,0.47963132794624697,1517.0,283.0,1800.0,1800.0,1069.4285714285713,-1.5667071041808422,244.0,532.0,741.0,1517.0,2.280003005936725,0.4884640738299275,1374.0,365.0,-0.11042125973317676,1.7250837376243524,26228.05,29591.18,-18.527724665391965,5.159997879747527,0.9747579404492519,0,0,-466.0,-0.9262940287827037,48333.25,-2674.4,0,0,0,0,0,0,0,0,67844.0,70175.0,5.470804839558127,1
2020-10-15,65936.0,65964.0,65615.0,65829.0,38205,75408,66535.0,754499.08,SILVER,2020-10-05,66101.4,66505.2,65500.3,63621.92,66316.75047847377,66182.36255393169,43.65184988022358,134.38792454208306,218.01487113679906,-83.626946594716,68235.4389977898,64774.961002210206,66505.2,3460.4779955795893,0.3045934692074974,349.0,571.0,920.0,920.0,1041.4285714285713,-1.0610956639362734,107.0,28.0,214.0,349.0,0.5301614789834268,0.6131805157593123,378.0,-656.0,-1.0167625990148095,0.5018297626117698,27080.05,29946.38,49.436751936165216,11.275716084116738,1.4108171882991354,0,0,25566.0,51.294089322258344,48707.5,9482.2,0,0,0,0,1,0,0,0,67844.0,70661.0,7.340229989822116,1
2020-10-16,66306.0,66575.0,65925.0,66242.0,34717,79532,65829.0,689917.05,SILVER,2020-10-05,66143.5,66402.85,65574.98,63597.78,66305.25040486243,66186.78014252934,45.31835205992509,118.47026233308134,198.10594937605555,-79.63568704297421,67917.55160688295,64888.14839311707,66402.85,3029.4032137658724,0.4469037336234764,650.0,746.0,96.0,746.0,984.5714285714286,0.6273830682525849,64.0,269.0,317.0,650.0,0.9812505661060958,0.4876923076923077,345.0,421.0,-0.24223357882983304,1.017186737990624,26860.5,30517.52,-9.129695066090825,14.107018951499885,1.2924926937324324,0,34717,4124.0,5.46891576490558,50355.5,2505.8,1,0,0,0,1,0,0,0,67844.0,71621.0,8.12022583859183,1
2020-10-19,66707.0,66765.0,66527.0,66657.0,30135,63938,66242.0,602612.61,SILVER,2020-10-05,66213.6,66323.25,65650.7,63572.435,66359.36572719128,66221.61124308273,54.424410540915396,137.75448410854733,186.03565632255393,-48.2811722140066,67573.7340115559,65072.7659884441,66323.25,2500.9680231118036,0.6334483275738694,238.0,523.0,285.0,523.0,926.4285714285714,0.6264907460523439,50.0,58.0,130.0,238.0,0.35705177250701353,0.5462184873949579,-95.0,701.0,0.5032171975890808,1.5328092465122276,26777.4,30573.0,-13.198145001008154,5.755077985310335,1.1253893208451904,0,30135,-15594.0,-19.607202132474978,50350.9,10051.8,0,0,0,0,0,0,0,0,67844.0,72439.0,8.67425776737627,1
2020-10-20,67129.0,67129.0,66986.0,67076.0,33164,15695,66657.0,667352.54,SILVER,2020-10-05,66319.4,66297.25,65751.8,63551.055,66469.61715377723,66284.89929915068,56.05776945707409,184.71785462654952,185.77209598335304,-1.0542413568035158,67454.45568612458,65140.04431387542,66297.25,2314.41137224916,0.8364786439167924,143.0,472.0,329.0,472.0,895.1428571428571,0.6285911457161397,53.0,0.0,90.0,143.0,0.21319100721569562,0.6293706293706294,-518.0,1058.0,1.1746339403218082,2.0139372610331536,27656.4,30995.46,10.051435208229641,10.18918176742889,1.1991437786552117,0,33164,-48243.0,-75.45278238293346,47240.45,-6922.6,0,0,0,0,0,0,0,0,67311.0,73010.0,8.846681376349217,1
2020-10-21,69904.0,70504.0,69904.0,70175.0,34882,68499,67076.0,734353.3,SILVER,2020-10-05,66820.8,66484.5,65905.02,63542.82,67039.67605319612,66573.05490662101,67.97895147144806,466.6211465751112,241.9419061017047,224.6792404734065,68570.99365910195,64398.00634089805,66484.5,4172.987318203901,1.3843784364982041,600.0,3428.0,2828.0,3428.0,1078.9285714285713,4.620132387142939,271.0,329.0,0.0,600.0,0.8550053437833987,0.45166666666666666,3640.0,5014.0,5.550917883115614,6.478990523028437,28411.5,31217.76,5.180316005306951,8.237658235824716,1.2277422874540238,0,34882,52804.0,336.43835616438355,48705.25,3731.4,1,0,0,0,1,0,1,0,70504.0,72760.0,3.683648022800143,1
2020-10-22,70622.0,71124.0,70282.0,70661.0,21435,33382,70175.0,454385.56,SILVER,2020-10-05,67341.8,66712.45,66081.74,63538.86,67596.80281424287,66875.8656542787,73.99841332804442,720.93715996416,337.7409568741957,383.19620308996423,69501.0182781858,63923.8817218142,66712.45,5577.136556371603,1.2079887609151287,842.0,949.0,107.0,949.0,1080.7857142857142,0.6925543284645563,39.0,463.0,340.0,842.0,1.1916049871923693,0.4501187648456057,4832.0,5210.0,5.918760291369907,6.929690410694383,28154.6,31329.54,-38.54996846511095,9.856684774910219,0.7613320736220724,0,21435,-35117.0,-51.26644184586636,49593.95,-8405.2,0,0,1,0,0,0,0,0,71124.0,73425.0,3.911634423515093,1
2020-10-23,71742.0,72546.0,70979.0,71621.0,62922,24235,70661.0,1351960.97,SILVER,2020-10-05,67914.2,66954.35,66265.94,63541.55,68215.91007359012,67227.3570872951,75.96479970666422,988.5529862950207,467.90336275836074,520.6496235366599,70504.14941760966,63404.550582390344,66954.35,7099.598835219316,1.157311787371693,1567.0,1885.0,318.0,1885.0,1194.0,1.3585995103380988,121.0,804.0,642.0,1567.0,2.187905781823767,0.4097000638162093,5379.0,5724.0,6.969898147021059,8.081165075150217,29382.75,32089.5,193.54793561931422,23.8529462267499,2.141460550833397,1,62922,-9147.0,-27.40099454795998,48022.35,-11059.4,0,0,1,1,0,0,0,0,72546.0,72785.0,1.625221652867176,1
2020-10-26,72432.0,72714.0,71879.0,72439.0,66510,72223,71621.0,1445375.37,SILVER,2020-10-05,68482.9,67227.95,66449.2,63547.24,68865.61621611472,67613.40471045842,77.52250321474497,1252.2115056563052,624.7649913379496,627.4465143183556,71542.89823900146,62913.001760998544,67227.95,8629.896478002913,1.1038369073467629,835.0,1093.0,258.0,1093.0,1212.5,1.142123120313876,7.0,275.0,553.0,835.0,1.1526939908060574,0.6706586826347305,5782.0,5687.0,7.751314743347079,9.014104007271726,32431.95,33042.06,5.702298083341284,17.115520486962073,2.0507555049881367,1,66510,47988.0,198.01114091190425,48356.15,1657.0,1,0,1,1,1,0,0,0,72714.0,72602.0,0.22501691078010466,0
2020-10-27,72805.0,73203.0,72805.0,73010.0,72835,12366,72439.0,1595305.0,SILVER,2020-10-05,69024.5,67577.5,66655.58,63563.56,69503.21372132785,68013.15250968371,84.48897091132788,1490.0612116441334,797.8242353991864,692.2369762449471,72560.96814345598,62594.031856544025,67577.5,9966.93628691195,1.045052144773281,398.0,764.0,366.0,764.0,1177.357142857143,0.7882494236530091,205.0,193.0,0.0,398.0,0.5451308039994521,0.5150753768844221,5934.0,5416.0,8.038918279012986,9.533215373716645,35430.95,34104.0,9.509848143136379,19.40230517978916,2.055688599938754,1,72835,-59857.0,-82.87803054428645,47350.2,-665.8,0,0,1,1,0,0,0,0,73203.0,72211.0,-1.0943706341597041,0
2020-10-28,72752.0,73814.0,72271.0,72760.0,70505,37467,73010.0,1538983.14,SILVER,2020-10-05,69647.0,67907.0,66842.48,63585.485,70004.25776420049,68364.77084229974,82.22947349854485,1639.4869219007523,966.1567726994996,673.3301492012528,73348.97874229377,62465.021257706234,67907.0,10883.957484587532,0.9458856079576016,1543.0,804.0,739.0,1543.0,1237.0,-0.3424188467333278,8.0,1054.0,481.0,1543.0,2.1206706981858163,0.3169151004536617,2585.0,6225.0,7.146538648445669,8.8529330449738,37003.2,34993.72,-3.199011464268553,20.935176499901498,1.9053757512863754,1,0,25101.0,202.9839883551674,48230.45,-6206.4,0,0,1,1,1,0,0,0,73814.0,72298.0,-0.6349642660802639,0
2020-10-29,73675.0,73966.0,72816.0,73425.0,14210,69316,72760.0,313010.78,SILVER,2020-10-05,70406.6,68254.0,67036.22,63612.885,70530.52580047733,68739.60263175901,82.56618792178577,1790.92316871832,1131.1100519032639,659.8131168150562,74177.90234114022,62330.097658859784,68254.0,11847.804682280432,0.9364521646557648,1150.0,1206.0,56.0,1206.0,1256.0,0.9139637163276593,250.0,291.0,609.0,1150.0,1.5662240381341503,0.5295652173913044,2764.0,7596.0,7.576112755296392,9.530340463707528,35989.6,35156.02,-79.84540103538757,8.006961202746218,0.3948362860381888,0,14210,31849.0,85.00547148157045,48318.25,7186.8,1,0,1,0,1,0,0,0,73966.0,74293.0,1.1821586653047327,1
2020-10-30,72966.0,73447.0,72059.0,72785.0,32517,16764,73425.0,710024.95,SILVER,2020-10-05,71060.9,68602.2,67204.54,63640.985,70877.36798501929,69039.26169607315,76.59349378471303,1838.1062889461318,1272.5092993118376,565.5969896342942,74738.81225244353,62465.58774755647,68602.2,12273.22450488706,0.8408069328752567,1388.0,22.0,1366.0,1388.0,1272.0714285714287,-0.8716377255703067,181.0,481.0,726.0,1388.0,1.9069863296008793,0.5230547550432276,1164.0,6543.0,6.097180556891766,8.303694958703693,36536.9,34850.22,128.83180858550318,21.80311156790562,0.8899769821741855,0,0,-52552.0,-75.8151076230596,47235.7,-1494.2,0,0,1,0,0,0,0,0,73966.0,72712.0,-0.10029539053376382,0
2020-11-02,72593.0,72805.0,72309.0,72602.0,14255,71836,72785.0,310482.45,SILVER,2020-12-05,71655.4,68934.5,67340.08,63666.855,71142.69598732401,69303.16823710476,73.43691501310371,1839.5277502192475,1385.9129894933196,453.6147607259279,75186.45728510157,62682.54271489842,68934.5,12503.914570203146,0.7933081459737148,496.0,20.0,476.0,496.0,1229.5,-0.25142543106408954,9.0,203.0,284.0,496.0,0.6831767719897524,0.5907258064516129,163.0,5945.0,5.32026779043875,7.8139497309774475,35412.65,33478.72,-56.161392502383364,17.5067868177681,0.4025397703927834,0,0,55072.0,328.5134812693868,47101.35,-77.4,0,0,1,0,1,0,0,0,73966.0,73314.0,0.9806892372110961,1
2020-11-03,72348.0,72498.0,72031.0,72211.0,37262,41923,72602.0,807217.88,SILVER,2020-12-05,72168.9,69244.15,67471.22,63694.235,71307.05045081262,69518.56318250441,78.33466453674122,1788.4872683082067,1466.4278452562971,322.05942305190956,75501.3551024986,62986.944897501395,69244.15,12514.410204997199,0.7370746964020163,467.0,104.0,571.0,571.0,1141.7142857142858,-0.5385526569515964,137.0,150.0,180.0,467.0,0.6467158743127779,0.3854389721627409,-799.0,5135.0,4.284621877804849,7.024891501887766,36068.65,33920.02,161.39600140301647,32.641243437246786,1.0330855188647203,0,0,-29913.0,-41.640681552424965,47731.35,5911.4,0,0,1,0,0,0,0,0,73966.0,71967.0,-0.33789865809918157,0
2020-11-04,72245.0,72687.0,71921.0,72298.0,23093,26292,72211.0,500873.31,SILVER,2020-12-05,72381.2,69601.0,67615.24,63727.41,71459.50422761067,69724.44739120778,84.4205597531127,1735.0568364028877,1520.1536434856152,214.90319291727246,75689.50464745678,63512.49535254322,69601.0,12177.009294913558,0.7214829548603992,766.0,476.0,290.0,766.0,1130.7142857142858,0.12048025924027428,53.0,389.0,324.0,766.0,1.0595037207114997,0.49216710182767626,-462.0,2123.0,3.8749443255125646,6.925598430176384,35718.1,32649.04,-38.02533412055177,28.320678424660912,0.6465349500673329,0,23093,-15631.0,-37.285022541325766,45885.25,-2235.0,0,0,1,0,0,0,0,0,73966.0,71590.0,-0.9792802013886968,0
2020-11-05,74040.0,75173.0,73630.0,74293.0,10782,11614,72298.0,240308.14,SILVER,2020-12-05,72744.4,70043.1,67812.26,63764.82,71895.4266541321,70062.85869556275,86.66545222697877,1832.5679585693433,1582.6365065023608,249.9314520669825,76146.8570448991,63939.34295510092,70043.1,12207.514089798176,0.8481380376658043,1543.0,2875.0,1332.0,2875.0,1282.7857142857142,2.75941243187916,253.0,880.0,410.0,1543.0,2.0769116875075713,0.42968243681140633,868.0,3632.0,6.067549837171676,9.556885436350308,35575.95,30995.94,-53.31052699952367,26.844622571219638,0.30306991099324126,0,10782,-14678.0,-55.826867488209345,45066.1,-11540.4,0,0,1,0,0,0,0,0,75173.0,72523.0,-2.3824586434791972,0
2020-11-06,72577.0,73586.0,72136.0,72712.0,6234,30939,74293.0,135985.98,SILVER,2020-12-05,72853.5,70383.85,67989.52,63795.12,72021.05332272715,70259.09138478033,74.92795389048992,1761.9619379468204,1618.5015927912527,143.46034515556767,76270.06866915,64497.63133085002,70383.85,11772.437338299984,0.6977627854875624,1450.0,707.0,2157.0,2157.0,1399.5,-2.1280605171415834,135.0,874.0,441.0,1450.0,1.994168775442843,0.3972413793103448,-73.0,1091.0,3.3077900683182206,6.9458940142539545,34841.35,29632.92,-42.18141346688926,3.271687662599292,0.17892532866837824,0,0,19325.0,166.39400723265024,43262.9,2835.0,0,0,1,0,1,0,0,0,75173.0,72595.0,-0.16090879084607768,0
2020-11-09,73543.0,73890.0,72703.0,73314.0,39188,28800,72712.0,861908.71,SILVER,2020-12-05,72941.0,70711.95,68179.62,63828.085,72219.96819615374,70485.38091183364,75.30012978585334,1734.5872843201068,1641.7187310970237,92.86855322308315,76476.05692311045,64947.843076889556,70711.95,11528.21384622089,0.7257114618716921,1187.0,1178.0,9.0,1187.0,1450.5714285714287,0.8279238640114484,229.0,347.0,611.0,1187.0,1.6190632075729054,0.514743049705139,712.0,875.0,3.6797882111863736,7.530666788697276,34989.85,28609.04,528.6172601860764,55.5631838728728,1.1199819376190525,0,39188,-2139.0,-6.9136041888878115,44018.95,-8607.2,0,0,1,0,0,0,0,0,75173.0,71707.0,-2.1919415118531247,0
2020-11-10,71927.0,72383.0,71770.0,71967.0,36996,66440,73314.0,798747.34,SILVER,2020-12-05,72836.7,70930.6,68337.36,63859.725,72181.05001213009,70595.13047392003,58.47201210287443,1585.9195382100588,1630.5588925196307,-44.6393543095719,76526.00775617754,65335.19224382247,70930.6,11190.815512355068,0.5926116598791009,613.0,931.0,1544.0,1544.0,1316.0,-1.8373025615844196,40.0,416.0,157.0,613.0,0.8517792877290981,0.32137030995106036,-244.0,-1043.0,1.461146529142562,5.31135531135531,35270.65,28882.08,-5.593549045626212,54.05284415399653,1.0489174426896017,0,0,37640.0,130.69444444444446,44825.55,4903.4,0,0,0,0,1,0,0,0,75173.0,71130.0,-1.163033056817708,0
2020-11-11,71555.0,71714.0,71344.0,71590.0,34204,33246,71967.0,734599.31,SILVER,2020-12-05,72719.7,71183.35,68483.08,63891.47,72090.11924103314,70668.82451288891,54.437756759338875,1421.294728144232,1588.7060596445513,-167.4113315003192,76385.60964163115,65981.09035836886,71183.35,10404.519283262285,0.5390839777339997,370.0,253.0,623.0,623.0,1292.7142857142858,-0.5238512095821712,35.0,124.0,211.0,370.0,0.5168319597709178,0.6648648648648648,-708.0,-1170.0,0.5712712312640444,4.536770250403455,35702.55,28781.34,-7.546761812087787,53.61806911921461,0.9580268076089802,0,0,-33194.0,-49.960866947621916,43995.75,1390.8,0,0,0,0,0,0,0,0,75173.0,71714.0,0.17320854867998323,0
2020-11-12,72479.0,72853.0,72280.0,72523.0,22152,62805,71590.0,481958.85,SILVER,2020-12-05,72629.5,71518.05,68634.66,63927.375,72156.7162808742,70806.17084526751,54.31992337164751,1350.5454356066912,1541.0739348369793,-190.52849923028816,76093.42497916802,66942.67502083199,71518.05,9150.749958336033,0.6098215998224845,573.0,1263.0,690.0,1263.0,1248.2857142857142,1.3032546445034265,44.0,330.0,199.0,573.0,0.7900941770197042,0.42408376963350786,-1770.0,-902.0,1.4051697438618602,5.665271744625815,34899.9,29024.8,-35.23564495380658,58.079044727372704,0.6347296124057662,0,22152,29559.0,88.90994405341996,43365.6,10238.2,1,0,0,0,1,0,0,0,73890.0,71124.0,-1.9290432000882478,0
2020-11-13,72872.0,72872.0,72514.0,72595.0,30019,59648,72523.0,653768.79,SILVER,2020-12-05,72610.5,71835.7,68787.14,63967.91,72224.14454535508,70938.67670858103,50.80462141530843,1285.4678367740562,1489.9527152243948,-204.48487845033856,75694.84782521203,67976.55217478797,71835.7,7718.295650424057,0.5983766409567747,358.0,349.0,9.0,358.0,1195.7857142857142,0.09927884946845378,277.0,0.0,81.0,358.0,0.4931469109442799,0.22625698324022347,-117.0,-190.0,1.0569953379726278,5.535714960674336,34665.0,29500.94,35.51372336583605,48.747236205406,0.865974325688735,0,30019,-3157.0,-5.026669851126497,42371.4,5741.8,0,0,0,0,0,0,0,0,73890.0,71321.0,-1.7549418003994768,0
2020-11-16,71940.0,72264.0,71495.0,71707.0,24488,66851,72595.0,526788.3,SILVER,2020-12-05,72521.0,72088.2,68899.32,64002.51,72144.58384606968,70995.58954498245,43.49215862551194,1148.9943010872375,1421.7610323969634,-272.76673130972586,75085.19355319481,69091.20644680518,72088.2,5993.987106389628,0.4364029329336335,769.0,331.0,1100.0,1100.0,1219.7857142857142,-1.2232247399958651,233.0,324.0,212.0,769.0,1.0724197079783007,0.2756827048114434,-1607.0,-895.0,-0.5287966685254967,4.07504747506941,34382.65,29710.68,-18.42499750158233,52.520875705486105,0.7122196805656341,0,0,7203.0,12.07584495708154,42517.05,7610.2,0,0,0,0,1,0,0,0,72872.0,71377.0,-0.4602061165576582,0
2020-11-17,71445.0,71631.0,70890.0,71130.0,24689,41688,71707.0,526838.57,SILVER,2020-12-05,72412.9,72290.9,69003.7,64036.4,71988.49402359742,71005.54587498374,42.11646353259818,982.9481486136792,1333.9984556403067,-351.0503070266275,74217.91633565759,70363.8836643424,72290.9,3854.032671315188,0.19878304129584942,741.0,76.0,817.0,817.0,1167.9285714285713,-0.8046634219811222,315.0,186.0,240.0,741.0,1.0417545339519192,0.32388663967611336,-837.0,-1081.0,-1.6058729383642951,3.0814289668525063,33958.9,29839.5,0.8208101927474676,36.4633565844592,0.7270259048437965,0,0,-25163.0,-37.64042422701232,43816.7,-4950.4,0,0,0,0,0,1,0,0,72872.0,70855.0,-0.38661605511036135,0
2020-11-18,71691.0,71909.0,71341.0,71714.0,33506,39764,71130.0,720854.79,SILVER,2020-12-05,72354.5,72367.85,69076.94,64074.22,71946.2641738132,71058.02395831828,41.659354587111245,888.2402154949086,1244.8468076112272,-356.60659211631855,74045.9420588249,70689.7579411751,72367.85,3356.1841176497983,0.30518053328436856,568.0,779.0,211.0,779.0,1137.4285714285713,0.821031913397996,23.0,195.0,350.0,568.0,0.7920350280280002,0.6566901408450704,124.0,-584.0,-0.9035089476887952,3.817569220640054,33890.1,29745.88,35.712260520879745,43.837116048602354,0.9886663066795318,0,33506,-1924.0,-4.615236998656691,42379.95,1303.6,0,0,0,0,0,0,0,0,72872.0,72666.0,1.3274953286666482,1
2020-11-19,71166.0,71246.0,71061.0,71124.0,22715,42470,71714.0,484674.5,SILVER,2020-12-05,72037.6,72391.0,69128.06,64111.25,71819.76199322655,71062.91107251693,41.86342705986088,756.8509207096213,1147.247630230906,-390.3967095212847,73980.37750144568,70801.62249855432,72391.0,3178.755002891354,0.10141627811908957,185.0,468.0,653.0,653.0,1084.9285714285713,-0.822712441085427,42.0,80.0,63.0,185.0,0.260109105224678,0.34054054054054056,-1399.0,-3169.0,-1.75021756848227,2.8873079904166303,33954.1,29788.02,-32.20617202889034,45.94755154566569,0.6689913736485432,0,0,2706.0,6.805150387284975,42834.35,-4067.0,0,0,0,0,1,1,0,0,72872.0,73223.0,2.951183847927563,1
2020-11-20,71105.0,71907.0,71066.0,71321.0,18765,48501,71124.0,401501.57,SILVER,2020-12-05,71898.5,72376.0,69196.42,64142.225,71743.029378884,71082.028770849,43.73348987378925,661.0006080349995,1049.9982257917247,-388.9976177567253,74001.23352168125,70750.76647831875,72376.0,3250.4670433624997,0.17543125774669055,841.0,783.0,58.0,841.0,1109.5714285714287,0.27698104718518746,216.0,586.0,39.0,841.0,1.1791758388132527,0.3032104637336504,-1274.0,-1391.0,-1.4576655244832541,3.0703611545221587,31746.25,29435.96,-17.38939027074621,48.42675386527999,0.5910934362326259,0,18765,6031.0,14.20061219684483,44047.65,-2229.4,1,0,0,0,1,1,0,0,72264.0,71533.0,0.2972476549683824,0
2020-11-23,71588.0,71588.0,71112.0,71377.0,26942,67207,71321.0,576911.74,SILVER,2020-12-05,71704.8,72322.9,69282.38,64173.45,71686.71716674801,71103.87849152686,45.78191381751972,582.8386752211518,956.5663156776102,-373.7276404564584,74007.76849713206,70638.03150286793,72322.9,3369.7369942641235,0.21929560033614495,476.0,267.0,209.0,476.0,1102.7857142857142,0.07851824848221778,211.0,0.0,265.0,476.0,0.6668814884346498,0.5567226890756303,-330.0,-1937.0,-1.3078845013128542,3.0233083794176747,29767.85,29769.14,43.57580602184918,-0.07739155114272336,0.9050704031362695,0,26942,18706.0,38.56827694274345,43796.85,71.2,1,0,0,0,1,0,0,0,71909.0,71707.0,0.4623338050072152,0
2020-11-24,70690.0,70990.0,70690.0,70855.0,25478,72157,71377.0,541573.11,SILVER,2020-12-05,71593.6,72215.15,69350.0,64205.97,71558.76067955601,71085.44304771005,43.009398314116844,473.3176318459591,859.91657891128,-386.5989470653209,73988.32060953614,70441.97939046385,72215.15,3546.3412190722884,0.11646386628419103,300.0,387.0,687.0,687.0,1097.142857142857,-0.7313280188295912,165.0,135.0,0.0,300.0,0.42339990120668974,0.55,-275.0,-1112.0,-1.8834690504693188,2.1701514059120406,27400.0,29661.62,-5.43389503377626,-0.061426149957728174,0.9298540145985401,0,0,4950.0,7.36530420938295,46786.4,6093.8,0,0,0,0,1,1,0,0,71909.0,71174.0,0.4502152282831134,0
2020-11-25,72698.0,72792.0,72575.0,72666.0,27551,13216,70855.0,600606.29,SILVER,2020-12-05,71701.2,72210.45,69457.0,64244.365,71729.10519039354,71202.52134047227,41.97494327710368,526.5838499212696,793.2500331132779,-266.66618319200836,73978.02931110575,70442.87068889424,72210.45,3535.1586222115147,0.6288626759596494,217.0,1937.0,1720.0,1937.0,1030.142857142857,2.5559240702843766,32.0,94.0,91.0,217.0,0.29862659290452204,0.41935483870967744,952.0,1076.0,0.6308643693537471,4.620124681457592,25252.3,29898.34,8.136431431038549,1.5068931743549054,1.0910293319816413,0,27551,-58941.0,-81.68438266557645,45573.85,-5309.6,0,0,0,0,0,0,0,0,72792.0,71903.0,-1.0500096331159001,0
2020-11-26,73063.0,73520.0,72723.0,73223.0,33072,32072,72666.0,726489.32,SILVER,2020-12-05,71771.2,72200.35,69563.54,64290.055,71958.93516110223,71352.18642636322,52.8036870404916,606.7487347390124,755.9497734384249,-149.2010386994125,73940.80877496852,70459.89122503149,72200.35,3480.917549937032,0.7937874814123344,797.0,854.0,57.0,854.0,937.0714285714286,0.7665207937687546,160.0,297.0,340.0,797.0,1.0884558130642012,0.6273525721455459,2099.0,700.0,1.4164058761487917,5.260600596231886,26195.4,30136.48,20.03920002903705,7.034377672639268,1.262511738702215,0,33072,18856.0,142.67554479418885,43711.65,-2079.6,1,0,0,0,1,0,0,0,73520.0,71260.0,-2.6808516449749393,0
2020-11-27,71449.0,72600.0,70627.0,71533.0,7892,47132,73223.0,169361.53,SILVER,2020-12-05,71665.0,72137.75,69628.42,64326.43,71893.40667477882,71365.58002441039,41.27046368003137,527.8266503684281,710.3251488244257,-182.4984984559976,73879.73010442342,70395.76989557658,72137.75,3483.960208846838,0.326418798221531,1973.0,623.0,2596.0,2596.0,1037.7142857142858,-2.30801797249498,84.0,1067.0,822.0,1973.0,2.7581675590287,0.45919918905220475,212.0,-1062.0,-0.8383266736209544,2.7353485832365605,24964.15,29512.16,-76.13691340106435,-4.130686004050771,0.3161333352026806,0,0,15060.0,46.95684709403842,45230.05,-273.8,0,0,0,0,1,0,0,0,73520.0,71183.0,-0.48928466581857327,0
2020-11-30,71587.0,72495.0,70719.0,71707.0,38966,27861,71533.0,838240.49,SILVER,2020-12-05,71665.0,72093.0,69697.58,64370.845,71864.72872481284,71390.87039297259,48.56003544528134,473.8583318402525,663.0317854275911,-189.1734535873386,73830.74300080266,70355.25699919734,72093.0,3475.4860016053135,0.38893639628480503,1776.0,962.0,814.0,1776.0,1054.2857142857142,0.24324437672123,120.0,788.0,868.0,1776.0,2.4767456454739425,0.5563063063063063,330.0,0.0,-0.5354195275546864,2.883055624025968,26199.7,29655.54,393.74049670552455,37.08586341665992,1.4872689381939488,0,38966,-19271.0,-40.887295255877106,43031.3,-7869.2,0,0,0,0,0,0,0,0,73520.0,71621.0,-0.11993250310290487,0
2020-12-01,71088.0,71527.0,70780.0,71174.0,29395,74186,71707.0,627647.92,SILVER,2021-02-05,71669.4,72041.15,69769.14,64417.34,71758.46276714932,71374.80591941906,47.73519163763067,383.6568477302644,607.1567978881258,-223.49995015786135,73825.33104757416,70256.96895242583,72041.15,3568.3620951483317,0.2569893478077796,747.0,180.0,927.0,927.0,1076.0,-0.7433026064400994,86.0,353.0,308.0,747.0,1.0495405625649816,0.5274431057563588,319.0,44.0,-1.2036870594097877,2.0135836560404794,25806.35,29931.76,-24.56243904942771,34.5475384924424,1.1390607350516444,0,0,46325.0,166.27184953878182,44644.45,405.8,0,0,0,0,1,0,0,0,73520.0,72365.0,1.6733638688285049,1
2020-12-02,71825.0,72298.0,71590.0,71903.0,23756,14960,71174.0,512438.3,SILVER,2021-02-05,71688.3,72021.4,69878.6,64466.69,71780.69926451097,71413.9314068695,46.5478841870824,366.76785764147644,559.079009838796,-192.31115219731953,73802.3516557157,70240.44834428429,72021.4,3561.903311431408,0.4667593447525634,708.0,1124.0,416.0,1124.0,1066.0714285714287,1.0242504285272735,78.0,395.0,235.0,708.0,0.9846598890171482,0.442090395480226,-763.0,189.0,-0.16439558242410476,2.8970242678015787,25839.5,30011.28,-19.18353461473039,29.057958978881384,0.9193676348226553,0,23756,-59226.0,-79.83447011565524,44077.85,348.8,0,0,0,0,0,0,0,0,73520.0,71378.0,-0.7301503414322074,0
2020-12-03,71182.0,71657.0,71023.0,71260.0,27174,28781,71903.0,580925.77,SILVER,2021-02-05,71701.9,71869.75,69981.76,64510.06,71700.59168535544,71402.52908043473,43.01120301539106,298.0626049207058,506.87572885517795,-208.81312393447217,73322.5589489337,70416.9410510663,71869.75,2905.6178978673997,0.2901479060796223,634.0,246.0,880.0,880.0,1103.357142857143,-0.8942603229350699,78.0,397.0,159.0,634.0,0.8896996912714006,0.37381703470031546,-1963.0,136.0,-0.848409796889512,1.826533085192492,26659.1,30023.3,14.387944098333062,33.717370591603725,1.0193142304128797,0,0,13821.0,92.38636363636363,44936.2,-658.2,0,0,0,0,1,0,0,0,72600.0,71119.0,-0.19786696603985407,0
2020-12-04,71301.0,71428.0,70941.0,71183.0,39651,41126,71260.0,846743.14,SILVER,2021-02-05,71688.1,71793.3,70069.76,64552.34,71620.96219530076,71386.2676670692,47.00228832951946,234.69452823155734,452.43948873045383,-217.7449604988965,73220.18133980766,70366.41866019234,71793.3,2853.76267961532,0.28614199268936064,487.0,168.0,319.0,487.0,1059.5714285714287,-0.1080550098231825,118.0,127.0,242.0,487.0,0.6841521149712713,0.49691991786447637,-350.0,-138.0,-0.8500793249509395,1.588759544773673,28329.95,30049.14,45.91521307131816,40.04783092581017,1.399614189223772,0,0,12345.0,42.89288071991939,45445.55,-1201.2,0,0,0,0,1,0,0,0,72495.0,70744.0,-0.6167202843375524,0
2020-12-07,71463.0,72019.0,71033.0,71621.0,5797,32578,71183.0,124556.08,SILVER,2021-02-05,71712.5,71708.65,70162.84,64597.15,71620.96801140833,71403.6552472863,52.854319265201724,217.31276412203442,405.41414380876995,-188.10137968673553,72943.6484487511,70473.65155124888,71708.65,2469.9968975022202,0.4645141254676757,986.0,836.0,150.0,986.0,1071.642857142857,0.6153154545326833,158.0,398.0,430.0,986.0,1.37669119392357,0.5963488843813387,-86.0,244.0,-0.12223072111941054,2.0782511084215,26660.4,30054.56,-85.37993997629316,27.152256325995932,0.21743859807054658,0,5797,-8548.0,-20.78490492632398,45634.45,943.4,0,0,0,0,0,0,0,0,72298.0,70225.0,-1.9491489926138983,0
2020-12-08,72397.0,73093.0,71677.0,72365.0,13209,27883,71621.0,286760.79,SILVER,2021-02-05,71863.5,71728.55,70289.76,64646.695,71735.43447119166,71474.86596970953,53.715329300308184,260.5685014821356,376.4450153434431,-115.8765138613075,72993.5385333355,70463.56146666451,71728.55,2529.977066670981,0.7515635451342082,1416.0,1472.0,56.0,1472.0,1121.142857142857,1.0388014688429426,32.0,696.0,688.0,1416.0,1.9567470462240035,0.4858757062146893,1191.0,1510.0,0.8873035911084178,2.9524072923282216,25471.05,30061.64,127.8592375366569,40.481569583039246,0.5185887507582138,0,13209,-4695.0,-14.411566087543736,43706.6,-9260.6,0,0,0,0,0,0,0,0,73093.0,71703.0,-0.9148068817798659,0
2020-12-09,71552.0,71771.0,70774.0,71378.0,26346,39782,72365.0,564157.44,SILVER,2021-02-05,71734.7,71717.95,70393.92,64696.56,71680.44455254679,71467.690712694,51.38676566936013,212.75383985278313,343.70678024531117,-130.95294039252803,72991.3518218915,70444.5481781085,71717.95,2546.8036437830015,0.3665189596261775,997.0,594.0,1591.0,1591.0,1188.142857142857,-1.3639190216264807,174.0,219.0,604.0,997.0,1.3967889265600044,0.6058174523570712,-525.0,-1288.0,-0.47400964472631624,1.397961642141824,25078.15,29807.36,99.45491710197591,49.613418150132986,1.0505559620625924,0,0,11899.0,42.674748054370035,44033.4,4964.4,0,0,0,0,1,0,0,0,73093.0,72061.0,0.9568774692482277,1
2020-12-10,71046.0,71639.0,70868.0,71119.0,33024,66387,71378.0,704590.16,SILVER,2021-02-05,71524.3,71647.75,70486.6,64747.615,71594.06846753959,71441.86177101296,48.904555314533624,152.20669652662764,305.40676350157446,-153.20006697494682,72888.67051995233,70406.82948004767,71647.75,2481.841039904655,0.28695251166435987,771.0,261.0,510.0,771.0,1183.142857142857,-0.36285690268710313,73.0,520.0,178.0,771.0,1.0840984828245617,0.32555123216601817,-141.0,-2104.0,-0.7379854915192732,0.8971918066696281,25621.75,29778.2,25.34730129810976,50.144228277040256,1.2889049342843482,0,0,26605.0,66.87697953848475,44212.5,7521.2,0,0,0,0,1,0,0,0,73093.0,71027.0,-0.12936064905299569,0
2020-12-11,70642.0,70974.0,70291.0,70744.0,34414,26979,71119.0,730375.2,SILVER,2021-02-05,71445.4,71555.2,70585.06,64798.345,71463.28870330274,71390.16830649348,46.68204214278226,73.12039680925955,258.9494901631115,-185.82909335385193,72774.57164145992,70335.82835854008,71555.2,2438.743282919837,0.16736966302218956,683.0,145.0,828.0,828.0,1208.2857142857142,-0.527285254292098,102.0,230.0,351.0,683.0,0.9654529005993441,0.6632503660322109,-439.0,-789.0,-1.133670229417285,0.22517512912789525,25841.5,30035.06,4.209060077519378,58.17882562489863,1.3317338389799354,0,0,-39408.0,-59.36101947670478,42579.05,-2829.4,0,0,0,0,0,1,0,0,73093.0,71810.0,1.506841569603076,1
2020-12-14,70193.0,70392.0,69970.0,70225.0,10947,43746,70744.0,230625.92,SILVER,2021-02-05,71297.2,71481.1,70670.44,64842.64,71272.78274894846,71303.85954304952,46.69672818791946,-31.076794101056294,200.94423331027792,-232.02102741133422,72834.39553313261,70127.8044668674,71481.1,2706.591066265217,0.03591068275663867,422.0,352.0,774.0,774.0,1214.5,-0.7336311206604051,32.0,167.0,223.0,422.0,0.6009255962976148,0.6042654028436019,-1396.0,-1482.0,-1.7572477200267005,-0.630305966681405,25164.45,29519.2,-68.19027140117394,11.985748814228774,0.43501844864481437,0,0,16767.0,62.14833759590792,41423.8,2233.6,0,0,0,0,1,1,0,0,73093.0,73626.0,4.843004627981489,1
2020-12-15,71872.0,71982.0,71371.0,71703.0,14617,76266,70225.0,314424.83,SILVER,2021-02-05,71350.1,71509.75,70784.14,64893.015,71338.970018341,71333.42550282362,44.76801043138107,5.544515517380205,161.8642897516984,-156.3197742343182,72855.99184501145,70163.50815498855,71509.75,2692.4836900228984,0.5717738795284426,611.0,1757.0,1146.0,1757.0,1201.642857142857,2.104663581345667,169.0,110.0,332.0,611.0,0.8521261314031491,0.5433715220949263,-662.0,529.0,0.2702428689794049,1.2981156513309344,24660.85,29328.7,33.52516671234127,17.794509390405672,0.5927208510655554,0,14617,32520.0,74.33822520916198,43152.7,9676.6,1,0,0,0,1,0,0,0,71982.0,74536.0,3.9510201804666476,1
2020-12-16,72089.0,72355.0,71852.0,72061.0,25704,10056,71703.0,555676.78,SILVER,2021-02-05,71365.9,71527.1,70922.14,64951.365,71450.05155398084,71387.31991002188,43.54731230564194,62.731643958963105,142.03776059315138,-79.30611663418827,72893.22258061268,70160.97741938733,71527.1,2732.24516122535,0.6954070621395307,503.0,652.0,149.0,652.0,1187.2142857142858,0.4992817594800858,28.0,266.0,209.0,503.0,0.6980197332815254,0.415506958250497,683.0,158.0,0.7464303739421759,1.6057891090144778,24270.75,29240.7,75.85003762742014,27.297866614620727,1.0590525632706036,0,25704,-66210.0,-86.81457005743057,41667.3,-5945.2,0,0,0,0,0,0,0,0,72355.0,73246.0,1.6444401271145281,1
2020-12-17,70952.0,71516.0,70719.0,71027.0,33702,41457,72061.0,718125.59,SILVER,2021-02-05,71342.6,71522.25,71033.66,65003.32,71384.96669952225,71360.62954631654,46.969333972208915,24.337153205706272,118.49763911566237,-94.1604859099561,72895.07051189929,70149.42948810071,71522.25,2745.641023798584,0.3196231788105994,797.0,545.0,1342.0,1342.0,1097.642857142857,-1.434895435811323,75.0,489.0,233.0,797.0,1.1221084939530037,0.3864491844416562,-92.0,-233.0,-0.6924418624973347,-0.00937583675120146,24820.1,29642.24,31.11577964519141,28.97065016930656,1.3578510964903445,0,0,31401.0,312.2613365155131,41616.65,-4986.0,0,0,0,0,1,0,0,0,72355.0,72852.0,2.5694454221634024,1
2020-12-18,71879.0,72321.0,71434.0,71810.0,6892,12243,71027.0,148474.36,SILVER,2021-02-05,71405.3,71546.7,71151.92,65060.47,71450.3564380573,71393.91624658939,50.57496929775594,56.44019146790379,106.08614958611065,-49.64595811820686,72921.84509856303,70171.55490143696,71546.7,2750.2901971260726,0.5957353519549098,887.0,1294.0,407.0,1294.0,1063.2142857142858,1.1023976797555957,69.0,442.0,376.0,887.0,1.2352040105834843,0.42390078917700114,1066.0,627.0,0.36801138277517054,0.9248942263258697,24226.45,29361.56,-79.55017506379444,16.4241113557953,0.2844824561584549,0,6892,-29214.0,-70.4681959620812,39803.75,-2947.2,0,0,0,0,0,0,0,0,72355.0,73954.0,2.985656593789166,1
2020-12-21,73464.0,73915.0,73325.0,73626.0,86885,65031,71810.0,1919098.5,SILVER,2021-02-05,71605.8,71659.15,71289.4,65128.99,71785.07083220233,71559.25578387907,61.97265625,225.81504832326027,130.03192933354057,95.7831189897197,73315.02658769632,70003.27341230366,71659.15,3311.7531753926596,1.0938999363280766,590.0,2105.0,1515.0,2105.0,1147.357142857143,2.5288956969781395,162.0,289.0,139.0,590.0,0.8013473501208812,0.5101694915254237,3401.0,2005.0,2.7447297379329867,3.277626126745359,27223.6,30374.9,1160.664538595473,141.0285592129719,3.191532346934278,1,86885,52788.0,431.16883116883116,39694.95,4257.0,1,0,0,1,1,0,1,0,73915.0,73365.0,-0.3544943362399152,0
2020-12-22,74638.0,75015.0,74087.0,74536.0,21060,11701,73626.0,470918.45,SILVER,2021-02-05,71822.9,71843.2,71428.24,65199.835,72208.2907041712,71779.75535544357,62.633144611841466,428.53534872762975,189.73261321235842,238.80273551527134,73893.93928646456,69792.46071353543,71843.2,4101.4785729291325,1.1565437200557893,928.0,1389.0,461.0,1389.0,1166.2857142857142,1.2359764213728752,102.0,377.0,449.0,928.0,1.2450359557797575,0.4838362068965517,2833.0,2171.0,3.748162665360122,4.350884188102625,27002.7,30168.5,-75.76106347470795,120.66652911183542,0.77992200779922,0,21060,-53330.0,-82.00704279497471,36672.15,-12913.0,0,0,0,0,0,0,0,0,75015.0,73764.0,-1.0357411183857463,0
2020-12-23,73306.0,73419.0,73070.0,73246.0,46045,66381,74536.0,1011783.62,SILVER,2021-02-05,72009.7,71872.2,71562.46,65260.5,72367.93828814487,71888.36606985517,58.97181062522588,479.5722182897007,247.7005342278269,231.8716840618738,73987.32364700075,69757.07635299924,71872.2,4230.247294001514,0.8247564278211464,349.0,1117.0,1466.0,1466.0,1208.142857142857,-1.7307073092197034,60.0,113.0,176.0,349.0,0.4764765311416323,0.504297994269341,1185.0,1868.0,1.9114483764237116,2.352546293126303,27927.4,30578.08,118.63722697056032,122.58476009869386,1.6487392310061086,1,0,54680.0,467.3104862832236,39330.4,11265.0,0,0,0,1,1,0,0,0,75015.0,74452.0,1.6465062938590502,1
2020-12-24,72807.0,73146.0,72276.0,72852.0,87215,60438,73246.0,1906136.15,SILVER,2021-02-05,72183.0,71853.65,71702.92,65315.78,72442.40932073796,71959.746360977,57.32981993851559,482.66295976095716,294.69301933445297,187.9699404265042,73924.94598637047,69782.35401362952,71853.65,4142.591972740949,0.7409964598418914,870.0,100.0,970.0,970.0,1242.642857142857,-0.5379133331512964,45.0,294.0,531.0,870.0,1.1942019436666118,0.6620689655172414,1825.0,1733.0,1.3894214142218329,1.6025567717465365,30634.55,31558.28,89.41253121945923,128.9912830908288,2.846948951429024,1,0,-5943.0,-8.952863018032264,40748.7,3796.2,0,0,0,1,0,0,0,0,75015.0,73670.0,1.1228243562290672,1
2020-12-25,73830.0,74189.0,73830.0,73954.0,99457,76483,72852.0,2206572.89,SILVER,2021-02-05,72504.0,71974.7,71857.16,65379.495,72674.96173293212,72107.46885275649,59.681301352809356,567.4928801756323,349.2529915026888,218.2398886729435,74240.89830971252,69708.50169028748,71974.7,4532.396619425039,0.9367005287041911,359.0,1337.0,978.0,1337.0,1267.7142857142858,1.5126557953110353,124.0,235.0,0.0,359.0,0.48543689320388345,0.34540389972144847,2144.0,3210.0,2.749994095147327,2.9180668982742937,35212.8,32853.08,14.036576277016577,129.97403471077854,2.8244558796801162,1,99457,16045.0,26.54786723584499,42216.25,12848.0,1,0,0,1,1,0,0,0,75015.0,73637.0,-0.42864483327473835,0
2020-12-28,73235.0,73426.0,73235.0,73365.0,70142,30505,73954.0,1543790.35,SILVER,2021-02-05,72818.0,72057.6,71991.32,65441.285,72781.12146632717,72200.61930810785,54.20380023541282,580.5021582193149,395.50282484601405,184.99933337330083,74402.50187427885,69712.69812572116,72057.6,4689.803748557693,0.7787749914699679,191.0,528.0,719.0,719.0,1213.9285714285713,-0.7964410309111103,130.0,61.0,0.0,191.0,0.26034212499148096,0.680628272251309,-261.0,3140.0,1.8143818278710282,1.9081189232257347,36771.6,33653.22,-29.475049518887563,133.84555689900716,1.9075047047177713,1,0,-45978.0,-60.1153197442569,42348.45,-6905.2,0,0,0,1,0,0,0,0,75015.0,70925.0,-3.325836570571798,0
2020-12-29,73843.0,74231.0,73291.0,73764.0,24582,16553,73365.0,543979.99,SILVER,2021-02-05,73024.1,72187.1,72125.08,65503.81,72932.33354843067,72316.42528528505,60.55191933486645,615.9082631456258,439.58391250593644,176.32435063968938,74611.26908390583,69762.93091609418,72187.1,4848.338167811657,0.8252454646148873,940.0,866.0,74.0,940.0,1167.4285714285713,0.5438560621549682,79.0,388.0,473.0,940.0,1.274334363646223,0.5031914893617021,-772.0,2061.0,2.1844623208301677,2.272330235196964,36530.95,33481.58,-64.95395055744062,123.997645172029,0.6729088622113578,0,24582,-13952.0,-45.736764464841826,39466.8,970.4,0,0,0,0,0,0,0,0,74231.0,70102.0,-4.964481318800499,0
2020-12-30,74635.0,74924.0,73727.0,74452.0,37235,43525,73764.0,831666.07,SILVER,2021-02-05,73263.2,72314.55,72210.62,65566.19,73166.12838713365,72474.61600489357,64.2011077971879,691.5123822400783,489.9696064527649,201.54277578731342,74935.84011828277,69693.25988171724,72314.55,5242.580236565525,0.9077095444513912,1197.0,1160.0,37.0,1197.0,1197.857142857143,0.9327043002006485,183.0,289.0,725.0,1197.0,1.6077472734110567,0.6056808688387636,1206.0,2391.0,2.955767546088577,3.1039478680559793,37204.9,33528.64,51.47262224391831,121.5599036336788,1.0008090332187427,0,37235,26972.0,162.94327312269678,40895.05,-4571.2,1,0,0,0,1,0,0,0,74924.0,69913.0,-6.096545425240423,0
2020-12-31,73576.0,73842.0,73321.0,73670.0,13912,54348,74452.0,307469.11,SILVER,2021-02-05,73527.5,72435.05,72270.8,65626.305,73243.64709680539,72563.16296749405,62.04908581782243,680.4841293113423,528.0725110244804,152.41161828686188,75073.7411807494,69796.3588192506,72435.05,5277.382361498807,0.7340080584286609,521.0,610.0,1131.0,1131.0,1219.5,-1.0503411594047218,94.0,172.0,255.0,521.0,0.7072078186507398,0.6698656429942419,818.0,2643.0,1.7049066715630028,1.9360516280434104,36541.8,33378.18,-62.63730361219283,112.18459530794037,0.38071468838426126,0,0,10823.0,24.8661688684664,42173.4,-1218.0,0,0,0,0,1,0,0,0,74924.0,68922.0,-6.444957241753767,0
2021-01-01,73705.0,74069.0,73070.0,73637.0,23402,17273,73670.0,516975.92,SILVER,2021-02-05,73710.2,72557.75,72311.12,65686.84,73304.1629280661,72642.70645138339,64.63623884694579,661.4564766827098,554.7493041561263,106.70717252658346,75179.4702769408,69936.0297230592,72557.75,5243.440553881606,0.7058285945858687,999.0,399.0,600.0,999.0,1235.5714285714287,-0.044794353196686565,68.0,364.0,567.0,999.0,1.3566549424881513,0.5675675675675675,-317.0,1827.0,1.4874358700483408,1.833576910439231,35729.35,32587.78,68.21449108683152,126.96106192300297,0.6549797295500758,0,0,-37075.0,-68.21778170309855,40980.75,-11842.0,0,0,0,0,0,0,0,0,74924.0,70264.0,-4.580577698711245,0
2021-01-04,70629.0,71581.0,70249.0,70925.0,15315,74236,73637.0,325864.91,SILVER,2021-02-05,73440.1,72522.95,72280.84,65737.675,72938.13786220978,72515.4689364661,46.982156710628395,422.66892574368103,528.3332284736373,-105.66430272995626,75214.56985858965,69831.33014141035,72522.95,5383.239717179298,0.20316202065077485,1332.0,2056.0,3388.0,3388.0,1352.0714285714287,-3.6829311351630256,296.0,656.0,380.0,1332.0,1.8780401832922102,0.5075075075075075,-2440.0,-2701.0,-2.2033714844749106,-1.8757944705678524,36205.25,31563.88,-34.556875480728145,7.438920515382861,0.4230049509394356,0,0,56963.0,329.78058241185664,43063.65,8746.2,0,0,0,0,1,0,0,0,74924.0,69120.0,-2.5449418399718016,0
2021-01-05,70020.0,70159.0,70020.0,70102.0,17834,13535,70925.0,375059.72,SILVER,2021-02-05,72996.7,72409.8,72222.68,65788.52,72501.80896033136,72336.69345969084,42.66566828903033,165.11550064051698,455.68968290701326,-290.5741822664963,75311.44654527055,69508.15345472946,72409.8,5803.29309054109,0.10232923548846176,139.0,766.0,905.0,905.0,1370.142857142857,-1.1603806838209385,82.0,57.0,0.0,139.0,0.19828250263901173,0.5899280575539568,-3662.0,-4434.0,-3.1871376526381825,-2.9363075421737235,36436.5,30463.86,16.447926869082607,16.659819549761917,0.4894542560344709,0,0,-60701.0,-81.76760601325502,42346.25,-603.6,0,0,0,0,0,1,0,0,74924.0,68784.0,-1.8801175430087587,0
2021-01-06,69909.0,70209.0,69768.0,69913.0,7314,28677,70102.0,153403.1,SILVER,2021-02-05,72663.4,72336.55,72165.74,65835.49,72103.53065874192,72157.16061082485,45.54756195043964,-53.629952082934324,353.82575590902377,-407.4557079919581,75416.3641758702,69256.7358241298,72336.55,6159.628351740394,0.10654282018244939,441.0,107.0,334.0,441.0,1305.7857142857142,-0.26960714387607165,4.0,296.0,141.0,441.0,0.6307839743681433,0.3287981859410431,-4539.0,-3333.0,-3.3503809623212653,-3.1216197602906934,35484.9,29200.04,-58.9884490299428,-1.1027480502883953,0.2061158408224343,0,0,15142.0,111.87292205393425,41791.0,-2969.6,0,0,0,0,1,1,0,0,74069.0,68907.0,-1.4389312431164447,0
2021-01-07,68796.0,69511.0,68556.0,68922.0,8883,10908,69913.0,183670.24,SILVER,2021-02-05,72270.4,72226.7,72075.68,65872.6,71614.06440355084,71917.51908409708,38.646013524139015,-303.4546805462305,222.3696686179729,-525.8243491642035,75629.18658916828,68824.21341083171,72226.7,6804.973178336571,0.014369871358139854,955.0,402.0,1357.0,1357.0,1310.2857142857142,-1.417476005893037,126.0,589.0,240.0,955.0,1.3856243289515684,0.3832460732984293,-4748.0,-3930.0,-4.575454783341891,-4.3755119618711795,34277.85,29093.5,21.452009844134533,-7.898800187820863,0.2591469418297822,0,0,-17769.0,-61.96254838372215,39017.05,-8688.0,0,0,0,0,0,1,0,0,74069.0,70092.0,1.6975711674066334,1
2021-01-08,70132.0,70388.0,70103.0,70264.0,15051,45079,68922.0,317263.04,SILVER,2021-02-05,71901.4,72202.7,72025.26,65916.6,71406.36218761995,71795.03618897877,36.27082652727867,-388.6740013588278,100.16093462261277,-488.8349359814406,75655.6199908417,68749.78000915829,72202.7,6905.8399816834135,0.2192665910096274,285.0,1466.0,1181.0,1466.0,1264.642857142857,1.947128638170681,132.0,124.0,29.0,285.0,0.4056131162472959,0.5649122807017544,-3373.0,-3690.0,-2.68507964383603,-2.445336538875382,33309.7,28744.18,69.43600135089495,-2.358857680433026,0.45185036190659184,0,15051,34171.0,313.2654932159882,39922.05,5561.2,1,0,0,0,1,0,0,0,71581.0,68947.0,-1.8743595582375043,0
2021-01-11,69028.0,69621.0,68535.0,69120.0,16695,59323,70264.0,346187.52,SILVER,2021-02-05,71476.9,72147.45,71955.62,65951.18,71054.61415875534,71596.88536016553,28.2978041352781,-542.2712014101853,-28.32549258394684,-513.9457088262385,75765.04760207277,68529.85239792723,72147.45,7235.195204145537,0.08156623082327283,1086.0,643.0,1729.0,1729.0,1288.9285714285713,-1.6281452806558128,92.0,501.0,493.0,1086.0,1.5711805555555556,0.5386740331491713,-1805.0,-4245.0,-4.196198202431267,-3.9407901703855734,33597.1,28792.98,10.922862268287826,1.6809334982845132,0.4969178887463502,0,0,14244.0,31.597861531977188,40700.9,-2982.6,0,1,0,0,1,1,0,0,70388.0,69906.0,1.1371527777777777,1
2021-01-12,68824.0,68888.0,68674.0,68784.0,28123,55320,69120.0,580323.73,SILVER,2021-02-05,70978.9,72001.5,71887.08,65982.685,70705.28890356222,71388.52348163475,30.640402637972926,-683.23457807253,-159.3073096816635,-523.9272683908665,75917.79634382129,68085.20365617871,72001.5,7832.59268764258,0.08921647935603437,214.0,232.0,446.0,446.0,1216.0714285714287,-0.4861111111111094,40.0,64.0,110.0,214.0,0.31111886485229123,0.514018691588785,-1318.0,-4980.0,-4.468656902981188,-4.316603206028123,34272.4,28610.2,68.45163222521712,15.021491776550288,0.8205728224460499,0,0,-4003.0,-6.7478043928998925,39653.6,8357.0,0,0,0,0,0,1,0,0,70388.0,69932.0,1.6689927890207026,1
2021-01-13,68881.0,69351.0,68414.0,68907.0,12902,56105,68784.0,266711.43,SILVER,2021-02-05,70424.4,71843.8,71819.26,66017.065,70428.62907224496,71204.70692743958,32.47134097573979,-776.0778551946132,-282.66141878425344,-493.4164364103598,75996.85962546026,67690.74037453975,71843.8,8306.119250920514,0.14642934789618675,937.0,567.0,370.0,937.0,1213.7142857142858,0.1788206559665051,26.0,444.0,467.0,937.0,1.3598037935188008,0.5261472785485592,-1006.0,-5545.0,-4.0877570507128,-4.054984693520923,33632.3,28406.38,-54.12295985492301,4.461933566666156,0.38361931833386353,0,12902,785.0,1.4190166305133811,41956.05,5485.6,1,0,0,0,1,1,0,0,70388.0,69154.0,0.3584541483448706,0
2021-01-14,69778.0,70260.0,69778.0,70092.0,22573,40164,68907.0,474656.01,SILVER,2021-02-05,70066.6,71797.05,71735.24,66055.975,70376.83998420727,71122.28419207368,32.96577275935074,-745.4442078664142,-375.2179766006856,-370.22623126572864,76009.44961492093,67584.65038507908,71797.05,8424.799229841854,0.2976153551576078,482.0,1353.0,871.0,1353.0,1214.857142857143,1.7197091732334968,314.0,168.0,0.0,482.0,0.6876676368201792,0.6514522821576764,1170.0,-3578.0,-2.374819021115774,-2.29070119511694,33075.85,28642.2,74.95737095024026,18.221401022909465,0.6824616752101609,0,22573,-15941.0,-28.41279743338383,41891.4,5851.2,0,0,0,0,0,0,0,0,70388.0,69546.0,-0.7789762027050163,0
2021-01-15,68654.0,69055.0,68654.0,68947.0,34374,11885,70092.0,710995.25,SILVER,2021-02-05,69597.6,71653.9,71659.94,66083.445,70156.86460202154,70961.15202969786,31.424487050117733,-804.2874276763177,-461.031866815812,-343.25556086050574,76054.81506752578,67252.98493247421,71653.9,8801.830135051569,0.19246168598274876,401.0,1037.0,1438.0,1438.0,1266.2142857142858,-1.6335673115334126,293.0,108.0,0.0,401.0,0.5816061612542968,0.7306733167082294,-1317.0,-4690.0,-3.777742732775179,-3.7858530163435837,34449.95,29205.0,52.27927169627431,16.627879083853742,0.9977953523880296,0,0,-28279.0,-70.40882382232844,41873.5,-6638.8,0,0,0,0,0,1,0,0,70260.0,69725.0,1.1284029761991095,1
2021-01-18,69821.0,70581.0,69041.0,69906.0,17288,67819,68947.0,362560.48,SILVER,2021-02-05,69495.7,71467.9,71591.78,66115.76,70118.27004786438,70882.9926200906,34.50851268872469,-764.7225722262228,-521.7700078978942,-242.95256432832866,75832.16420638743,67103.63579361256,71467.9,8728.528412774875,0.32105803794898197,1540.0,1634.0,94.0,1634.0,1315.7857142857142,1.3909234629498002,85.0,675.0,780.0,1540.0,2.2029582582324836,0.5616883116883117,786.0,-1019.0,-2.1854566875478283,-2.3547116722059416,30970.1,28767.0,-49.70617327049515,15.112949304877043,0.5582158275239667,0,17288,55934.0,470.62684055532185,42012.9,1699.2,1,0,0,0,1,0,0,0,70581.0,69257.0,-0.9283895516836895,0
2021-01-19,69996.0,70048.0,69759.0,69932.0,11884,11049,69906.0,249321.57,SILVER,2021-02-05,69478.7,71237.7,71551.08,66142.28,70089.61311742371,70812.54872230612,30.8312128922816,-722.935604882412,-562.0031272947978,-160.93247758761424,75401.66117581335,67073.73882418664,71237.7,8327.922351626708,0.3432141961860449,289.0,142.0,147.0,289.0,1250.9285714285713,0.037192801762375716,64.0,52.0,173.0,289.0,0.41325859406280385,0.5986159169550173,1148.0,-170.0,-1.8328778161001789,-2.2628309733410057,30511.3,28264.76,-31.25867653863952,10.34228896410483,0.3894950395427268,0,11884,-56770.0,-83.70810539819225,41980.3,-8854.2,0,0,0,0,0,0,0,0,70581.0,69331.0,-0.8594062803866613,0
2021-01-20,68774.0,69338.0,68774.0,69154.0,15559,63281,69932.0,322790.13,SILVER,2021-02-05,69402.8,71033.1,71502.36,66174.545,69945.67263782007,70689.69326139457,30.841676565416606,-744.020623574499,-598.406626550738,-145.61399702376104,75183.67469197714,66882.52530802287,71033.1,8301.149383954267,0.2736337568346598,564.0,594.0,1158.0,1158.0,1252.857142857143,-1.112509294743469,380.0,184.0,0.0,564.0,0.8155710443358302,0.6737588652482269,247.0,-759.0,-2.645386446600255,-3.284311175183589,28987.0,27891.86,30.92393133625042,19.333527000724153,0.536757856970366,0,0,52232.0,472.7305638519323,41825.3,1435.2,0,0,0,0,1,0,0,0,70581.0,69039.0,-0.16629551435925616,0
2021-01-21,69476.0,70149.0,69325.0,69546.0,23125,53271,69154.0,482475.38,SILVER,2021-02-05,69465.2,70867.8,71442.82,66205.67,69884.1845396939,70604.97524203201,33.157678056813495,-720.7907023381122,-622.8834417082128,-97.90726062989938,74976.48454297494,66759.11545702507,70867.8,8217.369085949875,0.3391455968236808,824.0,995.0,171.0,995.0,1252.5714285714287,0.5668507967724112,70.0,603.0,151.0,824.0,1.1848273085439853,0.2682038834951456,-546.0,624.0,-1.8651630218519593,-2.6550183769341786,25782.5,27911.32,48.627803843434656,22.051106400654163,0.8969262096383206,0,23125,-10010.0,-15.818334097122355,41466.95,2621.4,0,0,0,0,0,0,0,0,70581.0,69148.0,-0.5722830932044978,0
2021-01-22,69652.0,70247.0,69118.0,69725.0,8688,76697,69546.0,181731.24,SILVER,2021-02-05,69411.3,70656.35,71385.42,66237.29,69859.69461051023,70539.79189077039,43.757802746566796,-680.0972802601609,-634.3262094186025,-45.77107084155841,74524.52679207323,66788.17320792678,70656.35,7736.353584146447,0.3796138271254103,1129.0,701.0,428.0,1129.0,1091.2142857142858,0.25738360222011814,73.0,522.0,534.0,1129.0,1.6192183578343493,0.537643932683791,778.0,-539.0,-1.3181405492924638,-2.325993178999295,21244.05,27484.7,-62.43027027027027,8.864479238537642,0.40896156806258693,0,8688,23426.0,43.97514595183121,41477.65,12962.4,1,0,0,0,1,0,0,0,70581.0,69702.0,-0.032986733596271064,0
2021-01-25,69449.0,69449.0,69079.0,69257.0,28869,76351,69725.0,599814.1,SILVER,2021-02-05,69425.0,70450.95,71336.42,66267.59,69766.97236273941,70444.77026923184,45.43588635627093,-677.7979064924293,-643.0205488333679,-34.77735765906141,74145.92163154087,66755.97836845912,70450.95,7389.943263081746,0.33843583671817024,370.0,276.0,646.0,646.0,1072.7142857142858,-0.6712083183936901,192.0,0.0,178.0,370.0,0.5342420260767864,0.4810810810810811,-649.0,137.0,-1.6947251953309317,-2.914948633531089,19180.4,27572.32,232.28591160220992,31.000784171929855,1.505130237117057,1,0,-346.0,-0.4511258588993039,43769.95,1706.4,0,0,0,1,0,0,0,0,70247.0,71020.0,2.5455910593874984,1
2021-01-26,69278.0,69867.0,69102.0,69331.0,9023,46534,69257.0,187672.08,SILVER,2021-02-05,69479.7,70229.3,71300.44,66297.835,69699.89969154874,70362.26876780727,46.81688908335157,-662.369076258532,-646.8902543184008,-15.478821940131184,73605.57281885893,66853.02718114108,70229.3,6752.545637717849,0.36696868881828093,765.0,610.0,155.0,765.0,1095.857142857143,0.10684840521535399,53.0,536.0,176.0,765.0,1.103402518353983,0.29934640522875816,-601.0,547.0,-1.2790957620252557,-2.7621708926340456,18402.45,27259.0,-68.74502061034327,17.28111888837381,0.49031514825471606,0,9023,-29817.0,-39.0525336930754,45269.0,7097.0,0,0,0,0,0,0,0,0,70247.0,70021.0,0.9952258008682985,1
2021-01-27,69091.0,69577.0,68630.0,69039.0,22100,68097,69331.0,457728.57,SILVER,2021-02-05,69492.9,69958.65,71246.94,66333.785,69598.22281592585,70264.2488590808,50.69288167712899,-666.0260431549541,-650.7174120857114,-15.308631069242665,72721.8242444624,67195.47575553758,69958.65,5526.348488924821,0.33358812752343875,947.0,246.0,701.0,947.0,1066.5714285714287,-0.42116802007760024,52.0,486.0,409.0,947.0,1.3716884659395414,0.43189017951425557,-115.0,132.0,-1.3145622449832783,-3.098996251628494,17645.7,27030.88,144.92962429347224,37.18637730321334,1.252429770425656,0,0,21563.0,46.33816134439335,46497.6,963.2,0,0,0,0,1,0,0,0,70247.0,71802.0,4.002085777603963,1
2021-01-28,69167.0,69675.0,68750.0,69148.0,12423,63813,69039.0,257707.68,SILVER,2021-02-05,69398.5,69732.55,71207.42,66370.99,69528.95776732187,70181.56375840816,42.26074895977809,-652.6059910862823,-651.0951278858256,-1.510863200456697,71890.88693043058,67574.21306956942,69732.55,4316.673860861163,0.36458323726977443,925.0,636.0,289.0,925.0,1027.9285714285713,0.15788177696665073,19.0,508.0,398.0,925.0,1.3377104182333546,0.43027027027027026,-398.0,-944.0,-0.838274234916123,-2.892142419989375,17571.25,26825.04,-43.78733031674208,25.311907176515106,0.7070071850323683,0,12423,-4284.0,-6.291026036389269,46970.85,2108.4,0,0,0,0,0,0,0,0,70247.0,70205.0,1.528605310348817,1
2021-01-29,69405.0,70222.0,69298.0,69702.0,17213,35037,69148.0,359934.16,SILVER,2021-02-05,69474.0,69535.8,71175.04,66409.595,69555.57964927235,70146.04051704459,54.39577039274925,-590.4608677722426,-638.968275863109,48.50740809086642,70669.91028888985,68401.68971111016,69535.8,2268.2205777796917,0.573273296974797,924.0,1074.0,150.0,1074.0,981.1428571428571,0.8011800775148847,297.0,520.0,107.0,924.0,1.3256434535594388,0.43722943722943725,-23.0,755.0,0.2390135728646209,-2.069601927866839,17261.8,26794.0,38.557514288014175,23.93973143568909,0.9971729483599625,0,17213,-28776.0,-45.094259790324855,47859.05,-8332.0,0,0,0,0,0,0,1,0,70222.0,70098.0,0.5681329086683309,1
2021-02-01,71129.0,71440.0,70691.0,71020.0,38158,46007,69702.0,812994.35,SILVER,2021-02-05,69585.4,69540.55,71167.9,66449.325,69780.87508784584,70210.77825652277,64.70665614312023,-429.90316867693036,-597.1552544258733,167.25208574894293,70699.67861554092,68381.42138445908,69540.55,2318.257231081836,1.1381733571945327,749.0,1738.0,989.0,1738.0,1073.4285714285713,1.8909070041031928,109.0,311.0,329.0,749.0,1.054632497887919,0.4392523364485981,1763.0,1114.0,2.127463760352768,-0.20781841251462274,18403.95,27018.32,121.68128739905883,41.07847750264449,2.0733592516823833,1,38158,10970.0,31.309758255558418,46447.6,-6068.8,1,0,0,1,1,0,0,0,71440.0,70599.0,-0.5927907631653055,0
2021-02-02,70051.0,70224.0,69920.0,70021.0,33460,37278,71020.0,702870.8,SILVER,2021-02-05,69594.3,69536.5,71151.22,66485.875,69817.81738202341,70196.72060789145,56.569945741920264,-378.90322586803813,-553.5048487143063,174.60162284626813,70687.90911381047,68385.09088618953,69536.5,2302.818227620941,0.7103943742448751,304.0,796.0,1100.0,1100.0,1085.0714285714287,-1.4066460152069804,30.0,173.0,101.0,304.0,0.4341554676454207,0.33223684210526316,690.0,89.0,0.6967563797430126,-1.5884759249384637,19185.25,27177.96,-12.311966035955768,42.97314855291286,1.7440481619994528,1,0,-8729.0,-18.973199730475798,47634.75,-1851.2,0,0,0,1,0,0,0,0,71440.0,70849.0,1.182502392139501,1
2021-02-03,71875.0,72181.0,71303.0,71802.0,36017,18272,70021.0,775827.79,SILVER,2021-02-05,69859.1,69630.95,71133.94,66534.19,70123.0762463275,70315.63019249208,59.4225258981706,-192.55394616458216,-481.3146682043615,288.76072203977935,71160.28428585516,68101.61571414483,69630.95,3058.6685717103246,1.2098023042051955,878.0,2160.0,1282.0,2160.0,1142.7142857142858,2.543522657488473,73.0,306.0,499.0,878.0,1.2228071641458456,0.5683371298405467,2763.0,2648.0,3.1179382156928823,0.9391578759731256,20620.4,27347.28,7.641960549910332,40.644951474278855,1.746668347849702,1,36017,-19006.0,-50.984494876334566,47114.5,-9965.0,0,0,0,1,0,0,0,0,72181.0,70354.0,-2.0166569176346063,0
2021-02-04,70756.0,70756.0,69996.0,70205.0,38000,67183,71802.0,800337.0,SILVER,2021-02-05,69925.0,69695.1,71073.58,66576.25,70135.67990073866,70307.4353634186,56.60298131429772,-171.75546267993923,-419.40282709947707,247.64736441953784,71206.75436038154,68183.44563961847,69695.1,3023.3087207630742,0.6686562792936663,760.0,1046.0,1806.0,1806.0,1169.0,-2.224172028634297,551.0,0.0,209.0,760.0,1.0825439783491204,0.275,1057.0,659.0,0.7316152785489858,-1.2220856188755396,22076.25,27445.84,5.5057334036704875,36.33274443030244,1.7213068342675952,1,0,48911.0,267.68279334500875,49928.25,674.0,0,0,0,1,1,0,0,0,72181.0,70202.0,-0.004273199914536002,0
2021-02-05,69806.0,70351.0,69806.0,70098.0,31502,48294,70205.0,662468.16,SILVER,2021-02-05,69962.3,69686.8,71044.88,66614.375,70129.8829929327,70291.921632795,51.106755821996764,-162.03863986229408,-367.9299896520405,205.8913497897464,71187.08230325863,68186.51769674137,69686.8,3000.5646065172623,0.6370408752762282,545.0,146.0,399.0,545.0,1091.2142857142858,-0.15241079695178517,292.0,253.0,0.0,545.0,0.7774829524380154,0.5357798165137615,396.0,373.0,0.5900687074166083,-1.3327913285236102,22898.8,27918.04,-17.100000000000005,40.865771457329465,1.3757052771324263,0,0,-18889.0,-28.11574356608071,50089.0,2651.4,0,0,0,0,0,0,0,0,72181.0,69818.0,-0.39944078290393453,0
2021-02-08,70842.0,71141.0,70367.0,70599.0,35990,72509,70098.0,762257.4,SILVER,2021-02-05,70096.5,69760.75,71022.72,66653.725,70202.05484017382,70314.6681785139,53.645207126461905,-112.61333834007382,-316.86665938964717,204.25332104957334,71288.9410703069,68232.5589296931,69760.75,3056.3821406138013,0.7742621705778118,774.0,1043.0,269.0,1043.0,1145.0714285714287,0.7147136865531145,243.0,299.0,232.0,774.0,1.0963328092465898,0.2997416020671835,-421.0,1342.0,1.2016069207971531,-0.5965978210916185,23863.55,27858.52,14.246714494317825,19.061851746540253,1.5081578390474175,1,35990,24215.0,50.140804240692425,50748.3,5300.4,1,0,0,1,1,0,0,0,72181.0,69358.0,-1.7578152665051912,0
2021-02-09,70808.0,71143.0,70167.0,70849.0,24515,14694,70599.0,521058.97,SILVER,2021-02-05,70248.3,69864.0,71016.22,66696.175,70301.58486476247,70354.24831343879,59.83064609674052,-52.66344867632142,-264.02601724698206,211.36256857066064,71393.36409213538,68334.63590786462,69864.0,3058.72818427076,0.8220292685911993,976.0,544.0,432.0,976.0,1132.0714285714287,0.35411266448532874,41.0,294.0,641.0,976.0,1.3775776651752318,0.6987704918032787,828.0,1518.0,1.4098820565670447,-0.23546733408227183,23683.15,27760.92,-31.88385662684079,22.7479681448905,1.0351241283359687,0,24515,-57815.0,-79.73492945703292,48717.0,-4516.8,0,0,0,0,0,0,0,0,72181.0,70066.0,-1.105167327696933,0
2021-02-10,70395.0,70481.0,70218.0,70354.0,34991,68150,70849.0,738527.04,SILVER,2021-02-05,70379.8,69936.35,70985.24,66734.195,70309.64873172209,70354.22991985072,54.63090325538744,-44.581188128635404,-220.13705142331276,175.55586329467735,71411.019957722,68461.680042278,69936.35,2949.3399154439976,0.6416079570255708,263.0,368.0,631.0,631.0,1106.0714285714287,-0.6986690002681706,41.0,86.0,136.0,263.0,0.37382380532734455,0.5171102661596958,-1448.0,1315.0,0.5971858697229612,-0.8892552874372267,24787.6,27985.62,42.73302059963289,12.528307775506569,1.4116332359728252,0,0,53456.0,363.7947461548931,49319.25,9975.6,0,0,0,0,1,0,0,0,71143.0,70376.0,0.03127043238479689,0
2021-02-11,70195.0,70379.0,70072.0,70202.0,12634,77470,70354.0,266079.62,SILVER,2021-02-05,70485.2,69941.85,70964.08,66771.02,70293.08738838023,70342.95362949141,52.74232493963436,-49.866241111187264,-186.08288936088766,136.2166482497004,71419.78116782867,68463.91883217134,69941.85,2955.8623356573225,0.5880115412892334,307.0,25.0,282.0,307.0,1047.357142857143,-0.2160502601131431,7.0,177.0,123.0,307.0,0.43730947836243983,0.4234527687296417,-3.0,1054.0,0.371951842852304,-1.0738954130033134,24290.65,27694.82,-63.89357263296276,10.517683543884502,0.5201178231130085,0,0,9320.0,13.675715333822458,51184.55,2057.4,0,0,0,0,1,0,0,0,71143.0,69828.0,-0.532748354747728,0
2021-02-12,69758.0,70072.0,69433.0,69818.0,16498,31556,70202.0,345557.21,SILVER,2021-02-05,70496.8,69985.4,70936.78,66802.27,70219.99702093711,70304.06817545502,53.25670498084291,-84.07115451790742,-165.6805423922916,81.6093878743842,71389.38026676694,68581.41973323305,69985.4,2807.9605335338856,0.44038377747805546,639.0,130.0,769.0,769.0,1056.142857142857,-0.5469929631634396,60.0,254.0,325.0,639.0,0.9152367584290585,0.6025039123630673,-280.0,116.0,-0.23919274591556838,-1.5771508094954392,23396.85,27231.76,30.584138040208963,9.72034591910398,0.7051376574196955,0,0,-45914.0,-59.26681295985543,52168.1,-3347.6,0,0,0,0,0,0,0,0,71143.0,70582.0,1.0942736830043829,1
2021-02-15,69279.0,70128.0,68875.0,69358.0,15916,74471,69818.0,331170.58,SILVER,2021-02-05,70330.6,69958.0,70891.52,66833.73,70087.38209463909,70233.98905134723,50.150016668518724,-146.60695670814312,-161.8658252554619,15.258868547318798,71389.6221200911,68526.3778799089,69958.0,2863.24424018219,0.29044749603274445,1253.0,310.0,943.0,1253.0,1091.0,-0.6588558824371926,79.0,770.0,404.0,1253.0,1.8065688168632312,0.3854748603351955,-1241.0,-1662.0,-0.8576574516138253,-2.1631924382493195,23328.25,27434.14,-3.5277003273123997,-2.800552853533144,0.6822629215650552,0,0,42915.0,135.99632399543665,52500.7,392.4,0,0,0,0,1,0,0,0,71143.0,70854.0,2.156924940165518,1
2021-02-16,70112.0,70401.0,69667.0,70066.0,34377,59855,69358.0,722597.66,SILVER,2021-02-05,70335.1,69964.7,70845.54,66869.85,70084.09254161769,70221.54541791411,55.45406266595858,-137.45287629641825,-156.9832354636532,19.530359167234934,71397.06383205026,68532.33616794973,69964.7,2864.72766410053,0.535361127436108,734.0,1043.0,309.0,1043.0,1097.857142857143,1.02079068023877,46.0,289.0,399.0,734.0,1.04758370679074,0.5435967302452316,-783.0,45.0,0.14478729988122999,-1.100337438320032,24452.9,27857.5,115.99019854234731,10.029663604297165,1.4058455234348481,0,34377,-14616.0,-19.62643176538519,54941.0,9032.2,0,0,0,0,0,0,0,0,70481.0,71546.0,2.112294122684326,1
2021-02-17,70163.0,70704.0,70163.0,70376.0,38001,59086,70066.0,802307.51,SILVER,2021-02-05,70192.5,70025.8,70825.5,66908.87,70129.00138136881,70232.98649806861,56.38519134775375,-103.9851166997978,-146.38361171088212,42.39849501108432,71416.19435526586,68635.40564473414,70025.8,2780.7887105317204,0.6259354940106308,541.0,638.0,97.0,638.0,1077.357142857143,0.44243998515685057,213.0,328.0,0.0,541.0,0.7687279754461749,0.39371534195933455,22.0,-1426.0,0.5001013912015244,-0.634658421048916,25575.0,28090.6,10.541932105768392,10.31966075988297,1.4858651026392962,0,38001,-769.0,-1.2847715312004016,54731.25,-1812.8,0,0,0,0,0,0,0,0,70704.0,72092.0,2.4383312492895306,1
2021-02-18,69933.0,70053.0,69549.0,69828.0,6391,28907,70376.0,133881.22,SILVER,2021-02-05,70154.8,70039.9,70799.68,66950.36,70082.69347654285,70202.98749821167,50.655567117585846,-120.29402166882937,-141.16569370247157,20.8716720336422,71415.44764596253,68664.35235403746,70039.9,2751.0952919250703,0.4229761322256061,504.0,323.0,827.0,827.0,1059.7142857142858,-0.7786745481414115,105.0,120.0,279.0,504.0,0.7217735006014779,0.5535714285714286,-374.0,-377.0,-0.3025418368672631,-1.3724355816297378,24738.3,27557.94,-83.18202152574932,1.4508852669409904,0.25834434864158007,0,0,-30179.0,-51.07639711606811,53513.05,-9712.6,0,0,0,0,0,0,0,0,70704.0,71417.0,2.275591453285215,1
2021-02-19,70523.0,71419.0,69831.0,70582.0,19184,58487,69828.0,406213.53,SILVER,2021-02-05,70203.2,70082.75,70796.44,66994.475,70159.50986476702,70231.06249834414,47.57904045987177,-71.55263357711374,-127.24308167740001,55.690448100286275,71470.33493338812,68695.16506661188,70082.75,2775.1698667762394,0.679898897713224,1588.0,1591.0,3.0,1591.0,1049.2142857142858,1.0797960703442744,59.0,837.0,692.0,1588.0,2.249865404777422,0.4729219143576826,764.0,484.0,0.7123721600536509,-0.3028965863255304,25263.1,27253.34,200.17211703958694,23.178096970899684,0.7593684068859325,0,19184,29580.0,102.3281558100114,52602.55,5386.2,1,0,0,0,1,0,0,0,71419.0,70970.0,0.5497152248448613,1
2021-02-22,70693.0,71118.0,70588.0,70854.0,80285,39158,70582.0,1706554.02,SILVER,2021-02-05,70228.7,70162.6,70809.02,67038.925,70266.35450095672,70277.2060169853,55.00661137155909,-10.851516028589685,-103.96476854763796,93.11325251904827,71533.81189578971,68791.3881042103,70162.6,2742.4237915794074,0.7521127486287615,530.0,536.0,6.0,536.0,1008.9285714285714,0.3853673741180508,161.0,264.0,105.0,530.0,0.7480170491433087,0.5018867924528302,1496.0,255.0,0.9854252835556181,0.06352298054682289,27833.9,28640.1,318.4997914929108,53.603404670758984,2.8844322929952324,1,80285,-19329.0,-33.04836972318634,50742.9,-7062.6,0,0,0,1,0,0,0,0,71419.0,71609.0,1.065571456798487,1
2021-02-23,71482.0,71662.0,71350.0,71546.0,42205,30293,70854.0,905879.68,SILVER,2021-02-05,70298.4,70273.35,70805.88,67086.735,70463.22303927108,70371.19075646788,48.229598893499315,92.03228280319308,-64.76535827747176,156.79764108066485,71717.61127902904,68829.08872097098,70273.35,2888.522558058059,0.9405885619448273,312.0,808.0,496.0,808.0,912.3571428571429,0.9766562226550368,64.0,116.0,132.0,312.0,0.4360830794174378,0.6282051282051282,1480.0,697.0,1.8109994756191274,1.0452804202136818,29493.0,29191.86,-47.431026966432086,52.04868763679984,1.431017529583291,0,42205,-8865.0,-22.639052045559016,49930.85,-5912.4,0,0,0,0,0,0,0,0,71662.0,72139.0,0.8288373913286557,1
2021-02-24,72273.0,72520.0,71832.0,72092.0,55682,55761,71546.0,1204268.02,SILVER,2021-02-05,70472.2,70426.0,70806.5,67138.04,70713.80411015246,70498.65810784063,65.26946107784431,215.14600231182703,-8.783086159612004,223.92908847143903,71963.31193971727,68888.68806028273,70426.0,3074.623879434541,1.0418548952096205,688.0,974.0,286.0,974.0,852.9285714285714,0.763145388980524,181.0,247.0,260.0,688.0,0.954336126061144,0.37790697674418605,1716.0,1738.0,2.365603612302275,1.815511287805498,31172.1,29791.42,31.932235517118833,50.968609128548444,1.7862768308840278,1,55682,25468.0,84.07222790743735,49314.05,-665.0,1,0,0,1,1,0,0,0,72520.0,72139.0,0.0651944737280142,0
2021-02-25,71340.0,71614.0,71209.0,71417.0,55322,43387,72092.0,1185279.38,SILVER,2021-02-05,70593.7,70539.45,70814.3,67190.945,70821.98809320593,70566.68343318577,59.77471468800948,255.30466002016328,44.03446307634305,211.27019694382022,72013.23402688184,69065.66597311816,70539.45,2947.56805376368,0.7977200132426052,405.0,478.0,883.0,883.0,877.0714285714286,-0.9363036120512702,77.0,197.0,131.0,405.0,0.567091868882759,0.5135802469135803,1589.0,1215.0,1.244055631281507,0.8510992836192648,33317.05,30223.82,-0.646528501131427,57.29331354173157,1.660471140151964,1,0,-12374.0,-22.19113717472786,48292.75,2896.0,0,0,0,1,0,0,0,0,72520.0,72256.0,1.174790316031197,1
2021-02-26,71021.0,71273.0,70787.0,70970.0,13567,50750,71417.0,288855.0,SILVER,2021-02-05,70708.9,70602.85,70797.5,67243.02,70844.75915578964,70596.55873443127,52.77155236814583,248.2004213583714,84.86765473274872,163.33276662562267,72033.40723776563,69172.29276223439,70602.85,2861.1144755312416,0.6283241209465493,486.0,144.0,630.0,630.0,847.5714285714286,-0.6259013960261517,51.0,252.0,183.0,486.0,0.684796392842046,0.3765432098765432,388.0,1152.0,0.5200215005484823,0.24365267135138952,33134.75,30357.32,-75.47630237518528,46.68726950019216,0.4094492941700179,0,0,7363.0,16.970521123838942,49078.4,-1547.4,0,0,0,0,1,0,0,0,72520.0,73359.0,3.366211075102156,1
2021-03-01,71504.0,72262.0,71241.0,71609.0,36416,78602,70970.0,782314.0,SILVER,2021-04-05,70934.0,70632.3,70757.16,67299.415,70962.33467028354,70671.55438373265,55.365715899463424,290.78028655088565,126.05018109637611,164.73010545450956,72122.0420617421,69142.5579382579,70632.3,2979.4841234842024,0.8278084257276881,1021.0,1292.0,271.0,1292.0,870.1428571428571,0.9003804424404738,105.0,653.0,263.0,1021.0,1.4257984331578433,0.3604309500489716,755.0,2251.0,1.3827951234774984,1.2038922986733729,33047.65,29347.94,168.4160094346576,63.88164047638916,1.1019240399846888,0,36416,27852.0,54.8807881773399,50708.15,7888.8,1,0,0,0,1,0,0,0,72520.0,72873.0,1.765141253194431,1
2021-03-02,72248.0,72742.0,71524.0,72139.0,5731,31256,71609.0,124028.58,SILVER,2021-04-05,71141.3,70738.2,70709.22,67361.19,71143.36010562454,70780.25405901171,62.540396234368416,363.1060466128256,173.461354199666,189.6446924131596,72341.74772465944,69134.65227534056,70738.2,3207.0954493188765,0.9367815121615745,1218.0,1133.0,85.0,1218.0,912.0714285714286,0.7401304305324707,109.0,494.0,615.0,1218.0,1.6884071029540193,0.5049261083743842,593.0,2073.0,1.9802596051355603,2.0220559638474285,31661.2,29041.36,-84.26241212653778,43.85637940950064,0.18101019544426616,0,5731,-47346.0,-60.235108521411675,50407.05,192.6,0,0,0,0,0,0,0,0,72742.0,73358.0,1.6897933156822247,1
2021-03-03,72238.0,72398.0,71961.0,72139.0,5799,15594,72139.0,125500.22,SILVER,2021-04-05,71317.6,70755.05,70687.08,67423.445,71296.53547398999,70880.90190649233,63.90524048815506,415.6335674976581,221.8957968592644,193.73777063839367,72411.86221818077,69098.23778181923,70755.05,3313.6244363615406,0.9176544525726686,437.0,259.0,178.0,437.0,921.3571428571429,0.0,99.0,160.0,178.0,437.0,0.6057749622257032,0.4073226544622426,47.0,1763.0,1.9559734605515748,2.0540104358533386,30150.3,28236.44,1.1865294015006134,42.92083913907386,0.1923363946627397,0,0,-15662.0,-50.10877911441003,50273.15,-8033.4,0,0,0,0,0,0,0,0,72742.0,73204.0,1.4763165555386129,1
2021-03-04,72524.0,72524.0,71864.0,72256.0,33873,12460,72139.0,734258.25,SILVER,2021-04-05,71560.4,70857.6,70675.16,67484.795,71444.14540106845,70982.76102452993,68.1994625261272,461.3843765385245,269.79351279511644,191.59086374340808,72621.49776526677,69093.70223473324,70857.6,3527.7955305335345,0.8963948556248961,660.0,385.0,275.0,660.0,913.5714285714286,0.16218688920002222,268.0,0.0,392.0,660.0,0.9134189548272809,0.593939393939394,839.0,2428.0,1.9735356546086718,2.2367689015489973,29943.95,27169.6,484.11795137092605,99.6508364287414,1.13121348385901,0,33873,-3134.0,-20.097473387200203,47537.0,-6185.4,0,0,0,0,0,0,0,0,72742.0,73037.0,1.0808790965456156,1
2021-03-05,73333.0,73416.0,73221.0,73359.0,12025,64698,72256.0,264642.59,SILVER,2021-04-05,71838.1,71020.65,70663.26,67544.91,71738.73841628869,71158.7787264166,77.25105571448032,579.959689872092,331.8267482105116,248.1329416615804,73068.86599138512,68972.43400861487,71020.65,4096.431982770242,1.070826028562222,195.0,1160.0,965.0,1160.0,906.9285714285714,1.526516829052249,26.0,57.0,112.0,195.0,0.2658160552897395,0.7076923076923077,2389.0,2777.0,3.2924930988381633,3.8149103225636707,28970.1,25420.96,-64.49974906267528,73.18364981851519,0.41508313744170716,0,12025,52238.0,419.24558587479936,48357.2,2789.6,1,0,1,0,1,0,0,0,73416.0,73997.0,0.8696956065377117,1
2021-03-08,72971.0,73301.0,72462.0,72873.0,19481,26191,73359.0,425891.67,SILVER,2021-04-05,72040.0,71134.35,70653.42,67601.89,71913.24019839813,71285.75808001537,69.71484759095378,627.4821183827589,390.95782224496105,236.52429613779788,73331.09422007168,68937.60577992833,71134.35,4393.488440143352,0.8957333730786521,839.0,58.0,897.0,897.0,896.5,-0.6624953993375038,98.0,330.0,411.0,839.0,1.151318046464397,0.4898688915375447,1264.0,2019.0,2.4441778128288147,3.141503978151379,28144.65,24407.74,62.00415800415799,47.5340864696399,0.6921741787515566,0,0,-38507.0,-59.51806856471607,46041.3,-10482.2,0,0,0,0,0,0,0,0,73416.0,74731.0,2.549641156532598,1
2021-03-09,73372.0,73835.0,73043.0,73358.0,30411,20529,72873.0,669267.04,SILVER,2021-04-05,72221.2,71259.8,70645.3,67660.29,72135.5109371061,71439.2574814957,70.44145873320537,696.2534556103928,452.01694891804743,244.23650669234542,73664.6392089805,68854.9607910195,71259.8,4809.678417960997,0.9362453822618567,792.0,962.0,170.0,962.0,919.6428571428571,0.665541421376914,14.0,463.0,315.0,792.0,1.0796368494233757,0.3977272727272727,1219.0,1812.0,2.9444371160177227,3.839887437663931,28439.45,24524.32,56.1059493865818,57.88778410494128,1.0693244770908017,0,30411,-5662.0,-21.618113092283608,46333.05,-2145.4,0,0,1,0,0,0,0,0,73835.0,75462.0,2.868126175740887,1
2021-03-10,73394.0,73540.0,72832.0,73204.0,36358,42175,73358.0,798465.31,SILVER,2021-04-05,72332.4,71402.3,70620.34,67718.105,72299.893869859,71569.97914953306,74.46376811594203,729.914720325949,507.5965031996278,222.3182171263212,73916.4184580385,68888.1815419615,71402.3,5028.236916077003,0.8583164496961833,708.0,182.0,526.0,708.0,911.1428571428571,-0.20992938738787492,190.0,146.0,372.0,708.0,0.9671602644664226,0.5254237288135594,1065.0,1112.0,2.5233080727091384,3.6585210436540008,28507.8,24506.78,19.555424024201763,56.65010295564959,1.2753702495457384,0,0,21646.0,105.44108334551123,45034.3,5316.2,0,0,1,0,1,0,0,0,73835.0,76637.0,4.689634446205125,1
2021-03-11,72932.0,73734.0,71645.0,73037.0,19961,27675,73204.0,437367.47,SILVER,2021-04-05,72494.4,71544.05,70607.68,67781.82,72413.29481295761,71678.64736067876,69.44400443529226,734.6474522788485,553.006693015472,181.64075926337648,74092.66873632664,68995.43126367337,71544.05,5097.237472653273,0.7928939465759027,2089.0,530.0,1559.0,2089.0,946.7142857142857,-0.22812961040380442,105.0,697.0,1287.0,2089.0,2.8601941481714745,0.6663475347056008,781.0,1620.0,2.0867563410234635,3.440588899111268,28874.15,24627.76,-45.09874030474723,52.204881775288,0.6913103935527106,0,0,-14500.0,-34.380557202133964,42544.55,3043.0,0,0,0,0,0,0,0,0,73835.0,76675.0,4.981037008639457,1
2021-03-12,74107.0,74280.0,73344.0,73997.0,26767,53158,73037.0,594203.31,SILVER,2021-04-05,72797.1,71753.0,70614.88,67850.345,72656.94176481028,71850.37718581366,72.44679331524068,806.564578996622,603.718270211702,202.84630878491998,74389.50230818217,69116.49769181783,71753.0,5273.004616364342,0.9255638223861834,936.0,1243.0,307.0,1243.0,997.2142857142857,1.3144022892506602,110.0,173.0,653.0,936.0,1.2649161452491318,0.6976495726495726,638.0,3027.0,3.1273953702284225,4.7895287792034695,29387.6,24695.06,34.09648815189619,63.162160827996146,0.9108263349167677,0,26767,25483.0,92.0794941282746,43624.65,-2308.0,1,0,1,0,1,0,0,0,74280.0,77306.0,4.4718029109288215,1
2021-03-15,74702.0,74930.0,74426.0,74731.0,26392,56798,73997.0,591690.17,SILVER,2021-04-05,73109.3,72021.65,70691.0,67922.245,72976.02764714716,72063.75665353118,72.61110322305836,912.2709936159808,665.4288148925579,246.842178723423,74724.74524531793,69318.55475468206,72021.65,5406.190490635869,1.0011569615781954,504.0,933.0,429.0,933.0,1006.1428571428571,0.9919321053556196,29.0,199.0,276.0,504.0,0.6744189158448302,0.6051587301587301,1858.0,3122.0,3.7618549422291854,5.715013226577641,29911.4,24916.6,-1.4009788172002824,46.18046200281036,0.8823391750302559,0,26392,3640.0,6.84751119304714,42741.0,6121.4,1,0,1,0,1,0,0,0,74930.0,77046.0,3.097777361469805,1
2021-03-16,75452.0,75917.0,75290.0,75462.0,18262,35976,74731.0,413426.11,SILVER,2021-04-05,73441.6,72291.45,70798.2,67988.93,73358.48493220145,72315.47838289924,73.31211953514112,1043.006549302212,740.9443617744887,302.0621875277234,75238.79631580011,69344.10368419989,72291.45,5894.692631600221,1.0378651947013053,627.0,1186.0,559.0,1186.0,1021.2857142857143,0.978175054528907,10.0,455.0,162.0,627.0,0.8308817683072276,0.2743221690590112,2104.0,3323.0,4.385788360864256,6.5874556132783075,29105.65,24925.16,-30.804789330100036,51.526224282454145,0.6274383152411989,0,18262,-20822.0,-36.65974154019508,41547.05,3089.4,0,0,1,0,0,0,0,0,75917.0,77357.0,2.511197688903024,1
2021-03-17,76652.0,77159.0,75896.0,76637.0,10229,73116,75462.0,235175.96,SILVER,2021-04-05,73891.4,72604.5,70932.68,68062.105,73862.87186570892,72635.59109527708,83.77329192546584,1227.2807704318402,838.211643505959,389.06912692588116,75992.32305509436,69216.67694490564,72604.5,6775.646110188711,1.095146194830959,1263.0,1697.0,434.0,1697.0,1079.4285714285713,1.5570750841483072,15.0,507.0,741.0,1263.0,1.6480290199251013,0.5866983372921615,3433.0,4498.0,5.554063453367215,8.041878581212506,27717.05,24983.46,-43.98751505859161,47.008819836444914,0.3690508189002798,0,10229,37140.0,103.23549032688457,42248.55,6188.2,1,0,1,0,1,0,0,0,77159.0,77259.0,0.8116184088625599,1
2021-03-18,76714.0,77318.0,76295.0,76675.0,28772,72821,76637.0,661827.93,SILVER,2021-04-05,74333.3,72946.85,71087.74,68134.295,74295.50696329217,72934.806569701,88.9739035387348,1360.7003935911634,942.709393523,417.99100006816343,76531.41740544907,69362.28259455094,72946.85,7169.134810898133,1.0200278831878933,1023.0,681.0,342.0,1023.0,1107.5,0.04958440439997158,39.0,604.0,380.0,1023.0,1.334202804043039,0.37145650048875856,3638.0,4419.0,5.1107758594099595,7.859667503848054,28836.1,25381.24,181.27871737217714,16.72489643657002,0.9977770919091001,0,28772,-295.0,-0.40346846107555123,44444.25,9029.2,0,0,1,0,0,0,0,0,77318.0,77365.0,0.8999021845451581,1
2021-03-19,77288.0,77417.0,77197.0,77306.0,23799,22204,76675.0,551941.65,SILVER,2021-04-05,74728.0,73283.05,71228.58,68209.685,74758.65973817029,73258.59867564907,88.96183832581042,1500.061062521214,1054.1797273226427,445.88133519857115,77181.29254463976,69384.80745536025,73283.05,7796.4850892795075,1.0159953432774111,220.0,742.0,522.0,742.0,1068.2142857142858,0.8229540267362223,18.0,111.0,91.0,220.0,0.28458334411300545,0.4954545454545455,3309.0,3947.0,5.48960503144997,8.532277352714315,29066.85,25556.2,-17.284165160572783,21.44645482678027,0.8187677715335512,0,23799,-50617.0,-69.50879553974815,42630.1,-6190.8,0,0,1,0,0,0,0,0,77417.0,77923.0,0.7981269241714745,1
2021-03-22,77079.0,77429.0,76745.0,77046.0,28555,65665,77306.0,660014.56,SILVER,2021-04-05,75145.3,73592.65,71387.1,68287.9,75110.55823999025,73539.14692189729,84.84590257065759,1571.4113180929562,1157.6260454767055,413.7852726162507,77658.55098903413,69526.74901096585,73592.65,8131.801978068281,0.9246721709792979,684.0,123.0,561.0,684.0,1030.0714285714287,-0.33632577031537103,33.0,350.0,301.0,684.0,0.8877813254419437,0.44005847953216376,2315.0,4173.0,4.692520244888594,7.927062452459889,26480.35,25793.4,19.984032942560614,17.24444232062053,1.0783467741174118,0,0,43461.0,195.7350027022158,43955.45,1773.4,0,0,1,0,1,0,0,0,77429.0,77202.0,0.20247644264465384,0
2021-03-23,77601.0,77737.0,77178.0,77357.0,31616,17394,77046.0,733715.67,SILVER,2021-04-05,75545.2,73883.2,71558.56,68363.47,75456.16466460713,73821.9508536086,85.48694232861807,1634.2138109985244,1252.9435985810692,381.27021241745524,78158.41708159178,69607.98291840822,73883.2,8550.434163183556,0.9062717674568486,559.0,691.0,132.0,691.0,1048.2142857142858,0.4036549593749106,244.0,136.0,179.0,559.0,0.7226236798221234,0.32021466905187834,1895.0,3999.0,4.701745457695393,8.10306970961965,25950.9,25863.26,10.71966380668885,12.705813762631237,1.218300714040746,0,31616,-48271.0,-73.51100281733038,43310.5,-3716.4,0,0,1,0,0,0,0,0,77737.0,79127.0,2.2880928681308736,1
2021-03-24,77411.0,78003.0,76237.0,77259.0,24333,74814,77357.0,563982.97,SILVER,2021-04-05,75950.7,74141.55,71725.6,68435.73,75733.52394697527,74076.54708667463,84.11291422337379,1656.9768603006378,1333.750250924983,323.2266093756548,78582.2888894426,69700.8111105574,74141.55,8881.477778885193,0.8510057760220282,1766.0,646.0,1120.0,1766.0,1127.2142857142858,-0.12668536784001816,152.0,592.0,1022.0,1766.0,2.2858178335210138,0.578708946772367,622.0,4055.0,4.204727308776249,7.714679277691639,24383.45,26091.88,-23.03580465587044,8.446690894624016,0.9979309736727165,0,0,57420.0,330.1138323559848,44263.15,339.6,0,0,1,0,1,0,0,0,78003.0,78224.0,1.2490454186567261,1
2021-03-25,77500.0,78124.0,76776.0,77365.0,9261,43593,77259.0,214943.18,SILVER,2021-04-05,76383.5,74438.95,71871.06,68505.525,75984.52026282523,74320.13619136541,81.61300505050505,1664.384071459819,1399.8770150319504,264.50705642786875,78908.00832421781,69969.89167578219,74438.95,8938.116648435622,0.8273676228551045,1348.0,865.0,483.0,1348.0,1140.642857142857,0.13720084391461995,135.0,624.0,589.0,1348.0,1.742389969624507,0.43694362017804156,690.0,4328.0,3.9308050422527496,7.644161641695563,22080.4,25825.64,-61.94057452841819,6.762507472256923,0.4194217496059854,0,9261,-31221.0,-41.73149410538135,44273.45,-5845.6,0,0,1,0,0,0,0,0,78124.0,77144.0,-0.2856588896787953,0
2021-03-26,77852.0,78401.0,77675.0,77923.0,8466,51964,77365.0,197908.84,SILVER,2021-04-05,76776.1,74786.6,72050.58,68581.37,76282.74791469827,74587.014992005,89.40387016229712,1695.7329226932634,1459.048196564213,236.68472612905043,79200.86087989676,70372.33912010325,74786.6,8828.521759793512,0.855257662079246,726.0,1036.0,310.0,1036.0,1150.5714285714287,0.7212563820849116,71.0,478.0,177.0,726.0,0.9316889750137957,0.3415977961432507,617.0,3926.0,4.193799423960969,8.150413223599308,21825.35,25307.48,-8.584386135406541,2.494420043526648,0.3878975594893095,0,8466,8371.0,19.20262427453949,44334.15,5952.0,1,0,1,0,1,0,0,0,78401.0,78212.0,0.3708789445991556,0
2021-03-29,77065.0,77542.0,76626.0,77202.0,8088,63365,77923.0,187322.93,SILVER,2021-04-05,77023.2,75066.25,72196.5,68648.355,76424.171312437,74780.71758518982,78.92835641180012,1643.453727247179,1495.9293027008061,147.52442454637276,79339.29904697947,70793.20095302053,75066.25,8546.09809395895,0.7499093710976376,916.0,381.0,1297.0,1297.0,1174.5,-0.9252723842767874,137.0,340.0,439.0,916.0,1.1864977591254111,0.62882096069869,156.0,2471.0,2.845153447787787,6.933161579854979,20408.95,25123.48,-4.464918497519488,2.188026075494727,0.39629672276133754,0,0,11401.0,21.940189361865905,43572.3,-460.0,0,0,1,0,1,0,0,0,78401.0,78956.0,2.2719618662728944,1
2021-03-30,79279.0,79368.0,78540.0,79127.0,6115,10443,77202.0,145158.48,SILVER,2021-04-05,77389.7,75415.65,72380.4,68730.05,76839.99111052361,75102.66443073131,85.19310754604872,1737.3266797922988,1544.2087781191046,193.11790167319418,79821.60994797449,71009.6900520255,75415.65,8811.919895948988,0.9211738240727978,828.0,2166.0,1338.0,2166.0,1278.642857142857,2.493458718686048,152.0,89.0,587.0,828.0,1.0464190478597697,0.7089371980676329,1770.0,3665.0,4.9211934127730865,9.321031660504786,20428.15,25008.1,-24.39416419386746,2.8290885891179847,0.2993418395694177,0,6115,-52922.0,-83.5192929850864,42531.65,-1390.2,0,0,1,0,0,0,0,0,79368.0,79552.0,0.5371112262565243,1
2021-03-31,78361.0,78942.0,77488.0,78224.0,9578,38180,79127.0,224768.84,SILVER,2021-04-05,77548.4,75719.9,72561.8,68804.995,77052.91555505844,75333.87447289936,78.34116490001092,1719.0410821590776,1579.1752389270994,139.86584323197826,80012.07961560664,71427.72038439335,75719.9,8584.359231213282,0.7917049406430869,1454.0,185.0,1639.0,1639.0,1246.5,-1.1412033819050427,137.0,581.0,736.0,1454.0,1.8587645735324196,0.5061898211829436,965.0,1587.0,3.307056665420855,7.803279411480968,20617.1,24888.48,56.6312346688471,12.890963561861856,0.4645658215752943,0,0,27737.0,265.60375371061957,43660.95,-7326.8,0,0,1,0,1,0,0,0,79368.0,80156.0,2.4698302311311107,1
2021-04-01,77371.0,77525.0,76768.0,77144.0,7590,58791,78224.0,175656.89,SILVER,2021-04-05,77595.3,75964.3,72713.76,68866.28,77066.92854658791,75467.95784527718,66.97227915003775,1598.9707013107254,1583.1343314038245,15.836369906900927,79973.32030820208,71955.27969179793,75964.3,8018.040616404149,0.6471307089148991,757.0,699.0,1456.0,1456.0,1261.7142857142858,-1.3806504397627317,227.0,154.0,376.0,757.0,0.9812817587887588,0.4966974900924703,-221.0,469.0,1.5529663276038836,6.092712025894419,19302.95,24577.78,-20.755898935059513,-7.312498068861811,0.39320414755257616,0,0,20611.0,53.983761131482446,45977.5,3039.6,0,0,0,0,1,0,0,0,79368.0,80164.0,3.914756818417505,1
2021-04-02,78117.0,78366.0,78074.0,78212.0,12372,53665,77144.0,290291.66,SILVER,2021-04-05,77685.9,76206.95,72883.5,68936.545,77243.09338557438,75671.2202271085,68.12077043206662,1571.8731584658817,1580.882096816236,-9.008938350354356,80138.7406714636,72275.15932853639,76206.95,7863.581342927209,0.7549792406997122,292.0,1222.0,930.0,1222.0,1282.357142857143,1.3844239344602327,95.0,154.0,43.0,292.0,0.3733442438500486,0.4726027397260274,289.0,906.0,2.6310592406598126,7.310982595512015,19320.3,24651.46,63.003952569169954,0.7163137041124635,0.6403627272868434,0,12372,-5126.0,-8.719021618955281,45425.85,340.2,0,0,0,0,0,0,0,0,79368.0,79349.0,1.453741113895566,1
2021-04-05,78920.0,79096.0,78752.0,78956.0,8573,13465,78212.0,203066.94,SILVER,2021-04-05,77876.9,76511.1,73077.48,69012.555,77506.6174801014,75914.53724732269,68.16385943023498,1592.0802327787096,1583.121724008731,8.958508769978607,80295.334715097,72726.86528490302,76511.1,7568.469430193974,0.8230375735212996,344.0,884.0,540.0,884.0,1260.7857142857142,0.9512606761110876,36.0,140.0,168.0,344.0,0.4356856983636455,0.5930232558139535,1754.0,1910.0,3.1954840539477196,8.044229220821524,18774.9,24245.54,-30.706433882961527,-4.352732978439751,0.4566202749415443,0,8573,-40200.0,-74.9091586695239,44789.55,-9980.0,0,0,0,0,0,0,1,0,79368.0,79439.0,0.6117331171791884,1
2021-04-06,79291.0,79856.0,78641.0,79552.0,7978,78247,78956.0,190399.76,SILVER,2021-04-05,78096.4,76820.8,73281.9,69091.09,77821.29171393196,76183.9789327062,66.1245713021352,1637.312781225759,1593.9599354521367,43.35284577362222,80531.63208713966,73109.96791286035,76820.8,7421.6641742793145,0.868003716668467,1215.0,900.0,315.0,1215.0,1226.357142857143,0.7548508029788792,261.0,304.0,650.0,1215.0,1.5273028962188253,0.7497942386831276,425.0,2195.0,3.555287109741108,8.556137327225422,17653.25,24224.64,-6.940394261052141,-6.11873878521385,0.45192811521957715,0,7978,64782.0,481.11399925733383,47675.45,13560.8,1,0,0,0,1,0,0,0,79856.0,78834.0,-0.9025543041029767,0
2021-04-07,80093.0,80605.0,79778.0,80156.0,14422,61559,79552.0,346802.95,SILVER,2021-04-05,78386.1,77168.4,73504.24,69174.43,78180.47760409628,76478.2027154687,68.12077043206662,1702.2748886275804,1615.6229260872256,86.65196254035482,80753.00470697413,73583.79529302586,77168.4,7169.209413948265,0.9167265632089632,827.0,1053.0,226.0,1053.0,1228.5,0.7592518101367629,63.0,449.0,315.0,827.0,1.0317381106841659,0.4570737605804111,1932.0,2897.0,3.871532907252199,9.049491566744985,16556.45,24071.08,80.77212333918276,4.262054014291469,0.8710804550492406,0,14422,-16688.0,-21.32733523329968,48644.65,4675.8,0,0,0,0,0,0,0,0,80605.0,79754.0,-0.5015220320375268,0
2021-04-08,80324.0,80366.0,79819.0,80164.0,28697,35198,80156.0,690139.89,SILVER,2021-04-05,78666.0,77524.75,73724.56,69263.415,78485.63489577376,76751.22473654509,65.90959697172121,1734.4101592286752,1639.3803727155157,95.02978651315948,80782.1320211294,74267.3679788706,77524.75,6514.7640422587865,0.9051182794772294,547.0,210.0,337.0,547.0,1214.5714285714287,0.009980537951004287,160.0,42.0,345.0,547.0,0.6823511800808343,0.6307129798903108,3020.0,2799.0,3.4043966604213494,8.734457011340593,16993.25,24396.56,98.98072389405075,20.354183856538363,1.6887293484177541,1,28697,-26361.0,-42.82233304634578,49020.8,-4718.6,0,0,0,1,0,0,0,0,80605.0,79637.0,-0.6574023252332718,0
2021-04-09,79275.0,79557.0,79111.0,79349.0,35820,64740,80164.0,852684.35,SILVER,2021-04-05,78808.6,77792.35,73917.5,69347.99,78618.46029642396,76943.65253383805,62.07402747195135,1674.807762585915,1646.4658506895958,28.34191189631929,80688.83522214484,74895.86477785517,77792.35,5792.970444289676,0.7687136098777159,446.0,607.0,1053.0,1053.0,1240.9285714285713,-1.0166658350381663,74.0,208.0,164.0,446.0,0.5620738761673115,0.5336322869955157,1137.0,1426.0,2.0010322351747876,7.348056955389455,17445.9,24768.7,24.821409903474233,23.69476346042644,2.0532044778429315,1,0,29542.0,83.9309051650662,49599.9,2215.0,0,0,0,1,1,0,0,0,80605.0,78894.0,-0.5734161741168761,0
2021-04-12,79540.0,79996.0,79010.0,79439.0,9925,32488,79349.0,236529.62,SILVER,2021-04-05,79032.3,78027.75,74085.88,69436.775,78744.69717389719,77128.49308688707,61.17432374409618,1616.204087010119,1640.4134979537005,-24.20941094358136,80626.61840759555,75428.88159240445,78027.75,5197.736815191107,0.7715124005269806,986.0,647.0,339.0,986.0,1262.0,0.11342297949563651,101.0,456.0,429.0,986.0,1.2412039426478179,0.43509127789046653,483.0,2237.0,1.8086514092742645,7.225560390185006,16622.55,24204.04,-72.29201563372418,16.912053746805974,0.597080472009409,0,9925,-32252.0,-49.817732468334874,48384.4,3804.6,0,0,0,0,0,0,0,0,80605.0,78618.0,-1.0334974005211546,0
2021-04-13,78803.0,79602.0,77725.0,78834.0,34430,48515,79439.0,814276.39,SILVER,2021-04-05,79003.0,78196.35,74262.14,69520.745,78758.43607022069,77254.82693230285,58.01689911432353,1503.6091379178397,1613.0526259465285,-109.44348802868876,80516.98977340152,75875.71022659849,78196.35,4641.279546803038,0.6373866826098019,1877.0,163.0,1714.0,1877.0,1269.9285714285713,-0.761590654464428,31.0,768.0,1078.0,1877.0,2.380952380952381,0.5908364411294619,-718.0,-293.0,0.8154472683187823,6.156380626790449,17430.95,24223.44,246.90176322418137,44.04164648861085,1.975222234014784,1,0,16027.0,49.332061068702295,49011.35,-5946.4,0,0,0,1,1,0,0,0,80605.0,79016.0,0.23086485526549455,0
2021-04-14,79806.0,79849.0,79556.0,79754.0,33834,37898,78834.0,809519.05,SILVER,2021-04-05,79156.0,78352.2,74421.18,69612.54,78911.5997517252,77439.95086324339,61.22967001974241,1471.64888848181,1584.7718784535848,-113.12298997177481,80650.45651080814,76053.94348919185,78352.2,4596.513021616294,0.8049703097560422,293.0,1015.0,722.0,1015.0,1246.142857142857,1.1670091584849107,52.0,43.0,198.0,293.0,0.36737969255460545,0.6757679180887372,-402.0,1530.0,1.7891010080125418,7.165728895994403,18611.2,24179.78,-1.731048504211441,38.205418171305,1.8179375859697386,1,33834,-10617.0,-21.883953416469136,47250.45,-4732.2,0,0,0,1,0,0,0,0,80366.0,78518.0,-1.54976552900168,0
2021-04-15,79454.0,80184.0,79391.0,79637.0,29435,11919,79754.0,703234.53,SILVER,2021-04-05,79405.3,78500.3,74609.82,69698.07,79023.19978992132,77602.69524374387,58.40525696351511,1420.5045461774425,1551.9184119983565,-131.413865820914,80724.02178305188,76276.57821694812,78500.3,4447.443566103757,0.755585030614749,793.0,430.0,363.0,793.0,1228.7857142857142,-0.14670110590064844,183.0,547.0,63.0,793.0,0.9957682986551477,0.31021437578814626,-527.0,2493.0,1.448019943872822,6.737960230972267,18644.35,24008.48,-13.001714251935926,38.98083663961736,1.5787624669135691,1,0,-25979.0,-68.549791545728,44205.35,-4655.8,0,0,0,1,0,0,0,0,80184.0,77789.0,-2.3205294021623115,0
2021-04-16,78907.0,79225.0,78473.0,78894.0,26676,60070,79637.0,631372.9,SILVER,2021-04-05,79473.5,78579.7,74785.74,69782.645,79003.3228991642,77698.347447911,58.27950675278919,1304.9754512531945,1502.5298198493242,-197.55436859612973,80736.2575980443,76423.14240195569,78579.7,4313.11519608862,0.5728707641022498,752.0,412.0,1164.0,1164.0,1219.2857142857142,-0.9329834122330127,13.0,318.0,421.0,752.0,0.9531776814459908,0.5598404255319149,-455.0,682.0,0.39997607524590056,5.4933734693271665,18788.2,23911.96,-9.37319517581111,31.743121865119253,1.4198273384358266,0,0,48151.0,403.98523366054195,46098.65,-934.0,0,0,0,0,1,0,0,0,80184.0,78029.0,-1.0964078383654017,0
2021-04-19,78148.0,79121.0,78148.0,78618.0,24814,72613,78894.0,585248.12,SILVER,2021-04-05,79439.7,78658.3,74946.12,69866.915,78944.04245313893,77766.46985917685,47.02999183101879,1177.5725939620752,1437.5383746718744,-259.9657807097992,80690.49819795904,76626.10180204097,78658.3,4064.396395918069,0.4900846285464487,973.0,227.0,746.0,973.0,1134.0714285714287,-0.3498364894668815,470.0,503.0,0.0,973.0,1.2376300592739575,0.4830421377183967,-821.0,-338.0,-0.05123426262708819,4.8993597000084925,18601.15,23688.44,-6.980056980056981,34.11575955540972,1.334003542791709,0,0,12543.0,20.880639254203427,46446.05,8025.0,0,0,0,0,1,0,0,0,80184.0,78271.0,-0.4413747487852655,0
2021-04-20,78987.0,79734.0,78276.0,79016.0,19716,57003,78618.0,467363.84,SILVER,2021-04-05,79386.1,78741.25,75109.46,69950.15,78955.1128449637,77859.02764738597,54.91071428571429,1096.0851975777332,1369.2477392530463,-273.16254167531315,80683.23182819797,76799.26817180203,78741.25,3883.9636563959357,0.5707395908680953,1458.0,1116.0,342.0,1458.0,1121.142857142857,0.506245389096649,29.0,718.0,711.0,1458.0,1.845195909689177,0.5075445816186557,182.0,-536.0,0.34892765862873654,5.201129125412423,18006.15,23592.46,-20.544853711614408,32.75531361035348,1.0949592222657258,0,19716,-15610.0,-21.497527990855637,48426.5,1697.6,0,0,0,0,0,0,0,0,80184.0,77829.0,-1.5022273969828894,0
2021-04-21,78262.0,78696.0,78262.0,78518.0,81320,58478,79016.0,1915525.13,SILVER,2021-04-05,79222.3,78804.2,75272.74,70035.255,78887.86471496928,77907.84041424627,59.18203688853248,980.0243007230165,1291.4030515470404,-311.3787508240239,80621.49499386735,76986.90500613264,78804.2,3634.589987734711,0.4212565926374618,434.0,320.0,754.0,754.0,1071.0,-0.6302521008403339,256.0,178.0,0.0,434.0,0.552739499223108,0.5898617511520737,-1236.0,-1638.0,-0.3631786123074622,4.3113350198225735,20855.5,24519.04,312.45688780685737,55.92379005712094,3.8992112392414473,1,0,1475.0,2.587583109660896,47609.7,4116.0,0,0,0,1,1,0,0,0,80184.0,77422.0,-1.3958582745357753,0
2021-04-22,77976.0,78299.0,77102.0,77789.0,17487,24434,78518.0,408088.87,SILVER,2021-04-05,78984.8,78825.4,75424.48,70115.815,78718.80860497401,77899.0374205984,47.03905921881562,819.7711843756115,1197.0766781127545,-377.305493737143,80580.8433118307,77069.95668816929,78825.4,3510.886623661412,0.2048039110647328,1197.0,219.0,1416.0,1416.0,1084.857142857143,-0.9284495274968774,187.0,323.0,687.0,1197.0,1.5387779763205596,0.5739348370927319,-1848.0,-2375.0,-1.3148046188157552,3.1349503503371907,21266.8,24616.1,-78.49606492867683,38.17611117484818,0.8222675719901443,0,0,-34044.0,-58.21676527925032,46651.75,2503.0,0,0,0,0,0,0,0,0,79734.0,77651.0,-0.17740297471364846,0
2021-04-23,78150.0,78388.0,77557.0,78029.0,68535,56246,77789.0,1604315.25,SILVER,2021-04-05,78852.8,78830.7,75588.7,70192.76,78612.68420420878,77908.66427833185,43.0185268865793,704.019925876928,1098.4653276655893,-394.44540178866123,80575.27813932452,77086.12186067547,78830.7,3489.156278649054,0.27023098538010953,831.0,599.0,232.0,831.0,1081.0714285714287,0.3085269125454815,121.0,238.0,472.0,831.0,1.064988658063028,0.5679903730445247,-865.0,-1320.0,-1.0169895738589116,3.2283926036563706,24270.25,25656.84,291.9197117858981,64.88594136309057,2.823827525468423,1,68535,31812.0,130.19562904149953,46865.85,-764.8,1,0,0,1,1,0,0,0,79734.0,76371.0,-2.124851016929603,0
2021-04-26,78344.0,78807.0,77829.0,78271.0,47110,46649,78029.0,1106204.04,SILVER,2021-04-05,78736.0,78884.15,75766.96,70276.645,78560.11740356128,77935.50396141839,39.8090692124105,624.6134421428869,1003.6949505610489,-379.081508418162,80477.57983595255,77290.72016404744,78884.15,3186.859671905113,0.307600565093771,978.0,778.0,200.0,978.0,1064.142857142857,0.3101411013853861,73.0,463.0,442.0,978.0,1.2495049251957941,0.45194274028629855,-347.0,-1168.0,-0.7772790858493046,3.304923412527035,26221.35,26280.72,-31.261399285036838,68.9890029979593,1.7966275573149362,1,47110,-9597.0,-17.062546669985423,46030.05,-5192.8,0,0,0,1,0,0,0,0,79734.0,75147.0,-3.991261131198017,0
2021-04-27,78066.0,78744.0,77507.0,77829.0,51305,69030,78271.0,1197905.05,SILVER,2021-04-05,78635.5,78819.25,75922.22,70357.575,78447.6378030134,77927.6147790911,30.997876857749475,520.0230239222874,906.9605652332966,-386.9375413110092,80475.52761148737,77162.97238851263,78819.25,3312.555222974741,0.20106158740178354,1237.0,473.0,764.0,1237.0,1077.2857142857142,-0.5647046798942124,237.0,678.0,322.0,1237.0,1.5893818499531025,0.2603071948261924,-1187.0,-1005.0,-1.256355522286751,2.5114913657688076,28480.85,26619.28,8.90469114837613,45.18929579037878,1.8013858434702616,1,0,22381.0,47.977448605543536,48959.4,2405.4,0,0,0,1,1,0,0,0,78807.0,74539.0,-4.22721607626977,0
2021-04-28,77276.0,78738.0,76895.0,77422.0,33745,63061,77829.0,783781.62,SILVER,2021-04-05,78402.3,78779.15,76063.14,70435.455,78289.84737178056,77890.16183249177,28.978840846366154,399.68553928879555,805.5055600443965,-405.8200207556009,80532.11972382014,77026.18027617985,78779.15,3505.939447640296,0.11289976045837408,1843.0,909.0,934.0,1843.0,1169.857142857143,-0.5229413200734889,146.0,1316.0,381.0,1843.0,2.3804603342719126,0.28594682582745523,-1096.0,-2332.0,-1.7227273967794707,1.7864894875494235,29689.2,26534.16,-34.22668355910729,41.93973228488919,1.1366085984128909,0,0,-5969.0,-8.646965087643055,50203.45,916.6,0,1,0,0,0,1,0,0,78807.0,74373.0,-3.938157112965307,0
2021-04-29,77923.0,78080.0,77002.0,77651.0,17755,11999,77422.0,413608.05,SILVER,2021-04-05,78203.7,78804.5,76219.6,70511.565,78191.5631607374,77872.44614119608,35.697439353099725,319.1170195413142,708.2278519437801,-389.1108324024659,80470.40850826005,77138.59149173995,78804.5,3331.817016520101,0.1537925119294915,1078.0,658.0,420.0,1078.0,1171.642857142857,0.29578156079668183,272.0,157.0,649.0,1078.0,1.3882628684756153,0.6020408163265306,-138.0,-1986.0,-1.4637488975883357,1.8779946365501707,30197.45,26761.44,-47.38479774781449,38.50142393530133,0.5879635532139303,0,17755,-51062.0,-80.97239181110353,47863.85,-2487.0,0,0,0,0,0,1,0,0,78807.0,74661.0,-3.850562130558525,0
2021-04-30,76513.0,76890.0,76058.0,76371.0,33810,24849,77651.0,774631.05,SILVER,2021-04-05,77951.4,78712.45,76335.38,70585.66,77911.47652062394,77761.22790851489,28.47319674431658,150.24861210904783,596.6320039768336,-446.3833918677858,80690.42583668881,76734.47416331118,78712.45,3955.9516733776254,-0.09188033457467569,832.0,761.0,1593.0,1593.0,1215.0,-1.6484011796370934,142.0,377.0,313.0,832.0,1.0894187584292467,0.3762019230769231,-1658.0,-2523.0,-2.974688248174205,0.04666250433284715,31269.35,27053.96,90.42523232892144,48.481266685774585,1.0812504896967798,0,0,12850.0,107.09225768814066,46423.05,-6279.4,0,1,0,0,1,1,0,0,78807.0,75975.0,-0.5185214282908435,0
2021-05-03,75111.0,75773.0,74778.0,75147.0,35846,62800,76371.0,808115.81,SILVER,2021-06-05,77604.3,78522.0,76421.24,70658.255,77486.17244052795,77567.58139677304,26.19754680438993,-81.40895624508266,461.0238119324504,-542.432768177533,81056.45885431366,75987.54114568634,78522.0,5068.917708627327,-0.1658226063239754,995.0,598.0,1593.0,1593.0,1194.7142857142858,-1.6027025965353325,36.0,626.0,333.0,995.0,1.3240714865530228,0.3708542713567839,-3124.0,-3471.0,-4.298158477878811,-1.6673898513031262,32633.0,26165.18,6.021887015675831,49.78146108534787,1.0984586155119052,0,0,37951.0,152.7264678659101,48889.8,3230.2,0,1,0,0,1,1,0,0,78744.0,76758.0,2.1437981556149945,1
2021-05-04,74708.0,75017.0,74219.0,74539.0,13107,15445,75147.0,293094.8,SILVER,2021-06-05,77156.6,78271.35,76481.1,70725.875,77032.76129583135,77343.24203404911,14.919951567334849,-310.48073821775324,306.7229019024097,-617.203640120163,81316.91341862068,75225.78658137933,78271.35,6091.126837241347,-0.11275197508288563,798.0,130.0,928.0,928.0,1188.5,-0.8090808681650685,169.0,309.0,320.0,798.0,1.0705805014824454,0.40100250626566414,-3290.0,-4477.0,-4.7684753105702224,-2.539320171911761,32889.45,25583.22,-63.43525079506779,45.492421377002536,0.39851684962807227,0,0,-47355.0,-75.40605095541402,45749.7,-10717.0,0,1,0,0,0,1,0,0,78738.0,76634.0,2.8106092112853673,1
2021-05-05,74208.0,74829.0,73811.0,74373.0,23268,28040,74539.0,519153.29,SILVER,2021-06-05,76742.1,77982.2,76526.72,70791.525,76623.56725031884,77123.22410560102,14.822240042769309,-499.65685528218455,145.44695046549086,-645.1038057476754,81354.89191877136,74609.50808122863,77982.2,6745.383837542729,-0.03506221245888206,1018.0,290.0,728.0,1018.0,1204.5714285714287,-0.22270220958156006,165.0,456.0,397.0,1018.0,1.3687763032283222,0.5520628683693517,-3049.0,-4145.0,-4.6282356742949,-2.8143372667742734,33331.75,24934.94,77.52346074616617,21.999078670933407,0.6980731584750276,0,0,12595.0,81.54742635157008,44073.75,-7004.2,0,1,0,0,1,1,0,0,78080.0,76636.0,3.042770898040956,1
2021-05-06,74538.0,74976.0,74468.0,74661.0,29399,74315,74373.0,658487.62,SILVER,2021-06-05,76429.3,77707.05,76591.6,70857.64,76321.63382719287,76940.83713481575,19.880461078696456,-619.2033076228836,-7.48310115218402,-611.7202064706996,81225.04760479831,74189.0523952017,77707.05,7035.995209596615,0.06707616914727291,508.0,603.0,95.0,603.0,1164.5,0.3872373038602772,123.0,315.0,70.0,508.0,0.6804087810235598,0.3799212598425197,-2990.0,-3128.0,-3.9199146023430345,-2.5206419502922066,33366.85,24416.48,26.349492865738355,32.48363445037493,0.8810840699676475,0,29399,46275.0,165.03209700427962,46029.6,12463.2,1,1,0,0,1,1,0,0,76890.0,75765.0,1.478683650098445,1
2021-05-07,75883.0,76302.0,75590.0,75975.0,14624,10246,74661.0,333317.52,SILVER,2021-06-05,76223.9,77538.35,76691.7,70928.995,76268.30554608628,76869.29364334792,33.61438313701177,-600.9880972616374,-126.18410037407472,-474.80399688756273,81048.40360732768,74028.29639267233,77538.35,7020.107214655349,0.2773039709797711,712.0,1641.0,929.0,1641.0,1212.2142857142858,1.7599549965845673,92.0,327.0,293.0,712.0,0.9371503784139519,0.5407303370786517,-396.0,-2054.0,-2.016228098740824,-0.9345209455521225,32307.05,24437.62,-50.25681145617198,-1.7340178738320753,0.45265661829229226,0,14624,-64069.0,-86.2127430532194,43304.9,-2920.6,0,0,0,0,0,0,0,0,76302.0,75767.0,-0.2737742678512669,0
2021-05-10,76677.0,77747.0,76106.0,76758.0,32126,41153,75975.0,739778.25,SILVER,2021-06-05,76072.6,77404.3,76794.68,71006.62,76343.6431543807,76861.0496697666,36.63905325443787,-517.4065153858974,-204.42858337643924,-312.97793200945813,80812.01107621312,73996.58892378688,77404.3,6815.422152426239,0.4051709511831303,1641.0,1772.0,131.0,1772.0,1234.642857142857,1.0306021717670255,81.0,989.0,571.0,1641.0,2.1378879074493864,0.3973187081048141,1611.0,-1513.0,-0.8349665328670408,-0.04776372529971219,33417.1,24351.82,119.67997811816193,13.360119866487802,0.9613640920367118,0,32126,30907.0,301.64942416552805,43738.15,-4329.4,1,0,0,0,1,0,0,0,77747.0,75532.0,-1.5972276505380547,0
2021-05-11,76472.0,76756.0,76427.0,76634.0,28131,15212,76758.0,646737.32,SILVER,2021-06-05,75953.1,77294.3,76884.58,71082.715,76388.31343832213,76844.23117570982,38.33580980683507,-455.91773738768825,-254.72641417868908,-201.19132320899917,80649.31730170427,73939.28269829573,77294.3,6710.034603408538,0.4015951423462725,329.0,2.0,331.0,331.0,1204.4285714285713,-0.16154667917350762,162.0,122.0,45.0,329.0,0.4293133596053971,0.6291793313069909,2095.0,-1195.0,-0.8542673909977875,-0.3259171084761102,33102.15,24799.82,-12.43541057087717,11.22610969456247,0.8498239540331972,0,0,-25941.0,-63.03550166452021,42073.0,-46.6,0,0,0,0,0,0,0,0,77747.0,75835.0,-1.0426181590416785,0
2021-05-12,76823.0,77315.0,75796.0,76636.0,25714,13339,76634.0,591185.43,SILVER,2021-06-05,75874.5,77138.4,76974.52,71157.685,76426.41906319566,76828.80664417577,42.15539529187644,-402.3875809801102,-284.2586475389733,-118.1289334411369,80296.14099134479,73980.6590086552,77138.4,6315.481982689584,0.42044946032986125,1519.0,681.0,838.0,1519.0,1211.7857142857142,0.0026098076571834383,187.0,492.0,840.0,1519.0,1.9820971867007673,0.5529953917050692,2263.0,-786.0,-0.6512968897462149,-0.439781891462271,32696.15,25198.12,-8.59194482954747,13.789583567518452,0.7864534509414717,0,25714,-1873.0,-12.312647909545094,40845.05,-2940.2,0,0,0,0,0,0,0,0,77747.0,75127.0,-1.9690484889608018,0
2021-05-13,75725.0,76265.0,75342.0,75765.0,23570,66238,76636.0,535734.31,SILVER,2021-06-05,75685.9,76944.8,77044.7,71230.77,76324.66228424248,76750.0061520146,35.81453634085213,-425.3438677721133,-312.47569158560134,-112.86817618651196,79927.46624630384,73962.13375369617,76944.8,5965.332492607675,0.30222393278798326,923.0,371.0,1294.0,1294.0,1244.857142857143,-1.1365415731509954,40.0,500.0,383.0,923.0,1.218240612419983,0.4582881906825569,1104.0,-1886.0,-1.5333069941048685,-1.6609838184845904,32402.9,24992.06,-8.337870420782457,17.694276300221656,0.7274040286517565,0,0,52899.0,396.5739560686708,43561.0,-1615.4,0,0,0,0,1,0,0,0,77747.0,75602.0,-0.21513891638619415,0
2021-05-14,75821.0,76050.0,75274.0,75767.0,17482,29394,75765.0,397367.61,SILVER,2021-06-05,75625.5,76788.45,77092.86,71297.065,76238.86808666671,76677.19088149499,33.82428940568475,-438.3227948282729,-337.6451122341357,-100.6776825941372,79666.91234353621,73909.98765646378,76788.45,5756.924687072431,0.3225701992777962,776.0,285.0,491.0,776.0,1230.4285714285713,0.0026397413053436125,54.0,229.0,493.0,776.0,1.024192590441749,0.6353092783505154,-208.0,-604.0,-1.3302130724086723,-1.7198220431827287,31943.2,25101.2,-25.829444208739925,6.06880864645552,0.5472839289739287,0,17482,-36844.0,-55.62366013466591,42027.2,3829.6,0,0,0,0,0,0,0,0,77747.0,76983.0,1.6049203479087202,1
2021-05-17,75446.0,75620.0,75413.0,75532.0,39318,63871,75767.0,890930.15,SILVER,2021-06-05,75664.0,76634.15,77146.04,71360.37,76130.11915025645,76592.36192731018,34.75375016593655,-462.2427770537324,-362.5646451980551,-99.67813185567735,79429.31818249263,73838.98181750736,76634.15,5590.336364985269,0.3028472835904395,207.0,147.0,354.0,354.0,1167.357142857143,-0.3101614159198629,86.0,88.0,33.0,207.0,0.2740560292326431,0.5748792270531401,-1226.0,385.0,-1.4381969396150336,-2.0921877519571885,32668.4,25497.94,124.9056172062693,17.957181665514867,1.2035483831470166,0,0,34477.0,117.29264475743348,41590.1,4543.6,0,0,0,0,1,0,0,0,77315.0,76905.0,1.8177725996928455,1
2021-05-18,75559.0,76257.0,75544.0,75835.0,38414,44607,75532.0,873937.71,SILVER,2021-06-05,75793.6,76475.1,77195.58,71429.44,76084.71620406315,76536.26104380572,39.31888544891641,-451.54483974256436,-380.36068410695697,-71.1841556356074,79053.18896175732,73897.0110382427,76475.1,5156.177923514624,0.3758576586194116,713.0,725.0,12.0,725.0,1087.5,0.4011544775724296,276.0,422.0,15.0,713.0,0.940199116502934,0.40813464235624125,-799.0,1296.0,-0.8370044628905431,-1.762510236985073,33603.3,25658.0,-2.2992013835902103,24.070786606662626,1.1431615347302198,0,38414,-19264.0,-30.160792848084416,40970.3,5879.0,0,0,0,0,0,0,0,0,77315.0,77285.0,1.9120458891013385,1
2021-05-19,75167.0,75462.0,74344.0,75127.0,26040,62055,75835.0,586892.12,SILVER,2021-06-05,75869.0,76305.55,77234.04,71492.505,75937.37524959189,76431.87133685715,34.041476985331315,-494.4960872652591,-403.18776473861743,-91.30832252664169,78761.05153307739,73850.04846692261,76305.55,4911.003066154779,0.26001847603756745,1118.0,373.0,1491.0,1491.0,1117.0,-0.9336058548163773,40.0,295.0,783.0,1118.0,1.4881467381899982,0.7003577817531306,-1509.0,754.0,-1.5445141277403844,-2.728123506163854,30839.3,25451.64,-32.21221429687093,13.097219102358915,0.8443771421530321,0,0,17448.0,39.114937117492765,41149.15,9743.2,0,0,0,0,1,0,0,0,76265.0,77929.0,3.7296844010808363,1
2021-05-20,75312.0,76023.0,75250.0,75602.0,18407,14395,75127.0,417481.8,SILVER,2021-06-05,75963.1,76196.2,77285.34,71561.39,75885.77905734698,76370.39938597885,44.58679431226243,-484.62032863186323,-419.4742775172666,-65.14605111459662,78566.86622658963,73825.53377341037,76196.2,4741.3324531792605,0.3746765796603102,773.0,896.0,123.0,896.0,1067.2142857142858,0.6322627018249038,290.0,421.0,62.0,773.0,1.0224597232877437,0.4553686934023286,-163.0,941.0,-0.7798289153527304,-2.1780844853629375,30885.3,25420.56,-29.312596006144396,7.531010215170639,0.5959793170213662,0,18407,-47660.0,-76.80283619369914,40647.2,-10368.6,0,0,0,0,0,0,0,0,76257.0,77584.0,2.621623766567022,1
2021-05-21,76973.0,77094.0,76861.0,76983.0,38305,25290,75602.0,884650.14,SILVER,2021-06-05,76063.9,76143.9,77345.06,71634.25,76054.58227929361,76415.77720923966,62.64462809917355,-361.1949299460539,-407.8184080030241,46.623478056970214,78387.04017676772,73900.75982323226,76143.9,4486.2803535354615,0.687036906719114,233.0,1492.0,1259.0,1492.0,1060.0,1.8266712520832673,10.0,111.0,112.0,233.0,0.3026642245690607,0.5236051502145923,1216.0,1008.0,1.1019924117362072,-0.46811005124308863,29373.8,25651.32,108.1001792796219,23.366709288750027,1.3040532719634506,0,38305,10895.0,75.68600208405695,39099.4,-820.8,1,0,0,0,1,0,1,0,77094.0,77806.0,1.0690671966538068,1
2021-05-24,76695.0,77093.0,76553.0,76905.0,19166,75078,76983.0,442188.37,SILVER,2021-06-05,76078.6,76075.6,77388.54,71702.395,76185.4157747869,76452.01593448117,67.5780089153046,-266.60015969426604,-379.5747583412725,112.97459864700647,78120.45957824367,74030.74042175635,76075.6,4089.719156487321,0.7028012115903748,540.0,110.0,430.0,540.0,1032.2857142857142,-0.10132107088578479,210.0,188.0,142.0,540.0,0.7021650087770626,0.6518518518518519,1373.0,147.0,1.0902312962368936,-0.6248211944559151,27976.6,25506.8,-49.96475655919592,6.4022358210142425,0.6850725248958058,0,0,49788.0,196.86832740213524,40520.85,2241.4,0,0,0,0,1,0,0,0,77094.0,77837.0,1.2118847929263377,1
2021-05-25,77592.0,77819.0,76699.0,77285.0,11572,13691,76905.0,268302.61,SILVER,2021-06-05,76143.7,76048.4,77425.0,71775.365,76354.58257866584,76513.71845785294,70.96774193548387,-159.13587918710255,-335.4869825104385,176.35110332333596,78007.74096331504,74089.05903668495,76048.4,3918.681926630088,0.8155652903585959,1120.0,914.0,206.0,1120.0,1039.5714285714287,0.49411611728755744,307.0,227.0,586.0,1120.0,1.4491816005693212,0.5232142857142857,1450.0,651.0,1.6260697134982536,-0.18082014853083628,25989.95,25373.0,-39.622247730355845,3.683552105066375,0.4452490289515755,0,11572,-61387.0,-81.76429846293189,37753.9,-6183.2,0,0,1,0,0,0,0,0,77819.0,77945.0,0.8539820146212072,1
2021-05-26,78071.0,78450.0,77335.0,77929.0,38002,17470,77285.0,888437.36,SILVER,2021-06-05,76273.0,76073.75,77450.84,71847.935,76596.80064348648,76618.5541276416,72.38356164383562,-21.75348415512417,-272.74028283937565,250.98679868425148,78119.14831405912,74028.35168594088,76073.75,4090.7966281182307,0.9535180231761891,1115.0,1165.0,50.0,1165.0,1079.7142857142858,0.8332794203273597,142.0,379.0,594.0,1115.0,1.4307895648603215,0.5327354260089686,2802.0,1293.0,2.4387518690744177,0.6173722583254146,26202.8,25928.46,228.39612858624267,27.38235944664539,1.4503030210511854,0,38002,3779.0,27.602074355415972,35474.35,-8917.0,1,0,1,0,1,0,0,0,78450.0,77265.0,-0.8520576422127835,0
2021-05-27,77601.0,77847.0,77291.0,77584.0,31972,13841,77929.0,744154.69,SILVER,2021-06-05,76454.9,76070.4,77469.02,71917.165,76748.67746756549,76690.0686367052,62.70731322066025,58.60883086029207,-206.47046009944214,265.0792909597342,78105.11300446138,74035.6869955386,76070.4,4069.4260089227755,0.871944347109698,556.0,82.0,638.0,638.0,1008.0714285714286,-0.4427106725352514,17.0,246.0,293.0,556.0,0.7166426067230357,0.5269784172661871,1982.0,1819.0,1.9897358236580929,0.14842062026858727,26913.65,25992.46,-15.867585916530713,26.629387897070565,1.1879473798611484,0,0,-3629.0,-20.772753291356615,35566.45,-110.8,0,0,0,0,0,0,0,0,78450.0,77306.0,-0.35832130336151785,0
2021-05-28,78003.0,78071.0,77331.0,77806.0,27923,73197,77584.0,651773.08,SILVER,2021-06-05,76658.8,76142.15,77479.02,71984.35,76911.34247255542,76772.73021917147,59.08145580589255,138.6122533839516,-137.4539174027634,276.066170786715,78317.81718381622,73966.48281618376,76142.15,4351.334367632458,0.8823769582904517,740.0,487.0,253.0,740.0,934.3571428571429,0.2861414724685485,197.0,68.0,475.0,740.0,0.9510834640002056,0.6418918918918919,823.0,2039.0,2.1851891495052422,0.4220239233795109,26619.3,26074.94,-12.664206180407856,27.945911699903768,1.0489757431637947,0,27923,59356.0,428.84184668737805,37983.85,9581.4,1,0,0,0,1,0,0,0,78450.0,77776.0,-0.03855743772973806,0
2021-05-31,77705.0,78018.0,77481.0,77837.0,6909,65773,77806.0,161332.75,SILVER,2021-06-05,76889.3,76276.65,77494.84,72044.41,77053.75132293151,76851.56501775136,60.595384886383655,202.18630518014834,-69.52587288618106,271.7121780663294,78524.67343825534,74028.62656174465,76276.65,4496.0468765106925,0.8470493175131144,537.0,212.0,325.0,537.0,949.0714285714286,0.0398426856540679,132.0,181.0,224.0,537.0,0.6899032593753613,0.6629422718808193,932.0,2305.0,2.045645685802937,0.4415261712908931,25172.45,25642.02,-75.25695663073452,7.929654316203388,0.27446672850676035,0,6909,-7424.0,-10.142492178641206,38132.5,-1861.0,0,0,0,0,0,0,0,0,78450.0,79122.0,1.6508858255071497,1
2021-06-01,78030.0,78117.0,77824.0,77945.0,37848,27776,77837.0,885018.71,SILVER,2021-06-05,77100.3,76446.95,77506.6,72105.865,77190.86650401897,76932.56020162163,61.31765519626491,258.3063023973373,-3.9594378294773946,262.26574022681467,78656.43038425759,74237.4696157424,76446.95,4418.960768515186,0.8390050463162094,293.0,280.0,13.0,293.0,861.5,0.13875149350566218,85.0,87.0,121.0,293.0,0.37590608762589006,0.4129692832764505,660.0,2110.0,1.9595942022539854,0.5656292496380878,26409.5,25766.66,447.8072079895788,52.94029525352029,1.433120657339215,0,37848,-37997.0,-57.76990558435833,38749.05,2817.0,0,0,0,0,0,0,0,0,78450.0,80031.0,2.676246070947463,1
2021-06-02,77296.0,78356.0,76578.0,77265.0,7083,37584,77945.0,164180.4,SILVER,2021-06-05,77314.1,76591.55,77506.72,72166.705,77202.27165724682,76957.18537187188,63.412017167381975,245.08628537494224,45.849706811406534,199.23657856353572,78598.81684822871,74584.28315177129,76591.55,4014.5336964574235,0.6677529822689681,1778.0,411.0,1367.0,1778.0,896.0714285714286,-0.8724100327153761,31.0,1060.0,687.0,1778.0,2.3011712935999484,0.3863892013498313,-664.0,2138.0,0.8792745413821721,-0.31186973206968527,25600.25,25421.66,-81.2856689917565,48.03294978403173,0.2766769855763127,0,0,9808.0,35.3110599078341,39226.25,4022.8,0,0,0,0,1,0,0,0,78356.0,82085.0,6.2382708859121205,1
2021-06-03,77347.0,77805.0,76876.0,77306.0,22140,14300,77265.0,513466.45,SILVER,2021-06-05,77484.5,76723.8,77505.54,72231.025,77218.22986382424,76983.02349247395,63.66542354821524,235.20637135028664,83.72103971918256,151.4853316311041,78534.40822580879,74913.19177419122,76723.8,3621.216451617569,0.6607747031359953,929.0,540.0,389.0,929.0,907.0,0.05306412994241505,41.0,458.0,430.0,929.0,1.2017178485499187,0.4628632938643703,-278.0,1704.0,0.7588258141541439,-0.2574525640360594,25237.3,25679.24,212.57941550190597,72.22215093483678,0.8772729253921775,0,22140,-23284.0,-61.95189442315879,36225.5,91.8,0,0,0,0,0,0,0,0,78356.0,81373.0,5.2609111841254235,1
2021-06-04,77974.0,78310.0,76919.0,77776.0,7670,13338,77306.0,178962.58,SILVER,2021-06-05,77563.8,76813.85,77502.6,72300.66,77304.04065400512,77041.76249303143,69.127173542448,262.27816097368486,119.43246397008302,142.84569700360186,78646.66081517121,74981.0391848288,76813.85,3665.6216303424153,0.7624793546709068,1391.0,1004.0,387.0,1391.0,981.0714285714286,0.6079735078777793,198.0,336.0,857.0,1391.0,1.7884694507303025,0.6161035226455788,-30.0,793.0,1.2525735918717706,0.3527623589402087,24889.6,25663.32,-65.35682023486902,54.87645098338768,0.308160838261764,0,7670,-962.0,-6.727272727272727,36380.1,-11971.8,0,0,0,0,0,0,0,0,78356.0,82225.0,5.7202736062538575,1
2021-06-07,79238.0,79901.0,78402.0,79122.0,19691,72601,77776.0,467397.39,SILVER,2021-06-05,77785.5,76932.05,77541.0,72377.225,77583.7267072351,77195.8541602143,73.78781299753945,387.872547020801,173.12048058022663,214.75206644057437,79034.73955337986,74829.36044662015,76932.05,4205.379106759705,1.0207497218217219,1499.0,2125.0,626.0,2125.0,1081.0714285714287,1.7306109853939544,116.0,663.0,720.0,1499.0,1.8945426050908722,0.48032021347565046,1285.0,2217.0,2.8466029437666056,2.038921344836925,24267.85,25895.38,156.72750977835724,75.545677617143,0.8114027406630584,0,19691,59263.0,444.31698905383115,37952.5,1365.6,1,0,1,0,1,0,0,0,79901.0,82421.0,4.169510376380779,1
2021-06-08,80077.0,80930.0,79142.0,80031.0,39262,15487,79122.0,942653.14,SILVER,2021-06-05,78060.1,77101.9,77559.08,72456.98,77960.23029073738,77405.86496316138,84.48663853727145,554.3653275760007,249.36944997938147,304.99587759661927,79612.46159789799,74591.338402102,77101.9,5021.123195795983,1.0833555333699922,1788.0,1808.0,20.0,1808.0,1103.7142857142858,1.1488587245014115,46.0,853.0,889.0,1788.0,2.2341342729692246,0.49720357941834453,2086.0,2746.0,3.7989984682608418,3.1871445612815394,24824.4,26558.32,99.39058453100402,89.44696084327897,1.5815890817099305,1,39262,-57114.0,-78.6683379016818,37966.25,-2457.8,0,0,1,1,0,0,0,0,80930.0,84571.0,5.672801789306644,1
2021-06-09,81813.0,82241.0,81813.0,82085.0,30595,46282,80031.0,753417.17,SILVER,2021-06-05,78475.7,77374.35,77636.3,72545.885,78594.81024600856,77752.46755848275,87.30578892853032,842.3426875258156,367.9640974886683,474.37859003714726,80716.85175924028,74031.84824075973,77374.35,6685.003518480546,1.2046593149842788,428.0,2210.0,1782.0,2210.0,1197.5714285714287,2.566505479126846,272.0,156.0,0.0,428.0,0.5214107327769995,0.6355140186915887,4820.0,4156.0,6.088128688641641,5.730180340897231,25068.45,26978.66,-22.074779685191793,64.39987001613552,1.2204583849420287,0,30595,30795.0,198.8441919028863,39613.4,1739.6,1,0,1,0,1,0,0,0,82241.0,83798.0,2.0868611804836448,1
2021-06-10,81217.0,82052.0,80914.0,81373.0,38440,38804,82085.0,938393.44,SILVER,2021-06-05,78854.6,77654.75,77720.88,72628.03,79022.22405431494,78020.65514674329,77.36907730673317,1001.5689075716509,494.6850595052648,506.8838480663861,81350.98483390416,73958.51516609584,77654.75,7392.469667808327,1.0029780529491659,1138.0,33.0,1171.0,1171.0,1174.642857142857,-0.8673935554608048,156.0,679.0,303.0,1138.0,1.398498273383063,0.4033391915641476,4067.0,3789.0,4.788181019190713,4.699020391946148,25811.95,27595.66,25.641444680503355,68.55077307583893,1.4892327003577799,0,0,-7478.0,-16.157469426558922,38241.7,4900.8,0,0,1,0,0,0,0,0,82241.0,83002.0,2.001892519631819,1
2021-06-11,82205.0,82851.0,81621.0,82225.0,13630,19915,81373.0,336218.02,SILVER,2021-06-05,79296.5,77977.65,77801.14,72714.3,79514.95881518956,78332.08809883638,80.247896292927,1182.87071635318,632.3221908748478,550.5485254783321,82084.98665914751,73870.31334085247,77977.65,8214.673318295041,1.0170442981025989,1230.0,1478.0,248.0,1478.0,1241.642857142857,1.0470303417595472,20.0,626.0,584.0,1230.0,1.4958954089388872,0.49105691056910566,4449.0,4419.0,5.446881253795166,5.686112054399204,25619.35,27620.82,-64.54214360041624,63.3629793338381,0.5320197428896518,0,13630,-18889.0,-48.6779713431605,37767.75,1315.4,0,0,1,0,0,0,0,0,82851.0,82444.0,0.266342353298875,0
2021-06-14,82436.0,82552.0,82085.0,82421.0,36250,21158,82225.0,896328.38,SILVER,2021-06-05,79754.9,78322.1,77870.44,72795.915,79962.04207439117,78634.97046188553,79.82578397212544,1327.0716125056351,771.2720752010054,555.7995373046298,82711.62719669494,73932.57280330507,78322.1,8779.054393389873,0.9668953871713373,467.0,327.0,140.0,467.0,1195.0,0.2383703253268532,15.0,116.0,336.0,467.0,0.5666031715218208,0.7194860813704497,3299.0,4584.0,5.233388788094285,5.843757913786024,25465.95,28174.36,165.95744680851064,87.48441967776262,1.4234693777377243,0,36250,1243.0,6.241526487572191,35632.1,-10288.6,1,0,1,0,1,0,0,0,82851.0,80448.0,-2.3938074034530037,0
2021-06-15,84380.0,84896.0,83958.0,84571.0,33798,20547,82421.0,857499.2,SILVER,2021-06-05,80417.5,78758.9,77970.82,72889.215,80671.11252448484,79074.67635359772,82.82918149466192,1596.4361708871147,936.3048943382273,660.1312765488874,83797.06921217663,73720.73078782336,78758.9,10076.338424353278,1.0768067481688457,938.0,2475.0,1537.0,2475.0,1288.5714285714287,2.608558498440927,191.0,325.0,422.0,938.0,1.1091272421988625,0.6535181236673774,4540.0,6626.0,7.379610431329038,8.464935985026184,25235.15,28690.76,-6.764137931034487,42.027285085701294,1.339322334125218,0,33798,-611.0,-2.887796578126478,34429.1,1012.0,0,0,1,0,0,0,0,0,84896.0,79976.0,-5.433304560665003,0
2021-06-16,84203.0,84203.0,83550.0,83798.0,38212,12459,84571.0,960626.75,SILVER,2021-06-05,81070.8,79192.45,78043.66,72967.945,81152.17213610256,79424.55217925715,79.46699544764795,1727.619956845403,1094.5679068396626,633.0520500057405,84404.02571787615,73980.87428212384,79192.45,10423.151435752312,0.9418577268485775,653.0,368.0,1021.0,1021.0,1315.9285714285713,-0.914024902153221,405.0,0.0,248.0,653.0,0.7792548748180148,0.37978560490045943,1713.0,6533.0,5.815642779078059,7.3732318550923885,25843.75,29166.56,13.059944375406829,51.46184642241762,1.478577992744861,0,0,-8088.0,-39.36341071689298,31949.3,-6764.6,0,0,1,0,0,0,0,0,84896.0,79291.0,-5.378409985918518,0
2021-06-17,83254.0,83718.0,82619.0,83002.0,16982,38768,83798.0,422861.99,SILVER,2021-06-05,81640.4,79562.45,78100.42,73040.115,81436.76103824063,79689.548314127,73.36751214247167,1747.2127241136332,1225.0968702944567,522.1158538191764,84751.42245583043,74373.47754416957,79562.45,10377.94491166086,0.8314288165217815,1099.0,80.0,1179.0,1179.0,1347.2857142857142,-0.949903338981839,252.0,464.0,383.0,1099.0,1.324064480373967,0.34849863512283896,1629.0,5696.0,4.323082056925099,6.27599697927361,25772.5,28932.26,-55.55846330995499,24.64805854123153,0.6589193908235522,0,0,26309.0,211.1646199534473,33167.95,-7.2,0,0,1,0,1,0,0,0,84896.0,79450.0,-4.279414953856533,0
2021-06-18,82544.0,82601.0,81986.0,82444.0,13655,73146,83002.0,337731.85,SILVER,2021-06-05,82107.2,79835.5,78162.32,73112.82,81591.7208785113,79893.5817723398,69.78102189781022,1698.1391061714967,1319.7053174698647,378.433788701632,85027.68966079658,74643.31033920342,79835.5,10384.379321593151,0.7511945990431914,615.0,401.0,1016.0,1016.0,1381.5,-0.6722729572781416,100.0,57.0,458.0,615.0,0.7459608946678958,0.7447154471544716,219.0,4668.0,3.267343475020511,5.477933613024783,24540.0,28488.96,-19.591331998586735,29.224607364859757,0.5564384678076609,0,0,34378.0,88.67622781675608,35560.75,10646.2,0,0,0,0,1,0,0,0,84896.0,79787.0,-3.2227936538741444,0
2021-06-21,80460.0,80788.0,80077.0,80448.0,58955,60870,82444.0,1422843.55,SILVER,2021-06-05,82239.8,80012.65,78182.5,73179.665,81415.7638202788,79934.64978920353,59.24776472326904,1481.1140310752671,1351.9870601909452,129.12697088432196,85022.4118926503,75002.88810734969,80012.65,10019.523785300611,0.5434501688232625,711.0,1656.0,2367.0,2367.0,1529.642857142857,-2.421037310174179,12.0,328.0,371.0,711.0,0.8838007159904534,0.5218002812939522,-1973.0,1326.0,0.5441014639560193,2.897707287436447,26529.45,29469.56,331.74661296228487,46.72651768325252,2.2222473515282073,1,0,-12276.0,-16.7828726109425,34850.35,7942.4,0,0,0,1,0,0,0,0,84896.0,81570.0,1.394689737470167,1
2021-06-22,79942.0,80425.0,79666.0,79976.0,22520,60460,80448.0,540317.86,SILVER,2021-06-05,82234.3,80147.2,78205.34,73242.175,81194.26169408206,79937.71276778103,60.172607879924946,1256.548926301024,1332.899433412961,-76.35050711193685,84990.28160271174,75304.11839728826,80147.2,9686.16320542348,0.482325302974026,759.0,23.0,782.0,782.0,1458.5,-0.5867143993635637,34.0,449.0,276.0,759.0,0.9490347104131239,0.40843214756258234,-4595.0,-55.0,-0.21360696318773095,2.264116491277966,27076.85,29231.36,-61.80137392926809,30.607321837225307,0.8317067901177575,0,0,-410.0,-0.6735666173813049,37188.8,7982.6,0,0,0,0,0,0,0,0,84203.0,82499.0,3.154696408922677,1
2021-06-23,79140.0,79725.0,79033.0,79291.0,13740,70817,79976.0,326837.5,SILVER,2021-06-05,81954.9,80215.3,78196.08,73302.05,80901.45220268483,79889.80811831576,57.10501825470685,1011.6440843690652,1268.648363604182,-257.00427923511666,84964.44401594742,75466.15598405259,80215.3,9498.28803189483,0.40268772678863346,692.0,251.0,943.0,943.0,1459.5,-0.8565069520856228,151.0,434.0,107.0,692.0,0.8727346104854271,0.37283236994219654,-4507.0,-2794.0,-1.1522739427515734,1.4002236429242978,25863.75,28829.48,-38.98756660746003,28.91604314499848,0.5312454690445121,0,0,10357.0,17.130334105193512,39856.15,11671.6,0,0,0,0,1,0,0,0,83718.0,81966.0,3.3736489639429443,1
2021-06-24,79462.0,80118.0,78963.0,79450.0,98077,48247,79291.0,2337665.3,SILVER,2021-06-05,81762.6,80308.6,78192.34,73359.82,80678.15186381024,79857.22973918126,56.128276468004096,820.9221246289817,1179.1031158091419,-358.18099118016016,84911.1416044889,75706.0583955111,80308.6,9205.083208977798,0.40672544935144034,1155.0,827.0,328.0,1155.0,1442.642857142857,0.20052717206240356,12.0,656.0,487.0,1155.0,1.4537444933920705,0.42164502164502166,-3552.0,-1923.0,-1.0691258470450309,1.6084184205255956,29169.0,30202.32,613.8064046579331,87.73253914274144,3.3623710103191744,1,98077,-22570.0,-31.870878461386386,41576.45,1895.8,0,0,0,1,0,0,0,0,82601.0,81132.0,2.117054751415985,1
2021-06-25,79828.0,80272.0,79555.0,79787.0,70530,25419,79450.0,1688213.13,SILVER,2021-06-05,81518.8,80407.65,78210.2,73417.31,80541.0515770702,79852.02753627894,52.628666297731044,689.0240407912643,1081.0873008055664,-392.06326001430216,84866.44239138495,75948.85760861504,80407.65,8917.584782769904,0.4304015588167794,717.0,822.0,105.0,822.0,1349.5714285714287,0.424166142227822,41.0,444.0,232.0,717.0,0.8986426360183989,0.32357043235704325,-2657.0,-2438.0,-0.7718792925797411,2.0161053161863838,31299.35,31079.4,-28.08711522579198,91.37804198020388,2.2534014284641697,1,70530,-22828.0,-47.314858954960926,39187.55,-9545.4,0,0,0,1,0,0,0,0,80788.0,81618.0,2.2948600649228568,1
2021-06-28,81368.0,82040.0,81079.0,81570.0,64092,45577,79787.0,1568395.33,SILVER,2021-06-05,81433.7,80594.3,78269.24,73483.915,80699.35133444401,79979.28475581383,55.690305405605265,720.0665786301834,1008.8831563704899,-288.81657774030657,84910.2433243436,76278.35667565641,80594.3,8631.886648687185,0.6130343851478159,961.0,2253.0,1292.0,2253.0,1381.357142857143,2.2346998884529956,202.0,470.0,289.0,961.0,1.1781292141718769,0.5109261186264308,1122.0,-851.0,1.2106315210877159,4.217186726228586,34158.5,31864.96,-9.128030625265849,73.86949423682623,1.8763118989416983,1,64092,20158.0,79.30288366969589,38177.75,-3058.6,1,0,0,1,1,0,0,0,82040.0,80391.0,-1.4453843324751747,0
2021-06-29,82554.0,82645.0,82414.0,82499.0,54692,12921,81570.0,1353610.59,SILVER,2021-06-05,81226.5,80822.0,78338.9,73558.43,80976.22035991416,80165.93032945725,51.66962413292466,810.2900304569193,969.1645311877759,-158.87450073085654,85028.56474422623,76615.43525577377,80822.0,8413.129488452454,0.6993312954830646,231.0,1075.0,844.0,1075.0,1300.2857142857142,1.1388991050631292,55.0,91.0,85.0,231.0,0.2800033939805331,0.36796536796536794,2523.0,-2072.0,2.0749300932914307,5.3103885808966,35000.7,32564.48,-14.666417025525803,73.0792663273771,1.5625973194821818,1,54692,-32656.0,-71.65017443008534,37435.0,-9507.8,0,0,0,1,0,0,0,0,82645.0,82146.0,-0.42788397435120423,0
2021-06-30,81940.0,82435.0,81612.0,81966.0,57025,14676,82499.0,1402233.34,SILVER,2021-06-05,81043.3,81057.05,78407.86,73636.11,81128.4941506966,80299.26882357153,52.4265488174155,829.2253271250665,941.1766903752341,-111.95136325016756,84939.63337626932,77174.46662373068,81057.05,7765.166752538644,0.6170547946961779,823.0,64.0,887.0,887.0,1280.0,-0.6460684371931813,26.0,469.0,328.0,823.0,1.0040748603079326,0.43013365735115433,2675.0,-1832.0,1.1213706889160129,4.537988921008684,37497.8,32078.58,4.265706136180802,72.1998425034545,1.5207558843452147,1,0,1755.0,13.58254005107964,36289.6,-11228.2,0,0,0,1,1,0,0,0,82645.0,83303.0,1.6311641412292903,1
2021-07-01,80822.0,81878.0,80236.0,81132.0,14884,59684,81966.0,362270.61,SILVER,2021-08-05,80856.3,81248.35,78474.72,73711.26,81129.03351212789,80360.95261441809,45.52085894598804,768.0808977098059,906.5575318421485,-138.4766341323426,84706.58144791772,77790.11855208229,81248.35,6916.46289583543,0.4831778176573371,1642.0,88.0,1730.0,1730.0,1298.0,-1.017495058926876,310.0,746.0,586.0,1642.0,2.023862347778928,0.5456760048721072,1682.0,-1870.0,-0.14320290812060282,3.3861605367945224,37135.0,32026.52,-73.8991670320035,70.36577213124964,0.40080786320183115,0,0,45008.0,306.6775688198419,38558.8,2287.4,0,0,0,0,1,0,0,0,82645.0,82869.0,2.140955479958586,1
2021-07-02,81478.0,81755.0,81419.0,81618.0,7723,23463,81132.0,189100.74,SILVER,2021-08-05,80773.7,81440.45,78546.5,73785.435,81204.25912564668,80454.0672355723,46.78568569369946,750.1918900743767,875.2844034885942,-125.09251341421748,84489.1204936654,78391.7795063346,81440.45,6097.340987330797,0.5291192505665864,336.0,623.0,287.0,623.0,1309.142857142857,0.5990238130454184,140.0,137.0,59.0,336.0,0.41167389546423583,0.5922619047619048,1831.0,-826.0,0.2180120566622642,3.9104224885895613,37137.65,30810.28,-48.11206664875034,67.51369866623328,0.207956076919245,0,7723,-36221.0,-60.68795657127538,39065.05,-391.2,0,0,0,0,0,0,0,0,82645.0,81250.0,-0.4508809331274964,0
2021-07-05,80325.0,80810.0,80161.0,80391.0,9761,35474,81618.0,235408.97,SILVER,2021-08-05,80768.0,81503.9,78588.9,73852.555,81079.14233708565,80449.39558849287,31.932918395573992,629.7467485927773,826.1768725094308,-196.43012391665354,84398.32214212797,78609.47785787201,81503.9,5788.84428425596,0.30775091791175463,649.0,808.0,1457.0,1457.0,1236.4285714285713,-1.5033448504006452,66.0,419.0,164.0,649.0,0.8073043002326131,0.3543913713405239,-1179.0,-57.0,-1.3654561315470723,2.293071922370724,36641.15,30063.3,26.388709050886973,36.97790827509349,0.2663944772475755,0,0,12011.0,51.19123726718664,37208.7,-2020.6,0,0,0,0,1,0,0,0,82645.0,82562.0,2.7005510567103284,1
2021-07-06,82456.0,82887.0,81466.0,82146.0,12630,50935,80391.0,311251.19,SILVER,2021-08-05,80985.0,81609.65,78675.24,73933.19,81243.27428522632,80575.06998934525,43.41832669322709,668.2042958810634,794.5823571837575,-126.37806130269405,84431.11563443796,78788.18436556203,81609.65,5642.931268875924,0.5950481185121447,1421.0,2496.0,1075.0,2496.0,1341.7857142857142,2.1830801955442736,310.0,431.0,680.0,1421.0,1.7298468580332578,0.47853624208304013,-353.0,2170.0,0.6572139446744422,4.411502271871042,35309.55,29289.8,29.39248027865997,46.0972936958863,0.3576935984740672,0,12630,15461.0,43.58403337655747,38981.1,7602.8,1,0,0,0,1,0,0,0,82887.0,82472.0,0.3968543812236749,0
2021-07-07,83396.0,83774.0,82631.0,83303.0,21375,77005,82146.0,534180.49,SILVER,2021-08-05,81386.2,81670.55,78792.86,74018.855,81560.15516442226,80777.13887902339,51.165672682208964,783.0162853988732,792.2691428267807,-9.252857427907543,84586.22361360137,78754.87638639864,81670.55,5831.347227202728,0.7799438854172085,1143.0,1628.0,485.0,1628.0,1373.857142857143,1.408467849925743,93.0,378.0,672.0,1143.0,1.372099444197688,0.5879265091863517,1337.0,4012.0,1.9988233212583937,5.724046569701873,34848.55,29042.4,69.23990498812351,56.920040855444654,0.6133684184851306,0,21375,26070.0,51.182880141356634,40517.25,12465.8,1,0,0,0,1,0,0,0,83774.0,83691.0,0.46576954011260097,0
2021-07-08,82647.0,83431.0,82222.0,82869.0,30218,68596,83303.0,751240.63,SILVER,2021-08-05,81728.1,81745.35,78897.22,74100.775,81761.5159083573,80932.09155465128,51.66184406037382,829.4243537060102,799.7001850026267,29.724168703383498,84705.30450000569,78785.39549999432,81745.35,5919.909000011365,0.6898086609097939,1209.0,128.0,1081.0,1209.0,1387.642857142857,-0.5209896402290415,222.0,562.0,425.0,1209.0,1.4589291532418636,0.5351530190239868,1737.0,3419.0,1.374573599599236,5.034119072890019,34437.45,29291.66,41.370760233918126,-0.32352358695683775,0.877474958221355,0,0,-8409.0,-10.920070125316538,42006.85,1782.4,0,0,0,0,0,0,1,0,83774.0,82170.0,-0.843499981899142,0
2021-07-09,81329.0,81622.0,80820.0,81250.0,35565,65152,82869.0,866896.88,SILVER,2021-08-05,81874.4,81696.6,78994.8,74177.92,81682.8211532254,80955.64032838083,53.23126510878324,727.1808248445741,785.1963129710161,-58.01548812644205,84655.40832341932,78737.79167658069,81696.6,5917.616646838636,0.42453042725594725,802.0,1247.0,2049.0,2049.0,1364.9285714285713,-1.9536859380468008,79.0,293.0,430.0,802.0,0.9870769230769232,0.5361596009975063,-368.0,1463.0,-0.5466567764142031,2.854871459893559,35534.2,29326.76,17.6947514726322,4.25466308288558,1.0008667706040941,0,0,-3444.0,-5.020700915505271,44268.7,8337.8,0,0,0,0,0,0,0,0,83774.0,81618.0,0.4529230769230769,0
2021-07-12,82307.0,83155.0,81848.0,82562.0,37975,62576,81250.0,940587.58,SILVER,2021-08-05,81973.6,81703.65,79143.1,74260.95,81818.07943734458,81074.62993368597,59.758490566037736,743.4495036586159,776.8469511085361,-33.397447449920264,84670.38716040803,78736.91283959195,81703.65,5933.47432081608,0.6446622928810367,1307.0,1905.0,598.0,1905.0,1445.142857142857,1.6147692307692418,255.0,593.0,459.0,1307.0,1.5830527361255782,0.5462892119357307,2171.0,992.0,1.0505650604348837,4.319896491292347,35620.45,29369.34,6.7763250386616125,5.845098649278326,1.0661010739617272,0,37975,-2576.0,-3.953831041257372,46339.6,5420.4,0,0,0,0,0,0,0,0,83774.0,81642.0,-1.1143140912284102,0
2021-07-13,82651.0,83279.0,82055.0,82472.0,32073,76627,82562.0,793537.34,SILVER,2021-08-05,81970.9,81598.7,79301.76,74343.22,81918.68260083003,81178.13882748701,62.56815487949427,740.5437733430153,769.5863155554321,-29.04254221241672,84272.37833360289,78925.02166639711,81598.7,5347.356667205779,0.6633143353529735,1224.0,717.0,507.0,1224.0,1465.2142857142858,-0.10900898718538832,179.0,628.0,417.0,1224.0,1.4841400717819382,0.34068627450980393,326.0,-27.0,1.070237638589834,3.9976918545061366,35534.2,29748.66,-15.541803818301513,5.757559970000754,0.9025952462697908,0,0,14051.0,22.454295576578875,49143.6,5138.4,0,0,0,0,1,0,0,0,83774.0,81707.0,-0.9275875448637113,0
2021-07-14,83612.0,84224.0,83375.0,83691.0,9190,35772,82472.0,230736.09,SILVER,2021-08-05,82143.4,81593.35,79488.12,74435.87,82191.34681608695,81364.2766921176,65.46117389719285,827.070123969359,781.0830772382175,45.987046731141504,84248.8652756002,78937.83472439981,81593.35,5311.030551200383,0.8949610117618114,849.0,1752.0,903.0,1752.0,1507.857142857143,1.4780774080900283,79.0,533.0,237.0,849.0,1.0144459977775389,0.37220259128386335,388.0,1725.0,2.570859022211974,5.287431631292834,34083.1,29467.1,-71.34661553331463,-1.8036721969487886,0.26963509774639044,0,9190,-40855.0,-53.316716040038116,50309.25,-8246.6,0,0,0,0,0,0,1,0,84224.0,81299.0,-2.8581328936205805,0
2021-07-15,82154.0,82744.0,81857.0,82170.0,6883,26363,83691.0,169672.83,SILVER,2021-08-05,82247.2,81551.75,79638.3,74519.465,82188.06269053512,81423.9599001089,57.997181018860324,764.1027904262301,777.68701987582,-13.584229449589998,84139.55483075982,78963.94516924018,81551.75,5175.609661519644,0.6194545262168152,887.0,947.0,1834.0,1834.0,1580.142857142857,-1.817399720400048,16.0,574.0,297.0,887.0,1.0794693927224046,0.3528748590755355,-699.0,1038.0,0.7581075819954813,3.1789980449105477,33578.15,29016.78,-25.103373231773663,3.0759071830741957,0.20498449140289146,0,0,-9409.0,-26.30269484513027,49689.0,-8446.6,0,0,0,0,0,0,0,0,84224.0,81912.0,-0.3139832055494706,0
2021-07-16,81834.0,82253.0,80863.0,81618.0,7886,38490,82170.0,193091.86,SILVER,2021-08-05,82247.2,81510.45,79751.16,74598.07,82100.36073814511,81438.33324084157,50.17559262510974,662.0274973035412,754.5551153613643,-92.52761805782313,84064.4417549219,78956.45824507809,81510.45,5107.98350984382,0.5210552754903649,1390.0,83.0,1307.0,1390.0,1518.5,-0.6717780211756064,216.0,419.0,755.0,1390.0,1.7030556984978802,0.5431654676258992,368.0,0.0,0.131946271919739,2.340831155308583,33289.7,28882.02,14.572134243789048,9.344327272328135,0.23689008912666681,0,0,12127.0,46.00007586390016,47956.2,-5332.4,0,0,0,0,1,0,0,0,84224.0,80918.0,-0.8576539488838247,0
2021-07-19,81432.0,82355.0,81041.0,81642.0,13953,69004,81618.0,341745.25,SILVER,2021-08-05,82372.3,81570.15,79848.84,74672.52,82029.8437015074,81453.41966744591,46.64263887800674,576.4240340614924,718.9288991013899,-142.50486503989748,84074.91911636869,79065.3808836313,81570.15,5009.538232737395,0.5143426393136328,1314.0,737.0,577.0,1314.0,1535.5714285714287,0.02940527824744077,210.0,713.0,391.0,1314.0,1.609465716175498,0.4573820395738204,-920.0,1251.0,0.08808369238012413,2.245693237372019,31039.6,28518.56,76.93380674613239,14.398837041852676,0.44952254539362624,0,13953,30514.0,79.27773447648741,48362.9,1285.6,1,0,0,0,1,0,0,0,84224.0,80804.0,-1.0264324734817862,0
2021-07-20,81479.0,82220.0,81479.0,81707.0,13381,63806,81642.0,327996.41,SILVER,2021-08-05,82328.4,81656.7,79950.3,74743.085,81980.17543973702,81472.20339578325,48.94672631150874,507.97204395377776,676.7375280718675,-168.76548411808972,84046.5236094342,79266.8763905658,81656.7,4779.647218868398,0.5105237892456657,741.0,578.0,163.0,741.0,1525.142857142857,0.07961588398128772,228.0,513.0,0.0,741.0,0.9068990416977738,0.3076923076923077,-765.0,-439.0,0.06159935437018997,2.1972400353719714,30582.65,28223.56,-4.099476815021863,11.049641332484494,0.43753566155974055,0,13381,-5198.0,-7.532896643672826,48530.2,-2564.2,0,0,0,0,0,0,0,0,84224.0,80937.0,-0.9423917167439754,0
2021-07-21,81205.0,81439.0,81169.0,81299.0,28238,10260,81707.0,688716.35,SILVER,2021-08-05,82128.0,81757.1,80043.56,74816.905,81875.37921823903,81459.37351461411,50.70351335411577,416.00570362492,624.591163182478,-208.585459557558,83882.54879718904,79631.65120281097,81757.1,4250.897594378068,0.39223452463172576,270.0,268.0,538.0,538.0,1440.0,-0.4993452213396643,94.0,140.0,36.0,270.0,0.3321074059951537,0.48148148148148145,-2392.0,-2004.0,-0.5603183087462811,1.5684459811632596,31307.55,28274.04,111.03056572752412,15.228707406424553,0.9019549597461315,0,0,-53546.0,-83.9200075228035,45502.35,-5102.4,0,0,0,0,0,0,0,0,82744.0,81444.0,0.17835397729369365,0
2021-07-22,82082.0,82491.0,80994.0,81912.0,18795,32320,81299.0,461860.81,SILVER,2021-08-05,82032.3,81880.2,80166.5,74897.32,81881.0131846638,81492.90140242048,51.22540846948983,388.11178224331525,577.2952869946455,-189.18350475133025,83707.27653744523,80053.12346255477,81880.2,3654.1530748904624,0.5087024268957195,1497.0,1192.0,305.0,1497.0,1502.4285714285713,0.7540068143519596,170.0,409.0,918.0,1497.0,1.8275710518605333,0.6132264529058116,-258.0,-957.0,0.03883722804780999,2.177343404040341,27343.45,28178.54,-33.4407535944472,7.747556023588021,0.6873675414038828,0,18795,22060.0,215.00974658869393,44706.0,1191.4,1,0,0,0,1,0,0,0,82491.0,82142.0,0.2807891395644106,0
2021-07-23,80673.0,81249.0,80466.0,80918.0,35428,52145,81912.0,860028.87,SILVER,2021-08-05,81999.1,81936.75,80269.52,74970.7,81732.85731010014,81450.3161133523,52.240074810847574,282.54119674784306,518.344468945285,-235.80327219744197,83548.34455198838,80325.15544801162,81936.75,3223.189103976765,0.18393104867999585,783.0,663.0,1446.0,1446.0,1501.642857142857,-1.2134974118566233,245.0,331.0,207.0,783.0,0.9676462591759558,0.5772669220945083,-700.0,-332.0,-1.2433370862280966,0.8078782581482933,25588.35,28537.46,88.49694067571163,14.827774943895964,1.3845363221934983,0,0,19825.0,61.339727722772274,46042.3,2731.0,0,0,0,0,1,1,0,0,82491.0,81092.0,0.21503250203910135,0
2021-07-26,80346.0,80901.0,80346.0,80804.0,14638,73688,80918.0,354842.69,SILVER,2021-08-05,81823.3,81898.45,80374.96,75041.435,81589.95618546935,81402.44084569656,43.37087532108279,187.5153397727845,452.17864311078495,-264.66330333800045,83581.56459096355,80215.33540903644,81898.45,3366.229181927105,0.17487359272031372,555.0,17.0,572.0,572.0,1364.2142857142858,-0.14088336340493113,458.0,97.0,0.0,555.0,0.6868471857828821,0.8252252252252252,-838.0,-1758.0,-1.3363500774434645,0.5337980883598493,23115.65,28043.86,-58.68239810319521,8.281902629710283,0.6332506332290028,0,0,21543.0,41.313644644740634,47447.85,936.8,0,0,0,0,1,1,0,0,82491.0,79675.0,-1.3972080590069798,0
2021-07-27,80864.0,81718.0,80302.0,80937.0,9931,58581,80804.0,241135.6,SILVER,2021-08-05,81669.8,81820.35,80477.0,75110.74,81489.50138770483,81367.96374601533,36.99714222906133,121.53764168950147,386.0504428265283,-264.5128011370268,83530.86783787333,80109.83216212668,81820.35,3421.0356757466507,0.24178872022221393,1416.0,914.0,502.0,1416.0,1349.0714285714287,0.16459581208851937,73.0,781.0,562.0,1416.0,1.7495088772749177,0.4484463276836158,-770.0,-1535.0,-1.079621390033171,0.5715918833952558,20877.6,27474.2,-32.156032244842194,6.620479787056214,0.475677280913515,0,9931,-15107.0,-20.50130279014222,49730.85,-1045.0,0,0,0,0,0,0,0,0,82491.0,80890.0,-0.05806985680220419,0
2021-07-28,81534.0,81749.0,81124.0,81444.0,31411,30754,80937.0,767471.25,SILVER,2021-08-05,81445.1,81794.25,80603.34,75167.085,81482.50117421178,81373.59606112531,42.230945371279034,108.90511308646819,330.6213768785163,-221.7162637920481,83511.32767350248,80077.17232649752,81794.25,3434.1553470049694,0.3980098555222717,625.0,812.0,187.0,812.0,1320.7142857142858,0.6264131361429337,90.0,215.0,320.0,625.0,0.7673984578360591,0.512,145.0,-2247.0,-0.428208584344254,1.042959261985922,19596.9,27581.62,216.29241768200583,35.38438310858826,1.6028555536845113,1,31411,-27827.0,-47.50174971407112,50534.75,4098.8,0,0,0,1,0,0,0,0,82491.0,81224.0,-0.2701242571582928,0
2021-07-29,82339.0,82679.0,81666.0,82142.0,25534,79837,81444.0,629224.15,SILVER,2021-08-05,81442.3,81844.75,80734.14,75224.49,81583.96253202534,81430.51487141234,55.40606060606061,153.4476606130047,295.186633625414,-141.7389730124093,83539.0773622665,80150.4226377335,81844.75,3388.6547245330003,0.5877191759455412,1013.0,1235.0,222.0,1235.0,1262.5714285714287,0.8570305977113168,197.0,340.0,476.0,1013.0,1.2332302597940152,0.4698914116485686,230.0,-28.0,0.36318762046435477,1.7438223779927555,20129.4,27724.16,-18.71000604883639,36.02371982688199,1.268492851252397,0,25534,49083.0,159.59875138193405,51542.4,9503.4,1,0,0,0,1,0,0,0,82679.0,80538.0,-1.9527160283411653,0
2021-07-30,81017.0,81624.0,80742.0,81092.0,34181,17207,82142.0,831541.7,SILVER,2021-08-05,81389.7,81818.45,80816.32,75271.845,81508.27598863683,81405.43969575217,40.79869804707061,102.83629288466182,256.7165654772636,-153.88027259260178,83543.64551599803,80093.25448400197,81818.45,3450.391031996056,0.28945864591476617,882.0,518.0,1400.0,1400.0,1226.5,-1.278274208078689,75.0,532.0,275.0,882.0,1.0876535293247176,0.3968253968253968,174.0,-526.0,-0.8878804230586098,0.3411192194843727,21452.3,27641.68,33.8646510534973,37.952971507852816,1.5933489649128532,1,0,-62630.0,-78.44733644801283,51229.6,-6987.6,0,0,0,1,0,0,0,0,82679.0,82027.0,1.1530113944655453,1
2021-08-02,79609.0,80051.0,79043.0,79675.0,24996,37920,81092.0,597466.89,SILVER,2021-08-05,81193.0,81782.65,80871.72,75308.025,81226.23352884655,81277.2589775483,34.98658078368223,-51.025448701751884,195.1681626414605,-246.19361134321238,83655.92771004354,79909.37228995645,81782.65,3746.5554200870974,-0.0625567391049021,1008.0,1041.0,2049.0,2049.0,1285.4285714285713,-1.7473980170670367,66.0,376.0,566.0,1008.0,1.2651396297458424,0.626984126984127,-1129.0,-1967.0,-2.577135859500755,-1.4797756249032432,22214.05,27758.28,-26.871653842778155,27.57242544896176,1.12523380473169,0,0,20713.0,120.37542860463763,51351.9,-7153.6,0,0,0,0,1,1,0,0,82679.0,82158.0,3.116410417320364,1
2021-08-03,81077.0,81650.0,80437.0,80890.0,11553,34016,79675.0,280356.65,SILVER,2021-08-05,81111.3,81719.85,80943.82,75347.425,81174.50529363939,81248.57312735954,34.95865105788852,-74.06783372015343,141.32096336913773,-215.38879708929116,83625.76757429293,79813.93242570708,81719.85,3811.835148585844,0.2822964615067699,1213.0,1975.0,762.0,1975.0,1301.357142857143,1.5249450894257999,187.0,573.0,453.0,1213.0,1.4995673136358019,0.3734542456718879,-47.0,-817.0,-1.01548155068812,-0.06649056098415787,22160.2,27757.9,-53.78060489678349,22.6043126407856,0.5213400601077608,0,11553,-3904.0,-10.295358649789033,50505.95,-4913.0,0,0,0,0,0,0,0,0,82679.0,83315.0,2.997898380516751,1
2021-08-04,80920.0,81461.0,80824.0,81224.0,23073,70522,80890.0,562224.41,SILVER,2021-08-05,81103.8,81615.9,81009.72,75389.745,81182.11986384871,81246.75289570329,44.17774495322501,-64.63303185458062,100.13016432439406,-164.76319617897468,83379.73969912494,79852.06030087505,81615.9,3527.679398249893,0.3889071381615862,637.0,571.0,66.0,637.0,1215.857142857143,0.4129064161206619,304.0,237.0,96.0,637.0,0.7842509603072984,0.6279434850863422,-220.0,-75.0,-0.4801760441286492,0.26451146850032176,22245.1,27459.32,99.71435990651779,21.472692058684963,1.037217184908137,0,23073,36506.0,107.3200846660395,50181.8,7953.6,1,0,0,0,1,0,0,0,82679.0,83401.0,2.6802422929183494,1
2021-08-05,80475.0,80908.0,80286.0,80538.0,12130,64068,81224.0,293077.78,SILVER,2021-08-05,80966.4,81499.35,81068.8,75425.31,81083.02450017969,81194.25268120675,43.4608864131751,-111.22818102706515,57.85849525410222,-169.08667628116737,83222.12625085935,79776.57374914066,81499.35,3445.5525017186883,0.2209881435501356,622.0,316.0,938.0,938.0,1183.5714285714287,-0.8445779572540113,63.0,370.0,189.0,622.0,0.7723062405324195,0.40514469453376206,-1604.0,-1374.0,-1.1795799598401775,-0.6547525065129901,21340.7,27062.48,-47.427729380661376,20.073994480063543,0.5683974752468288,0,0,-6454.0,-9.151754062562034,49955.4,-3153.8,0,0,0,0,0,0,0,0,81650.0,85448.0,6.096501030569421,1
2021-08-06,82058.0,82400.0,81707.0,82027.0,34405,30102,80538.0,846641.68,SILVER,2021-08-05,81077.3,81538.2,81153.22,75471.52,81228.25150015205,81255.93766778403,51.97984161267099,-27.686167631982244,40.74956267688533,-68.43573030886758,83272.3069717501,79804.09302824989,81538.2,3468.2139435002173,0.6409370955664553,693.0,1862.0,1169.0,1862.0,1222.7142857142858,1.848816707641121,31.0,342.0,320.0,693.0,0.8448437709534665,0.46176046176046176,935.0,1109.0,0.5994736209531274,1.0767040420577259,21282.7,27192.12,183.6356141797197,29.58786183046435,1.6165712057210786,1,34405,-33966.0,-53.01554598239371,48202.9,2579.0,0,0,0,1,0,0,0,0,82400.0,87235.0,6.349128945347264,1
2021-08-09,82232.0,82592.0,81666.0,82158.0,10789,11924,82027.0,265920.8,SILVER,2021-08-05,81212.7,81518.0,81239.64,75519.3,81371.28973089789,81322.75709980003,52.30360608846664,48.53263109785621,42.306176361079515,6.226454736776695,83210.81316779238,79825.18683220762,81518.0,3385.6263355847623,0.6890344463809411,926.0,565.0,361.0,926.0,1235.9285714285713,0.15970351225815804,74.0,360.0,492.0,926.0,1.127096570023613,0.531317494600432,2483.0,1354.0,0.7851026767094383,1.1304333697195121,19923.4,27269.72,-68.6411858741462,28.591983053369255,0.5415240370619472,0,10789,-18178.0,-60.38801408544283,45670.3,-5199.2,0,0,0,0,0,0,1,0,82592.0,87003.0,5.897173738406485,1
2021-08-10,83230.0,83582.0,82722.0,83315.0,33930,64333,82158.0,848063.38,SILVER,2021-08-05,81450.5,81560.15,81347.04,75574.82,81670.32207999052,81470.33064796298,59.565382425507686,199.99143202754203,73.84322749437203,126.14820453317,83389.45752213096,79730.84247786902,81560.15,3658.61504426194,0.9796487137263208,860.0,1424.0,564.0,1424.0,1299.2142857142858,1.4082621290683717,85.0,267.0,508.0,860.0,1.0322270899597912,0.6895348837209302,2425.0,2378.0,2.1516022224088673,2.4192152535605556,20016.25,27191.36,214.48697747705995,53.25628402555947,1.6951227127958535,1,33930,52409.0,439.5253270714526,45055.6,6063.4,1,0,0,1,1,0,0,0,83582.0,88015.0,5.641241073036068,1
2021-08-11,83406.0,83668.0,83276.0,83401.0,22529,56099,83315.0,563682.34,SILVER,2021-08-05,81646.2,81545.65,81469.76,75630.335,81936.58022153044,81613.34319255831,57.4368194985516,323.23702897212934,123.72198778992349,199.51504118220583,83307.1828582019,79784.1171417981,81545.65,3523.0657164037984,1.0266294044307158,392.0,353.0,39.0,392.0,1220.2857142857142,0.10322270899598696,5.0,262.0,125.0,392.0,0.47001834510377577,0.31887755102040816,2177.0,1957.0,2.2752286602657605,2.3704991889015083,20683.2,27500.28,-33.60153256704981,28.266889000653908,1.0892415100177921,0,22529,-8234.0,-12.799030046787808,46071.95,-2884.6,0,0,0,0,0,0,0,0,83668.0,88700.0,6.3536408436349685,1
2021-08-12,85023.0,86142.0,84549.0,85448.0,12942,67346,83401.0,331760.4,SILVER,2021-08-05,81976.8,81709.55,81632.6,75686.11,82476.7986489873,81897.3918449614,70.47180043383948,579.4068040259008,214.85895103711897,364.5478529887818,84182.15778382464,79236.94221617536,81709.55,4945.215567649284,1.2559731115578194,1593.0,2741.0,1148.0,2741.0,1312.7857142857142,2.4544070214985503,425.0,694.0,474.0,1593.0,1.8642917329838031,0.5643440050219711,4910.0,3306.0,4.5752913827086275,4.673868038014217,20986.15,27316.32,-42.554041457676774,25.88248545976986,0.6166924376314855,0,12942,11247.0,20.048485712757813,48121.1,655.6,1,0,1,0,1,0,0,0,86142.0,90147.0,5.499251006460069,1
2021-08-13,87120.0,87548.0,87004.0,87235.0,12548,60062,85448.0,328387.43,SILVER,2021-08-05,82591.1,81990.4,81821.78,75758.725,83208.82962606617,82292.77022681611,75.24534819816283,916.0593992500653,355.09904067970825,560.9603585703571,85484.30991357949,78496.4900864205,81990.4,6987.819827158994,1.2505345200252937,544.0,2100.0,1556.0,2100.0,1421.9285714285713,2.091330399775293,115.0,313.0,116.0,544.0,0.6236029116753596,0.42463235294117646,5208.0,6143.0,6.396602529076582,6.615866826656669,21219.25,27413.88,-3.0443517230721695,22.191585182112924,0.5913498356445209,0,12548,-7284.0,-10.81578712915392,49199.7,5992.0,0,0,1,0,0,0,0,0,87548.0,89160.0,2.2066830973806386,1
2021-08-16,87082.0,87958.0,86247.0,87003.0,23296,10306,87235.0,608046.57,SILVER,2021-08-05,83323.9,82258.45,81979.4,75827.17,83792.54814513291,82641.67613594084,73.62885634153942,1150.8720091920695,514.2536343821805,636.618374809889,86402.0040541905,78114.89594580949,82258.45,8287.108108381013,1.0725217938452727,1711.0,723.0,988.0,1711.0,1443.0,-0.26594830056743124,79.0,876.0,756.0,1711.0,1.9665988529131178,0.4418468731735827,4845.0,7328.0,5.767857283962928,6.127880906666804,21686.4,27485.98,85.65508447561365,33.4442590139521,1.0742216319905562,0,0,-49756.0,-82.84106423362525,46264.8,-323.6,0,0,1,0,0,0,0,0,87958.0,89897.0,3.326322080847787,1
2021-08-17,87842.0,88598.0,87296.0,88015.0,37244,79767,87003.0,983409.2,SILVER,2021-08-05,84036.4,82573.85,82139.08,75907.41,84442.15612280478,83039.70012587115,74.62708942358144,1402.455996933626,691.8941068924696,710.5618900411564,87438.2679302357,77709.43206976431,82573.85,9728.835860471387,1.059280686614067,1302.0,1595.0,293.0,1595.0,1498.9285714285713,1.1631782812086877,173.0,583.0,546.0,1302.0,1.4792933022780208,0.5522273425499232,4700.0,7125.0,6.589434790796353,7.153622855283986,22879.55,27445.62,59.872939560439555,44.8096134596744,1.6278292186690735,1,37244,69461.0,673.986027556763,47062.85,3086.8,1,0,1,1,1,0,0,0,88598.0,91034.0,3.4300971425325226,1
2021-08-18,88711.0,89932.0,87756.0,88700.0,5296,22207,88015.0,140926.56,SILVER,2021-08-05,84784.0,82943.9,82271.38,75992.96,85097.20902698865,83458.98159802884,74.60234093637455,1638.2274289598136,881.1607713059385,757.066657653875,88479.67645958764,77408.12354041234,82943.9,11071.552919175301,1.0198999672422435,2176.0,1917.0,259.0,2176.0,1566.142857142857,0.7782764301539569,11.0,1221.0,944.0,2176.0,2.4532130777903043,0.4338235294117647,5299.0,7476.0,6.939750843642517,7.813920223533379,21732.45,26939.64,-85.78025990763614,26.26015147825901,0.24369088620933213,0,5296,-57560.0,-72.16016648488723,47660.2,-6778.4,0,0,1,0,0,0,0,0,89932.0,89208.0,0.57271702367531,1
2021-08-19,90228.0,90402.0,89623.0,90147.0,7409,49426,88700.0,200369.74,SILVER,2021-08-05,85744.9,83355.65,82446.86,76081.08,85874.09994591348,83954.39036854522,82.9872495446266,1919.7095773682522,1088.8705325184012,830.839044849851,89729.80786883573,76981.49213116425,83355.65,12748.31573767148,1.0327252744400937,779.0,1702.0,923.0,1702.0,1587.7142857142858,1.6313416009019255,81.0,174.0,524.0,779.0,0.8641441201592954,0.6726572528883183,4699.0,9609.0,8.147438116072523,9.339518812481154,21163.15,26319.02,39.89803625377644,34.9927280417028,0.350089660565653,0,7409,27219.0,122.56946008015493,48515.5,-3584.0,1,0,1,0,1,0,0,0,90402.0,88007.0,-2.373900407112827,0
2021-08-20,89099.0,89571.0,88711.0,89160.0,39229,16336,90147.0,1049297.29,SILVER,2021-08-05,86458.2,83767.75,82585.56,76163.905,86379.62303115756,84339.99108198631,85.6713050018804,2039.6319491712493,1279.0228158489708,760.6091333222785,90532.11146673358,77003.38853326642,83767.75,13528.722933467157,0.89857790173681,860.0,576.0,1436.0,1436.0,1543.9285714285713,-1.0948783653366156,61.0,411.0,388.0,860.0,0.9645580978017049,0.522093023255814,1925.0,7133.0,6.437143172641023,7.960762147765302,21353.2,26831.0,429.4776623026049,59.57693285399132,1.837148530431036,1,0,-33090.0,-66.94856957876421,46725.05,-8745.2,0,0,1,1,0,0,0,0,90402.0,85960.0,-3.589053387169134,0
2021-08-23,89928.0,90543.0,89506.0,89897.0,89615,27256,89160.0,2416835.9,SILVER,2021-08-05,87232.1,84222.4,82735.08,76254.855,86920.75794944102,84751.62137220956,85.13692751813997,2169.1365772314603,1457.0455681254687,712.0910091059916,91360.04730219452,77084.75269780547,84222.4,14275.294604389055,0.8975119363389743,1037.0,1383.0,346.0,1383.0,1501.642857142857,0.8266038582323887,31.0,615.0,391.0,1037.0,1.153542387398912,0.3770491803278688,2894.0,7739.0,6.737637493113478,8.65644899358289,25102.05,27898.3,128.44069438425657,79.28512087983161,3.570027149177059,1,89615,10920.0,66.8462291870715,44403.45,3390.0,1,0,1,1,1,0,0,0,90543.0,85711.0,-4.656440148169572,0
2021-08-24,90859.0,91472.0,90499.0,91034.0,80417,59817,89897.0,2196204.35,SILVER,2021-08-05,88004.0,84727.25,82864.34,76354.375,87553.56441875779,85216.98275204588,86.01321585903084,2336.581666711907,1632.9527878427566,703.6288788691504,92301.44599693581,77153.05400306419,84727.25,15148.391993871628,0.9163313177102516,973.0,1575.0,602.0,1575.0,1568.642857142857,1.2647808046987175,175.0,438.0,360.0,973.0,1.0688314256211964,0.5498458376156218,3019.0,7719.0,7.44359105246541,9.85907810283652,28626.35,28830.68,-10.263906712045978,56.810032460921,2.8091950248634565,1,80417,32561.0,119.46360434399766,44465.25,-3990.0,1,0,1,1,1,0,0,0,91472.0,86452.0,-5.03328426741657,0
2021-08-25,89171.0,90010.0,88702.0,89208.0,84977,43719,91034.0,2274188.46,SILVER,2021-08-05,88584.7,85115.45,82972.54,76441.845,87808.09296971813,85512.61365930174,79.369918699187,2295.4793104163837,1765.4580923574822,530.0212180589015,92776.47259149305,77454.42740850695,85115.45,15322.045182986098,0.7671020709783869,1308.0,1024.0,2332.0,2332.0,1668.2142857142858,-2.005843970384691,37.0,802.0,469.0,1308.0,1.4662362119989238,0.38685015290519875,508.0,5807.0,4.808233992770998,7.515088726945092,31304.65,29765.98,5.670442816817345,60.73722999930773,2.7145168529276003,1,0,-16098.0,-26.91208184964141,45113.5,4302.4,0,0,1,1,0,0,0,0,91472.0,87999.0,-1.3552596179714822,0
2021-08-26,88114.0,88114.0,87884.0,88007.0,57002,52017,89208.0,1504972.5,SILVER,2021-08-05,88840.6,85408.7,83072.64,76526.26,87838.69405129996,85697.38301787198,70.66058595909342,2141.3110334279772,1840.6286805715813,300.68235285639594,93039.43100174885,77777.96899825115,85408.7,15261.462003497698,0.6702523650358342,230.0,1094.0,1324.0,1324.0,1629.7857142857142,-1.3462918123935075,107.0,0.0,123.0,230.0,0.26134284772802163,0.5347826086956522,-2140.0,2559.0,3.04219593554287,5.939813637799402,32878.05,30566.38,-32.92067265260011,61.70056687981539,1.7337402917752116,1,0,8298.0,18.980306045426467,43722.5,518.2,0,0,1,1,1,0,0,0,91472.0,88096.0,0.10112831933823446,0
2021-08-27,85987.0,86079.0,85693.0,85960.0,30895,55704,88007.0,796720.26,SILVER,2021-08-05,88713.1,85652.1,83142.96,76599.455,87549.66419725382,85716.83612765923,61.59995118379302,1832.8280695945869,1839.0685583761824,-6.240488781595559,93008.70713844855,78295.49286155147,85652.1,14713.21427689708,0.5209267665246651,386.0,1928.0,2314.0,2314.0,1728.9285714285713,-2.325951344779398,27.0,92.0,267.0,386.0,0.4490460679385761,0.6917098445595855,-3200.0,-1275.0,0.3594774675693814,3.388188248289444,32713.75,30911.18,-45.80014736325041,57.424987315797566,0.9444041114210385,0,0,3687.0,7.088067362592998,45647.35,7873.6,0,0,0,0,1,0,0,0,91472.0,89806.0,4.474174034434621,1
2021-08-30,85611.0,85909.0,85531.0,85711.0,68970,40013,85960.0,1773446.3,SILVER,2021-08-05,88583.9,85953.9,83248.22,76671.125,87266.79278229168,85716.4038219067,57.7390180878553,1550.388960384982,1781.3326387779425,-230.94367839296046,92752.11192899848,79155.68807100151,85953.9,13596.423857996968,0.4821350082538705,378.0,51.0,429.0,429.0,1657.857142857143,-0.28966961377384637,100.0,198.0,80.0,378.0,0.44101690564804985,0.47619047619047616,-4186.0,-1292.0,-0.28259334364117766,2.9583575480652904,34912.45,31111.48,123.24000647353941,61.183479515590136,1.9755130333161954,1,0,-15691.0,-28.168533678012352,45752.0,2551.4,0,0,0,1,0,0,0,0,91472.0,88393.0,3.129119949598068,1
2021-08-31,86490.0,87039.0,85929.0,86452.0,56677,46776,85711.0,1469952.0,SILVER,2021-08-05,88427.6,86232.0,83377.74,76749.11,87141.44004655449,85770.89242769139,59.45460179733498,1370.5476188631,1699.175634794974,-328.62801593187396,92599.39612979139,79864.60387020861,86232.0,12734.792259582784,0.5172755075634982,1110.0,1328.0,218.0,1328.0,1724.7142857142858,0.8645331404370404,38.0,549.0,523.0,1110.0,1.2839494748530977,0.4711711711711712,-4582.0,-1563.0,0.25512570739400686,3.6871471930037854,37168.65,31794.62,-17.82369146005509,53.413816413540665,1.5248603325652128,1,56677,6763.0,16.902006847774476,46390.0,-2608.2,1,0,0,1,1,0,0,0,90010.0,86676.0,0.2591033174478323,0
2021-09-01,88125.0,89184.0,87188.0,87999.0,22502,20060,86452.0,594046.05,SILVER,2021-10-05,88357.5,86570.75,83551.9,76825.775,87273.37234708456,85935.93743304758,58.15797889350815,1337.434914036974,1626.827490643374,-289.39257660639987,92523.72232702404,80617.77767297596,86570.75,11905.944654048071,0.6199610817537597,1996.0,2732.0,736.0,2732.0,1724.0714285714287,1.789432286124093,126.0,1059.0,811.0,1996.0,2.268207593268105,0.406312625250501,-1209.0,-701.0,1.6498066610258082,5.322559989659129,37140.1,31969.86,-60.29782804312155,55.96205959999213,0.6058680509745531,0,22502,-26716.0,-57.11475970583205,43866.9,-4731.8,0,0,0,0,0,0,0,0,89184.0,86641.0,-1.5431993545381197,0
2021-09-02,87735.0,88411.0,87513.0,88096.0,30128,16655,87999.0,796246.89,SILVER,2021-10-05,88152.4,86948.65,83724.82,76900.14,87399.93044753309,86095.94206763666,53.08712800286841,1303.9883798964293,1562.2596684939851,-258.2712885975559,92208.34930199117,81688.95069800882,86948.65,10519.39860398235,0.6090699234047136,898.0,412.0,486.0,898.0,1638.2142857142858,0.11022852532414085,361.0,315.0,222.0,898.0,1.0193425354159098,0.6492204899777283,89.0,-2051.0,1.3195719542511652,5.22088909835816,38040.0,30610.88,33.890320860367964,55.36128806065129,0.7920084121976867,0,30128,-3405.0,-16.974077766699903,41496.25,-7072.4,0,0,0,0,0,0,0,0,89184.0,87050.0,-1.187341082455503,0
2021-09-03,90014.0,90448.0,89180.0,89806.0,36645,59923,88096.0,987282.26,SILVER,2021-10-05,88217.0,87337.6,83925.2,76991.505,87770.09499406646,86370.76117373764,59.08707774103612,1399.333820328815,1529.6744988609512,-130.34067853213628,92200.3963105494,82474.80368945061,87337.6,9725.592621098796,0.7538045850948993,1268.0,2352.0,1084.0,2352.0,1684.0,1.9410642934980071,208.0,434.0,626.0,1268.0,1.4119323875910295,0.49369085173501576,3846.0,646.0,2.8262741362253987,7.007192118696176,38152.0,29933.18,21.631040892193298,14.576625919610123,0.9605001048437828,0,36645,43268.0,259.7898528970279,42987.3,843.8,1,0,0,0,1,0,0,0,90448.0,87038.0,-3.082199407611964,0
2021-09-06,88334.0,89104.0,87895.0,88393.0,12637,14030,89806.0,335106.7,SILVER,2021-10-05,88066.6,87649.35,84061.66,77074.935,87865.92653344086,86520.55664234968,51.19438827098079,1345.3698910911771,1492.8135773069964,-147.4436862158193,91871.2002940371,83427.49970596291,87649.35,8443.700588074193,0.5880715738606742,1209.0,702.0,1911.0,1911.0,1706.5714285714287,-1.5733915328597248,59.0,711.0,439.0,1209.0,1.367755365243854,0.4119106699751861,2682.0,-1504.0,0.8484375525888032,5.152574907514313,38244.4,28904.08,-65.51507709100832,-4.818951227916367,0.33042746127537626,0,0,-45893.0,-76.58661949501861,43092.6,-5196.6,0,0,0,0,0,0,0,0,90448.0,84986.0,-3.8543776090866926,0
2021-09-07,86750.0,87195.0,85840.0,86676.0,5660,43289,88393.0,147175.85,SILVER,2021-10-05,87630.8,87817.4,84145.2,77152.445,87682.86091291149,86532.07096513858,43.99620313241576,1150.789947772908,1424.4088514001787,-273.6189036272708,91552.30220544105,84082.49779455893,87817.4,7469.80441088212,0.34719814104674734,1355.0,1198.0,2553.0,2553.0,1733.5,-1.9424615071329199,74.0,445.0,836.0,1355.0,1.563293183810974,0.6169741697416974,224.0,-4358.0,-1.2997424200670873,3.007658190841549,36830.9,27923.44,-55.210888660283295,-9.313649422740099,0.15367531067663293,0,0,29259.0,208.54597291518172,42040.4,-697.4,0,0,0,0,1,0,0,0,90448.0,84918.0,-2.028243112280216,0
2021-09-08,86848.0,86848.0,86294.0,86641.0,11922,29739,86676.0,309880.2,SILVER,2021-10-05,87374.1,87979.4,84238.7,77226.135,87522.57461861741,86540.13978253573,38.64931364931365,982.4348360816803,1336.0140483364792,-353.5792122547989,91145.48829879827,84813.31170120172,87979.4,6332.176597596554,0.2886350799963478,554.0,172.0,382.0,554.0,1651.5,-0.04038026674050288,207.0,0.0,347.0,554.0,0.639420135963343,0.6263537906137184,-1358.0,-2567.0,-1.521265205263953,2.851777152306485,36300.55,27021.38,110.63604240282685,1.182910535860853,0.328424775933147,0,0,-13550.0,-31.30125436023008,40722.4,1935.8,0,0,0,0,0,0,0,0,90448.0,83657.0,-3.4440969056220494,0
2021-09-09,86811.0,87773.0,86763.0,87050.0,33161,71687,86641.0,865999.52,SILVER,2021-10-05,87278.4,88059.5,84357.06,77305.085,87449.8708311378,86577.9072060516,42.90326920489707,871.963625086195,1243.2039636864224,-371.24033860022746,91031.01476523302,85087.98523476698,88059.5,5943.029530466039,0.3301371388405608,1010.0,1132.0,122.0,1132.0,1629.7857142857142,0.4720628801606619,239.0,723.0,48.0,1010.0,1.1602527283170592,0.28415841584158413,-1046.0,-957.0,-1.1463839790141892,3.192311348925629,37311.5,27386.92,178.14963932226138,22.289941733347,0.8887608378113986,0,33161,41948.0,141.05383503144017,40939.45,11006.4,1,0,0,0,1,0,0,0,90448.0,84333.0,-3.121194715680643,0
2021-09-10,86914.0,88049.0,86559.0,87038.0,8970,46491,87050.0,234219.26,SILVER,2021-10-05,87386.2,88049.65,84465.46,77384.36,87386.50608788582,86611.98815375149,39.89109681069232,774.5179341343319,1149.4667577760044,-374.94882364167256,91033.95090729152,85065.34909270846,88049.65,5968.60181458306,0.3305046924845558,1490.0,999.0,491.0,1490.0,1637.4285714285713,-0.013785180930503405,124.0,1011.0,355.0,1490.0,1.7118959534915785,0.3214765100671141,-2768.0,1078.0,-1.148954027642352,3.04567097604156,37132.6,27411.86,-72.95015228732547,19.574941240939495,0.24156670957595214,0,0,-25196.0,-35.147237295465004,40260.9,-2686.4,0,0,0,0,0,0,0,0,89104.0,84714.0,-2.6700981180633745,0
2021-09-13,84937.0,85505.0,84309.0,84986.0,8407,14781,87038.0,214343.19,SILVER,2021-10-05,87313.7,87948.8,84557.36,77451.185,87017.19745898031,86491.54458680694,29.914984059511156,525.6528721733775,1024.703980655479,-499.0511084821014,91205.88320272473,84691.71679727528,87948.8,6514.166405449447,0.045175880443971604,1196.0,1533.0,2729.0,2729.0,1719.857142857143,-2.3575909372917536,49.0,519.0,628.0,1196.0,1.4072906125714824,0.5660535117056856,-3407.0,-725.0,-3.3687781982244243,0.506922165025019,36388.15,27384.78,-6.2764771460423585,6.623292878981319,0.2310367523493225,0,0,-31710.0,-68.20674969348906,40484.65,150.2,0,1,0,0,0,1,0,0,88049.0,83812.0,-1.3814039959522744,0
2021-09-14,84785.0,85308.0,84266.0,84918.0,32843,30448,84986.0,836688.56,SILVER,2021-10-05,87160.3,87793.95,84612.8,77513.95,86694.24400375257,86374.98572852495,33.86975485035343,319.2582752276212,883.6148395699074,-564.3565643422862,91321.06610093452,84266.83389906547,87793.95,7054.232201869047,0.09230857197499072,1042.0,322.0,720.0,1042.0,1627.7142857142858,-0.08001317864119173,133.0,390.0,519.0,1042.0,1.2270661108363363,0.6257197696737045,-1758.0,-1534.0,-3.2757952000109314,0.3607019268952181,36168.1,27789.04,290.66254311882955,37.47191633686978,0.908065394643346,0,0,15667.0,105.99418171977537,38018.7,-2568.2,0,0,0,0,1,1,0,0,88049.0,83331.0,-1.8688617254292377,0
2021-09-15,83947.0,84328.0,82753.0,83657.0,14046,61550,84918.0,352513.87,SILVER,2021-10-05,86726.1,87541.8,84619.88,77575.345,86226.97569548294,86173.65345233791,33.71762239856267,53.32224314502673,717.5563202849314,-664.2340771399047,91491.86833251995,83591.73166748005,87541.8,7900.1366650398995,0.008261671321304568,1575.0,590.0,2165.0,2165.0,1687.7857142857142,-1.4849619633057753,290.0,381.0,904.0,1575.0,1.882687641201573,0.573968253968254,-2984.0,-4342.0,-4.4376514990553115,-1.1378886379890925,36605.6,27642.46,-57.232895898669426,37.778409551314994,0.383711781803877,0,0,31102.0,102.14792433000524,39985.85,6362.2,0,0,0,0,1,1,0,0,88049.0,82329.0,-1.587434404771866,0
2021-09-16,84188.0,84518.0,84188.0,84333.0,28800,59294,83657.0,728637.12,SILVER,2021-10-05,86349.8,87251.1,84649.16,77641.415,85935.59481925478,86037.30875216474,43.21348127137732,-101.71393290995911,553.7022696459533,-655.4162025559124,91249.35329757594,83252.84670242407,87251.1,7996.506595151877,0.13507814752892322,330.0,861.0,531.0,861.0,1584.0,0.8080614891760485,145.0,185.0,0.0,330.0,0.39130589448970154,0.4393939393939394,-2717.0,-3763.0,-3.344485055202749,-0.373494550920533,37675.15,27614.1,105.04058094831268,44.89343556010947,0.7644296041289815,0,28800,-2256.0,-3.6653127538586516,40479.25,-2478.6,0,0,0,0,0,1,0,0,88049.0,82289.0,-2.4237249949604545,0
2021-09-17,84620.0,85160.0,84385.0,84714.0,19547,31446,84333.0,496771.37,SILVER,2021-10-05,85840.6,87028.8,84718.44,77711.265,85747.65715475405,85939.28588163402,45.88662430893638,-191.62872687996423,404.63607034076983,-596.2647972207341,91074.28536415311,82983.3146358469,87028.8,8090.970728306216,0.21390330311025746,775.0,827.0,52.0,827.0,1612.4285714285713,0.4517804418199267,94.0,446.0,235.0,775.0,0.9148428831125907,0.42451612903225805,-2324.0,-5092.0,-2.659809166620708,-0.005240889704770683,36691.05,27293.74,-32.12847222222223,39.51748424866791,0.5327457240934778,0,19547,-27848.0,-46.96596620231389,41234.75,-3009.0,0,0,0,0,0,0,0,0,85505.0,83230.0,-1.7517765658568833,0
2021-09-20,83846.0,84180.0,83538.0,83812.0,36389,27101,84714.0,914950.46,SILVER,2021-10-05,85382.5,86724.55,84743.44,77779.2,85449.86374633035,85781.70914966112,39.25081433224756,-331.84540333077894,257.3397756064601,-589.185178937239,90777.05126659913,82672.04873340088,86724.55,8105.002533198247,0.14064786061816245,642.0,534.0,1176.0,1176.0,1601.5714285714287,-1.0647590717000721,34.0,334.0,274.0,642.0,0.7660000954517253,0.42679127725856697,-1174.0,-4581.0,-3.358391597304342,-1.0991293249365406,34029.75,27262.02,86.16155931856551,54.6851478896253,1.0693290429697544,0,0,-4345.0,-13.817337658207718,41227.0,2464.0,0,0,0,0,0,1,0,0,85308.0,82300.0,-1.8040376079797642,0
2021-09-21,83131.0,83387.0,83131.0,83331.0,35346,76178,83812.0,883625.26,SILVER,2021-10-05,85048.0,86339.4,84760.62,77837.34,85123.88470843337,85600.17513857513,29.18673087212413,-476.2904301417584,110.6137344568164,-586.9041645985748,90122.6359526842,82556.16404731579,86339.4,7566.471905368409,0.10240386303879152,256.0,425.0,681.0,681.0,1455.0714285714287,-0.5739034983057278,200.0,56.0,0.0,256.0,0.3072086018408515,0.78125,-1587.0,-3345.0,-3.484388355721715,-1.6866559022338383,31776.2,27327.48,-2.866250790073921,59.91961167664624,1.112341941453037,0,0,49077.0,181.089258698941,42045.05,9146.0,0,1,0,0,1,1,0,0,85160.0,82805.0,-0.6312176740948747,0
2021-09-22,82264.0,82606.0,81912.0,82329.0,27748,38016,83331.0,685339.53,SILVER,2021-10-05,84616.8,85995.45,84733.38,77888.68,84693.90244559746,85357.86586905103,26.20678273784965,-663.963423453577,-44.301697125262265,-619.6617263283147,89928.42966459318,82062.47033540682,85995.45,7865.959329186357,0.03388393626753606,694.0,725.0,1419.0,1419.0,1492.2857142857142,-1.2024336681427106,65.0,277.0,352.0,694.0,0.8429593460384555,0.600864553314121,-1328.0,-4312.0,-4.263539524474838,-2.837583016280012,28914.75,27698.64,-21.49606744751882,46.70640069161167,0.9596486222429729,0,0,-38162.0,-50.09582819186642,41759.9,-4706.8,0,1,0,0,0,1,0,0,85160.0,82315.0,-0.01700494358002648,0
2021-09-23,82341.0,82922.0,81356.0,82289.0,30848,28932,82329.0,761535.32,SILVER,2021-10-05,84140.7,85709.55,84735.76,77944.99,84323.91745396708,85130.54247134355,14.030050722557192,-806.6250173764711,-196.76636117550404,-609.8586562009671,89852.55234256807,81566.54765743193,85709.55,8286.00468513614,0.0871894682685902,1566.0,593.0,973.0,1566.0,1436.142857142857,-0.04858555308578927,52.0,581.0,933.0,1566.0,1.9030490101957735,0.5957854406130269,-2044.0,-4761.0,-3.9908621618011093,-2.8875176194796564,27607.05,28177.94,11.171976358656476,30.008634395251182,1.1173957376829469,0,0,-9084.0,-23.89520202020202,40605.65,-6072.4,0,1,0,0,0,1,0,0,85160.0,81578.0,-0.8640279988819891,0
2021-09-24,83175.0,83570.0,83012.0,83230.0,12607,54653,82289.0,314784.18,SILVER,2021-10-05,83759.9,85573.05,84768.0,78002.09,84155.62246104908,84989.76154754031,24.125488623834826,-834.1390864912391,-324.24090623865106,-509.8981802525881,89858.74279420657,81287.35720579344,85573.05,8571.385588413134,0.22664279586635838,558.0,1281.0,723.0,1281.0,1391.142857142857,1.143530727071651,55.0,340.0,163.0,558.0,0.6704313348552204,0.3906810035842294,-1484.0,-3808.0,-2.738069988156321,-1.8143639109097771,26692.65,28272.36,-59.131872406639,31.39046238331982,0.4723023004460029,0,12607,25721.0,88.9015622839762,40553.1,4641.4,1,1,0,0,1,0,0,0,84180.0,81496.0,-2.083383395410309,0
2021-09-27,82284.0,82806.0,81445.0,82300.0,38583,62802,83230.0,952614.27,SILVER,2021-10-05,83491.3,85402.5,84781.16,78045.46,83870.14208242614,84790.51995142622,26.191512513601737,-920.3778690000763,-443.4682987909361,-476.9095702091402,89929.75321626799,80875.24678373201,85402.5,9054.50643253597,0.15735294097846733,1361.0,424.0,1785.0,1785.0,1336.2857142857142,-1.1173855580920322,16.0,506.0,839.0,1361.0,1.6537059538274606,0.6282145481263777,-1512.0,-2686.0,-3.6327976347296627,-2.9265464166803135,25173.3,28764.96,206.04426112477196,52.62253621040126,1.5326953557936385,1,0,8149.0,14.910434925804616,41692.55,7140.2,0,1,0,1,1,1,0,1,83570.0,80538.0,-2.140947752126367,0
2021-09-28,82717.0,83575.0,82088.0,82805.0,17563,17549,82300.0,436291.26,SILVER,2021-10-05,83280.0,85220.15,84803.12,78086.805,83706.2740697452,84643.44439946873,30.14492753623189,-937.1703297235363,-542.2087049774561,-394.96162474608013,89861.76107579531,80578.53892420468,85220.15,9283.222151590628,0.23983709960165372,1487.0,1275.0,212.0,1487.0,1402.9285714285713,0.6136087484811759,88.0,770.0,629.0,1487.0,1.795785278666747,0.4821788836583726,-526.0,-2113.0,-2.834012847900402,-2.3561868950104614,23217.6,28848.6,-54.47995231060312,18.10828666745799,0.7564520019295707,0,17563,-45253.0,-72.0566224005605,40231.2,-11725.8,0,0,0,0,0,0,0,0,83575.0,80040.0,-3.339170339955317,0
2021-09-29,82065.0,82887.0,81532.0,82315.0,38690,35362,82805.0,955430.2,SILVER,2021-10-05,83145.8,84935.95,84823.44,78132.15,83492.23190516901,84470.96703654512,25.69551380761729,-978.7351313761028,-629.5139902571855,-349.22114111891733,89557.16253056272,80314.73746943727,84935.95,9242.425061125454,0.2164218283982664,1355.0,82.0,1273.0,1355.0,1418.857142857143,-0.5917517058148691,250.0,572.0,533.0,1355.0,1.6461155317985785,0.5778597785977859,-14.0,-1342.0,-3.085795826148995,-2.9572486095824484,24027.0,29057.64,120.29266070716847,35.860842328041784,1.6102717775835518,1,0,17813.0,101.50435922274772,40996.3,-530.8,0,1,0,1,1,0,0,1,83575.0,78950.0,-4.087954807750713,0
2021-09-30,81630.0,82094.0,81147.0,81578.0,34176,57842,82315.0,836402.92,SILVER,2021-10-05,82870.3,84610.05,84816.76,78175.78,83197.73468898918,84256.67318198622,23.91553602140263,-1058.9384929970402,-715.3988908051565,-343.53960219188366,89212.21930428049,80007.88069571952,84610.05,9204.338608560967,0.1705846960932218,947.0,221.0,1168.0,1168.0,1395.857142857143,-0.8953410678491203,52.0,464.0,431.0,947.0,1.1608521905415676,0.4551214361140444,-711.0,-2755.0,-3.583557745208758,-3.818537751265192,24229.4,29365.26,-11.667097441199282,24.190074489090584,1.4105178006884198,0,0,22480.0,63.57106498501215,43055.65,5782.0,0,1,0,0,1,1,0,0,83575.0,80799.0,-0.9549143151339822,0
2021-10-01,81782.0,81958.0,81017.0,81496.0,19925,56539,81578.0,487142.34,SILVER,2021-10-05,82548.5,84194.55,84828.32,78213.49,82935.92935222162,84052.17887220946,29.460922787193965,-1116.2495199878467,-795.5690166416946,-320.68050334615214,88294.65081904264,80094.44918095737,84194.55,8200.201638085273,0.17091662874888675,941.0,380.0,561.0,941.0,1268.142857142857,-0.10051729632989392,286.0,176.0,479.0,941.0,1.154657897320114,0.5090329436769394,-1734.0,-3218.0,-3.2051361994333396,-3.9283107339624395,23393.4,29055.2,-41.69885299625468,23.23303641168734,0.8517359597151333,0,0,-1303.0,-2.252688357940602,42886.45,377.2,0,1,0,0,0,1,0,0,83575.0,80852.0,-0.7902228330224796,0
2021-10-04,80541.0,81195.0,80296.0,80538.0,26251,43717,81496.0,634260.91,SILVER,2021-10-05,82221.1,83801.8,84823.0,78249.355,82567.01714418753,83791.86932611988,26.667376944385254,-1224.8521819323505,-881.4256496998257,-343.4265322325248,87708.87189323996,79894.72810676004,83801.8,7814.143786479923,0.08232148151061044,899.0,301.0,1200.0,1200.0,1279.4285714285713,-1.1755178168253666,3.0,654.0,242.0,899.0,1.1162432640492685,0.26918798665183535,-1762.0,-3274.0,-3.894665747036463,-5.051695884370985,24074.1,29287.46,31.749058971141775,17.791786376944962,1.0904249795423298,0,0,-12822.0,-22.67815136454483,44370.8,-3817.0,0,1,0,0,0,1,0,0,83575.0,80215.0,-0.40105291911892527,0
2021-10-05,80076.0,80134.0,79884.0,80040.0,22648,64596,80538.0,543823.78,SILVER,2021-10-05,81892.0,83470.0,84805.06,78280.735,82178.24527585099,83513.95307974063,29.027020758436734,-1335.7078038896434,-972.2820805377893,-363.4257233518541,87475.208188294,79464.791811706,83470.0,8010.416376587993,0.07180752675668081,250.0,404.0,654.0,654.0,1171.5,-0.6183416523876883,36.0,58.0,156.0,250.0,0.312343828085957,0.624,-2765.0,-3291.0,-4.10926081226788,-5.618839253223803,24923.5,29541.8,-13.725191421279192,16.70589231382444,0.9087006239091621,0,0,20879.0,47.75945284443124,45436.15,9409.4,0,1,0,0,1,1,0,0,82887.0,80435.0,0.4935032483758121,0
2021-10-06,79059.0,79289.0,78471.0,78950.0,25108,33016,80040.0,594682.98,SILVER,2021-10-05,81554.1,83085.45,84755.18,78303.225,81681.59215648929,83175.88248124132,20.21688613477923,-1494.2903247520298,-1076.6837293806375,-417.60659537139236,87281.07742187104,78889.82257812895,83085.45,8391.254843742092,0.007171444913978165,818.0,751.0,1569.0,1569.0,1222.0714285714287,-1.3618190904547745,109.0,230.0,479.0,818.0,1.0360987967067765,0.5855745721271394,-3365.0,-3379.0,-4.97734561225822,-6.849351272689167,25582.8,29415.74,10.861886259272335,19.941687684503552,0.9814406554403741,0,0,-31580.0,-48.888476066629515,45600.0,-469.2,0,1,0,0,0,1,0,0,82094.0,80350.0,1.773274224192527,1
2021-10-07,80594.0,81062.0,80566.0,80799.0,15979,65200,78950.0,387326.17,SILVER,2021-10-05,81405.1,82772.9,84728.32,78338.87,81545.80874779864,82999.81711226048,31.36601618277011,-1454.0083644618426,-1152.1486563968786,-301.859708064964,86643.76476942249,78902.0352305775,82772.9,7741.729538844986,0.2450311341805817,496.0,2112.0,1616.0,2112.0,1313.857142857143,2.341988600379996,205.0,263.0,28.0,496.0,0.6138689835270239,0.46975806451612906,-779.0,-1490.0,-2.3847177034995686,-4.637552119527458,24723.7,29224.64,-36.3589294248845,15.188597106149455,0.646302940093918,0,15979,32184.0,97.48000969227041,45275.65,1471.6,1,0,0,0,1,0,0,0,81958.0,80163.0,-0.7871384546838451,0
2021-10-08,81127.0,82185.0,80236.0,80852.0,7722,70287,80799.0,187301.74,SILVER,2021-10-05,81167.3,82463.6,84723.52,78374.945,81439.06894044501,82840.71954838933,34.67274233637116,-1401.6506079443207,-1202.0490467063669,-199.60156123795377,85858.87599994284,79068.32400005717,82463.6,6790.551999885676,0.2626702512509825,1949.0,1386.0,563.0,1949.0,1369.0714285714287,0.06559487122366203,275.0,1058.0,616.0,1949.0,2.4105773512096174,0.31605951770138535,-644.0,-2378.0,-1.9543168137214548,-4.56959295364499,24661.3,28695.46,-51.67407221978848,15.934377124834507,0.31312217928495256,0,7722,5087.0,7.802147239263801,46465.45,2749.6,1,0,0,0,1,0,0,0,82185.0,80759.0,-0.1150249839212388,0
2021-10-11,80247.0,80490.0,79657.0,80215.0,10355,52607,80852.0,249187.9,SILVER,2021-10-05,80958.8,82225.05,84734.32,78421.395,81250.75064191502,82646.2218040642,34.12148389726865,-1395.4711621491879,-1240.7334697949311,-154.73769235425675,85543.67682286998,78906.42317713003,82225.05,6637.253645739955,0.19715636808755524,833.0,362.0,1195.0,1195.0,1405.7857142857142,-0.7878592984712829,32.0,243.0,558.0,833.0,1.0384591410584054,0.6698679471788715,-323.0,-2085.0,-2.444571331972438,-5.333517752901075,24758.7,28402.64,34.0973840973841,-1.2603105779042807,0.4182368218040527,0,0,-17680.0,-25.154011410360376,48356.75,1778.0,0,0,0,0,0,1,0,0,82185.0,81495.0,1.5957115252758212,1
2021-10-12,80698.0,80966.0,80065.0,80435.0,33799,37621,80215.0,815586.77,SILVER,2021-10-05,80721.8,82000.9,84725.22,78473.06,81125.25054315887,82482.42759635574,39.51273532668881,-1357.1770531968796,-1264.022186475321,-93.15486672155862,85155.19644503434,78846.60355496565,82000.9,6308.592890068685,0.2517830002209977,901.0,751.0,150.0,901.0,1368.7857142857142,0.27426291840677575,263.0,268.0,370.0,901.0,1.1201591347050412,0.41065482796892344,395.0,-2370.0,-1.909613187172329,-5.063687057997608,24806.5,28847.56,226.40270400772576,26.827955053928605,1.3625057948521557,0,33799,-14986.0,-28.486703290436633,48715.4,-5395.0,0,0,0,0,0,0,0,0,82185.0,81013.0,0.7185926524522906,1
2021-10-13,80232.0,81007.0,80011.0,80350.0,37705,22823,80435.0,908879.02,SILVER,2021-10-05,80525.3,81835.55,84707.74,78525.245,81005.98122882674,82324.46999662569,39.3168044077135,-1318.4887677989464,-1274.9155027400461,-43.57326505890023,84970.96821100362,78700.13178899638,81835.55,6270.83642200724,0.26310177781284055,996.0,572.0,424.0,996.0,1328.0714285714287,-0.1056753900665175,118.0,657.0,221.0,996.0,1.2395768512756689,0.34036144578313254,1400.0,-1965.0,-1.8152868771579134,-5.144441346209927,25989.45,29140.2,11.556554927660589,15.95434447597782,1.450780989978626,0,0,-14798.0,-39.334414289891285,46779.05,-2038.6,0,0,0,0,0,0,0,0,82185.0,80491.0,0.17548226509023024,0
2021-10-14,80454.0,80638.0,79708.0,80163.0,28070,39986,80350.0,675052.62,SILVER,2021-10-05,80383.8,81627.05,84700.24,78581.45,80876.29180900725,82164.36110798676,31.570724672515325,-1288.0692989795061,-1277.5462619879381,-10.523036991568006,84614.29470655495,78639.80529344505,81627.05,5974.489413109899,0.25494977080595055,930.0,288.0,642.0,930.0,1303.0,-0.2327317983820798,291.0,184.0,455.0,930.0,1.1601362224467646,0.489247311827957,-636.0,-1415.0,-1.7935843571463173,-5.356820712668588,25952.95,29459.0,-25.553640100782392,14.565690210019508,1.0815726150591745,0,0,17163.0,75.200455680673,45813.65,-5042.8,0,0,0,0,1,0,0,0,82185.0,80253.0,0.11227124733355787,0
2021-10-15,80884.0,81191.0,79612.0,80759.0,16284,74325,80163.0,394523.87,SILVER,2021-10-05,80310.1,81429.3,84674.88,78633.925,80858.24691531382,82060.26028517292,40.35307374483536,-1202.0133698590944,-1262.4396835621694,60.42631370307504,84058.26402249582,78800.33597750419,81429.3,5257.928044991626,0.3725163231097297,1579.0,1028.0,551.0,1579.0,1288.2857142857142,0.7434851490089045,125.0,307.0,1147.0,1579.0,1.9552000396240665,0.7264091196960102,-93.0,-737.0,-0.8231680734084695,-4.624606494866016,25789.8,29096.58,-41.9878874242964,14.536786767215336,0.6314124188632716,0,16284,34339.0,85.87755714500076,47957.6,807.6,1,0,0,0,1,0,1,0,81191.0,78148.0,-3.233076189650689,0
2021-10-18,81585.0,81842.0,81359.0,81495.0,26737,67771,80759.0,653679.54,SILVER,2021-10-05,80405.8,81313.45,84661.62,78695.8,80956.20892834247,82018.38915293789,42.02969092236554,-1062.1802245954168,-1222.387791768819,160.20756717340214,83692.65946402006,78934.24053597993,81313.45,4758.418928040133,0.5381534292683176,483.0,1083.0,600.0,1083.0,1259.4285714285713,0.9113535333523215,90.0,257.0,136.0,483.0,0.5926743972022823,0.2815734989648033,1280.0,957.0,0.22327179574843145,-3.740325309154249,25307.2,29415.54,64.1918447555883,17.78106534565999,1.05649775557944,0,26737,-6554.0,-8.818028927009758,49991.1,3032.8,0,0,0,0,0,0,0,0,81842.0,76799.0,-5.762316706546414,0
2021-10-19,81051.0,81258.0,80681.0,81013.0,28241,64973,81495.0,686366.44,SILVER,2021-10-05,80503.1,81197.55,84615.58,78756.945,80964.94601628979,81943.9158823499,42.070645554202194,-978.9698660601134,-1173.7042066270778,194.73434056696442,83380.69765274423,79014.40234725577,81197.55,4366.2953054884565,0.4577330466475727,577.0,237.0,814.0,814.0,1220.7857142857142,-0.5914473280569377,38.0,207.0,332.0,577.0,0.7122313702739067,0.5753899480069324,578.0,973.0,-0.22728518286574276,-4.257584714304389,24951.95,29301.76,5.6251636309234465,19.716100850880252,1.1318153491009721,0,0,-2798.0,-4.128609582269704,49430.85,5470.4,0,0,0,0,0,0,0,0,81842.0,78052.0,-3.6549689555997187,0
2021-10-20,80451.0,80781.0,80103.0,80491.0,32414,24690,81013.0,782710.58,SILVER,2021-10-05,80657.2,81105.65,84557.38,78814.865,80892.0312445529,81836.29248365731,43.20200125078174,-944.2612391044095,-1127.8156131225442,183.5543740181347,83242.50733582817,78968.79266417182,81105.65,4273.714671656344,0.35617898076434357,678.0,232.0,910.0,910.0,1202.357142857143,-0.6443410316862686,40.0,290.0,348.0,678.0,0.8423301984072753,0.5722713864306784,141.0,1541.0,-0.7578386955779212,-4.809018444043565,25185.25,29499.46,14.776388938068763,20.107551118759897,1.2870231583962835,0,0,-40283.0,-61.99959983377711,48764.55,373.4,0,0,0,0,0,0,0,0,81842.0,79583.0,-1.1280764309053186,0
2021-10-21,80446.0,80446.0,80161.0,80253.0,64737,49107,80491.0,1558601.54,SILVER,2021-10-05,80602.6,81003.85,84453.48,78865.67,80793.71874539091,81719.01155894196,42.37516869095816,-925.2928135510447,-1087.3110532082444,162.01823965719973,83096.88036666646,78910.81963333355,81003.85,4186.06073333291,0.3206308871677108,285.0,45.0,330.0,330.0,1158.7142857142858,-0.29568523188927553,193.0,0.0,92.0,285.0,0.35512691114350864,0.32280701754385965,90.0,-546.0,-0.9269312507985803,-4.973720443491489,26879.7,30535.36,99.71925711112482,33.71536977236083,2.4083974151497225,1,0,24417.0,98.89428918590522,49773.3,1824.2,0,0,0,1,1,0,0,0,81842.0,79372.0,-1.0977782762015127,0
2021-10-22,78170.0,78342.0,77983.0,78148.0,79427,67888,80253.0,1862118.36,SILVER,2021-10-05,80332.2,80749.75,84271.74,78911.675,80386.68509225386,81454.49218420552,37.14777371477737,-1067.8070919516613,-1083.4102609569277,15.603169005266409,82936.67217029912,78562.82782970088,80749.75,4373.84434059824,-0.09484284245107391,359.0,1911.0,2270.0,2270.0,1235.142857142857,-2.6229549051125844,22.0,172.0,165.0,359.0,0.45938475712750165,0.4596100278551532,-2611.0,-2704.0,-3.2219913993541773,-7.266659024721697,30220.7,31872.94,22.691814572809974,41.15195845162067,2.6282316425496433,1,0,18781.0,38.24505671289224,50435.05,-1287.4,0,0,0,1,1,1,0,0,81842.0,79927.0,2.276449813175001,1
2021-10-25,76497.0,77336.0,76378.0,76799.0,15960,20956,78148.0,367713.61,SILVER,2021-10-05,79990.6,80474.7,84067.66,78946.14,79834.73353959942,81109.64091130141,34.03290964627057,-1274.9073717019928,-1121.7096831059407,-153.1976885960521,83166.19092707457,77783.20907292543,80474.7,5382.98185414914,-0.18283715226846062,958.0,812.0,1770.0,1770.0,1314.857142857143,-1.7262118032451257,302.0,537.0,119.0,958.0,1.2474120756780687,0.4394572025052192,-4696.0,-3416.0,-4.567522463581718,-8.646202356530445,29089.55,31726.22,-79.90607727850731,29.751612314031536,0.5486506322717265,0,0,-46932.0,-69.13151072354466,48342.75,-9363.0,0,0,0,0,0,1,0,0,81258.0,80238.0,4.477922889620959,1
2021-10-26,77878.0,78210.0,77609.0,78052.0,69222,66227,76799.0,1620874.66,SILVER,2021-10-05,79752.3,80237.05,83868.4,78986.74,79560.46684119951,80883.14899194575,45.64584949573313,-1322.6821507462446,-1161.9041766340015,-160.7779741122431,82901.403894227,77572.69610577301,80237.05,5328.70778845399,0.08994749069662383,601.0,1411.0,810.0,1411.0,1303.5714285714287,1.631531660568486,174.0,158.0,269.0,601.0,0.7699994875211397,0.7371048252911814,-2961.0,-2383.0,-2.723243190022568,-6.935150783847069,31672.5,32365.78,333.7218045112782,40.48352236438677,2.1855552924461286,1,69222,45271.0,216.02882229433095,50776.65,250.8,1,0,0,1,1,1,0,0,80781.0,83189.0,6.581509762722288,1
2021-10-27,79553.0,79954.0,79319.0,79583.0,81187,46533,78052.0,1938331.51,SILVER,2021-10-05,79675.6,80100.45,83686.06,79038.885,79563.93348101497,80786.84165920904,43.916349809885936,-1222.9081781940622,-1174.1049769460137,-48.80320124804848,82590.68046703427,77610.21953296573,80100.45,4980.460934068542,0.39610399381703576,635.0,1902.0,1267.0,1902.0,1288.5714285714287,1.9615128375954471,30.0,371.0,234.0,635.0,0.7979091011899525,0.415748031496063,-908.0,-767.0,-0.64600136453665,-4.902919315355506,33797.35,33883.6,17.284967206957337,41.056363592316444,2.402170584380136,1,81187,-19694.0,-29.737116281878993,51335.2,4368.6,0,0,0,1,0,0,0,0,80446.0,84303.0,5.930914893884372,1
2021-10-28,79421.0,79489.0,79184.0,79372.0,33130,66234,79583.0,788878.31,SILVER,2021-10-05,79596.5,79990.15,83470.56,79088.015,79534.40525316651,80682.03857334169,42.71079590228526,-1147.633320175184,-1168.8106455918478,21.177325416663734,82398.90991462705,77581.39008537294,79990.15,4817.519829254103,0.3716870875660303,305.0,94.0,399.0,399.0,1177.857142857143,-0.2651320005528812,49.0,68.0,188.0,305.0,0.38426649196190094,0.6163934426229508,-881.0,-791.0,-0.7727826488636341,-4.9101862980193225,33745.05,34398.02,-59.19297424464508,37.69243017793018,0.98177362309435,0,0,19701.0,42.33769582876668,51754.8,3425.4,0,0,0,0,1,0,1,0,79954.0,84197.0,6.0789699138235145,1
2021-10-29,79918.0,80204.0,79452.0,79927.0,89610,77594,79372.0,2148677.54,SILVER,2021-10-05,79513.3,79911.7,83285.9,79139.025,79594.80444498704,80626.10979013119,48.57000993048659,-1031.305345144152,-1141.3095855023087,110.00424035815672,82213.80001154516,77609.59998845484,79911.7,4604.200023090321,0.503323052848111,752.0,832.0,80.0,832.0,1151.9285714285713,0.6992390263569126,9.0,277.0,466.0,752.0,0.9408585334117382,0.6316489361702128,1779.0,-832.0,0.019146132543798856,-4.032975569694263,37229.3,35405.64,170.4799275581044,58.93921167617026,2.4069751512921274,1,89610,11360.0,17.151312014977194,52807.55,1941.2,1,0,0,1,1,0,0,0,80204.0,83285.0,4.201333717016778,1
2021-11-01,80433.0,80433.0,80181.0,80238.0,35151,66901,79927.0,846133.78,SILVER,2021-12-05,79387.6,79896.7,83092.72,79193.93,79693.75760729672,80597.36091678814,49.03060722369845,-903.6033094914164,-1093.7683303001304,190.16502080871396,82185.48851889135,77607.91148110865,79896.7,4577.577037782699,0.5745590947313304,252.0,506.0,254.0,506.0,1123.7142857142858,0.3891050583657574,195.0,0.0,57.0,252.0,0.31406565467733494,0.2261904761904762,3439.0,-1257.0,0.427176591774132,-3.4355837671459075,37674.3,34316.36,-60.773351188483424,46.44269208176308,0.9330233076659685,0,35151,-10693.0,-13.780704693661882,53966.75,9189.0,0,0,0,0,0,0,0,0,80433.0,81760.0,1.8968568508686656,1
2021-11-02,82865.0,84078.0,82276.0,83189.0,28365,21519,80238.0,707896.8,SILVER,2021-12-05,79605.2,80054.15,82935.82,79263.22,80231.48720617415,80789.33418221124,60.89659937053811,-557.8469760370936,-986.584059447523,428.7370834104295,82776.6109822729,77331.68901772708,80054.15,5444.9219645458215,1.075738278787526,1802.0,3840.0,2038.0,3840.0,1326.857142857143,3.6778085196540244,324.0,889.0,589.0,1802.0,2.166151774874082,0.5066592674805771,5137.0,2176.0,3.9159119171211065,0.3052721972243031,37960.15,33275.32,-19.305282922249724,43.949647426445765,0.7472309777490341,0,28365,-45382.0,-67.83456151627031,51812.9,-8941.6,0,0,0,0,0,0,0,0,84078.0,81975.0,-1.4593275553258245,0
2021-11-03,84327.0,84549.0,83891.0,84303.0,11026,41115,83189.0,278857.46,SILVER,2021-12-05,79986.4,80321.8,82837.72,79339.54,80857.87378983966,81049.60572426967,64.83445606994411,-191.7319344300049,-827.6136344440195,635.8817000140145,83585.85847470816,77057.74152529184,80321.8,6528.116949416319,1.1098542705114922,658.0,1360.0,702.0,1360.0,1357.5714285714287,1.3391193547223734,24.0,222.0,412.0,658.0,0.7805178937878842,0.6261398176291794,4720.0,3812.0,4.956562228436113,1.76885602356028,37256.05,31796.3,-61.12815089018155,36.35919344362074,0.2959519326391284,0,11026,19596.0,91.06371113899345,52217.85,-1083.6,1,0,0,0,1,0,0,0,84549.0,81275.0,-3.591805748312634,0
2021-11-04,83891.0,84278.0,83891.0,84197.0,37767,76266,84303.0,953960.43,SILVER,2021-12-05,80380.8,80491.7,82761.52,79414.785,81371.58551447971,81282.74604099045,62.76737967914438,88.83947348926449,-644.3230128573628,733.1624863466272,84185.76363607435,76797.63636392565,80491.7,7388.127272148704,1.0015208676721108,387.0,25.0,412.0,412.0,1274.2142857142858,-0.12573692513908608,306.0,81.0,0.0,387.0,0.4596363290853593,0.7906976744186046,4825.0,3944.0,4.6033317720957605,1.7344775688025011,38345.45,31411.6,242.52675494286234,50.63994322679449,0.9849147682449939,0,0,35151.0,85.49434512951477,52771.15,2006.4,0,0,0,0,1,0,0,0,84549.0,79959.0,-5.033433495255175,0
2021-11-05,83412.0,83591.0,82896.0,83285.0,33523,11832,84197.0,837588.92,SILVER,2021-12-05,80894.5,80613.35,82708.02,79482.7,81665.95697379053,81431.06114906522,56.56158357771261,234.8958247253031,-468.47924534082955,703.3750700661326,84511.95267950326,76714.74732049675,80613.35,7797.205359006504,0.842641995046852,695.0,606.0,1301.0,1301.0,1289.7857142857142,-1.0831739848213173,127.0,179.0,389.0,695.0,0.834484000720418,0.5597122302158274,3358.0,5137.0,3.31415330091107,0.6976107032909215,39635.5,31464.16,-11.237323589376969,47.24702941057579,0.8457821902082728,0,0,-64434.0,-84.48587837306269,49848.4,-13152.4,0,0,0,0,0,0,0,0,84549.0,79378.0,-4.691120850093054,0
2021-11-08,81745.0,82060.0,81551.0,81760.0,15482,51368,83285.0,379742.5,SILVER,2021-12-05,81390.6,80690.6,82629.0,79536.4,81680.42513166892,81455.4269898752,52.54375808758428,224.99814179372333,-329.78376791391895,554.7819097076423,84617.09598175462,76764.10401824539,80690.6,7852.991963509237,0.6361773964584723,509.0,1225.0,1734.0,1734.0,1355.5,-1.8310620159692648,15.0,300.0,194.0,509.0,0.6225538160469667,0.4106090373280943,1522.0,4961.0,1.3253092677461737,-1.0516888743661426,39891.85,30394.4,-53.816782507532146,49.85595888767331,0.3880993235460376,0,0,39536.0,334.1446923597025,49786.45,-3106.6,0,0,0,0,1,0,0,0,84549.0,78404.0,-4.1046966731898245,0
2021-11-09,82043.0,82493.0,81700.0,81975.0,30108,79715,81760.0,740430.99,SILVER,2021-12-05,81782.9,80767.6,82539.46,79596.17,81725.7443421814,81493.91387951406,55.16138007790762,231.83046266733436,-217.46092179766828,449.29138446500264,84733.19633266961,76802.0036673304,80767.6,7931.192665339215,0.6522343550266477,793.0,733.0,60.0,793.0,1347.142857142857,0.26296477495106885,68.0,450.0,275.0,793.0,0.9673681000304971,0.3467843631778058,-1214.0,3923.0,1.4949063733477213,-0.6838668438102289,39707.3,29863.02,94.47099857899497,25.930878294444984,0.7582484832763748,0,30108,28347.0,55.18416134558479,51891.15,11639.2,1,0,0,0,1,0,0,0,84549.0,79981.0,-2.4324489173528514,0
2021-11-10,81135.0,81696.0,80948.0,81275.0,5493,47570,81975.0,133933.07,SILVER,2021-12-05,81952.1,80813.85,82404.98,79643.535,81656.39905876887,81477.69803658708,53.443860358538885,178.7010221817909,-138.22853300177644,316.92955518356735,84780.51548415118,76847.18451584883,80813.85,7933.330968302354,0.5581281685892748,748.0,279.0,1027.0,1027.0,1396.9285714285713,-0.8539188777066165,140.0,421.0,187.0,748.0,0.9203322054752383,0.43716577540106955,-3028.0,1692.0,0.5706323854141265,-1.371252077240958,38096.7,29522.84,-81.75567955360701,16.02681361838855,0.14418571687311502,0,0,-32145.0,-40.324907482907854,53128.5,1291.0,0,0,0,0,0,0,0,0,84278.0,80827.0,-0.5512150107659182,0
2021-11-11,80163.0,80163.0,79861.0,79959.0,21465,16615,81275.0,514895.98,SILVER,2021-12-05,82010.8,80803.65,82242.24,79692.305,81395.2607420352,81365.20188572878,56.44529859776497,30.058856306422967,-104.57105514013656,134.62991144655953,84778.40318134722,76828.89681865276,80803.65,7949.506362694461,0.3937481195104418,302.0,1112.0,1414.0,1414.0,1335.7857142857142,-1.6191940941248872,204.0,0.0,98.0,302.0,0.3776935679535762,0.32450331125827814,-4238.0,587.0,-1.045311690746636,-2.7762376122051213,37766.45,29349.58,290.7700709994538,51.023118142798445,0.5683616013684104,0,0,-30955.0,-65.07252470044145,51959.95,-11930.2,0,0,0,0,0,0,0,0,83591.0,80839.0,1.1005640390700233,1
2021-11-12,79544.0,79692.0,78784.0,79378.0,34550,48311,79959.0,822752.97,SILVER,2021-12-05,81955.9,80734.6,82033.68,79738.705,81084.91293556824,81218.00174604516,59.709359234997365,-133.08881047692557,-110.27460620749437,-22.8142042694312,84760.27483195427,76708.92516804574,80734.6,8051.349663908535,0.33150651050702934,908.0,267.0,1175.0,1175.0,1293.2857142857142,-0.7266223939769167,166.0,148.0,594.0,908.0,1.1438937740935775,0.6541850220264317,-3907.0,-549.0,-1.6803204573999322,-3.237304482744152,38679.75,29307.68,60.959701840204986,40.071095571008506,0.8932322468475107,0,0,31696.0,190.76737887451097,50659.25,7295.8,0,0,0,0,1,0,0,0,82493.0,82266.0,3.638287686764595,1
2021-11-15,78495.0,78663.0,77999.0,78404.0,18833,33434,79378.0,442974.76,SILVER,2021-12-05,81772.5,80580.05,81833.9,79777.73,80672.46479163466,81009.55717226405,51.35363790186125,-337.09238062938675,-155.63816109187286,-181.4542195375139,84718.56102005979,76441.53897994022,80580.05,8277.02204011957,0.23709747425433123,664.0,715.0,1379.0,1379.0,1291.0,-1.227040237849275,91.0,168.0,405.0,664.0,0.8468955665527269,0.6099397590361446,-3356.0,-1834.0,-2.7004823154118207,-4.191294805697876,38284.55,29431.6,-45.49059334298119,41.59937135555872,0.4919216759763403,0,0,-14877.0,-30.794229057564525,48942.4,-3586.8,0,0,0,0,0,0,0,0,82493.0,82360.0,5.045660935666548,1
2021-11-16,79960.0,80483.0,79126.0,79981.0,7970,25739,78404.0,191234.57,SILVER,2021-12-05,81451.7,80528.45,81700.0,79823.39,80566.08559292163,80933.36775209632,51.525137952176586,-367.2821591746906,-197.96696070843643,-169.31519846625417,84669.96543456441,76386.93456543559,80528.45,8283.030869128823,0.433907043369793,1357.0,2079.0,722.0,2079.0,1303.642857142857,2.0113769705627282,21.0,502.0,834.0,1357.0,1.6966529550768308,0.630066322770818,-1994.0,-3208.0,-0.6798218517803299,-2.1040391676866586,37271.0,29477.8,-57.680666914458655,37.761832956337834,0.2138391779131228,0,7970,-7695.0,-23.015493210504278,46980.7,-10795.2,0,0,0,0,0,0,0,0,81696.0,81558.0,1.9717182830922344,1
2021-11-17,80920.0,81394.0,80468.0,80827.0,37779,76202,79981.0,916068.97,SILVER,2021-12-05,81104.1,80545.25,81583.72,79875.755,80606.2262709337,80925.48865934844,55.316816487612364,-319.26238841474697,-222.22604624969856,-97.03634216504841,84688.85122420843,76401.64877579157,80545.25,8287.20244841685,0.5339982040687113,926.0,1413.0,487.0,1413.0,1376.0714285714287,1.0577512159137825,93.0,474.0,359.0,926.0,1.145656773107996,0.3876889848812095,-448.0,-3476.0,0.34980337139682355,-0.9275379940998048,37539.25,29994.94,374.01505646173143,81.27615369152913,1.006386648641089,0,37779,50463.0,196.05656785422897,49556.3,5726.4,1,0,0,0,1,0,0,0,81394.0,83039.0,2.736709267942643,1
2021-11-18,80725.0,81022.0,80639.0,80839.0,34958,43649,80827.0,847790.93,SILVER,2021-12-05,80768.3,80574.55,81459.5,79928.94,80642.03761386697,80919.0820919893,53.470319634703195,-277.0444781223341,-233.18973262422568,-43.85474549810843,84717.737355546,76431.362644454,80574.55,8286.374711092009,0.5319138355698553,383.0,195.0,188.0,383.0,1344.0,0.014846524057565702,114.0,183.0,86.0,383.0,0.47378121946090374,0.5221932114882507,880.0,-3358.0,0.32820537005791167,-0.7617282207722855,36050.3,30030.88,-7.4671113581619375,56.276767061426696,0.9697006682329966,0,34958,-32553.0,-42.719351198131285,49283.4,5406.8,0,0,0,0,0,0,0,0,81394.0,83583.0,3.394401217234256,1
2021-11-19,82407.0,82574.0,82038.0,82266.0,22145,57445,80839.0,546534.17,SILVER,2021-12-05,80666.4,80780.45,81364.06,79991.18,80891.87798096435,81018.85378887899,57.11279461279461,-126.97580791464134,-211.94694768230883,84.9711397676675,84823.98854803834,76736.91145196166,80780.45,8087.077096076682,0.6836943041782914,536.0,1735.0,1199.0,1735.0,1431.7857142857142,1.7652370761637393,141.0,167.0,228.0,536.0,0.6515449882089807,0.4253731343283582,2888.0,-1019.0,1.8389969355209126,1.1085238371831523,33186.2,30294.38,-36.65255449396418,53.73524397096797,0.6672954420813472,0,22145,13796.0,31.606680565419598,48761.25,1826.8,1,0,0,0,1,0,1,0,82574.0,82598.0,0.4035689106070552,0
2021-11-22,82632.0,82632.0,82196.0,82360.0,6806,49470,82266.0,168162.65,SILVER,2021-12-05,80726.4,81058.5,81311.54,80056.19,81117.74290696983,81118.19795266574,46.36371611544872,-0.45504569591139443,-169.64856728502937,169.19352158911798,84693.42610509098,77423.57389490902,81058.5,7269.852210181969,0.6790270231597215,436.0,366.0,70.0,436.0,1188.642857142857,0.11426348673815312,272.0,0.0,164.0,436.0,0.5293831957260806,0.3761467889908257,3956.0,600.0,1.605630501427981,1.289435669278932,32728.5,30262.36,-69.26620004515692,52.1903022172055,0.2079533128618788,0,6806,-7975.0,-13.882844459918186,50186.95,3207.2,0,0,0,0,0,0,0,0,82632.0,82436.0,0.09227780475959203,0
2021-11-23,81732.0,82545.0,81056.0,81558.0,10664,58621,82360.0,260920.35,SILVER,2021-12-05,80684.7,81233.8,81244.34,80113.65,81185.474767436,81150.7758820979,37.620636781816536,34.698885338089895,-128.77907676040553,163.47796209849542,84585.3471117237,77882.2528882763,81233.8,6703.094223447406,0.5483657232306158,1489.0,185.0,1304.0,1489.0,1197.857142857143,-0.9737736765420113,174.0,813.0,502.0,1489.0,1.8256945977096053,0.3371390194761585,1577.0,-417.0,0.39909495801008577,0.38606997115122543,29800.6,29818.78,56.68527769615046,48.41173012892106,0.35784514405750223,0,0,9151.0,18.498079644228827,49806.65,6576.4,0,0,0,0,1,0,0,0,82632.0,81619.0,0.07479339856298585,0
2021-11-24,82918.0,83689.0,82465.0,83039.0,33900,42926,81558.0,844506.63,SILVER,2021-12-05,80861.1,81406.6,81231.98,80176.965,81470.63249552276,81290.64433527584,45.35387578237843,179.98816024692496,-67.02562935893943,247.0137896058644,84756.14931139577,78057.05068860424,81406.6,6699.098622791527,0.7436745735383382,1224.0,2131.0,907.0,2131.0,1320.642857142857,1.8158856274062662,121.0,650.0,453.0,1224.0,1.4740061898625947,0.46895424836601307,2212.0,1764.0,2.0052428181498723,2.224517979249064,27436.25,30215.86,217.8919729932483,78.37649538360658,1.2355915987060915,0,33900,-15695.0,-26.773681786390547,49626.3,-6655.2,0,0,0,0,0,0,0,0,83689.0,80334.0,-3.2575055094594108,0
2021-11-25,83643.0,84704.0,82364.0,83583.0,19126,47997,83039.0,479582.54,SILVER,2021-12-05,81223.5,81617.15,81216.98,80245.74,81795.61211159619,81460.44845858873,51.23201587564081,335.1636530074611,13.412227114340673,321.7514258931204,84957.58887913867,78276.71112086132,81617.15,6680.877758277347,0.7942502573953542,2340.0,1665.0,675.0,2340.0,1394.857142857143,0.6551138621611496,60.0,1061.0,1219.0,2340.0,2.7996123613653494,0.520940170940171,2744.0,3624.0,2.408623677744207,2.9132085433366326,26736.05,30022.38,-43.5811209439528,44.94137618926592,0.7153637130391363,0,19126,5071.0,11.813353212505252,48714.45,869.6,1,0,0,0,1,0,0,0,84704.0,81226.0,-2.8199514255291147,0
2021-11-26,82385.0,82899.0,81969.0,82598.0,10154,69940,83583.0,251610.03,SILVER,2021-12-05,81545.5,81750.7,81174.66,80305.82,81919.05640211984,81544.7115357303,53.62644971438463,374.3448663895397,85.59875496938048,288.7461114201592,85019.4281994842,78481.97180051579,81750.7,6537.45639896841,0.6296069829442693,930.0,684.0,1614.0,1614.0,1386.2857142857142,-1.178469305959351,213.0,301.0,416.0,930.0,1.1259352526695563,0.6763440860215054,332.0,3220.0,1.0364437246408935,1.7534289641619645,22763.25,29834.52,-46.90996549200042,34.15440945604538,0.44606987139358395,0,0,21943.0,45.71744067337542,48331.75,2499.0,0,0,0,0,1,0,0,0,84704.0,83074.0,0.5762851400760309,1
2021-11-29,82530.0,82584.0,82239.0,82436.0,27208,50724,82598.0,672875.61,SILVER,2021-12-05,81948.7,81860.6,81147.14,80363.73,81998.58618640908,81610.73290345397,52.004173550126076,387.85328295511135,146.04966056652665,241.8036223885847,85062.29655026799,78658.90344973202,81860.6,6403.393100535963,0.5898586094849984,345.0,14.0,359.0,359.0,1355.2857142857142,-0.19613065691663767,94.0,54.0,197.0,345.0,0.4185064777524382,0.5710144927536231,76.0,4032.0,0.702902250899693,1.5882999696600528,22366.1,29650.9,167.95351585582034,55.49882037592554,1.2164838751503393,0,0,-19216.0,-27.47497855304547,47522.9,250.8,0,0,0,0,0,0,0,0,84704.0,81751.0,-0.8309476442331021,0
2021-11-30,81692.0,81704.0,81469.0,81619.0,18767,41704,82436.0,459523.13,SILVER,2021-12-05,82112.5,81782.1,81112.9,80414.095,81940.18831157692,81611.3452809759,51.48046135307282,328.8430306010123,182.6083345734238,146.23469602758848,84923.0709460943,78641.12905390571,81782.1,6281.941892188595,0.4740366907559563,235.0,732.0,967.0,967.0,1351.0,-0.9910718618079462,73.0,12.0,150.0,235.0,0.28792315514769845,0.6382978723404256,61.0,1638.0,-0.19943239413026298,0.6239451431276726,21886.2,29319.32,-31.023963540135256,58.16449071335787,0.8574809697434913,0,0,-9020.0,-17.78250926583077,48532.15,-3383.4,0,0,0,0,0,0,0,0,84704.0,82309.0,0.8453913917102636,1
2021-12-01,80033.0,80412.0,80033.0,80334.0,25043,38391,81619.0,603541.31,SILVER,2022-02-05,82063.2,81583.65,81073.0,80455.305,81693.08241748816,81516.72711201473,51.618192802278415,176.35530547342205,181.3577287534235,-5.002423280001437,84550.71399448451,78616.58600551548,81583.65,5934.127988969034,0.2894130355255276,379.0,1207.0,1586.0,1586.0,1363.2857142857142,-1.5743883164459294,301.0,78.0,0.0,379.0,0.47178031717579105,0.7941952506596306,-2705.0,-493.0,-1.531740734816344,-0.9115241819101304,22587.05,29265.22,33.44167954388022,24.107153021572753,1.108732658758005,0,0,-3313.0,-7.944082102436212,48395.95,-907.0,0,0,0,0,0,0,0,0,84704.0,81708.0,1.7103592501307041,1
2021-12-02,81037.0,81332.0,81037.0,81226.0,6525,73291,80334.0,158999.89,SILVER,2022-02-05,82101.9,81435.1,81051.74,80504.35,81621.22358402844,81495.19177038402,57.76601109430156,126.03181364442571,170.29254573162396,-44.26073208719825,84136.89082130785,78733.30917869216,81435.1,5403.581642615696,0.46130344393227535,295.0,998.0,703.0,998.0,1350.642857142857,1.1103642293424976,189.0,106.0,0.0,295.0,0.36318420210277497,0.6406779661016949,-2357.0,387.0,-0.2567688871260744,0.21499846887925508,21024.95,28778.76,-73.94481491834046,17.4593826655549,0.31034556562560195,0,6525,34900.0,90.90672292985336,48247.2,5058.8,1,0,0,0,1,0,0,0,82899.0,81265.0,0.048014182650875335,0
2021-12-03,83027.0,83710.0,82389.0,83074.0,38528,12526,81226.0,960202.52,SILVER,2022-02-05,82182.7,81424.55,81048.62,80564.87,81844.72764802407,81612.14052813336,68.28217976824304,232.58711989071162,182.7514605634415,49.83565932727012,84097.41902626691,78751.68097373309,81424.55,5345.738052533823,0.8085542134295517,1321.0,2484.0,1163.0,2484.0,1429.5714285714287,2.275133577918398,47.0,636.0,638.0,1321.0,1.590148542263524,0.5185465556396669,476.0,808.0,2.0257403940212098,2.498969137290684,21275.2,29297.18,490.46743295019155,70.17138140997046,1.8109347973227043,1,38528,-60765.0,-82.90922487072082,48281.9,-11482.8,0,0,0,1,0,0,1,0,83710.0,80726.0,-2.82639574355394,0
2021-12-06,81702.0,82490.0,81140.0,81751.0,21978,34686,83074.0,539017.04,SILVER,2022-02-05,82121.8,81424.1,81037.64,80615.58,81830.30800986652,81622.4264149383,57.06981945997763,207.88159492822888,187.77748743639899,20.104107491829893,84096.73425343419,78751.46574656582,81424.1,5345.268506868364,0.5611568903563865,1350.0,584.0,1934.0,1934.0,1419.2142857142858,-1.592556034378989,49.0,739.0,562.0,1350.0,1.6513559467162482,0.4525925925925926,-685.0,-609.0,0.4014781864337391,0.8802822984479812,21600.0,28965.08,-42.95577242524917,72.80242417196123,1.0175,0,0,22160.0,176.91202299217625,47447.8,-3207.6,0,0,0,0,1,0,0,0,83710.0,79937.0,-2.2189331017357588,0
2021-12-07,82110.0,82456.0,82110.0,82309.0,6055,16574,81751.0,149514.3,SILVER,2022-02-05,82196.9,81440.8,81027.72,80666.43,81903.95293142552,81673.28371753547,56.05887162714637,230.66921389005438,196.3558327271301,34.31338116292429,84132.03744576205,78749.56255423796,81440.8,5382.4748915240925,0.6613012633588262,346.0,705.0,359.0,705.0,1368.642857142857,0.6825604579760558,199.0,147.0,0.0,346.0,0.420367153045232,0.5751445086705202,690.0,751.0,1.0660504317246358,1.5812860092817602,20397.35,28734.92,-72.44972244972246,59.88892415737396,0.2968522871843647,0,6055,-18112.0,-52.21703280862595,44290.75,-5026.0,0,0,0,0,0,0,0,0,83710.0,80002.0,-2.8028526649576597,0
2021-12-08,81771.0,82230.0,81139.0,81708.0,15046,18733,82309.0,368813.57,SILVER,2022-02-05,82063.8,81462.45,81015.58,80714.275,81873.80632659083,81675.85529401431,53.3894999609954,197.951032576515,196.6748726970071,1.276159879507901,84155.03775745137,78769.86224254862,81462.45,5385.175514902745,0.5455973996242975,1091.0,79.0,1170.0,1170.0,1424.857142857143,-0.7301753149716261,63.0,459.0,569.0,1091.0,1.3352425711068685,0.5215398716773603,1374.0,-1331.0,0.3014272219900125,0.8546751131078716,20875.0,28262.04,148.48885218827417,52.94861207687654,0.7207664670658682,0,0,2159.0,13.026426933751667,42848.9,-3931.6,0,0,0,0,1,0,0,0,83710.0,79251.0,-3.007049493317668,0
2021-12-09,81306.0,81650.0,81018.0,81265.0,20678,60290,81708.0,504119.3,SILVER,2022-02-05,81832.0,81527.75,81009.32,80759.32,81780.14381480761,81645.42156853178,45.771018166455434,134.72224627583637,184.28434741277297,-49.562101136936604,84128.59924389549,78926.90075610451,81527.75,5201.698487790971,0.44948765280865344,632.0,58.0,690.0,690.0,1350.2142857142858,-0.5421745728692362,41.0,344.0,247.0,632.0,0.7777025779856027,0.39082278481012656,39.0,-2318.0,-0.32228290367390244,0.3156180054344278,20835.65,27992.08,37.431875581549924,61.04991172942681,0.9924336413790785,0,0,41557.0,221.8384668766348,45032.65,-2600.2,0,0,0,0,1,0,0,0,83710.0,79521.0,-2.1460653417830553,0
2021-12-10,80695.0,81086.0,80161.0,80726.0,31624,46051,81265.0,765863.71,SILVER,2022-02-05,81644.8,81595.15,80993.92,80796.155,81617.96784329874,81577.31626715905,43.34690553745928,40.65157613968768,155.5577931581559,-114.90621701846823,84025.72292574537,79164.57707425462,81595.15,4861.145851490757,0.3212047063485137,925.0,179.0,1104.0,1104.0,1397.9285714285713,-0.6632621669845573,31.0,360.0,534.0,925.0,1.1458513985580854,0.6108108108108108,-2348.0,-1872.0,-1.0651981153291517,-0.33079026178754933,20689.35,28226.06,52.93548699100494,71.03445697772734,1.528515878942548,1,0,-14239.0,-23.617515342511197,44919.65,6705.0,0,0,0,1,0,0,0,0,82490.0,79495.0,-1.524911428783787,0
2021-12-13,79816.0,80333.0,79224.0,79937.0,10255,25909,80726.0,245926.18,SILVER,2022-02-05,81394.9,81671.8,80981.9,80831.475,81359.35740586817,81455.8113584806,43.3928425857993,-96.45395261242811,105.15544400403911,-201.60939661646722,83749.75553369123,79593.84446630877,81671.8,4155.911067382462,0.0825704708612447,1109.0,393.0,1502.0,1502.0,1398.857142857143,-0.9773802740133286,121.0,396.0,592.0,1109.0,1.3873425322441422,0.6429215509467989,-1814.0,-2499.0,-2.1241113823865803,-1.2902883236871379,20260.45,27906.14,-67.57209714141159,47.48189567800416,0.5061585502789918,0,0,-20142.0,-43.73846387700593,44543.4,-1755.4,0,0,0,0,0,1,0,0,82456.0,79293.0,-0.8056344371192314,0
2021-12-14,80170.0,80736.0,79082.0,80002.0,14411,38133,79937.0,345872.65,SILVER,2022-02-05,81233.2,81672.85,80981.14,80864.695,81150.53318958076,81348.12162822277,36.00589807391024,-197.58843864200753,44.60666747482978,-242.1951061168373,83747.22633239947,79598.47366760054,81672.85,4148.752664798929,0.09726449489825532,1654.0,799.0,855.0,1654.0,1364.7857142857142,0.0813140348024044,168.0,566.0,920.0,1654.0,2.067448313792155,0.5562273276904474,-2307.0,-1617.0,-2.0457838804449775,-1.2090963402095838,20582.5,27741.4,40.526572403705515,54.636949272388236,0.7001579011296004,0,14411,12224.0,47.18051642286465,45163.1,4311.8,1,0,0,0,1,1,0,0,82230.0,78479.0,-1.903702407439814,0
2021-12-15,79514.0,79514.0,79066.0,79251.0,38971,61571,80002.0,926547.22,SILVER,2022-02-05,81124.9,81594.05,80987.16,80894.93,80858.29731426065,81192.77928539144,30.412371134020617,-334.4819711307937,-31.211060246294913,-303.2709108844988,83909.45074739789,79278.64925260212,81594.05,4630.801494795771,-0.005970727234408669,448.0,488.0,936.0,936.0,1264.5,-0.9387265318367088,263.0,0.0,185.0,448.0,0.5652925515135455,0.41294642857142855,-2457.0,-1083.0,-2.8715941909979987,-2.1437472310425547,20642.1,28018.66,170.42536950940254,68.33531826894047,1.8879377582707186,1,0,23438.0,61.46382398447538,44431.55,8567.6,0,0,0,1,1,1,0,0,81650.0,77973.0,-1.6125979482908732,0
2021-12-16,79444.0,79728.0,79328.0,79521.0,36235,60908,79251.0,864433.03,SILVER,2022-02-05,80954.4,81528.15,80961.6,80927.35,80652.55926591286,81068.94378276984,35.12520545296336,-416.3845168569824,-108.24575156843241,-308.13876528854996,84003.53248187568,79052.76751812431,81528.15,4950.764963751368,0.09457780470371867,400.0,477.0,77.0,477.0,1183.2857142857142,0.34068970738538873,77.0,207.0,116.0,400.0,0.5030117830510179,0.4825,-1744.0,-1705.0,-2.4619103953665014,-1.7793620679433284,20705.95,28423.78,-7.0206050653049745,75.02773925424403,1.7499800781900854,1,36235,-663.0,-1.0768056390183744,45294.5,123.6,0,0,0,1,0,1,0,0,81086.0,78682.0,-1.0550672149495102,0
2021-12-17,79397.0,79579.0,79393.0,79495.0,24194,21278,79521.0,576990.61,SILVER,2022-02-05,80596.5,81389.6,80934.46,80954.84,80474.47322500318,80952.35535441653,35.59322033898306,-477.88212941335223,-182.1730271374164,-295.70910227593583,83997.7276526715,78781.47234732851,81389.6,5216.255305342987,0.13678925031537945,186.0,58.0,128.0,186.0,1170.9285714285713,-0.03269576589831624,98.0,84.0,4.0,186.0,0.23397697968425687,0.5483870967741935,-1231.0,-3579.0,-2.3278158388786845,-1.7785501997542288,20808.4,28753.22,-33.230302194011315,22.65796573982373,1.162703523577017,0,0,-39630.0,-65.06534445393052,43486.15,-4954.6,0,0,0,0,0,1,0,0,80736.0,79163.0,-0.4176363293288886,0
2021-12-20,79371.0,79613.0,79029.0,79293.0,24476,61458,79495.0,582232.64,SILVER,2022-02-05,80350.7,81236.25,80916.02,80977.65,80292.70811346424,80829.44014297827,37.87531276063386,-536.732029514038,-253.08482761274075,-283.64720190129725,83962.14136556105,78510.35863443895,81236.25,5451.782731122104,0.1435569618527271,584.0,118.0,466.0,584.0,1143.5714285714287,-0.25410403170010865,78.0,242.0,264.0,584.0,0.736508897380601,0.4520547945205479,-644.0,-2458.0,-2.3920971241286986,-2.0058079969825555,21691.9,29035.64,1.1655782425394667,27.07010080660259,1.1283474476647966,0,0,40180.0,188.8335369865589,44085.55,7109.8,0,0,0,0,1,1,0,0,80736.0,78286.0,-1.269973389832646,0
2021-12-21,78423.0,78949.0,78186.0,78479.0,20110,74265,79293.0,473463.81,SILVER,2022-02-05,79967.7,81082.3,80876.9,80992.735,80013.6760960082,80655.33346572061,39.83115886415963,-641.6573697124113,-330.7993360326749,-310.8580336797364,84067.16322352568,78097.43677647432,81082.3,5969.726447051362,0.06391636650522643,763.0,344.0,1107.0,1107.0,1109.357142857143,-1.0265723329928256,56.0,470.0,237.0,763.0,0.972234610532754,0.3840104849279161,-1523.0,-3830.0,-3.2106883993177333,-2.9648762502024613,22164.2,28761.86,-17.83788200686387,32.531284850888454,0.9073190099349401,0,0,12807.0,20.838621497608113,44867.75,7226.4,0,0,0,0,1,1,0,0,79728.0,78396.0,-0.10576077676830743,0
2021-12-22,77951.0,78135.0,77717.0,77973.0,65142,66782,78479.0,1523795.15,SILVER,2022-02-05,79594.2,80829.0,80829.36,80999.415,79699.72592739156,80456.64209788946,31.37950772753291,-756.9161704979051,-416.022702925721,-340.89346757218414,83970.42254065664,77687.57745934336,80829.0,6282.84508131328,0.04542886812625011,418.0,344.0,762.0,762.0,1092.5,-0.644758470418838,22.0,162.0,234.0,418.0,0.5360830030908135,0.6124401913875598,-1278.0,-3735.0,-3.533385294881788,-3.5338149405117156,23726.3,29310.6,223.92839383391347,40.07523901545238,2.7455608333368455,1,0,-7483.0,-10.076078906618191,46060.55,1042.2,0,0,0,1,0,1,0,0,79728.0,79106.0,1.4530670873250997,1
2021-12-23,78799.0,79193.0,78146.0,78682.0,21285,65415,77973.0,502423.91,SILVER,2022-02-05,79335.9,80583.95,80799.74,81009.45,79543.15270779285,80325.18712767542,21.09004739336494,-782.0344198825769,-489.22504631709216,-292.80937356548475,83582.18270576069,77585.71729423931,80583.95,5996.465411521378,0.18282148407866014,1047.0,1220.0,173.0,1220.0,1002.2142857142857,0.9092891128980485,117.0,394.0,536.0,1047.0,1.3306728349558985,0.5119388729703916,-839.0,-2583.0,-2.3602094461738314,-2.620973780361181,23834.25,29174.9,-67.32522796352583,29.599528660944806,0.893042575285566,0,21285,-1367.0,-2.0469587613428764,46931.45,901.4,0,1,0,0,0,1,0,0,79613.0,77601.0,-1.3738847512772934,0
2021-12-24,78860.0,79495.0,78533.0,79163.0,37475,64160,78682.0,889990.03,SILVER,2022-02-05,79179.6,80412.2,80767.82,81018.735,79484.66767582472,80239.09919229207,30.84098312111341,-754.4315164673462,-542.266340347143,-212.16517612020323,83316.72957328783,77507.67042671217,80412.2,5809.059146575659,0.2849565706804037,962.0,813.0,149.0,962.0,932.7857142857143,0.6113215220762136,303.0,332.0,327.0,962.0,1.2152141783408916,0.6548856548856549,-332.0,-1563.0,-1.553495613849636,-1.986954705475531,25200.3,29598.72,76.06295513272256,31.91227547511657,1.487085471204708,0,37475,-1255.0,-1.9185202170755922,46642.45,8576.4,0,0,0,0,0,0,0,0,79613.0,78114.0,-1.3251140052802446,0
2021-12-27,78492.0,78626.0,77806.0,78286.0,31267,64399,79163.0,734330.51,SILVER,2022-02-05,79014.5,80204.7,80703.64,81024.935,79300.25726415937,80094.42517804822,21.560865262264954,-794.167913888843,-592.646655055483,-201.52125883335998,83093.37925384202,77316.02074615797,80204.7,5777.358507684054,0.16789320803822877,820.0,537.0,1357.0,1357.0,979.3571428571429,-1.1078407842047389,206.0,134.0,480.0,820.0,1.047441432695501,0.5853658536585366,-1007.0,-1651.0,-2.392253820536698,-2.995701309135498,25403.25,29689.32,-16.565710473649098,37.012914141892814,1.2308267642919706,0,0,239.0,0.3725062344139607,47326.2,588.2,0,1,0,0,1,1,0,0,79495.0,77532.0,-0.9631351710395218,0
2021-12-28,78408.0,78739.0,78017.0,78396.0,24642,35298,78286.0,579550.27,SILVER,2022-02-05,78853.9,80043.55,80651.3,81030.13,79161.140761981,79968.61590560019,24.8404740200547,-807.4751436191873,-635.6123527682239,-171.8627908509634,82959.49480310161,77127.6051968984,80043.55,5831.8896062032145,0.21749293775253375,722.0,453.0,269.0,722.0,947.3571428571429,0.1405104360932885,12.0,331.0,379.0,722.0,0.9209653553752744,0.5249307479224377,-83.0,-1606.0,-2.0583170036811245,-2.79635914114218,25697.0,29617.34,-21.18847347043209,30.84140955447906,0.9589446238860567,0,24642,-29101.0,-45.18858988493611,47005.9,-7793.4,0,1,0,0,0,0,0,0,79495.0,78070.0,-0.415837542731772,0
2021-12-29,79040.0,79644.0,78635.0,79106.0,42795,32191,78396.0,1015602.38,SILVER,2022-02-05,78839.4,79982.15,80623.6,81039.365,79152.65756783007,79904.7184311113,34.238574974448824,-752.0608632812218,-658.9020548708236,-93.15880841039825,82923.94417327133,77040.35582672866,79982.15,5883.588346542674,0.351085774803596,1009.0,1248.0,239.0,1248.0,987.2142857142857,0.9056584519618438,66.0,538.0,405.0,1009.0,1.2755037544560464,0.466798810703667,1133.0,-145.0,-1.0954319182467516,-1.8823272590159776,26584.6,29824.96,73.66691015339664,21.16556361887847,1.6097665565778685,1,42795,-3107.0,-8.802198424839936,46695.9,-6918.2,0,0,0,1,0,0,0,0,79644.0,77398.0,-2.15912825828635,0
2021-12-30,77587.0,78352.0,76935.0,77601.0,20365,66964,79106.0,474103.31,SILVER,2022-02-05,78647.4,79800.9,80570.56,81040.545,78913.94101893314,79734.07262139935,30.00639795265515,-820.1316024662083,-691.1479643899005,-128.98363807630778,82864.19398901841,76737.60601098157,79800.9,6126.587978036841,0.14092574726970397,1417.0,754.0,2171.0,2171.0,1063.4285714285713,-1.9025105554572375,14.0,751.0,652.0,1417.0,1.8260073968118968,0.4700070571630205,-1081.0,-1920.0,-2.7567358262876667,-3.6856638454542177,27276.6,28937.52,-52.412665030961556,16.62635762231281,0.7466106479546571,0,0,34773.0,108.02087539995652,46379.55,309.8,0,0,0,0,1,1,0,0,79644.0,75806.0,-2.313114521720081,0
2021-12-31,78108.0,78244.0,77968.0,78114.0,78502,43092,77601.0,1839631.57,SILVER,2022-02-05,78509.3,79552.9,80569.88,81041.5,78790.8731698665,79614.06724203643,37.909537073882476,-823.1940721699211,-717.5571859459046,-105.63688622401651,82285.75182836318,76820.04817163681,79552.9,5465.703656726371,0.23674020942770815,276.0,643.0,367.0,643.0,1002.0714285714286,0.6610739552325384,6.0,130.0,140.0,276.0,0.35332974882863505,0.5289855072463768,-1049.0,-1381.0,-1.8087335596816638,-3.0481365989374747,29275.3,28919.02,285.4750797937638,48.49689582109032,2.6815096685601856,1,78502,-23872.0,-35.64900543575653,47907.85,-4213.6,0,0,0,1,0,0,0,0,79644.0,74401.0,-4.753309265944645,0
2022-01-03,77264.0,78340.0,76920.0,77532.0,31177,72513,78114.0,725164.55,SILVER,2022-02-05,78333.2,79341.95,80584.54,81043.15,78597.20037450243,79459.84003892262,34.66981132075472,-862.6396644201886,-746.5736816407614,-116.06598277942726,82010.97982373719,76672.9201762628,79341.95,5338.05964747438,0.16093484907828878,1420.0,226.0,1194.0,1420.0,985.3571428571429,-0.7450649051386482,268.0,808.0,344.0,1420.0,1.8315018315018317,0.4309859154929577,-754.0,-1761.0,-2.2812018106436724,-3.7879970525363724,29735.25,29223.36,-60.28508827800565,42.35182916903581,1.0484862242624495,0,0,29421.0,68.2748538011696,49799.2,1622.8,0,0,0,0,1,1,0,0,79644.0,74462.0,-3.959655368106072,0
2022-01-04,78303.0,78501.0,77760.0,78070.0,9414,61097,77532.0,220485.29,SILVER,2022-02-05,78292.3,79130.0,80584.9,81037.865,78516.09262457897,79356.88892492835,42.47099324238174,-840.7963003493787,-765.418205382485,-75.37809496689374,81458.48204450401,76801.51795549599,79130.0,4656.964089008019,0.2723839008117001,741.0,969.0,228.0,969.0,987.7142857142857,0.6939070319351925,233.0,198.0,310.0,741.0,0.9491482003330345,0.4183535762483131,-326.0,-409.0,-1.339567799823076,-3.120807992564357,29903.2,28027.2,-69.80466369439009,37.15515100028319,0.3148158056662832,0,9414,-11416.0,-15.743383944947798,52025.35,5159.8,0,0,0,0,0,0,0,0,79644.0,74707.0,-4.307672601511464,0
2022-01-05,77404.0,77986.0,77006.0,77398.0,22494,40279,78070.0,522297.18,SILVER,2022-02-05,78234.8,78914.5,80541.2,81033.735,78344.07837464374,79211.78604160032,37.125530624620986,-867.7076669565868,-785.8760976973053,-81.83156925928142,81026.05323225114,76802.94676774886,78914.5,4223.106464502285,0.14090415130495004,980.0,84.0,1064.0,1064.0,1029.642857142857,-0.8607659792493894,6.0,582.0,392.0,980.0,1.2661825886973823,0.4,-1708.0,-575.0,-1.921700067794892,-3.902598918317578,30275.6,26853.34,138.94200127469728,28.65651174436157,0.7429745405541096,0,0,-20818.0,-34.07368610570077,53102.65,1617.6,0,0,0,0,0,1,0,0,78501.0,73943.0,-4.4639396366831186,0
2022-01-06,75873.0,76142.0,75396.0,75806.0,25437,24404,77398.0,578483.17,SILVER,2022-02-05,77947.2,78641.55,80469.88,81027.045,77953.60477854469,78959.50559407438,31.19967383549077,-1005.9008155296906,-829.8810412637824,-176.01977426590815,80881.21674917657,76401.88325082343,78641.55,4479.333498353139,-0.1330294453499644,746.0,1256.0,2002.0,2002.0,1159.357142857143,-2.056900695108399,67.0,269.0,410.0,746.0,0.9840909690525815,0.5495978552278821,-1795.0,-2876.0,-3.6056639270207707,-5.795808319833464,30513.55,26699.48,13.083488930381426,36.6973834337523,0.833629649778541,0,0,-15875.0,-39.412597134983486,51308.35,-8512.0,0,0,0,0,0,1,0,0,78501.0,74515.0,-1.7030314223148564,0
2022-01-07,74542.0,74950.0,73754.0,74401.0,8937,45198,75806.0,199476.52,SILVER,2022-02-05,77471.0,78325.3,80359.36,81007.99,77407.05019723011,78621.83851303183,27.791901216633377,-1214.7883158017212,-906.8624961713703,-307.92581963035093,81057.7005331728,75592.8994668272,78325.3,5464.801066345593,-0.2181048225464957,1196.0,856.0,2052.0,2052.0,1264.2142857142858,-1.8534152969421958,141.0,408.0,647.0,1196.0,1.6075052754667276,0.5409698996655519,-3713.0,-4762.0,-5.010258498850311,-7.414643421749502,29379.2,25086.02,-64.86613987498527,22.604473932981517,0.30419480448752856,0,0,20794.0,85.20734305851501,51265.7,421.2,0,1,0,0,1,1,0,0,78501.0,73105.0,-1.7419120710743135,0
2022-01-10,74310.0,75076.0,74005.0,74462.0,26326,59997,74401.0,588085.98,SILVER,2022-02-05,77088.6,78051.55,80243.84,80985.52,76953.9655515024,78313.70232688134,30.42588441672352,-1359.7367753789295,-997.4373520128822,-362.2994233660472,81173.36758629554,74929.73241370446,78051.55,6243.635172591079,-0.07491347600797704,1071.0,675.0,396.0,1071.0,1261.642857142857,0.08198814532063281,152.0,614.0,305.0,1071.0,1.4383175310896834,0.42670401493930904,-3070.0,-3824.0,-4.598947746713554,-7.20533812938164,30182.75,24909.52,194.5731229719145,43.71835727753787,0.8722200594710555,0,26326,14799.0,32.742599230054424,52970.1,-2503.2,1,0,0,0,1,1,0,0,78501.0,73067.0,-1.8734388009991676,0
2022-01-11,74778.0,75043.0,74455.0,74707.0,13974,10567,74462.0,313186.69,SILVER,2022-02-05,76719.7,77786.8,80074.2,80961.295,76608.27854357896,78046.53919155679,33.67,-1438.2606479778333,-1085.6020112058725,-352.6586367719608,81104.12921108771,74469.4707889123,77786.8,6634.6584221754165,0.035801272043455505,588.0,581.0,7.0,588.0,1249.2142857142858,0.3290268861969814,71.0,265.0,252.0,588.0,0.7870748390378413,0.42857142857142855,-3363.0,-3689.0,-3.9592835802475523,-6.702783168611109,30160.9,24621.7,-46.919395274633445,41.145265097117736,0.46331508675139005,0,13974,-49430.0,-82.38745270596863,51591.8,-10106.0,0,0,0,0,0,1,0,0,77986.0,72062.0,-3.5404982130188603,0
2022-01-12,73903.0,74202.0,73668.0,73943.0,22500,71032,74707.0,499115.25,SILVER,2022-02-05,76203.4,77521.4,79867.0,80930.23,76198.23569072066,77742.57332551554,26.434609646941823,-1544.3376347948797,-1177.349135923674,-366.9884988712056,81177.52307750897,73865.27692249102,77521.4,7312.246155017958,0.010629165903509418,534.0,505.0,1039.0,1039.0,1236.2857142857142,-1.0226618656886233,40.0,259.0,235.0,534.0,0.7221778937830491,0.5149812734082397,-3455.0,-5163.0,-4.616015706630678,-7.417331313308376,29337.35,24851.18,61.01331043366252,39.879905125144326,0.7669404359971164,0,0,60465.0,572.2059241033405,52064.85,6150.6,0,1,0,0,1,1,0,0,76142.0,71536.0,-3.2552100942617965,0
2022-01-13,74641.0,74890.0,74275.0,74515.0,6750,12179,73943.0,150892.88,SILVER,2022-02-05,75894.8,77271.1,79673.36,80901.985,75939.27635368671,77503.4938199218,27.094421446875614,-1564.217466235088,-1254.722801985957,-309.4946642491311,81034.67640102004,73507.52359897997,77271.1,7527.152802040073,0.13384561566851358,615.0,947.0,332.0,947.0,1235.2142857142858,0.7735688300447574,126.0,249.0,240.0,615.0,0.8253371804334698,0.3902439024390244,-1291.0,-3086.0,-3.56679275951812,-6.474384913602238,27863.1,24230.84,-70.0,38.12117162824048,0.2422558868180497,0,6750,-58853.0,-82.85420655479221,49628.4,-2445.0,0,1,0,0,0,1,0,0,75076.0,71594.0,-3.920016104140106,0
2022-01-14,72794.0,73281.0,72794.0,73105.0,9027,12019,74515.0,197975.65,SILVER,2022-02-05,75393.9,76951.6,79469.76,80870.765,75503.23383773491,77177.67946289055,25.742110684521023,-1674.4456251556403,-1338.6673666198935,-335.7782585357468,80994.79995209622,72908.4000479038,76951.6,8086.399904192425,0.024312420165403744,487.0,1234.0,1721.0,1721.0,1261.2142857142858,-1.8922364624572197,311.0,176.0,0.0,487.0,0.6661651049859791,0.6386036960985626,-1296.0,-5009.0,-4.9987264722241065,-8.00903387653366,27104.75,23740.92,33.73333333333333,12.946996982197433,0.3330412566063144,0,0,-160.0,-1.3137367599967198,49165.45,-6635.8,0,1,0,0,0,1,0,0,75076.0,70899.0,-3.017577457082279,0
2022-01-17,73053.0,73636.0,72788.0,73067.0,10745,28704,73105.0,235531.47,SILVER,2022-02-05,74947.4,76640.3,79295.9,80838.905,75128.42863192954,76873.18468786162,24.87979636089375,-1744.7560559320846,-1419.8851044823318,-324.87095144975274,80878.47915718771,72402.12084281229,76640.3,8476.358314375422,0.07843924625745362,848.0,531.0,317.0,848.0,1270.2142857142858,-0.05198002872580654,14.0,569.0,265.0,848.0,1.1605786469952235,0.3290094339622642,-1395.0,-4465.0,-4.662429557295578,-7.8552611169051545,26418.2,23646.18,19.03179350836379,20.878685160834376,0.40672718050434925,0,0,16685.0,138.8218653798153,47527.75,-6258.6,0,1,0,0,1,1,0,0,75043.0,70601.0,-3.374984603172431,0
2022-01-18,71975.0,72458.0,71708.0,72062.0,26448,28030,73067.0,571768.73,SILVER,2022-02-05,74346.6,76319.45,79097.64,80805.045,74656.67038086345,76516.80063690891,17.694001100715468,-1860.1302560454642,-1507.9341347949585,-352.1961212505057,80927.0270764892,71711.87292351079,76319.45,9215.154152978415,0.03799470640174224,750.0,609.0,1359.0,1359.0,1278.142857142857,-1.3754499295167477,87.0,396.0,267.0,750.0,1.0407704476700619,0.472,-2645.0,-6008.0,-5.578460012486984,-8.8948797966665,26735.1,23572.98,146.14239181014423,42.47339071128781,0.9892613081679141,0,0,-674.0,-2.3481047937569666,45216.0,3492.6,0,1,0,0,0,1,0,0,74890.0,71452.0,-0.8464932974383169,0
2022-01-19,71598.0,71916.0,71227.0,71536.0,33451,79445,72062.0,717885.22,SILVER,2022-02-05,73760.4,75997.6,78902.86,80763.955,74176.567245346,76147.85244158233,19.439685578957977,-1971.2851962363347,-1600.6043470832337,-370.680849153101,81001.11053182711,70994.0894681729,75997.6,10007.021063654218,0.054153031994240264,689.0,146.0,835.0,835.0,1182.7142857142858,-0.7299270072992692,62.0,318.0,309.0,689.0,0.9631514202639231,0.44847605224963716,-2407.0,-5862.0,-5.870711706685482,-9.336619737231326,25150.55,24132.14,26.47837265577737,31.227027849395814,1.3300305559918173,0,0,51415.0,183.42846949696755,45849.15,1682.6,0,1,0,0,1,1,0,0,74890.0,70992.0,-0.7604562737642585,0
2022-01-20,71662.0,71950.0,71134.0,71594.0,33207,13420,71536.0,713226.59,SILVER,2022-02-05,73339.2,75643.2,78735.56,80723.74,73779.24920760046,75810.53003850215,15.568229826784957,-2031.2808309016982,-1686.7396438469268,-344.5411870547714,80846.24589336099,70440.154106639,75643.2,10406.091786721983,0.11088177165929716,816.0,414.0,402.0,816.0,1195.0714285714287,0.0810780585998705,68.0,288.0,460.0,816.0,1.139760315110205,0.5637254901960784,-2921.0,-4212.0,-5.353025784207962,-9.070310797306831,25746.65,24366.98,-0.7294251292935927,29.845736443428315,1.289760027032643,0,33207,-66025.0,-83.10781043489206,43249.4,248.2,0,1,0,0,0,1,0,0,73636.0,71706.0,0.1564376903092438,0
2022-01-21,70798.0,70946.0,70783.0,70899.0,10938,69875,71594.0,232647.98,SILVER,2022-02-05,72989.0,75230.0,78565.98,80683.765,73336.1339448927,75446.7129986131,15.384615384615387,-2110.579053720401,-1771.5075258216216,-339.07152789877955,80566.947047655,69893.052952345,75230.0,10673.89409531001,0.09424367889288005,163.0,648.0,811.0,811.0,1151.5714285714287,-0.9707517389725417,101.0,47.0,15.0,163.0,0.22990451205235615,0.7116564417177914,-2206.0,-3502.0,-5.757011830386814,-9.758651263562163,24419.8,23894.74,-67.06116180323426,29.626234250603414,0.4479152163408382,0,0,56455.0,420.6780923994039,43535.15,11571.2,0,1,0,0,1,1,0,0,73636.0,70787.0,-0.15797119846542262,0
2022-01-24,70500.0,70790.0,70355.0,70601.0,17150,57653,70899.0,363242.14,SILVER,2022-02-05,72602.9,74845.75,78409.92,80643.68,72915.34410721691,75087.77129501213,10.02034043464296,-2172.427187795227,-1851.6914582163427,-320.7357295788843,80359.93862190029,69331.56137809971,74845.75,11028.377243800584,0.11510656498569499,435.0,109.0,544.0,544.0,1121.2142857142858,-0.4203162244883596,101.0,189.0,145.0,435.0,0.6161385816064928,0.5655172413793104,-2466.0,-3861.0,-5.671330703480158,-9.95909701221478,23713.95,23861.08,56.79283232766501,15.84820518617847,0.7232030091992266,0,0,-12222.0,-17.4912343470483,43197.85,5789.8,0,1,0,0,0,1,0,0,72458.0,71245.0,0.9121683828840951,1
2022-01-25,71437.0,71838.0,71133.0,71452.0,18406,26740,70601.0,394543.65,SILVER,2022-02-05,72277.4,74498.55,78239.34,80605.86,72690.21424456815,74818.45490278902,18.77100840336135,-2128.240658220864,-1907.001298217247,-221.2393600036171,79945.5601687942,69051.53983120581,74498.55,10894.020337588387,0.22034658412668073,705.0,1237.0,532.0,1237.0,1133.5714285714287,1.205365363096833,15.0,386.0,304.0,705.0,0.9866763701505906,0.4524822695035461,-610.0,-3255.0,-4.0894084515738935,-8.675098741886112,23402.15,24069.8,7.32361516034985,21.2725062296768,0.7865089318716442,0,18406,-30913.0,-53.61906579015836,42769.95,-258.0,0,1,0,0,0,0,0,0,71950.0,72471.0,1.4261322286290097,1
2022-01-26,70865.0,71310.0,70673.0,70992.0,24781,75263,71452.0,527775.83,SILVER,2022-02-05,71982.3,74092.85,78042.64,80568.23,72428.95051463459,74535.01379887873,21.30424415832141,-2106.063284244141,-1946.8136954226259,-159.2495888215151,79298.26350903079,68887.43649096922,74092.85,10410.827018061565,0.20215142422207244,637.0,142.0,779.0,779.0,1046.2142857142858,-0.6437888372613831,127.0,318.0,192.0,637.0,0.8972842010367365,0.5007849293563579,-544.0,-2951.0,-4.185086685152489,-9.034343276957314,22501.45,23809.84,34.63544496359883,18.63471968267043,1.1013068046725878,0,0,48523.0,181.46222887060583,44923.55,-836.4,0,1,0,0,1,0,0,0,71950.0,70432.0,-0.7888212756366914,0
2022-01-27,71827.0,71827.0,71472.0,71706.0,23325,74559,70992.0,501762.74,SILVER,2022-02-05,71701.4,73798.1,77859.98,80537.815,72317.72735853695,74325.45722118401,32.49317916071196,-2007.7298626470583,-1958.9969288675125,-48.732933779545874,78831.87961586053,68764.32038413949,73798.1,10067.55923172104,0.2921939218983504,355.0,835.0,480.0,835.0,959.2857142857143,1.0057471264367734,121.0,0.0,234.0,355.0,0.49507712046411734,0.6591549295774648,112.0,-2809.0,-2.834896833387317,-7.903906474160404,22649.45,23577.18,-5.875469109398335,25.047172771730594,1.0298263313237186,0,23325,-704.0,-0.9353865777340764,45303.3,12227.8,0,0,0,0,0,0,0,0,71838.0,69799.0,-2.659470616126963,0
2022-01-28,70735.0,71391.0,70476.0,70787.0,8148,29465,71706.0,173031.74,SILVER,2022-02-05,71469.6,73431.75,77630.4,80501.605,72082.23084183896,74063.34927887408,28.521332554061942,-1981.1184370351257,-1963.4212305010353,-17.697206534090355,78202.61411129277,68660.88588870723,73431.75,9541.728222585545,0.22282274884545542,915.0,315.0,1230.0,1230.0,970.6428571428571,-1.2816221794549998,52.0,604.0,259.0,915.0,1.2926102250413212,0.33989071038251367,-112.0,-2318.0,-3.601643703166546,-8.81536099260083,19131.75,23297.24,-65.06752411575563,15.1670870268217,0.42588890195617235,0,0,-45094.0,-60.48096138628469,44621.95,-8082.0,0,1,0,0,0,0,0,0,71838.0,70289.0,-0.7035190077274075,0
2022-01-31,70830.0,71414.0,70830.0,71245.0,33879,61432,70787.0,724112.81,SILVER,2022-02-05,71287.4,73117.4,77408.1,80466.475,71953.42609694066,73854.58266562414,30.25775547445255,-1901.1565686834801,-1950.9682981375245,49.811729454044325,77568.51323272355,68666.28676727644,73117.4,8902.226465447107,0.289670594511667,584.0,627.0,43.0,627.0,973.4285714285714,0.6470114569059326,415.0,169.0,0.0,584.0,0.8197066460804268,0.7106164383561644,644.0,-1822.0,-2.560813158017099,-7.961828284120144,19266.85,23838.7,315.7952871870398,44.8434363946893,1.7584088732719674,1,33879,31967.0,108.4914305107755,44067.9,755.8,1,0,0,1,1,0,1,0,71838.0,70142.0,-1.5481788195662853,0
2022-02-01,72416.0,72885.0,71733.0,72471.0,12933,14131,71245.0,281180.23,SILVER,2022-02-05,71328.3,72837.45,77226.36,80439.685,72033.05285125748,73752.0950607631,42.026002166847235,-1719.0422095056128,-1904.5830804111424,185.54087090552957,76633.04547925034,69041.85452074965,72837.45,7591.190958500694,0.45172694218821585,1152.0,1640.0,488.0,1640.0,1016.3571428571429,1.7208225138606315,55.0,414.0,683.0,1152.0,1.5896013577844932,0.640625,1019.0,409.0,-0.5031065749830577,-6.15769019801011,19442.8,23884.08,-61.8259098556628,24.046606228108594,0.6651819696751496,0,12933,-47301.0,-76.9973303815601,41719.6,-2521.8,0,0,0,0,0,0,0,0,72885.0,70465.0,-2.768003753225428,0
2022-02-02,70285.0,70859.0,69998.0,70432.0,14436,20652,72471.0,305026.91,SILVER,2022-02-05,71217.9,72489.15,76974.22,80404.735,71786.7370279871,73506.16209329916,30.915209871926706,-1719.425065312069,-1867.5514773913278,148.1264120792589,75765.618077543,69212.68192245699,72489.15,6552.936155086005,0.1860720215619139,861.0,1612.0,2473.0,2473.0,1125.357142857143,-2.8135392087869637,147.0,427.0,287.0,861.0,1.2224557019536575,0.5040650406504065,-560.0,-1104.0,-2.837872978231907,-8.499235198485936,19039.9,23494.8,11.621433542101611,22.560912316741017,0.7581972594393878,0,0,6521.0,46.146769513834826,40738.25,-10922.2,0,0,0,0,1,1,0,0,72885.0,69989.0,-0.6289754656974103,0
2022-02-03,69572.0,69948.0,69572.0,69799.0,22669,74973,70432.0,474682.06,SILVER,2022-02-05,71038.4,72188.8,76698.54,80365.475,71480.9313313737,73231.55749379552,33.3366935483871,-1750.6261624218314,-1844.1664143974285,93.54025197559713,75281.18845520663,69096.41154479337,72188.8,6184.77691041326,0.11359964399422146,376.0,484.0,860.0,860.0,1063.857142857143,-0.89873920945025,227.0,149.0,0.0,376.0,0.5386896660410607,0.6037234042553191,-1907.0,-1795.0,-3.3104858371381747,-8.995660152070684,18901.5,23565.66,57.031033527292884,28.336958182399666,1.1993228050683808,0,0,54321.0,263.03021499128414,43266.7,82.8,0,0,0,0,1,1,0,0,72885.0,70079.0,0.4011518789667474,0
2022-02-04,70115.0,71297.0,69796.0,70289.0,11474,57147,69799.0,241948.8,SILVER,2022-02-05,70977.4,71983.2,76452.36,80335.065,71297.55728039313,73013.5902720329,36.60817585807944,-1716.032991639775,-1818.539729845898,102.50673820612292,75002.21340454834,68964.18659545165,71983.2,6038.026809096686,0.21941164662475943,1501.0,1498.0,3.0,1501.0,1110.5,0.702015788191801,174.0,1008.0,319.0,1501.0,2.1354692768427492,0.3284477015323118,-498.0,-610.0,-2.3536047299925498,-8.061700122795425,19028.35,23592.06,-49.384622171247074,30.104612145598384,0.6029950048217528,0,11474,-17826.0,-23.776559561442124,43864.15,5536.4,0,0,0,0,0,0,0,0,72885.0,69970.0,-0.45384057249356224,0
2022-02-07,70157.0,70347.0,69926.0,70142.0,16228,57671,70289.0,341479.31,SILVER,2022-02-05,70931.5,71767.2,76206.48,80310.04,71119.77923725573,72800.87988151195,39.90960689510195,-1681.1006442562211,-1791.0519127279626,109.95126847174151,74654.77947076796,68879.62052923204,71767.2,5775.158941535919,0.21858783170255558,421.0,58.0,363.0,421.0,1043.5,-0.2091365647540866,15.0,190.0,216.0,421.0,0.6002110005417581,0.5130641330166271,-1103.0,-459.0,-2.2645442486261094,-7.957958430831599,18523.45,23372.46,41.43280460170822,28.568609373002705,0.8760787002421255,0,0,524.0,0.9169335223196295,43747.85,-752.2,0,0,0,0,1,0,0,0,72885.0,70948.0,1.149097544980183,1
2022-02-08,70652.0,71119.0,69723.0,70465.0,38538,29171,70142.0,814674.05,SILVER,2022-02-05,70832.8,71555.1,75983.4,80289.67,71019.04396998562,72627.8517421407,44.24873805176673,-1608.8077721550799,-1754.6030846133863,145.7953124583064,74140.87565681344,68969.32434318657,71555.1,5171.551313626871,0.28921218530160814,1396.0,977.0,419.0,1396.0,1083.5714285714287,0.4604944255937937,187.0,467.0,742.0,1396.0,1.981125381395019,0.5315186246418339,-2006.0,-987.0,-1.523441375946656,-7.262638944822151,19751.65,23767.88,137.47843233916686,41.58409109088441,1.951128133598965,1,38538,-28500.0,-49.41825180766764,44678.05,3008.0,0,0,0,1,0,0,0,0,71297.0,71178.0,1.0118498545377137,1
2022-02-09,70033.0,70304.0,69320.0,69989.0,6843,65692,70465.0,143680.42,SILVER,2022-02-05,70732.5,71357.4,75776.5,80267.75,70860.57566691091,72432.38124272287,41.751464693185326,-1571.805575811959,-1718.0435828531008,146.23800704114183,73773.50895536834,68941.29104463165,71357.4,4832.217910736683,0.21681740656613344,984.0,161.0,1145.0,1145.0,1107.0714285714287,-0.6755126658624877,44.0,271.0,669.0,984.0,1.4059352183914615,0.6798780487804879,-443.0,-1003.0,-1.9176707671523827,-7.637592129486054,18968.8,23403.88,-82.24349992215477,29.896196602309043,0.3607502846779976,0,0,36521.0,125.19625655616879,44411.05,9008.0,0,0,0,0,1,0,0,0,71297.0,71477.0,2.1260483790309905,1
2022-02-10,69994.0,70393.0,69841.0,70079.0,5073,68541,69989.0,106653.23,SILVER,2022-02-05,70569.8,71135.6,75553.56,80244.84,70740.33325661693,72258.05670622487,45.506356861025864,-1517.7234496079473,-1677.9795562040701,160.2561065961229,73104.22125410294,69166.97874589707,71135.6,3937.242508205876,0.2316395934977656,552.0,404.0,148.0,552.0,1088.5714285714287,0.12859163582847888,85.0,314.0,153.0,552.0,0.7876824726380228,0.4311594202898551,280.0,-1627.0,-1.4853322387103023,-7.245932554336284,18884.95,23374.84,-25.865848312143804,27.8971586820345,0.2686266047831739,0,5073,2849.0,4.336905559276616,47229.15,-1286.4,1,0,0,0,1,0,0,0,71297.0,71154.0,1.5339830762425262,1
2022-02-11,70034.0,70792.0,69340.0,69970.0,21059,19470,70079.0,442049.47,SILVER,2022-02-05,70488.1,70978.85,75291.48,80214.815,70621.82044790663,72088.5710242823,46.468942361499714,-1466.7505763756635,-1635.733760238389,168.98318386272558,72779.26846305405,69178.43153694597,70978.85,3600.8369261080807,0.21982902289040657,1452.0,713.0,739.0,1452.0,1153.4285714285713,-0.15553874912598298,64.0,758.0,630.0,1452.0,2.0751750750321563,0.43388429752066116,-319.0,-817.0,-1.421338891796649,-7.067838220207647,19486.55,23025.46,315.1192588212103,65.9158369757311,1.080694119790317,0,0,-49071.0,-71.59364467982667,47601.7,-7535.4,0,0,0,0,0,0,0,0,71119.0,70770.0,1.1433471487780478,1
2022-02-14,70883.0,71364.0,70460.0,70948.0,25733,71344,69970.0,547711.47,SILVER,2022-02-05,70458.4,70872.9,75075.42,80185.765,70672.00191745946,72004.08428174286,47.21915691900242,-1332.0823642834002,-1575.0034810473915,242.92111676399122,72381.69734609374,69364.10265390624,70872.9,3017.5946921875,0.5248873714533097,904.0,1394.0,490.0,1394.0,1164.642857142857,1.3977418893811544,65.0,416.0,423.0,904.0,1.2741726334780403,0.5398230088495575,806.0,-297.0,0.10596433897865874,-5.4976981813754735,20235.95,23100.56,22.19478607721164,36.55578686474828,1.2716477358364693,0,25733,51874.0,266.43040575243964,49733.7,2734.6,1,0,0,0,1,0,0,0,71364.0,70433.0,-0.7258837458420251,0
2022-02-15,71079.0,71425.0,70542.0,71178.0,30395,54308,70948.0,649036.59,SILVER,2022-02-05,70329.1,70828.7,74852.8,80158.485,70749.84777631186,71942.89285346562,51.05298913043479,-1193.045077153758,-1498.6118002686649,305.56672311490684,72239.43211303119,69417.9678869688,70828.7,2821.4642260623805,0.6238009671621759,883.0,477.0,406.0,883.0,1172.0714285714287,0.32418109037604115,99.0,247.0,537.0,883.0,1.2405518559105342,0.7202718006795017,713.0,-1293.0,0.49316167033985225,-4.909368787807541,20433.3,23587.36,18.116814984650055,44.55005934877956,1.487522818144891,0,30395,-17036.0,-23.878672348060103,51047.6,5027.4,0,0,0,0,0,0,0,0,71425.0,70776.0,-0.564781252634241,0
2022-02-16,71312.0,71963.0,71186.0,71477.0,25202,60639,71178.0,540409.01,SILVER,2022-02-05,70433.6,70825.75,74648.18,80132.69,70861.71734918695,71908.38227172743,48.63965783533325,-1046.6649225404835,-1408.2224247230288,361.55750218254525,72230.48857841408,69421.01142158592,70825.75,2809.4771568281576,0.7318046966202238,777.0,785.0,8.0,785.0,1168.5,0.4200736182528253,165.0,486.0,126.0,777.0,1.087062971305455,0.3745173745173745,1488.0,1045.0,0.9195102063868014,-4.248167872277654,20020.85,23790.48,-17.085046882710976,41.679411306298306,1.258787713808355,0,25202,6331.0,11.65758267658541,50107.3,-1010.6,1,0,0,0,1,0,0,0,71963.0,70448.0,-1.439623934972089,0
2022-02-17,70905.0,71623.0,70693.0,71154.0,18273,31326,71477.0,390059.11,SILVER,2022-02-05,70569.1,70803.75,74445.96,80109.635,70906.6839108505,71852.50210345133,52.34624728295615,-945.8181926008401,-1315.741578298591,369.923385697751,72171.11317510462,69436.38682489538,70803.75,2734.726350209239,0.628074971732803,930.0,146.0,784.0,930.0,1147.0714285714287,-0.45189361612826273,249.0,469.0,212.0,930.0,1.3070242010287547,0.4956989247311828,1075.0,1355.0,0.49467718870822525,-4.421945797998986,19274.15,23742.38,-27.493849694468697,33.22692298412215,0.9480573721798367,0,0,-29313.0,-48.34017711373868,51002.6,-7443.0,0,0,0,0,0,0,0,0,71963.0,70706.0,-0.6296202602805183,0
2022-02-18,70714.0,71330.0,70421.0,70770.0,38099,14597,71154.0,808879.87,SILVER,2022-02-05,70617.2,70797.3,74246.84,80084.65,70885.6556168735,71772.31676245494,46.93429714728282,-886.6611455814418,-1229.9254917551611,343.26434617371933,72163.98821377987,69430.61178622014,70797.3,2733.376427559735,0.49001235258900094,909.0,176.0,733.0,909.0,1167.2142857142858,-0.5396745088118715,56.0,560.0,293.0,909.0,1.284442560406952,0.38393839383938394,800.0,481.0,-0.03856079257260221,-4.682812090049889,20632.2,23871.88,108.49887812619711,49.01527301386657,1.846579618266593,1,0,-16729.0,-53.40292408861649,48238.7,-974.6,0,0,0,1,0,0,0,0,71963.0,72456.0,2.3823654090716406,1
2022-02-21,70455.0,71025.0,70079.0,70433.0,31280,40788,70770.0,660943.27,SILVER,2022-02-05,70646.3,70788.9,74056.76,80059.155,70816.01629120065,71673.1081133842,35.14144065325168,-857.0918221835454,-1155.358757840838,298.2669356572926,72162.71480403657,69415.08519596342,70788.9,2747.6296080731554,0.3704701685575524,946.0,255.0,691.0,946.0,1117.642857142857,-0.4761904761904745,22.0,570.0,354.0,946.0,1.3431204123067313,0.37420718816067655,-515.0,291.0,-0.5027624387439191,-4.893219741182298,21338.7,24292.38,-17.898107561878263,43.082181797507914,1.465881239250751,0,0,26191.0,179.42727957799548,47395.45,-6111.2,0,0,0,0,1,0,0,0,71963.0,73215.0,3.9498530518364974,1
2022-02-22,70762.0,70864.0,70667.0,70776.0,83077,75020,70433.0,1763957.33,SILVER,2022-02-05,70677.4,70755.1,73872.24,80033.86,70809.85993870824,71606.65566054093,53.33204184424641,-796.7957218326919,-1083.6461506392088,286.8504288065169,72093.01745477442,69417.18254522559,70755.1,2675.8349095488375,0.5078106462866643,197.0,431.0,234.0,431.0,971.7857142857143,0.48698763363763664,14.0,88.0,95.0,197.0,0.2783429411099808,0.5532994923857868,-402.0,311.0,0.029538506764875152,-4.191344407588026,24572.25,25665.7,165.59143222506393,45.89348178609763,3.3809276724760653,1,83077,34232.0,83.92664509169363,49809.45,4142.4,1,0,0,1,1,0,0,0,71963.0,72956.0,3.080140160506386,1
2022-02-23,70390.0,71072.0,69905.0,70448.0,70685,59477,70776.0,1493885.06,SILVER,2022-02-05,70723.3,70727.9,73696.18,80010.465,70754.18917890696,71520.82931531567,56.68107885526046,-766.6401364087069,-1020.2449477931085,253.60481138440161,72067.65660004682,69388.14339995317,70727.9,2679.513200093643,0.39554072732680984,1167.0,296.0,871.0,1167.0,993.7142857142857,-0.46343393240646513,58.0,624.0,485.0,1167.0,1.6565409947762888,0.4652956298200514,-1029.0,459.0,-0.3957419914913269,-4.4075283142219766,26867.45,26299.98,-14.916282484923627,52.62620352982075,2.630878628228581,1,0,-15543.0,-20.71847507331378,49020.15,-232.4,0,0,0,1,0,0,0,0,71623.0,74004.0,5.047694753577106,1
2022-02-24,70572.0,70752.0,70571.0,70706.0,68522,43071,70448.0,1453474.96,SILVER,2022-02-05,70786.0,70677.9,73519.88,79985.985,70746.77545907511,71460.47158825524,54.50810810810811,-713.6961291801272,-958.9351840705123,245.2390548903851,71936.11944366698,69419.68055633301,70677.9,2516.438887333963,0.511166573581994,181.0,304.0,123.0,304.0,908.2142857142857,0.36622757210993395,134.0,46.0,1.0,181.0,0.2559895906995163,0.7458563535911602,-448.0,627.0,0.03975783094857915,-3.827372950010262,29127.3,26945.72,-3.0600551743651394,54.906782843598606,2.352500918382411,1,68522,-16406.0,-27.58377187820502,47445.75,2349.0,0,0,0,1,0,0,0,0,71330.0,73672.0,4.194834950357819,1
2022-02-25,72544.0,73113.0,72138.0,72456.0,25282,71923,70706.0,549549.78,SILVER,2022-02-05,71034.6,70761.35,73379.1,79963.35,71009.73308075586,71534.21443356966,68.57739242132305,-524.4813528138038,-872.0444178191706,347.56306500536675,72250.27476569347,69272.42523430655,70761.35,2977.8495313869207,1.069085167715213,975.0,2407.0,1432.0,2407.0,1050.0714285714287,2.475037479138975,88.0,569.0,318.0,975.0,1.3456442530639285,0.3261538461538461,1686.0,2486.0,2.39488082123927,-1.2579876286299583,29984.0,26967.48,-63.10382067073348,17.08447489440423,0.8431830309498399,0,25282,28852.0,66.98706786468853,49568.65,11465.2,1,0,0,0,1,0,0,0,73113.0,71962.0,-0.681793088219057,0
2022-02-28,73022.0,73542.0,72612.0,73215.0,19702,67492,72456.0,432744.58,SILVER,2022-02-05,71261.3,70859.85,73257.54,79944.9,71349.00491448573,71658.71706812005,70.63325330132054,-309.7121536343184,-759.5779649822002,449.86581134788184,72702.19956109414,69017.50043890587,70859.85,3684.6991221882636,1.1391702339596512,930.0,1086.0,156.0,1086.0,1027.9285714285713,1.0475322954620836,193.0,327.0,410.0,930.0,1.2702315099364885,0.6483870967741936,2782.0,2267.0,3.323673420138476,-0.05806910797167582,29275.15,26872.0,-22.071038683648446,12.657892418318223,0.6729939897831437,0,19702,-4431.0,-6.160755252144656,49871.65,5340.8,0,0,1,0,0,0,0,0,73542.0,71140.0,-2.8341186915249605,0
2022-03-01,73069.0,73117.0,72706.0,72956.0,24249,41770,73215.0,530733.01,SILVER,2022-04-05,71439.1,70884.1,73147.08,79923.255,71596.23492764178,71754.81210011116,73.01070265239646,-158.57717246937682,-639.3778064796355,480.8006340102587,72825.82879021182,68942.3712097882,70884.1,3883.457580423623,1.033519410755089,411.0,98.0,509.0,509.0,982.5,-0.3537526463156415,113.0,48.0,250.0,411.0,0.5633532540161192,0.6082725060827251,2180.0,1778.0,2.9229404055352246,-0.2612271057163208,29840.95,26954.78,23.078875241092266,13.154098443962445,0.812608177688713,0,0,-25722.0,-38.11118354767973,51253.6,-6650.0,0,0,1,0,0,0,0,0,73542.0,69625.0,-4.565765666977356,0
2022-03-02,73856.0,74242.0,73565.0,74004.0,17714,45399,72956.0,393272.06,SILVER,2022-04-05,71691.8,71062.7,73067.7,79903.63,71966.6603233892,71921.41861121405,76.50236326806211,45.24171217514959,-502.45390274867856,547.6956149238281,73438.02926027896,68687.37073972104,71062.7,4750.658520557918,1.119135218259084,677.0,1286.0,609.0,1286.0,1034.9285714285713,1.4364822632819685,148.0,238.0,291.0,677.0,0.9148154153829522,0.6484490398818316,3556.0,2527.0,4.139020892817193,1.2814143595597,30004.85,26006.22,-26.949564930512604,12.167646639182282,0.5903712233188968,0,17714,3629.0,8.688053627005022,52490.95,-2815.6,1,0,1,0,1,0,0,0,74242.0,69359.0,-6.276687746608292,0
2022-03-03,73561.0,73852.0,73561.0,73672.0,13656,67439,74004.0,301819.45,SILVER,2022-04-05,71943.6,71256.35,72967.5,79884.07,72229.02027363701,72051.09130667966,74.26586261143157,177.92896695734817,-366.37732880747325,544.3062957648215,73821.78422199225,68690.91577800777,71256.35,5130.86844398448,0.9708072378725954,291.0,152.0,443.0,443.0,962.8571428571429,-0.4486243986811522,111.0,180.0,0.0,291.0,0.39499402758171354,0.38144329896907214,2966.0,2518.0,3.3900838311252173,0.9654983383012985,29554.2,25853.64,-22.90843400700011,12.62618820792914,0.4620663052967091,0,0,22040.0,48.54732483094342,52114.25,4873.6,0,0,1,0,1,0,0,0,74242.0,69392.0,-5.809534151373656,0
2022-03-04,71751.0,72164.0,71676.0,71962.0,10741,54415,73672.0,231883.15,SILVER,2022-04-05,72062.8,71340.0,72823.48,79854.85,72187.94023153902,72044.49195062931,56.06459330143541,143.44828090970987,-264.41220686403665,407.8604877737465,73881.61697391755,68798.38302608245,71340.0,5083.233947835106,0.6223630480877047,488.0,1508.0,1996.0,1996.0,1005.8571428571429,-2.321098924964704,211.0,202.0,75.0,488.0,0.6781356827214363,0.5860655737704918,-494.0,1192.0,0.8718811326044296,-1.1829701079926365,29517.55,25318.96,-21.345928529584068,-0.358292457648977,0.36388521405062413,0,0,-13024.0,-19.312267382375182,51977.65,-3501.6,0,0,0,0,0,0,0,0,74242.0,70781.0,-1.6411439370779022,0
2022-03-07,71069.0,71518.0,70787.0,71140.0,21661,22569,71962.0,462289.06,SILVER,2022-04-05,72133.5,71389.9,72680.56,79821.365,72026.71865745609,71977.49254687899,49.78775692582663,49.2261105771031,-201.68454337580872,250.91065395291182,73870.94926020816,68908.85073979183,71389.9,4962.09852041633,0.44963824297889454,731.0,444.0,1175.0,1175.0,1026.7142857142858,-1.1422695311414377,71.0,378.0,282.0,731.0,1.0275513072814169,0.4829001367989056,-2075.0,707.0,-0.3500495168083919,-2.119631439273442,29789.2,25126.84,101.6665114979983,11.598169448338679,0.7271427228660051,0,0,-31846.0,-58.524303960305055,50222.55,-8984.6,0,0,0,0,0,0,0,0,74242.0,71070.0,-0.09839752600506045,0
2022-03-08,69761.0,70288.0,69306.0,69625.0,36555,12369,71140.0,763542.56,SILVER,2022-04-05,72018.4,71347.9,72505.14,79779.765,71657.22347938592,71803.23383970276,40.892997639653814,-146.01036031683907,-190.5497067640148,44.53934644717572,73921.58373307507,68774.21626692492,71347.9,5147.367466150143,0.16528521397975918,982.0,852.0,1834.0,1834.0,1101.642857142857,-2.129603598538099,136.0,527.0,319.0,982.0,1.4104129263913825,0.32484725050916496,-3331.0,-1151.0,-2.414787260732263,-3.972325272387584,29690.05,25365.1,68.75952172106552,1.9149783979388388,1.2312205604234416,0,0,-10200.0,-45.19473614249635,49382.45,-5880.2,0,0,0,0,0,1,0,0,74242.0,70908.0,1.8427289048473967,1
2022-03-09,69430.0,69739.0,68461.0,69359.0,33690,10528,69625.0,701011.41,SILVER,2022-04-05,71909.5,71316.4,72310.2,79740.235,71303.65063640347,71622.17948120627,41.123528829987144,-318.52884480280045,-216.14553437177193,-102.38331043102852,73974.16109971501,68658.63890028498,71316.4,5315.522199430037,0.13175772265425237,1278.0,114.0,1164.0,1278.0,1126.5,-0.3820466786355503,71.0,309.0,898.0,1278.0,1.8425871191914533,0.702660406885759,-4645.0,-1089.0,-2.7446702301293873,-4.08130526537058,31032.4,25183.0,-7.837505129257282,2.6228561335054734,1.085639525141465,0,0,-1841.0,-14.883984153933216,46624.25,-6974.2,0,0,0,0,0,1,0,0,73852.0,71615.0,3.252642050779279,1
2022-03-10,69528.0,69744.0,68506.0,69392.0,37833,40314,69359.0,787592.26,SILVER,2022-04-05,71778.1,71282.05,72146.02,79700.665,71009.55053849524,71456.98100111692,42.9405737704918,-447.43046262167627,-262.4025200217528,-185.02794259992345,74023.58644782216,68540.51355217784,71282.05,5483.07289564432,0.15529365814169033,1238.0,385.0,853.0,1238.0,1150.0,0.047578540636394884,136.0,216.0,886.0,1238.0,1.784067327645838,0.715670436187399,-4280.0,-1314.0,-2.651509040494771,-3.8172861094763144,32670.4,25532.36,12.29741763134462,4.15860341407645,1.1580207159998042,0,37833,29786.0,282.92173252279633,45212.9,-5425.0,1,0,0,0,1,1,0,0,72164.0,69812.0,0.6052570901544847,1
2022-03-11,70855.0,70944.0,70611.0,70781.0,10704,28047,69392.0,227291.95,SILVER,2022-04-05,71610.6,71322.6,71999.36,79665.69,70974.38891718828,71406.90833436752,51.60932297447281,-432.5194171792391,-296.42589945325005,-136.09351772598905,74005.79506323505,68639.40493676496,71322.6,5366.390126470098,0.3990755447822316,333.0,1552.0,1219.0,1552.0,1193.2857142857142,2.001671662439475,74.0,89.0,170.0,333.0,0.4704652378463147,0.5105105105105106,-1181.0,-1675.0,-0.7593665962822524,-1.6921817082818522,32152.65,24176.4,-71.7072397113631,3.298261510013488,0.3329119061725861,0,10704,-12267.0,-30.42863521357345,45641.75,-5273.6,0,0,0,0,0,0,0,0,71518.0,70023.0,-1.0709088597222418,0
2022-03-14,70913.0,71535.0,70874.0,71070.0,17175,29748,70781.0,366188.18,SILVER,2022-04-05,71396.1,71328.7,71870.12,79625.43,70989.09831454392,71381.9521614514,51.36642498605689,-392.85384690747014,-315.71148894409407,-77.14235796337607,74008.86229673552,68648.53770326448,71328.7,5360.324593471043,0.4517379973005557,661.0,754.0,93.0,754.0,1216.357142857143,0.40830166287562086,157.0,465.0,39.0,661.0,0.9300689461094694,0.29652042360060515,-70.0,-2145.0,-0.36268710911596186,-1.1132860220631262,31724.75,23896.36,60.45403587443947,11.550768965822279,0.5413754245502329,0,17175,1701.0,6.064819766819984,43561.95,1435.8,1,0,0,0,1,0,0,0,71535.0,70674.0,-0.5571971295905446,0
2022-03-15,70861.0,71003.0,70857.0,70908.0,17696,45109,71070.0,376436.39,SILVER,2022-04-05,71191.3,71315.2,71726.88,79579.815,70976.62165076793,71346.84459393648,52.17145015105741,-370.22294316854095,-326.61377978898344,-43.609163379557515,74001.27188052906,68629.12811947093,71315.2,5372.143761058134,0.42420158169412203,146.0,67.0,213.0,213.0,1148.2142857142858,-0.22794428028704017,47.0,95.0,4.0,146.0,0.20590060359902976,0.3493150684931507,1283.0,-2048.0,-0.5709862694067984,-1.1416640456130318,31089.8,24062.0,3.033478893740904,9.546229331087144,0.5691898950781286,0,0,15361.0,51.63708484604006,43102.0,6548.0,0,0,0,0,1,0,0,0,71535.0,69485.0,-2.0068257460371184,0
2022-03-16,71504.0,71830.0,71295.0,71615.0,33054,23919,70908.0,710148.66,SILVER,2022-04-05,70952.4,71322.1,71611.22,79527.465,71074.83370449595,71366.7079573486,54.11647495697853,-291.8742528526491,-319.66587440171656,27.791621549067486,74010.62978018618,68633.57021981383,71322.1,5377.059560372349,0.5544721509426077,535.0,922.0,387.0,922.0,1192.357142857143,0.9970666215377566,111.0,215.0,209.0,535.0,0.7470501989806605,0.5981308411214953,2256.0,-2389.0,0.41067214790365697,0.005278502446961294,31482.4,24273.2,86.7879746835443,20.919983292492834,1.049919955276599,0,33054,-21190.0,-46.975104746281225,41266.0,2678.2,0,0,0,0,0,0,1,0,71830.0,70437.0,-1.6449067932695665,0
2022-03-17,69998.0,70122.0,69452.0,69812.0,26076,57498,71615.0,546125.31,SILVER,2022-04-05,70566.4,71255.0,71491.34,79469.66,70880.55159611195,71251.54440495241,38.08364881918153,-370.99280884045584,-329.93126128946443,-41.061547550991406,74026.88934236494,68483.11065763506,71255.0,5543.778684729885,0.2397082239277182,670.0,1493.0,2163.0,2163.0,1174.9285714285713,-2.517628988340437,186.0,124.0,360.0,670.0,0.9597203919097004,0.5373134328358209,420.0,-3860.0,-2.0251210441372534,-2.349011782406088,31872.55,24285.98,-21.110909420947543,21.099735751098088,0.8181334722198256,0,0,33579.0,140.38630377524143,42574.6,3436.8,0,0,0,0,1,0,0,0,71830.0,70734.0,1.3206898527473787,1
2022-03-18,69855.0,70787.0,69424.0,70023.0,19986,65808,69812.0,419843.9,SILVER,2022-04-05,70372.5,71217.65,71403.78,79408.65,70748.6205813255,71160.54111569667,34.86630001896454,-411.9205343711801,-346.32911590580756,-65.59141846537256,74036.78419146272,68398.51580853727,71217.65,5638.268382925453,0.288117571058201,1363.0,975.0,388.0,1363.0,1194.7142857142858,0.30224030252679057,168.0,764.0,431.0,1363.0,1.9465032917755594,0.43947175348495965,-758.0,-1939.0,-1.6774633816195765,-1.933763170521223,30966.9,24506.96,-23.354809019788313,20.898847702077667,0.6453987967797874,0,19986,8310.0,14.452676614838778,45135.15,7552.2,1,0,0,0,1,0,0,0,71830.0,70411.0,0.5541036516573127,1
2022-03-21,70800.0,70870.0,70541.0,70674.0,19440,38906,70023.0,412170.77,SILVER,2022-04-05,70325.9,71229.7,71328.02,79349.915,70737.14049189081,71124.50103305247,39.568476869628824,-387.36054116165906,-354.53540095697787,-32.82514020468119,74036.74692927611,68422.65307072389,71229.7,5614.0938585522235,0.4010169737092172,329.0,847.0,518.0,847.0,1218.857142857143,0.9296945289404945,126.0,70.0,133.0,329.0,0.4655177292922433,0.40425531914893614,-396.0,-466.0,-0.7801520994753552,-0.9169187648837076,30374.9,24369.24,-2.7319123386370436,10.459005318414132,0.6400021070028213,0,19440,-26902.0,-40.87952832482373,45041.05,1831.6,0,0,0,0,0,0,0,0,71830.0,70952.0,0.3933554065144183,0
2022-03-22,69609.0,69829.0,69204.0,69485.0,12960,76896,70674.0,270157.68,SILVER,2022-04-05,70311.9,71165.15,71223.58,79274.485,70544.50349313839,71003.05651208562,29.60556006859825,-458.5530189472338,-375.33892455502905,-83.21409439220474,74073.66687833842,68256.63312166157,71165.15,5817.033756676858,0.21116722537985982,625.0,845.0,1470.0,1470.0,1232.0,-1.682372583977132,124.0,220.0,281.0,625.0,0.8994747067712456,0.4496,-1423.0,-140.0,-2.3609168251594976,-2.44101742709367,26869.05,24348.96,-33.333333333333336,0.24971981297424506,0.48233934582726223,0,0,37990.0,97.64560736133244,45134.85,6357.4,0,1,0,0,1,0,0,0,71830.0,72874.0,4.877311649996402,1
2022-03-23,70694.0,70847.0,70242.0,70437.0,27462,31946,69485.0,580302.27,SILVER,2022-04-05,70419.7,71164.6,71153.46,79207.68,70527.96449419402,70961.12640007929,36.17403196854432,-433.1619058852666,-386.9035208210766,-46.25838506419001,74073.69198349272,68255.50801650729,71164.6,5818.183966985438,0.3749437961864593,605.0,1362.0,757.0,1362.0,1297.642857142857,1.3700798733539576,257.0,153.0,195.0,605.0,0.8589235770972642,0.32231404958677684,-1178.0,1078.0,-1.022418449622433,-1.006922221350875,24707.9,24448.2,111.89814814814815,12.22328514071479,1.1114663731033394,0,27462,-44950.0,-58.45557636287973,43758.3,1605.4,0,0,0,0,0,0,0,0,70870.0,73048.0,3.706858611241251,1
2022-03-24,70676.0,70962.0,70438.0,70734.0,22821,57020,70437.0,484266.18,SILVER,2022-04-05,70553.9,71166.0,71077.84,79146.34,70559.66226431802,70944.30222229565,44.03072136885086,-384.63995797763346,-386.450808252388,1.8108502747545572,74074.18952542472,68257.81047457528,71166.0,5816.379050849442,0.4257269864595724,524.0,525.0,1.0,525.0,1192.5714285714287,0.4216533923931953,58.0,228.0,238.0,524.0,0.7408035739531201,0.5648854961832062,922.0,1342.0,-0.6070314476013827,-0.4837513351559312,22422.85,24769.62,-16.899715971160145,9.303571780464313,1.0177564404168071,0,22821,25074.0,78.48869968071119,44455.75,-95.6,1,0,0,0,1,0,1,0,70962.0,73279.0,3.597986823875364,1
2022-03-25,70512.0,70538.0,70092.0,70411.0,32258,32161,70734.0,681395.41,SILVER,2022-04-05,70516.9,71063.75,71023.96,79086.175,70536.79114673063,70904.79835397746,46.275671809543276,-368.00720724683197,-382.76208805127686,14.754880804444895,73924.38164721591,68203.11835278409,71063.75,5721.2632944318175,0.38590806498360514,446.0,196.0,642.0,642.0,1154.5,-0.45664037096728727,101.0,26.0,319.0,446.0,0.6334237548110381,0.7152466367713004,388.0,-370.0,-0.9185414504582153,-0.8630327005140326,22771.65,25234.24,41.352263266289825,20.609522078229606,1.4165859742267248,0,0,-24859.0,-43.5969835145563,42467.65,-6729.4,0,0,0,0,0,0,0,0,70962.0,72907.0,3.544900654727244,1
2022-03-28,71275.0,71275.0,70308.0,70952.0,32353,37738,70411.0,688653.02,SILVER,2022-04-05,70505.1,70950.6,70981.66,79038.695,70600.66943184899,70908.29477220135,57.528650856688984,-307.62534035235876,-367.7347385114933,60.109398159134514,73625.9776634535,68275.22233654652,70950.6,5350.755326906976,0.5002616453032255,967.0,864.0,103.0,967.0,1092.5714285714287,0.7683458550510558,323.0,0.0,644.0,967.0,1.3628932235877778,0.6659772492244054,278.0,-118.0,0.001973203891149869,-0.04178544147883199,23404.2,25666.4,0.2945005890011787,14.593568549685775,1.3823587219387972,0,32353,5577.0,17.34087870402039,40979.95,-233.6,1,0,0,0,1,0,0,0,71275.0,72207.0,1.7688014432292252,1
2022-03-29,72784.0,73087.0,72497.0,72874.0,28416,13925,70952.0,621236.28,SILVER,2022-04-05,70701.7,70946.5,70997.9,79003.185,70950.41259617991,71053.9025668531,66.78765880217786,-103.48997067318123,-314.88578494383086,211.39581427064962,73609.15870295494,68283.84129704506,70946.5,5325.317405909882,0.8619502563097773,590.0,2135.0,1545.0,2135.0,1153.7857142857142,2.708873604690498,90.0,213.0,287.0,590.0,0.809616598512501,0.6389830508474577,3389.0,1966.0,2.716835925662295,2.6424725238352207,23612.55,25705.76,-12.168886965660064,13.073331963745682,1.2034278381623331,0,28416,-23813.0,-63.100853251364676,39587.7,-12594.2,0,0,0,0,0,0,0,0,73087.0,72929.0,0.07547273375963992,0
2022-03-30,72823.0,73277.0,72823.0,73048.0,27115,18463,72874.0,594208.96,SILVER,2022-04-05,70845.0,70898.7,71028.14,78971.97,71273.11835061377,71201.61348782694,67.22902921771913,71.5048627868382,-237.60765539769707,309.11251818453525,73356.71024365143,68440.68975634857,70898.7,4916.020487302856,0.9372032227187082,454.0,403.0,51.0,454.0,1097.7857142857142,0.23876828498503588,225.0,229.0,0.0,454.0,0.6215091446719965,0.4955947136563877,2611.0,1433.0,3.031508335131678,2.8437461546930565,24082.6,25579.04,-4.578406531531531,3.9366938422380953,1.1259166369079752,0,27115,4538.0,32.58886894075403,38240.9,-2696.6,1,0,0,0,1,0,0,0,73277.0,72224.0,-1.1280254079509364,0
2022-03-31,73003.0,73638.0,72884.0,73279.0,29968,67153,73048.0,658807.52,SILVER,2022-04-05,71191.7,70879.05,71061.84,78941.115,71581.71552744243,71355.49397021013,63.21413457469318,226.2215572323039,-144.84181287169687,371.0633701040008,73248.39505496231,68509.7049450377,70879.05,4738.690109924617,1.0064585242604471,754.0,590.0,164.0,754.0,1040.7857142857142,0.31623042383090993,276.0,359.0,119.0,754.0,1.0289441722730932,0.5238726790450928,2545.0,3467.0,3.3859793549715986,3.120043049828155,24898.2,25514.26,10.521851373778347,7.0999699217106835,1.2036211453036765,0,29968,48690.0,263.7166224340573,38226.6,2026.6,1,0,0,0,1,0,0,0,73638.0,72303.0,-1.3318959046930225,0
2022-04-01,73010.0,73240.0,72474.0,72907.0,27731,71009,73279.0,606535.21,SILVER,2022-04-05,71480.1,70926.3,71102.0,78906.715,71785.60544629744,71470.42034278714,59.63293130571578,315.1851035103027,-52.83642959529696,368.0215331055997,73420.95450408217,68431.64549591784,70926.3,4989.309008164331,0.8969888408913637,766.0,39.0,805.0,805.0,1044.4285714285713,-0.5076488489198838,103.0,230.0,433.0,766.0,1.050653572359307,0.5652741514360313,2496.0,2884.0,2.792617125100276,2.5386065089589605,25747.7,25850.12,-7.4646289375333685,8.688987929936179,1.0770282394155595,0,0,3856.0,5.74211129808051,39056.3,7769.6,0,0,0,0,1,0,0,0,73638.0,71921.0,-1.3524078620708573,0
2022-04-04,71935.0,72641.0,71935.0,72207.0,27785,51552,72907.0,601881.45,SILVER,2022-04-05,71633.4,70979.65,71134.12,78859.9,71850.4353776363,71524.981798877,56.44793011019558,325.45357875930495,22.821572075623422,302.63200668368154,73538.36186958976,68420.93813041023,70979.65,5117.423739179532,0.7398374773234597,706.0,266.0,972.0,972.0,1098.642857142857,-0.9601272854458442,272.0,434.0,0.0,706.0,0.9777445400030468,0.38526912181303113,1255.0,1533.0,1.7291575824902008,1.508249487025361,26053.9,26062.82,0.19472792182033682,8.981651955981917,1.0664430277232966,0,0,-19457.0,-27.400752017349916,40505.45,2762.8,0,0,0,0,0,0,0,0,73638.0,72343.0,0.18834739014222998,0
2022-04-05,72874.0,73330.0,72412.0,72929.0,18828,66271,72207.0,411932.16,SILVER,2022-04-05,71977.8,71144.85,71163.66,78812.05,72016.36839646148,71628.98314710833,56.51268834258525,387.3852493531449,95.73430753112773,291.65094182201716,73761.289869264,68528.41013073601,71144.85,5232.87973852799,0.8409499337169701,918.0,1123.0,205.0,1123.0,1113.0,0.9999030564903588,55.0,401.0,462.0,918.0,1.2587585185591466,0.5631808278867102,55.0,3444.0,2.507771117656435,2.480676232785099,25167.55,26071.26,-32.236818427208924,9.091303446594358,0.7481061922992107,0,18828,14719.0,28.55175356921167,43200.55,10469.2,1,0,0,0,1,0,0,0,73638.0,72644.0,-0.3907910433435259,0
2022-04-06,72287.0,72712.0,71813.0,72224.0,9541,19797,72929.0,206726.76,SILVER,2022-04-05,72156.5,71288.1,71188.3,78763.34,72048.31172008278,71673.05846954475,63.414905450500555,375.2532505380368,151.63809613250953,223.61515440552728,73804.66582207632,68771.53417792369,71288.1,5033.131644152629,0.6859478484110981,899.0,217.0,1116.0,1116.0,1038.2142857142858,-0.9666936335339882,63.0,425.0,411.0,899.0,1.2447385910500663,0.457174638487208,-824.0,1787.0,1.3128418347522155,1.4548739048411004,23960.1,25766.46,-49.325472700233696,-7.031058638243826,0.39820368028514075,0,0,-46474.0,-70.12720496144618,43664.0,266.8,0,0,0,0,0,0,0,0,73638.0,73547.0,1.8318010633584403,1
2022-04-07,72330.0,72679.0,72138.0,72303.0,18311,23965,72224.0,397182.07,SILVER,2022-04-05,72313.4,71433.65,71200.24,78719.195,72087.49453237774,71719.72080513403,62.86972228494017,367.773727243708,194.86522235474922,172.90850488895876,73821.92718350772,69045.37281649226,71433.65,4776.554367015458,0.6820035810757877,541.0,455.0,86.0,541.0,979.5,0.10938192290650406,27.0,349.0,165.0,541.0,0.748240045364646,0.3049907578558225,-976.0,1569.0,1.2170034710532165,1.5488150039943611,22984.0,25666.18,91.91908604968033,3.8508215638402206,0.7966846501914375,0,18311,4168.0,21.053695004293573,42846.55,-8637.6,1,0,0,0,1,0,0,0,73330.0,73131.0,1.1451806978963528,1
2022-04-08,71982.0,72111.0,71452.0,71921.0,35531,23733,72303.0,766627.52,SILVER,2022-04-05,72464.4,71490.65,71222.92,78670.71,72061.879988935,71734.63037512409,57.25928513214577,327.2496138109127,221.34210064598193,105.90751316493078,73867.73138381158,69113.56861618841,71490.65,4754.162767623173,0.5905206702073345,659.0,192.0,851.0,851.0,979.7857142857143,-0.528332157725131,61.0,129.0,469.0,659.0,0.9162831440052279,0.7116843702579666,-986.0,1510.0,0.6019668306275098,0.9801339231809111,24225.35,26213.84,94.04183277811151,9.11977851502239,1.4666867558157055,0,0,-232.0,-0.9680784477362869,42630.85,-9455.2,0,0,0,0,0,0,0,0,73330.0,72920.0,1.389024068074693,1
2022-04-11,72375.0,73192.0,71332.0,72343.0,19588,63223,71921.0,425116.41,SILVER,2022-04-05,72603.5,71554.3,71244.88,78630.47,72105.12922140655,71779.69479178157,68.26898491434416,325.4344296249765,242.16056644178084,83.27386318319563,73952.0392070998,69156.5607929002,71554.3,4795.478414199606,0.6644674278304797,1860.0,1271.0,589.0,1860.0,1007.6428571428571,0.5867549116391535,32.0,817.0,1011.0,1860.0,2.5710849702113543,0.5435483870967742,136.0,1391.0,1.1022398374381372,1.5413318121947783,24346.0,25928.02,-44.870676310827164,4.6032608250395555,0.8045674854185493,0,19588,39490.0,166.39278641553955,44304.6,2334.2,1,0,0,0,1,0,0,0,73330.0,72112.0,-0.3193121656552811,0
2022-04-12,72830.0,73011.0,72380.0,72644.0,17380,36926,72343.0,378765.82,SILVER,2022-04-05,72580.5,71641.1,71248.34,78582.96,72188.03241811323,71843.71739979775,65.38836982289779,344.3150183154794,262.5914568165206,81.72356149895882,74065.86415782094,69216.33584217908,71641.1,4849.528315641859,0.7068036177384924,631.0,668.0,37.0,668.0,958.0714285714286,0.4160734279750722,186.0,181.0,264.0,631.0,0.868619569406971,0.4183835182250396,-285.0,-230.0,1.399894753151465,1.958866690788871,24330.2,26016.96,-11.272207473963647,4.692928774209197,0.7143385586637183,0,17380,-26297.0,-41.594040143618614,43895.45,-5869.0,0,0,0,0,0,0,0,0,73192.0,71759.0,-1.2182699190573207,0
2022-04-13,73407.0,73922.0,73210.0,73547.0,22818,38783,72644.0,503458.63,SILVER,2022-04-05,72630.4,71737.7,71310.64,78534.18,72397.10435378812,71969.88648129422,68.08537996656808,427.21787249390036,295.51673995199656,131.7011325419038,74307.67555589447,69167.72444410552,71737.7,5139.951111788949,0.8520072391058755,712.0,1278.0,566.0,1278.0,1011.8571428571429,1.2430482902923812,140.0,375.0,197.0,712.0,0.9680884332467674,0.47331460674157305,1323.0,499.0,2.522104834696405,3.136081796489276,23818.4,26184.6,31.28883774453395,8.279653201815744,0.9579988580257279,0,22818,1857.0,5.028976872664237,44638.65,3797.2,1,0,0,0,1,0,0,0,73922.0,72094.0,-1.9756074347016193,0
2022-04-14,73032.0,73556.0,72726.0,73131.0,35857,46394,73547.0,786677.48,SILVER,2022-04-05,72615.6,71903.65,71377.28,78485.49,72510.01137628226,72055.89489008723,67.28081321473952,454.11648619502375,327.23668920060203,126.87979699442172,74376.86885085223,69430.43114914776,71903.65,4946.437701704475,0.7481280618528922,830.0,9.0,821.0,830.0,1025.2857142857142,-0.5656247025711436,99.0,425.0,306.0,830.0,1.1349496109720911,0.4879518072289157,828.0,-148.0,1.706936991376663,2.4569723026711037,24307.45,26448.36,57.14348321500571,12.94181638593848,1.4751444515981724,0,0,7611.0,19.624577778923747,44083.45,4485.8,0,0,0,0,1,0,0,0,73922.0,72753.0,-0.5168806662017476,0
2022-04-15,72808.0,73405.0,72641.0,72920.0,26711,74796,73131.0,584329.84,SILVER,2022-04-05,72616.9,72048.5,71429.9,78443.84,72573.0865491619,72119.90267600669,63.05039787798408,453.1838731552125,352.42612599152415,100.75774716368835,74393.99274365253,69703.00725634747,72048.5,4690.985487305064,0.685781858067668,764.0,274.0,490.0,764.0,1010.7857142857143,-0.28852333483748716,112.0,485.0,167.0,764.0,1.047723532638508,0.36518324607329844,999.0,13.0,1.2096018654101057,2.086101198517716,24643.7,26753.1,-25.506874529380596,11.13759182675376,1.0838875655847133,0,0,28402.0,61.219123162477906,44532.85,10212.6,0,0,0,0,1,0,0,0,73922.0,71994.0,-1.269884805266045,0
2022-04-18,72232.0,72556.0,71723.0,72112.0,10097,38287,72920.0,218434.46,SILVER,2022-04-05,72607.4,72120.4,71469.3,78391.59,72502.15015698315,72119.31729259879,44.07096171802054,382.83286438435607,358.5074736700906,24.325390714265495,74374.88030188318,69865.9196981168,72120.4,4508.960603766376,0.4981370429377942,833.0,364.0,1197.0,1197.0,943.7857142857143,-1.1080636313768544,120.0,324.0,389.0,833.0,1.155147548258265,0.4669867947178872,-231.0,-95.0,-0.011647189976753012,0.8992672378209903,24176.55,26630.48,-62.199094006214665,4.898209633950258,0.4176360977889732,0,0,-36509.0,-48.811433766511584,44501.9,-4987.2,0,0,0,0,0,0,0,0,73922.0,72747.0,0.8805746616374529,1
2022-04-19,71888.0,72096.0,71280.0,71759.0,33393,40436,72112.0,718874.49,SILVER,2022-04-05,72490.4,72234.1,71495.18,78338.025,72387.81936360113,72092.62712277666,40.24224072672217,295.1922408244718,345.8444271009668,-50.652186276495,74129.77151273919,70338.42848726083,72234.1,3791.34302547836,0.3746882049956264,816.0,16.0,832.0,832.0,970.7857142857143,-0.4895163079653875,129.0,208.0,479.0,816.0,1.1371395922462688,0.5870098039215687,-885.0,-1170.0,-0.6577225991602385,0.36900389648645826,25198.2,26527.58,230.72199663266315,31.194091139937466,1.3252137057408861,0,0,2149.0,5.612871209548942,42678.9,702.0,0,0,0,0,1,0,0,0,73922.0,73925.0,3.0184367117713458,1
2022-04-20,72159.0,72614.0,71565.0,72094.0,27076,13188,71759.0,585605.14,SILVER,2022-04-05,72477.4,72316.95,71537.28,78280.04,72342.61638458556,72092.72881738578,41.16857952004769,249.8875671997812,326.6530551207297,-76.76548792094849,74016.62408330949,70617.2759166905,72316.95,3399.348166618991,0.43441389670251274,1049.0,855.0,194.0,1049.0,991.8571428571429,0.46684039632658436,65.0,455.0,529.0,1049.0,1.4550448026188032,0.5042897998093422,-1453.0,-130.0,-0.30829563470251037,0.7782236059296651,25178.9,26932.24,-18.91713832240289,34.23492457772055,1.0753448323794923,0,27076,-27248.0,-67.38549807102582,41741.0,-5119.0,0,0,0,0,0,0,0,0,73556.0,74301.0,3.0612811052237356,1
2022-04-21,72925.0,72979.0,72288.0,72753.0,59345,16765,72094.0,1295258.04,SILVER,2022-04-05,72522.4,72417.9,71590.76,78232.955,72405.75232541855,72141.63779387572,48.89937106918239,264.11453154282935,314.14535040514966,-50.0308188623203,73953.63762835914,70882.16237164085,72417.9,3071.4752567182877,0.6091006672663359,691.0,885.0,194.0,885.0,997.5714285714286,0.9140843898243878,172.0,54.0,465.0,691.0,0.9497890121369565,0.6729377713458755,-378.0,450.0,0.4627308994047133,1.6234497301048423,27005.1,28017.68,119.17934702319397,36.96095067507191,2.1975478705874076,1,59345,3577.0,27.123142250530783,39728.25,-5925.8,1,0,0,1,1,0,0,0,73405.0,75964.0,4.4135637018404745,1
2022-04-22,71824.0,72107.0,71824.0,71994.0,85792,61626,72753.0,1852952.77,SILVER,2022-04-05,72529.7,72497.05,71631.24,78184.835,72342.4058138157,72130.70166099604,48.49043231750532,211.70415281965688,293.6571108880511,-81.9529580683942,73730.7502066954,71263.3497933046,72497.05,2467.400413390802,0.29612145751864766,283.0,646.0,929.0,929.0,994.5,-1.0432559482083215,170.0,113.0,0.0,283.0,0.39308831291496515,0.6007067137809188,-926.0,73.0,-0.6938903031226827,0.506427084048796,29681.8,29312.34,44.56483275760383,32.01325067302115,2.8903907444966275,1,0,44861.0,267.5872353116612,41201.5,-2634.0,0,0,0,1,1,0,0,0,72979.0,75302.0,4.5948273467233385,1
2022-04-25,72989.0,72989.0,72560.0,72747.0,30110,20807,71994.0,657123.65,SILVER,2022-04-05,72570.1,72586.8,71667.22,78140.36,72404.65107322867,72176.35338981115,48.715777589613324,228.2976834175206,280.585225393945,-52.28754197642439,73586.14412175411,71587.45587824589,72586.8,1998.6882435082225,0.5801525703272282,429.0,995.0,566.0,995.0,985.3571428571429,1.0459204933744415,242.0,0.0,187.0,429.0,0.5897150397954555,0.4358974358974359,635.0,404.0,0.22070128453106774,1.506658134639517,29569.65,29399.88,-64.90348750466244,30.00996955363762,1.0182738043906505,0,30110,-40819.0,-66.23665336059456,40354.95,-3496.0,0,0,0,0,0,0,0,0,72989.0,74237.0,2.0481944272616053,1
2022-04-26,74150.0,74150.0,73796.0,73925.0,26242,20204,72747.0,581981.95,SILVER,2022-04-05,72698.2,72639.35,71722.16,78101.45,72638.55090811657,72305.88276834365,61.25148829210213,332.6681397729117,291.0018082697384,41.666331503173296,73799.82508873704,71478.87491126297,72639.35,2320.950177474064,1.0539326145291033,354.0,1403.0,1049.0,1403.0,1005.8571428571429,1.6193107619558278,225.0,0.0,129.0,354.0,0.47886371322286103,0.3644067796610169,2166.0,1281.0,1.7699084587072904,3.0713520061303177,29460.95,29316.82,-12.846230488209898,29.852567252212992,0.8907384181433389,0,26242,-603.0,-2.898063151823904,40668.9,-4046.4,0,0,0,0,0,0,1,0,74150.0,72733.0,-1.6124450456543795,0
2022-04-27,74411.0,74927.0,73729.0,74301.0,46877,67944,73925.0,1044902.39,SILVER,2022-04-05,72773.6,72702.0,71778.64,78066.46,72894.31230686785,72453.66922994783,62.71639511201629,440.6430769200233,320.9300619997954,119.71301492022792,74071.78077385447,71332.21922614553,72702.0,2739.5615477089304,1.0836700406812283,1198.0,1002.0,196.0,1198.0,1052.7857142857142,0.5086236050050763,110.0,516.0,572.0,1198.0,1.6123605335056055,0.4774624373956594,2207.0,754.0,2.1993892877775028,3.5140816265117323,30449.05,29750.32,78.63348830119656,34.587032307879255,1.5395225795221854,1,46877,47740.0,236.28984359532765,43142.95,10951.2,1,0,0,1,1,0,0,0,74927.0,74032.0,-0.36204088774040727,0
2022-04-28,76235.0,77079.0,75279.0,75964.0,87205,52120,74301.0,1987332.19,SILVER,2022-04-05,73056.9,72836.25,71874.84,78036.72,73366.5719519651,72713.69373143317,72.12432964868118,652.8782205319294,387.3196937062222,265.5585268257072,74828.85082621478,70843.64917378522,72836.25,3985.2016524295614,1.2848410878012109,1800.0,2778.0,978.0,2778.0,1190.4285714285713,2.238193294841251,271.0,844.0,685.0,1800.0,2.369543467958507,0.38055555555555554,3211.0,2833.0,4.294221627280372,5.689278751785748,33310.9,31128.96,86.02939607910062,37.47562359428874,2.6179118546781983,1,87205,-15824.0,-23.289768044271753,42391.3,7071.0,0,0,1,1,0,0,0,0,77079.0,74618.0,-1.7718919488178613,0
2022-04-29,75052.0,75742.0,74748.0,75302.0,68622,32658,75964.0,1550212.15,SILVER,2022-04-05,73295.1,72956.0,71965.48,78008.64,73664.33011320124,72905.42012169739,65.77796736696172,758.9099915038532,461.6377532657484,297.2722382381048,75233.93960457812,70678.06039542188,72956.0,4555.879209156235,1.0149390254432333,994.0,222.0,1216.0,1216.0,1144.4285714285713,-0.8714654309936232,250.0,440.0,304.0,994.0,1.32001806060928,0.5573440643863179,3308.0,2382.0,3.215636822194199,4.6362783934742104,35355.45,31739.42,-21.309557938191613,37.895355253407644,1.940917171185772,1,0,-19462.0,-37.340752110514195,40473.75,-5793.6,0,0,0,1,0,0,0,0,77079.0,74589.0,-0.9468540012217471,0
2022-05-02,74159.0,74923.0,73897.0,74237.0,38402,47081,75302.0,855254.78,SILVER,2022-06-05,73507.6,73057.5,72041.56,77975.805,73752.43317270874,73004.05566823832,57.854255004437434,748.3775044704234,518.9857035066834,229.39180096374002,75375.471299945,70739.528700055,73057.5,4635.942599889997,0.7544250655795409,1026.0,379.0,1405.0,1405.0,1197.0714285714287,-1.4143050649385147,78.0,686.0,262.0,1026.0,1.3820601586809813,0.3313840155945419,1490.0,2125.0,1.6144817438319132,3.0474631587655825,35886.3,31881.86,-44.03835504648656,39.71142914938045,1.0701019609154467,0,0,14423.0,44.163757731643095,40250.2,5254.8,0,0,0,0,1,0,0,0,77079.0,74853.0,0.8297749100852675,1
2022-05-03,72626.0,73280.0,72123.0,72733.0,37543,44986,74237.0,819184.51,SILVER,2022-06-05,73605.0,73047.7,72080.7,77934.785,73595.59729998432,72983.97747059104,46.21113386706386,611.619829393283,537.5125286840033,74.10730070927968,75369.61274145856,70725.78725854143,73047.7,4643.825482917135,0.43223259548455073,1157.0,957.0,2114.0,2114.0,1256.7857142857142,-2.02594393631208,107.0,547.0,503.0,1157.0,1.5907497284588838,0.5272255834053586,-1192.0,974.0,-0.43081438566853864,0.9049579152255776,36822.05,30971.18,-2.23686266340295,16.415543219773845,1.0195793009894885,0,0,-2095.0,-4.4497780420976625,39185.95,4956.4,0,0,0,0,0,0,0,0,77079.0,73897.0,1.600373970549819,1
2022-05-04,74139.0,74143.0,73960.0,74032.0,34362,60304,72733.0,763166.28,SILVER,2022-06-05,73798.8,73138.1,72152.38,77897.725,73662.7361769098,73061.60876906577,53.8752688172043,601.1274078440329,550.2355045160093,50.891903328023545,75465.75957901703,70810.44042098298,73138.1,4655.31915803405,0.6920169100452158,183.0,1410.0,1227.0,1410.0,1298.2142857142858,1.7859843537321396,107.0,4.0,72.0,183.0,0.24719040414955695,0.39344262295081966,-269.0,1938.0,1.2222083975383475,2.6050699921471687,38063.1,30244.72,-8.472951016168128,17.459961950397318,0.9027640943591038,0,34362,15318.0,34.050593517983366,41211.3,-1528.0,1,0,0,0,1,0,0,0,77079.0,76053.0,2.7299005835314456,1
2022-05-05,74461.0,74788.0,74254.0,74618.0,32315,75592,74032.0,723384.2,SILVER,2022-06-05,73985.3,73253.85,72230.62,77860.105,73809.6998420006,73176.89700839423,57.074999999999996,632.8028336063726,566.748970334082,66.05386327229064,75636.25243849515,70871.44756150486,73253.85,4764.804876990296,0.7862971381236631,534.0,756.0,222.0,756.0,1297.642857142857,0.7915496001728917,157.0,170.0,207.0,534.0,0.7156450186282131,0.6816479400749064,-1346.0,1865.0,1.862222941183288,3.30521875625601,38763.3,29520.58,-5.957161981258363,4.946311049952087,0.8336493538991777,0,32315,15288.0,25.351552135845058,43792.65,4694.4,1,0,0,0,1,0,0,0,75742.0,76188.0,2.104049961135383,1
2022-05-06,74702.0,74863.0,74429.0,74589.0,32746,68548,74618.0,732747.42,SILVER,2022-06-05,74244.8,73387.25,72273.28,77827.59,73929.5921740005,73281.49722999465,61.037340700472335,648.0949440058466,583.0181650684349,65.07677893741175,75754.14766972458,71020.35233027542,73387.25,4733.795339449163,0.7538660659841366,434.0,245.0,189.0,434.0,1243.142857142857,-0.03886461711651856,113.0,161.0,160.0,434.0,0.5818552333453995,0.3686635944700461,-713.0,2595.0,1.637546031497297,3.204116376065956,38624.05,29669.86,1.3337459384186845,0.6232023680335715,0.8478137326354952,0,0,-7044.0,-9.318446396444068,46033.4,7178.0,0,0,0,0,0,0,0,0,74923.0,76305.0,2.3006073281583075,1
2022-05-09,75058.0,75261.0,74636.0,74853.0,15057,49986,74589.0,338118.49,SILVER,2022-06-05,74455.4,73512.75,72306.04,77803.48,74071.65491646196,73397.90484258765,63.896873877111034,673.750073874311,601.1645468296101,72.58552704470094,75912.46190156789,71113.03809843211,73512.75,4799.423803135782,0.7792522717256862,625.0,672.0,47.0,672.0,1231.7142857142858,0.3539395889474273,205.0,203.0,217.0,625.0,0.8349698742869357,0.3472,616.0,2106.0,1.8231531264984644,3.5224719815938013,38397.5,29576.96,-54.018811457887985,1.7116699727110167,0.39213490461618594,0,15057,-18562.0,-27.078835268716816,45371.55,581.0,0,0,0,0,0,0,0,0,75261.0,76973.0,2.832217813581286,1
2022-05-10,74000.0,74405.0,73558.0,73897.0,26061,76151,74853.0,577748.92,SILVER,2022-06-05,74452.6,73575.4,72324.86,77768.515,74044.78492931397,73434.87485424783,57.670382030119974,609.9100750661455,602.9136524769172,6.996422589228359,75944.84820580663,71205.95179419336,73575.4,4738.89641161327,0.567863901648469,847.0,448.0,1295.0,1295.0,1249.2857142857142,-1.2771699197092978,103.0,405.0,339.0,847.0,1.1461899671163918,0.4002361275088548,1164.0,-28.0,0.43710261853826937,2.1737200735680644,38831.55,29613.2,73.08228730822873,10.304521752354878,0.6711295325579328,0,0,26165.0,52.34465650382107,47332.8,6233.0,0,0,0,0,1,0,0,0,75261.0,77426.0,4.775565990500291,1
2022-05-11,76097.0,76336.0,75607.0,76053.0,39157,38214,73897.0,893402.2,SILVER,2022-06-05,74627.8,73700.7,72365.84,77742.66,74353.7410940349,73628.81005022948,62.45283018867924,724.931043805409,627.3171307426155,97.61391306279347,76316.10159742051,71085.29840257949,73700.7,5230.803194841021,0.9497014917938422,729.0,2439.0,1710.0,2439.0,1360.2857142857142,2.917574461750805,44.0,239.0,446.0,729.0,0.9585420693463768,0.6117969821673526,2021.0,1752.0,3.1916928875845185,5.09516644870011,39648.5,30042.06,50.25133341007635,7.466306263242856,0.9876035663392058,0,39157,-37937.0,-49.81812451576473,47304.35,-4418.0,0,0,0,0,0,0,0,0,76336.0,77648.0,2.097221674358671,1
2022-05-12,76037.0,76238.0,76037.0,76188.0,16322,48745,76053.0,373062.16,SILVER,2022-06-05,74650.2,73853.55,72416.16,77720.91,74635.93477187568,73818.37967613841,66.60858545857752,817.5550957372616,665.3647237415448,152.19037199571676,76677.7457196976,71029.3542803024,73853.55,5648.3914393952,0.9132946565491498,201.0,185.0,16.0,201.0,1308.2857142857142,0.1775077906196909,151.0,50.0,0.0,201.0,0.263821074184911,0.7512437810945274,1570.0,224.0,3.1609177893276588,5.208561183028755,38671.75,30095.38,-58.31652067318742,-6.968285411985947,0.4220652026349984,0,16322,10531.0,27.557963050191027,47421.9,-5369.4,1,0,0,0,1,0,0,0,76336.0,76956.0,1.0080327610647346,1
2022-05-13,76176.0,76769.0,75932.0,76305.0,9276,52548,76188.0,212341.55,SILVER,2022-06-05,74750.5,74022.8,72503.02,77692.3,74892.71403774095,74002.57377420223,64.83736447039199,890.1402635387203,710.31983170098,179.82043183774033,77012.3103348384,71033.2896651616,74022.8,5979.0206696768,0.8817013062982709,837.0,581.0,256.0,837.0,1297.0,0.15356749094346256,129.0,464.0,244.0,837.0,1.096913701592294,0.44563918757467147,1716.0,1003.0,3.083104124675096,5.243891909605966,37800.0,30066.08,-43.168729322386966,-9.154202550405483,0.2453968253968254,0,9276,3803.0,7.8018258282900765,46309.5,-3200.0,1,0,0,0,1,0,0,0,76769.0,77400.0,1.4350304698250442,1
2022-05-16,77165.0,77224.0,76816.0,76973.0,17306,20681,76305.0,399628.42,SILVER,2022-06-05,75024.1,74265.85,72619.68,77666.375,75212.75803193465,74222.60534648356,63.27526132404181,990.1526854510885,766.2864024510018,223.8662830000867,77388.69029117901,71143.009708821,74265.85,6245.680582358007,0.9334435557986751,408.0,919.0,511.0,919.0,1262.4285714285713,0.8754341130987386,192.0,59.0,157.0,408.0,0.5300559936601146,0.38480392156862747,2120.0,2736.0,3.6452151291609725,5.994683534821426,38160.45,29978.98,86.5674859853385,3.906381552777023,0.4535061824480582,0,17306,-31867.0,-60.64360204003958,45429.2,-5861.0,0,0,0,0,0,0,0,0,77224.0,79136.0,2.8100762605069307,1
2022-05-17,77546.0,77974.0,77145.0,77426.0,39017,16984,76973.0,906279.07,SILVER,2022-06-05,75493.4,74549.2,72775.7,77636.93,75553.25679625239,74459.89383933663,63.519944622306824,1093.3629569157638,831.7017133439542,261.66124357180956,77741.9263123017,71356.4736876983,74549.2,6385.4526246034075,0.9505240535205878,829.0,1001.0,172.0,1001.0,1248.357142857143,0.5885180517843924,120.0,428.0,281.0,829.0,1.070699764936843,0.33896260554885405,3529.0,4693.0,3.858928063614369,6.389907620263362,38441.65,30028.22,125.45359990754652,16.67542780987197,1.0149668393526292,0,39017,-3697.0,-17.876311590348624,44256.6,-11833.4,0,0,0,0,0,0,0,0,77974.0,80408.0,3.8514194198331313,1
2022-05-18,77642.0,78434.0,76817.0,77648.0,32742,37579,77426.0,762705.24,SILVER,2022-06-05,75855.0,74826.9,72941.48,77608.165,75875.52498144432,74696.04985123762,58.32344800316331,1179.4751302067016,901.2563967165038,278.2187334901978,78085.9389219427,71567.86107805729,74826.9,6518.077843885403,0.9328116459435161,1617.0,1008.0,609.0,1617.0,1165.4285714285713,0.28672538940408554,6.0,786.0,825.0,1617.0,2.0824747578817226,0.5139146567717996,1595.0,3616.0,3.7701682149066795,6.45246024621382,38724.95,30009.26,-16.08273316759361,15.914449594729422,0.8455014144627689,0,32742,20595.0,121.26118699952895,45476.15,-127.0,1,0,0,0,1,0,0,0,78434.0,81935.0,5.521069441582526,1
2022-05-19,76891.0,77068.0,76749.0,76956.0,36600,64933,77648.0,844976.88,SILVER,2022-06-05,76088.8,75037.05,73092.76,77565.705,76041.75190737596,74863.45356596075,58.15099546619357,1178.2983414152113,956.6647856562454,221.63355575896594,78274.98582557267,71799.11417442733,75037.05,6475.871651145339,0.7963230439659204,319.0,580.0,899.0,899.0,1142.7857142857142,-0.8912013187718948,65.0,112.0,142.0,319.0,0.4145225843339051,0.6489028213166145,768.0,2338.0,2.557336675682209,5.285393519139249,37587.7,29984.6,11.783030969397101,17.68846888979497,0.9737227869755266,0,0,27354.0,72.79065435482583,47884.55,3237.6,0,0,0,0,1,0,0,0,78434.0,81469.0,5.864390041062426,1
2022-05-20,77086.0,77498.0,77086.0,77400.0,22629,37399,76956.0,525445.38,SILVER,2022-06-05,76369.9,75307.35,73225.14,77516.53,76250.71315239504,75051.34589440809,66.60367454068242,1199.3672579869453,1005.2052801223854,194.16197786455996,78373.71155213664,72240.98844786338,75307.35,6132.72310427326,0.841226884765406,412.0,542.0,130.0,542.0,1081.142857142857,0.5769530640885812,314.0,98.0,0.0,412.0,0.5322997416020672,0.7621359223300971,1095.0,2811.0,2.7788124266754757,5.701402551091061,34429.55,30223.1,-38.17213114754099,13.737881181199,0.6572551776017984,0,22629,-27534.0,-42.40370843792832,46673.2,-3029.8,0,0,0,0,0,0,0,0,78434.0,80555.0,4.076227390180878,1
2022-05-23,78967.0,79477.0,78621.0,79136.0,13245,41481,77400.0,314446.9,SILVER,2022-06-05,76798.2,75626.8,73386.46,77477.195,76694.60343664195,75353.91286519267,82.81233985856308,1340.690571449275,1072.3023383877635,268.3882330615115,78894.64735841434,72358.95264158567,75626.8,6535.6947168286715,1.0369283835984882,856.0,2077.0,1221.0,2077.0,1078.5,2.242894056847544,169.0,341.0,346.0,856.0,1.0816821674080066,0.6016355140186916,2163.0,4283.0,4.640154019474574,7.834606002251632,33586.3,30144.5,-41.46891157364444,14.992871169623353,0.39435722303439197,0,13245,4082.0,10.91473034038344,47706.9,4160.0,1,0,1,0,1,0,0,0,79477.0,80457.0,1.6692782046097858,1
2022-05-24,80715.0,81355.0,79841.0,80408.0,36414,10944,79136.0,878393.07,SILVER,2022-06-05,77449.3,75950.95,73576.46,77439.16,77265.89521562011,75728.28968999321,82.76464542651593,1537.6055256269028,1165.3629758355914,372.2425497913114,79750.85888948958,72151.04111051041,75950.95,7599.817778979166,1.0864680087893752,1514.0,2219.0,705.0,2219.0,1136.2857142857142,1.6073594824100201,307.0,640.0,567.0,1514.0,1.8828972241568005,0.37450462351387054,2982.0,6511.0,5.868326860954343,9.284953366878474,34094.9,30518.86,174.92638731596827,25.177281170397308,1.0680189705791774,0,36414,-30537.0,-73.61683662399653,47243.9,-1208.0,0,0,1,0,0,0,0,0,81355.0,80530.0,0.15172619639836832,0
2022-05-25,81725.0,82907.0,81099.0,81935.0,35098,19114,80408.0,862726.39,SILVER,2022-06-05,78037.5,76332.65,73782.86,77405.335,77984.21902860163,76188.04600925297,84.28450941804891,1796.1730193486583,1291.524984538205,504.6480348104533,80892.41297975891,71772.88702024108,76332.65,9119.525959517836,1.1143246946024605,1808.0,2499.0,691.0,2499.0,1260.7857142857142,1.899064769674652,210.0,972.0,626.0,1808.0,2.206627204491365,0.46238938053097345,4287.0,5882.0,7.339388846057364,11.048826245011375,33505.95,30559.74,-3.61399461745483,19.79074836764419,1.0475154412872938,0,35098,8170.0,74.65277777777777,44802.4,-3693.0,1,0,1,0,1,0,0,0,82907.0,81584.0,-0.4283883566241533,0
2022-05-26,81500.0,81599.0,81236.0,81469.0,15588,49846,81935.0,380981.63,SILVER,2022-06-05,78565.6,76607.9,74016.0,77361.945,78520.33917804754,76579.22778634535,80.96867122794382,1941.1113917021867,1421.4422659710012,519.6691257311854,81706.71864129753,71509.08135870246,76607.9,10197.637282595068,0.9766888510828624,363.0,336.0,699.0,699.0,1279.7142857142858,-0.5687435162018639,31.0,99.0,233.0,363.0,0.4455682529551117,0.6418732782369146,4513.0,5281.0,6.345429126761086,10.069444444444445,29925.1,30349.98,-55.58721294660665,20.063679140302263,0.520900514952331,0,0,30732.0,160.78267238673223,44688.7,-3017.4,0,0,1,0,1,0,0,0,82907.0,80011.0,-1.7896377763321019,0
2022-05-27,80717.0,81092.0,79859.0,80555.0,5442,42596,81469.0,131514.09,SILVER,2022-06-05,78990.6,76870.55,74226.64,77318.92,78833.36391988637,76873.72943180124,74.24732097295458,1959.6344880851248,1529.080710393826,430.5537776912988,82221.09926742657,71520.00073257343,76870.55,10701.09853485314,0.8443057727204231,1233.0,377.0,1610.0,1610.0,1346.7142857142858,-1.1218991272754053,162.0,375.0,696.0,1233.0,1.5306312457327291,0.5644768856447688,3155.0,4250.0,4.793057939614061,8.525726073549874,26766.1,30059.1,-65.08852963818322,17.87169910872264,0.2033168821755878,0,0,-7250.0,-14.54479797777154,45185.6,1039.4,0,0,1,0,0,0,0,0,82907.0,81471.0,1.1371112904226925,1
2022-05-30,80255.0,80628.0,80255.0,80457.0,16803,16907,80555.0,405575.69,SILVER,2022-06-05,79339.0,77181.55,74422.3,77271.72,79083.1540860577,77139.15688129744,80.09174311926606,1943.9972047602496,1612.0640092671108,331.9331954931388,82610.07913974438,71753.02086025562,77181.55,10857.05827948876,0.8016885343784147,373.0,73.0,300.0,373.0,1280.857142857143,-0.12165601142076765,202.0,171.0,0.0,373.0,0.4636016754291112,0.5415549597855228,1321.0,3484.0,4.2438251110530905,8.108725476100572,25686.15,30006.36,208.7651598676957,30.09146649695837,0.6541657663760431,0,0,-25689.0,-60.30847966945253,43676.9,-4914.8,0,0,1,0,0,0,0,0,82907.0,81341.0,1.0987235417676524,1
2022-05-31,80560.0,81128.0,80210.0,80530.0,15599,38114,80457.0,376856.24,SILVER,2022-06-05,79649.4,77571.4,74643.2,77219.2,79305.74576512574,77390.33044564578,75.38845412271748,1915.4153194799583,1672.7342713096805,242.6810481702778,82769.78579804004,72373.01420195994,77571.4,10396.7715960801,0.7845691061555577,918.0,671.0,247.0,918.0,1172.2142857142858,0.09073169519122626,30.0,568.0,320.0,918.0,1.1399478455234073,0.3485838779956427,122.0,3104.0,3.814034553972219,7.88658578410358,24588.95,30059.14,-7.165387133250012,16.829567792878713,0.6343906510851419,0,15599,21207.0,125.43325249896493,43333.3,5434.0,1,0,1,0,1,0,0,0,82907.0,80958.0,0.5314789519433751,1
2022-06-01,81737.0,82421.0,80682.0,81584.0,12058,35009,80530.0,295121.96,SILVER,2022-06-05,80043.0,77949.0,74866.14,77181.08,79656.24641664485,77700.9726348572,77.71158586688578,1955.2737817876477,1729.2421734052741,226.03160838237363,83161.98463858342,72736.01536141658,77949.0,10425.969277166849,0.8486486391208486,1739.0,1891.0,152.0,1891.0,1292.9285714285713,1.3088290078231646,153.0,684.0,902.0,1739.0,2.131545401059031,0.518688901667625,-351.0,3936.0,4.6633054946182755,8.973161966143842,23473.75,29751.06,-22.70017308801846,16.167823800836224,0.5136801746631876,0,12058,-3105.0,-8.146612793199349,42068.55,3179.0,0,0,1,0,0,0,0,0,82421.0,80029.0,-1.9060109825455973,0
2022-06-02,80013.0,80113.0,79937.0,80011.0,22206,60241,81584.0,533017.28,SILVER,2022-06-05,80348.5,78218.65,75051.68,77141.1,79710.82389100717,77872.08577301593,66.55646890636169,1838.7381179912336,1751.1413623224662,87.5967556687674,83261.29555774588,73176.00444225411,78218.65,10085.291115491767,0.6777192130078249,176.0,1471.0,1647.0,1647.0,1350.7857142857142,-1.9280741321827777,2.0,100.0,74.0,176.0,0.21996975415880318,0.42045454545454547,-1458.0,3055.0,2.291461179654732,6.6078734013682405,22968.3,29738.76,84.15989384640903,23.40551008853742,0.9668107783336164,0,0,25232.0,72.07289554114655,41301.0,2079.0,0,0,0,0,1,0,0,0,82421.0,78520.0,-1.8634937696066791,0
2022-06-03,81938.0,81938.0,81148.0,81471.0,16894,45725,80011.0,412911.32,SILVER,2022-06-05,80755.6,78562.75,75272.88,77118.655,79981.6202154676,78138.67201205179,68.76668891855807,1842.9482034158136,1769.5027305411359,73.44547287467776,83500.67259217553,73624.82740782447,78562.75,9875.845184351056,0.7944811249783784,790.0,1927.0,1137.0,1927.0,1422.7857142857142,1.8247490969991675,467.0,0.0,323.0,790.0,0.9696701893925446,0.4088607594936709,916.0,4071.0,3.7018179735307126,8.234200684230489,22175.7,29431.48,-23.921462667747452,24.83057693651677,0.7618248803870904,0,16894,-14516.0,-24.09654554207268,40159.85,625.8,0,0,0,0,0,0,0,0,82421.0,79298.0,-2.6672067361392395,0
2022-06-06,81070.0,81966.0,81070.0,81341.0,7939,28996,81471.0,193729.86,SILVER,2022-06-05,80976.1,78887.15,75480.66,77096.805,80190.75556693412,78375.88149264053,66.78672498070492,1814.8740742935915,1778.576999291627,36.29707500196446,83648.20579953834,74126.09420046165,78887.15,9522.111599076685,0.7577001933308516,896.0,495.0,401.0,896.0,1415.2857142857142,-0.15956598053294968,271.0,625.0,0.0,896.0,1.1015355109969143,0.30245535714285715,884.0,2205.0,3.110582648758392,7.764028560428588,21819.8,28943.2,-53.00698472830591,23.676769621050624,0.3638438482479216,0,0,-16729.0,-36.58611262985237,39110.35,2417.8,0,0,0,0,0,0,0,0,82421.0,79386.0,-2.4034619687488474,0
2022-06-07,81129.0,81721.0,80208.0,80958.0,27149,16047,81341.0,659378.62,SILVER,2022-06-05,81031.1,79240.2,75642.34,77069.335,80308.79317202118,78567.14953022271,63.99932329555067,1741.643641798466,1771.190327792995,-29.54668599452907,83459.58596680182,75020.81403319817,79240.2,8438.771933603653,0.7035604248480314,1513.0,380.0,1133.0,1513.0,1407.857142857143,-0.47085725525872757,171.0,592.0,750.0,1513.0,1.8688702784159688,0.495703899537343,428.0,550.0,2.167839051390586,7.027360602540857,21874.2,28917.86,241.97002141327624,30.381133030781427,1.2411425332126431,0,0,-12949.0,-44.65788384604773,36105.15,-4413.4,0,0,0,0,0,0,0,0,82421.0,78221.0,-3.3807653351120335,0
2022-06-08,80001.0,80567.0,79704.0,80029.0,6031,38767,80958.0,144796.47,SILVER,2022-06-05,80840.5,79439.0,75781.96,77029.485,80265.7480686333,78675.43475020622,62.74152085579235,1590.3133184270846,1735.014925919813,-144.7016074927285,83392.3814440435,75485.6185559565,79439.0,7906.762888086989,0.5746196652600959,863.0,391.0,1254.0,1254.0,1433.2142857142858,-1.1475085846982425,28.0,538.0,297.0,863.0,1.0783590948281248,0.3765932792584009,-1555.0,-1906.0,0.7427082415438261,5.604288936311483,20217.9,28496.18,-77.78555379571992,22.963977112954915,0.29830002126828203,0,0,22720.0,141.58409671589703,36132.8,751.6,0,0,0,0,1,0,0,0,81966.0,77069.0,-3.6986592360269404,0
2022-06-09,78642.0,78874.0,78276.0,78520.0,15208,26347,80029.0,358239.65,SILVER,2022-06-05,80545.6,79555.6,75886.78,76981.605,79997.17144268971,78663.92106500575,54.26699177080158,1333.2503776839585,1654.6620162726424,-321.4116385886839,83233.19838109516,75878.00161890485,79555.6,7355.196762190317,0.3592015912716912,598.0,1155.0,1753.0,1753.0,1519.7142857142858,-1.885566482150225,122.0,232.0,244.0,598.0,0.7615894039735099,0.4080267558528428,-1491.0,-2949.0,-1.301731116351339,3.469932444096325,20162.2,28200.98,152.16382026197977,43.739080433813555,0.7542827667615637,0,0,-12420.0,-32.03755771661465,35012.9,-6778.8,0,0,0,0,0,0,0,0,81966.0,76788.0,-2.2058074375955172,0
2022-06-10,79368.0,79563.0,79062.0,79298.0,5562,34102,78520.0,132316.64,SILVER,2022-06-05,80419.9,79705.25,76014.6,76929.065,79889.60660535283,78710.88987500532,50.66578990629623,1178.7167303475144,1559.4729590876168,-380.7562287401024,83054.86181568725,76355.63818431275,79705.25,6699.223631374509,0.439209373741052,501.0,1043.0,542.0,1043.0,1445.857142857143,0.9908303616912972,70.0,195.0,236.0,501.0,0.631793992282277,0.47105788423153694,-2173.0,-1257.0,-0.5109450130323911,4.3194333720101055,19976.5,27757.6,-63.42714360862705,43.905219036769175,0.2784271519034866,0,5562,7755.0,29.434091167874897,34090.6,-2324.6,1,0,0,0,1,0,0,0,81966.0,78317.0,-1.2371056016545183,0
2022-06-13,79269.0,79665.0,78765.0,79386.0,25951,14263,79298.0,618043.83,SILVER,2022-06-05,80312.8,79825.9,76158.18,76884.03,79812.12866606777,78760.89803241233,45.34693134219632,1051.2306336554466,1457.824494001183,-406.5938603457364,82925.6495246861,76726.15047531389,79825.9,6199.499049372214,0.42904265385046875,900.0,367.0,533.0,900.0,1351.642857142857,0.11097379505158322,117.0,279.0,504.0,900.0,1.1337011563751795,0.69,-1955.0,-1071.0,-0.5510742753918142,4.238310316764407,20408.75,27720.92,366.576770945703,59.686380144569895,1.2715624425797758,0,25951,-19839.0,-58.17547357926222,33769.7,-2946.6,0,0,0,0,0,0,0,0,81721.0,78100.0,-1.6199329856649787,0
2022-06-14,78257.0,78615.0,77757.0,78221.0,33351,77438,79386.0,782624.57,SILVER,2022-06-05,80081.9,79865.65,76264.02,76841.755,79567.33964051888,78720.90558556697,32.514124293785315,846.4340549519111,1335.5464061913287,-489.11235123941765,82854.21439924311,76877.08560075688,79865.65,5977.128798486228,0.22484280405392648,858.0,771.0,1629.0,1629.0,1289.5,-1.4675131635300986,36.0,358.0,464.0,858.0,1.0968921389396709,0.5407925407925408,-2737.0,-2309.0,-2.059270787879388,2.566059329156784,20125.45,28011.38,28.515278794651454,63.25444673736005,1.6571554921753302,1,0,63175.0,442.929257519456,36792.4,12278.2,0,0,0,1,1,0,0,0,80567.0,76764.0,-1.8626711496912596,0
2022-06-15,76783.0,77334.0,76554.0,77069.0,23680,40540,78221.0,547498.18,SILVER,2022-06-05,79630.4,79836.7,76360.92,76793.895,79182.97969582367,78598.54220885831,30.54130550150363,584.4374869653548,1185.324622346134,-600.8871353807792,82925.26035957517,76748.13964042482,79836.7,6177.120719150349,0.05194335260122796,780.0,887.0,1667.0,1667.0,1358.642857142857,-1.4727502844504636,286.0,265.0,229.0,780.0,1.0120800840804993,0.6602564102564102,-2960.0,-4515.0,-3.466701404241404,0.9272806037433831,19672.35,28294.16,-28.99763125543462,62.62470092061843,1.2037199419489792,0,0,-36898.0,-47.648441333712135,36940.45,354.6,0,0,0,0,0,1,0,0,79665.0,76564.0,-0.6552569775136566,0
2022-06-16,76881.0,77148.0,76492.0,76788.0,26586,73769,77069.0,612445.73,SILVER,2022-06-05,79308.1,79828.3,76450.62,76742.585,78814.52128108157,78464.4279711651,32.35266560479715,350.09330991646857,1018.2783598602009,-668.1850499437323,82950.57825726531,76706.0217427347,79828.3,6244.556514530617,0.01312795505566303,656.0,79.0,577.0,656.0,1290.5,-0.3646083379828413,93.0,267.0,296.0,656.0,0.8543001510652706,0.45121951219512196,-1732.0,-3223.0,-3.808549098502665,0.441304465549141,19171.65,28459.66,12.27195945945947,55.43590748192348,1.3867351010476405,0,0,33229.0,81.9659595461273,37382.25,9484.4,0,0,0,0,1,1,0,0,79665.0,76341.0,-0.5821222065947804,0
2022-06-17,78363.0,78993.0,77584.0,78317.0,14308,50843,76788.0,336167.89,SILVER,2022-06-05,78992.7,79874.15,76578.54,76698.98,78737.97954553056,78453.50738070843,41.15994712491738,284.47216482213116,871.5171208525869,-587.0449560304558,82870.68464943515,76877.61535056484,79874.15,5993.069298870309,0.24017487161486412,1409.0,2205.0,796.0,2205.0,1421.357142857143,1.9911965411262278,46.0,630.0,733.0,1409.0,1.7990985354393043,0.5202271114265437,-981.0,-3154.0,-1.949504313973913,2.270166028237162,18755.6,28035.2,-46.182201158504476,53.20983363284777,0.7628654908400692,0,14308,-22926.0,-31.07809513481272,38054.45,3348.2,0,0,0,0,0,0,0,0,79665.0,73998.0,-5.514766908844823,0
2022-06-20,78200.0,78669.0,77829.0,78100.0,14609,37690,78317.0,342288.87,SILVER,2022-06-05,78668.6,79822.35,76693.68,76664.55,78639.82884621815,78427.32164880409,40.08001306335729,212.5071974140592,739.7151361648814,-527.2079387508222,82907.13004163431,76737.5699583657,79822.35,6169.560083268618,0.22083098685254898,840.0,352.0,488.0,840.0,1415.7857142857142,-0.2770790505254306,100.0,469.0,271.0,840.0,1.0755441741357235,0.32261904761904764,-1286.0,-3241.0,-2.1577290069761235,1.833684340091657,18823.8,27935.62,2.1037181996086174,58.720903925639234,0.7760919686779503,0,0,-13153.0,-25.869834588832287,37864.9,4685.4,0,0,0,0,0,0,0,0,78993.0,73971.0,-5.286811779769526,0
2022-06-21,76926.0,77353.0,76331.0,76764.0,86237,12994,78100.0,1985969.12,SILVER,2022-06-05,78249.2,79640.15,76776.08,76623.78,78351.23979295383,78304.11263778157,30.766161213088594,47.127155172260245,601.1975399663571,-554.0703847940969,82997.68526610816,76282.61473389182,79640.15,6715.070532216341,0.07168729856204398,1022.0,747.0,1769.0,1769.0,1407.0714285714287,-1.7106274007682498,162.0,427.0,433.0,1022.0,1.3313532384972122,0.42367906066536204,-1457.0,-4194.0,-3.6114321733447188,-0.0157340671730072,21314.95,29312.76,490.3004996919707,83.55395175350867,4.04584575614768,1,0,-24696.0,-65.52401167418414,37967.4,-12888.8,0,0,0,1,0,1,0,0,78993.0,73792.0,-3.8716064822052005,0
2022-06-22,76620.0,76935.0,76263.0,76564.0,56687,77546,76764.0,1302055.04,SILVER,2022-06-05,77902.7,79371.6,76836.42,76588.315,78076.27982480708,78175.2154053533,34.55229900510889,-98.93558054622554,461.1709158638406,-560.1064964100661,82814.39368811864,75928.80631188137,79371.6,6885.587376237265,0.09224974623235963,672.0,171.0,501.0,672.0,1337.4285714285713,-0.2605387942264614,56.0,315.0,301.0,672.0,0.8776970900161956,0.4479166666666667,-505.0,-3465.0,-3.537285376633463,-0.35454540958571246,22394.4,29990.14,-34.266034300822156,87.90590370299844,2.5313024684742613,1,0,64552.0,496.7831306756965,40889.0,7401.2,0,0,0,1,1,1,0,0,78993.0,74413.0,-2.8094143461679115,0
2022-06-23,76364.0,76395.0,76277.0,76341.0,82660,17377,76564.0,1893104.12,SILVER,2022-06-05,77684.8,79115.2,76900.62,76548.355,77809.31369791368,78039.34759754935,24.143145161290334,-230.03389963567315,322.9299527639379,-552.963852399611,82662.52115976666,75567.87884023333,79115.2,7094.642319533334,0.10897253518166418,118.0,169.0,287.0,287.0,1220.2857142857142,-0.2912595998119216,23.0,31.0,64.0,118.0,0.15456962837793584,0.5423728813559322,-447.0,-2179.0,-3.5065322466479225,-0.7277184501243232,25748.0,30926.2,45.8182652107185,77.27134819787233,3.2103464346745376,1,0,-60169.0,-77.591365125216,39265.55,-11278.4,0,1,0,1,0,1,0,0,78993.0,76054.0,-0.3759447741056575,0
2022-06-24,73868.0,74741.0,73452.0,73998.0,34300,36467,76341.0,761439.42,SILVER,2022-06-05,77154.8,78787.35,76922.18,76494.775,77222.95774438849,77739.98851624939,19.739553284430897,-517.0307718608965,154.93780783897103,-671.9685796998675,82935.51546769416,74639.18453230585,78787.35,8296.330935388309,-0.07728531290511266,1289.0,1600.0,2889.0,2889.0,1362.642857142857,-3.0691240617754523,130.0,743.0,416.0,1289.0,1.7419389713235491,0.4235841737781226,-4319.0,-5300.0,-6.078831182924676,-3.8014783252372633,27190.9,31077.98,-58.50471812242923,77.7635907464921,1.2614514414749052,0,0,19090.0,109.8578580882776,38959.1,-2875.2,0,1,0,0,1,1,0,0,78669.0,77079.0,4.163626043947134,1
2022-06-27,73866.0,74254.0,73668.0,73971.0,48642,10048,73998.0,1079429.21,SILVER,2022-06-05,76613.3,78463.05,76959.36,76445.57,76722.65655294411,77460.80418171239,20.336248620191895,-738.1476287682744,-23.679279482478066,-714.4683492857964,83052.29717940601,73873.80282059399,78463.05,9178.494358812022,0.010589664884708663,586.0,256.0,330.0,586.0,1296.4285714285713,-0.03648747263439445,105.0,283.0,198.0,586.0,0.7922023495694258,0.5170648464163823,-4129.0,-5415.0,-5.725051473273092,-3.883036449367563,28782.85,31848.88,41.81341107871721,45.28725475979352,1.6899646838308229,1,0,-26419.0,-72.44632133161488,38616.15,-5528.4,0,1,0,1,0,1,0,0,77353.0,76858.0,3.9028808587149015,1
2022-06-28,73967.0,73979.0,73502.0,73792.0,19847,46978,73971.0,439364.95,SILVER,2022-06-05,76170.4,78126.15,77000.02,76397.875,76271.78631402964,77189.04090899295,21.719415978960726,-917.2545949633059,-202.39434257864363,-714.8602523846622,83053.34722934283,73198.95277065715,78126.15,9854.394458685681,0.06018099151898001,477.0,8.0,469.0,477.0,1240.9285714285713,-0.24198672452717673,175.0,12.0,290.0,477.0,0.6464115351257589,0.6079664570230608,-2972.0,-4429.0,-5.5476303388814046,-4.166258658114639,28995.25,31577.96,-59.197812589942856,36.51594562133409,0.6844914253196644,0,0,36930.0,367.5358280254777,39059.35,6796.8,0,1,0,0,1,1,0,0,76935.0,75893.0,2.8471921075455335,1
2022-06-29,74627.0,74661.0,74167.0,74413.0,70912,57606,73792.0,1583032.4,SILVER,2022-06-05,75904.8,77767.6,77046.4,76358.295,75985.81918879431,76983.40824906754,29.74652332577176,-997.5890602732252,-361.43328611756,-636.1557741556652,82678.95395202859,72856.24604797142,77767.6,9822.70790405717,0.1584852127574289,494.0,869.0,375.0,869.0,1177.7857142857142,0.8415546400693863,214.0,34.0,246.0,494.0,0.6638624971443162,0.4979757085020243,-2151.0,-2656.0,-4.31362161105654,-3.4179403580180177,31937.95,32454.68,257.2932936967804,65.14503811655558,2.2203053107666584,1,70912,10628.0,22.623355613265783,40189.2,-3988.0,1,1,0,1,1,1,0,1,76395.0,78224.0,5.121416956714553,1
2022-06-30,76017.0,76964.0,75074.0,76054.0,25980,59222,74413.0,592764.88,SILVER,2022-06-05,75831.4,77569.75,77112.42,76327.12,75996.30854436442,76914.56319358105,35.257225958916564,-918.2546492166293,-472.79755873737383,-445.4570904792555,82419.0001373654,72720.4998626346,77569.75,9698.500274730788,0.3437129497279852,1890.0,2551.0,661.0,2551.0,1285.5,2.2052598336312235,37.0,910.0,943.0,1890.0,2.485076393089121,0.5185185185185185,-287.0,-734.0,-1.9540478085851767,-1.3725674800505525,32126.65,31787.38,-63.36304151624549,57.581538018985086,0.8086744182789055,0,25980,1616.0,2.805263340624231,40138.25,8369.0,1,0,0,0,1,0,0,0,76964.0,78298.0,2.9505351460804166,1
2022-07-01,77086.0,77220.0,77027.0,77079.0,30905,58115,76054.0,714637.95,SILVER,2022-08-05,75707.6,77350.15,77214.12,76296.365,76162.87646061605,76926.74369776023,40.33838679956445,-763.867237144179,-531.0114944187349,-232.8557427254441,81839.99652298955,72860.30347701044,77350.15,8979.693045979104,0.46980409033898896,193.0,1166.0,973.0,1166.0,1304.5,1.3477266152996492,7.0,134.0,52.0,193.0,0.2503924544947392,0.2694300518134715,3081.0,-1238.0,-0.3505487707522147,-0.17499390007940951,32827.2,30689.64,18.956889915319476,64.09544712636749,0.9414448993517571,0,30905,-1107.0,-1.8692377832562168,40757.75,4329.6,0,0,0,0,0,0,0,0,77220.0,78331.0,1.6243075286394477,1
2022-07-04,76719.0,77600.0,76151.0,76858.0,12972,50647,77079.0,299100.59,SILVER,2022-08-05,75583.4,77126.0,77296.34,76269.155,76269.8185435982,76921.65157200022,43.801728058208276,-651.8330284020194,-555.1758012153919,-96.65722718662755,81205.84499189566,73046.15500810434,77126.0,8159.689983791322,0.4671556149152279,1449.0,521.0,928.0,1449.0,1291.642857142857,-0.2867188209499383,139.0,742.0,568.0,1449.0,1.8852949595357673,0.48792270531400966,2887.0,-1242.0,-0.347483338951845,-0.5670902399777228,33078.85,30346.88,-58.026209351237654,58.08245437128286,0.3921538989414687,0,0,-7468.0,-12.850382861567578,41840.3,8119.8,0,0,0,0,0,0,0,0,77600.0,78329.0,1.9139191756225766,1
2022-07-05,76071.0,76529.0,75247.0,75893.0,35653,64607,76858.0,811743.94,SILVER,2022-08-05,75496.3,76872.75,77335.7,76234.595,76211.84645996771,76845.45515925947,44.559585492227974,-633.6086992917553,-570.8623808306646,-62.74631846109071,80561.07427361935,73184.42572638065,76872.75,7376.648547238699,0.36718223137162337,1282.0,329.0,1611.0,1611.0,1287.642857142857,-1.2555622056259597,178.0,458.0,646.0,1282.0,1.689220349702871,0.5039001560062403,2101.0,-871.0,-1.2745088474134203,-1.8655032539952403,33504.05,30535.1,174.84582176996608,26.536986579082406,1.064140006954383,0,0,13960.0,27.563330503287453,44268.3,3525.8,0,0,0,0,1,0,0,0,77600.0,78530.0,3.474628753639993,1
2022-07-06,78328.0,78526.0,77715.0,78224.0,31329,67410,75893.0,735203.91,SILVER,2022-08-05,75662.3,76782.5,77414.16,76214.14,76521.40854304959,76947.56959190691,55.584072172966245,-426.16104885732057,-541.9221144359958,115.76106557867524,80225.8400859296,73339.1599140704,76782.5,6886.680171859189,0.7093171112970156,811.0,2633.0,1822.0,2633.0,1428.857142857143,3.071429512603263,104.0,198.0,509.0,811.0,1.0367662098588668,0.6276202219482121,3811.0,1660.0,1.87738091361964,1.0461135275510274,34768.95,30224.14,-12.128011668022332,28.75078884236239,0.9010625860142455,0,31329,2803.0,4.338539167582467,45700.45,1960.8,1,0,0,0,1,0,1,0,78526.0,78418.0,0.2480057271425649,0
2022-07-07,78602.0,78602.0,78098.0,78298.0,24184,31996,78224.0,568067.65,SILVER,2022-08-05,75858.0,76771.4,77460.84,76197.74,76794.73030565734,77047.60147398789,49.91668859072174,-252.8711683305446,-484.11192521490557,231.24075688436096,80192.51637058049,73350.2836294195,76771.4,6842.232741160988,0.7231143046065067,504.0,378.0,126.0,504.0,1307.357142857143,0.09460012272448637,304.0,0.0,200.0,504.0,0.6436946026718434,0.3968253968253968,2244.0,1957.0,1.988500926126143,1.0807525454152105,35217.75,28963.72,-22.806345558428298,21.888327765447706,0.6866991786812048,0,24184,-35414.0,-52.535232161400394,45982.9,-5445.2,0,0,0,0,0,0,0,0,78602.0,77916.0,-0.487879639326675,0
2022-07-08,78193.0,79002.0,77914.0,78331.0,19799,64921,78298.0,465262.64,SILVER,2022-08-05,76291.3,76723.05,77521.42,76181.915,77031.07948940237,77142.66803147027,51.02950352081291,-111.58854206789692,-409.6072485855039,298.018706517607,80018.85489170882,73427.24510829119,76723.05,6591.609783417633,0.743938893962607,1088.0,704.0,384.0,1088.0,1325.0714285714287,0.04214667041304576,138.0,671.0,279.0,1088.0,1.3889775440119494,0.38327205882352944,1252.0,4333.0,2.095784773936903,1.044330715304237,35929.6,27987.26,-18.131822692689383,25.925617308421693,0.5510498307801924,0,19799,32925.0,102.90348793599198,47523.85,1361.2,1,0,0,0,1,0,0,0,79002.0,77441.0,-1.1362040571421277,0
2022-07-11,78270.0,79020.0,77733.0,78329.0,20052,56022,78331.0,471195.93,SILVER,2022-08-05,76727.1,76670.2,77603.26,76170.87,77230.75956795586,77230.54447358358,57.91603439554881,0.21509437228087336,-327.642779993947,327.85787436622786,79816.72614464723,73523.67385535277,76670.2,6293.052289294457,0.763592279826103,1287.0,689.0,598.0,1287.0,1290.642857142857,-0.0025532675441364283,59.0,691.0,537.0,1287.0,1.6430696166170895,0.4630924630924631,1471.0,4358.0,2.1635524623647817,0.9351926710295486,35634.65,27620.26,1.2778423152684404,21.872060432076815,0.5627107323910856,0,0,-8899.0,-13.707429029127704,49611.8,1075.0,0,0,0,0,0,0,0,0,79020.0,77432.0,-1.1451697327937291,0
2022-07-12,78567.0,79222.0,77875.0,78530.0,11044,50148,78329.0,260185.6,SILVER,2022-08-05,77200.9,76685.65,77719.2,76163.32,77430.64271134726,77326.80043850331,59.943354238316815,103.84227284394728,-241.34576942636815,345.18804227031546,79867.07895898272,73504.22104101727,76685.65,6362.857917965448,0.7898618865576909,1347.0,893.0,454.0,1347.0,1338.857142857143,0.2566099401243527,37.0,655.0,655.0,1347.0,1.7152680504265887,0.4862657757980698,2637.0,4738.0,2.405078394719228,1.043242853760722,34519.3,27090.28,-44.92319968082984,23.299521722988118,0.31993696280052025,0,11044,-5874.0,-10.485166541715751,48247.3,-2891.8,0,0,0,0,0,0,0,0,79222.0,76963.0,-1.9954157646759203,0
2022-07-13,78520.0,78686.0,77820.0,78418.0,24871,77764,78530.0,585100.22,SILVER,2022-08-05,77601.4,76753.1,77806.92,76160.66,77582.54383267845,77407.63003565122,60.624040920716105,174.9137970272277,-158.093856135649,333.0076531628767,80024.67350842892,73481.52649157109,76753.1,6543.147016857838,0.7544494255914664,866.0,156.0,710.0,866.0,1380.2142857142858,-0.14262065452693706,102.0,166.0,598.0,866.0,1.1043382896783902,0.6905311778290993,194.0,4005.0,2.169163199922862,0.7853800150423661,34578.85,26900.46,125.199203187251,10.090112672035175,0.719254688921118,0,0,27616.0,55.06899577251336,50108.5,2070.8,0,0,0,0,1,0,0,0,79222.0,76346.0,-2.6422505037108825,0
2022-07-14,77882.0,78496.0,77574.0,77916.0,28767,18888,78418.0,672422.87,SILVER,2022-08-05,77787.6,76809.5,77872.88,76146.245,77633.84478149714,77445.28707004743,74.69120241996471,188.55771144971368,-88.76354261857645,277.32125406829016,80122.23990591048,73496.76009408952,76809.5,6625.479811820958,0.6670067725549205,922.0,78.0,844.0,922.0,1239.7142857142858,-0.6401591471345891,34.0,580.0,308.0,922.0,1.1833256327326866,0.37093275488069416,-382.0,1862.0,1.4405770119581562,0.055372293923115906,34687.9,26829.5,15.664830525511642,17.99289987621089,0.8293093557119341,0,0,-58876.0,-75.71112597088627,47364.45,-2621.6,0,0,1,0,0,0,0,0,79222.0,76461.0,-1.867395656861235,0
2022-07-15,77306.0,77780.0,77237.0,77441.0,25234,49159,77916.0,586243.86,SILVER,2022-08-05,77823.8,76765.7,77929.92,76129.19,77604.17635357451,77444.96950930318,70.69911715581007,159.20684427133529,-39.16946524059411,198.37630951192938,80017.11375566499,73514.286244335,76765.7,6502.82751132999,0.6038471340080013,543.0,136.0,679.0,679.0,1246.357142857143,-0.6096308845423226,135.0,339.0,69.0,543.0,0.7011789620485273,0.3756906077348066,-890.0,362.0,0.8796897572744116,-0.6273841933881085,35234.2,26679.26,-12.281433587096323,14.86906752596931,0.7161791668322256,0,0,30271.0,160.2657772130453,47280.25,-3152.4,0,0,1,0,1,0,0,0,79222.0,76254.0,-1.5327797936493588,0
2022-07-18,77568.0,77741.0,77089.0,77432.0,26381,52197,77441.0,612820.08,SILVER,2022-08-05,77881.2,76732.3,77981.5,76115.275,77577.68768379382,77444.00880491035,72.16268874817341,133.6788788834674,-4.599796415781803,138.27867529924922,79939.42437846564,73525.17562153436,76732.3,6414.24875693128,0.6090852610360483,652.0,300.0,352.0,652.0,1258.857142857143,-0.011621750752188742,136.0,173.0,343.0,652.0,0.8420291352412439,0.5260736196319018,-897.0,574.0,0.9118715325879677,-0.7046543090348352,35822.8,26905.74,4.545454545454541,21.12623391563853,0.7364304297821499,0,0,3038.0,6.179946703553774,48005.6,-765.0,0,0,1,0,1,0,0,0,79222.0,77622.0,0.24537658849054655,0
2022-07-19,77074.0,77342.0,76746.0,76963.0,22274,34474,77432.0,514282.16,SILVER,2022-08-05,77988.2,76742.25,78042.82,76097.915,77483.12034782555,77408.37852306514,65.81885856079404,74.74182476040733,11.268527819456024,63.4732969409513,79951.02283478659,73533.47716521341,76742.25,6417.545669573185,0.5343978853234529,596.0,90.0,686.0,686.0,1245.7857142857142,-0.6056927368529808,111.0,268.0,217.0,596.0,0.7743980873926433,0.3640939597315436,-1567.0,1070.0,0.28765119604911243,-1.383625040714837,32624.65,26830.0,-15.568022440392703,2.0848494946026497,0.6827352937119632,0,0,-17723.0,-33.95405866237523,49079.6,-3134.8,0,0,0,0,0,0,0,0,78686.0,75280.0,-2.1867650689292257,0
2022-07-20,76206.0,76694.0,75424.0,76346.0,27304,27333,76963.0,625365.36,SILVER,2022-08-05,77800.4,76731.35,78048.68,76077.895,77308.1787558524,77329.6838176529,52.075042637862424,-21.505061800504336,4.713809895463952,-26.21887169596829,79944.15086201255,73518.54913798746,76731.35,6425.601724025095,0.4400289628037175,1270.0,269.0,1539.0,1539.0,1173.5,-0.8016839260423847,140.0,348.0,782.0,1270.0,1.6634794226285596,0.7259842519685039,-2072.0,-1878.0,-0.502206725152113,-2.181561558760498,31155.5,26592.94,22.582383047499334,5.555888966154816,0.8763781675787582,0,0,-7141.0,-20.714161396994836,46568.95,-10086.2,0,0,0,0,0,0,0,0,78496.0,76264.0,-0.10740575799648966,0
2022-07-21,76668.0,77119.0,75959.0,76461.0,22572,46355,76346.0,517763.31,SILVER,2022-08-05,77616.7,76737.35,78054.14,76059.385,77177.84356264434,77265.33686819713,44.95592556317336,-87.49330555279448,-13.727613194187734,-73.76569235860674,79947.52856693054,73527.17143306947,76737.35,6420.357133861078,0.4569572230581176,1160.0,773.0,387.0,1160.0,1173.0714285714287,0.1506300264584981,207.0,451.0,502.0,1160.0,1.517113299590641,0.43275862068965515,-1455.0,-1837.0,-0.36012450260532297,-2.041070467242352,28151.1,26717.94,-17.33079402285379,6.103444119712266,0.8018159148310369,0,22572,19022.0,69.59353162843449,48017.85,5493.4,1,0,0,0,1,0,0,0,77780.0,77400.0,1.228077058892769,1
2022-07-22,76432.0,76457.0,76104.0,76254.0,30965,76258,76461.0,708361.53,SILVER,2022-08-05,77409.0,76850.15,78053.12,76036.86,77035.71378377598,77190.42302610844,45.05890052356021,-154.70924233246478,-41.92393902184315,-112.78530331062163,79803.29399991124,73897.00600008875,76850.15,5906.287999822496,0.39906519966213794,353.0,4.0,357.0,357.0,1095.0714285714287,-0.27072625259936256,178.0,25.0,150.0,353.0,0.4629265350014426,0.42492917847025496,-1187.0,-2077.0,-0.7757304312353251,-2.3049943423145614,27984.35,27151.72,37.183235867446385,11.634949975725842,1.106511317933059,0,0,29903.0,64.50868298996872,50007.4,5419.8,0,0,0,0,1,0,0,0,77741.0,75572.0,-0.894379311249246,0
2022-07-25,77643.0,77977.0,76933.0,77622.0,23384,41145,76254.0,544533.85,SILVER,2022-08-05,77338.3,77032.7,78066.1,76017.495,77125.91166319506,77222.39169084116,63.26937835763623,-96.48002764610283,-52.835156746695084,-43.64487089940774,79671.07231321876,74394.32768678124,77032.7,5276.744626437518,0.611678703768891,1044.0,1723.0,679.0,1723.0,1103.0714285714287,1.794004248957437,21.0,334.0,689.0,1044.0,1.344979516116565,0.6599616858237548,190.0,-707.0,0.7649997987867527,-0.5688768876631545,26721.45,27273.28,-24.482480219602778,9.058917722238721,0.8751022118934414,0,23384,-35113.0,-46.04500511421753,51562.25,-2210.4,0,0,0,0,0,0,0,0,77977.0,75291.0,-3.003014609260261,0
2022-07-26,75292.0,75566.0,74852.0,75280.0,22855,59854,77622.0,516157.32,SILVER,2022-08-05,77013.3,77107.1,78023.18,75988.83,76841.92525347274,77078.51082485293,27.444069874348756,-236.5855713801866,-89.5852396733934,-147.0003317067932,79425.17105835442,74789.02894164559,77107.1,4636.1421167088265,0.10590077827530991,714.0,2056.0,2770.0,2770.0,1112.857142857143,-3.0171858493726056,12.0,274.0,428.0,714.0,0.9484590860786398,0.5994397759103641,-1683.0,-3250.0,-2.3695612985055923,-3.515852596625763,26871.85,26950.04,-2.26223058501539,13.325014631820164,0.8505182933069365,0,0,18709.0,45.47089561307571,52206.05,5076.0,0,1,0,0,1,1,0,0,77977.0,74985.0,-0.39187035069075454,0
2022-07-27,76349.0,76524.0,75952.0,76264.0,22920,77664,75280.0,524391.26,SILVER,2022-08-05,76797.9,77199.65,77995.5,75967.695,76753.0136760154,77018.17668967863,36.32329209252286,-265.16301366323023,-124.70079447136078,-140.46221919186945,79189.37288734448,75209.92711265551,77199.65,3979.4457746889675,0.264879319137569,572.0,1244.0,672.0,1244.0,1165.7142857142858,1.3071200850159448,85.0,175.0,312.0,572.0,0.750026224693171,0.5454545454545454,-82.0,-2154.0,-1.211987360046314,-2.2199998717874747,24472.25,26753.6,0.2844016626558643,0.8335344793606533,0.936571014107816,0,22920,17810.0,29.755738964814384,53208.95,10066.2,1,0,0,0,1,0,0,0,77977.0,73785.0,-3.2505507185565925,0
2022-07-28,77267.0,77570.0,76967.0,77400.0,21702,45285,76264.0,503920.44,SILVER,2022-08-05,76746.3,77266.95,78004.38,75953.43,76852.5500335515,77046.45989785058,44.54854198383886,-193.90986429908662,-138.54260843690597,-55.367255862180656,79183.21154406559,75350.6884559344,77266.95,3832.5230881311873,0.5347160335216351,603.0,1306.0,703.0,1306.0,1181.2857142857142,1.4895625721178973,133.0,170.0,300.0,603.0,0.7790697674418604,0.7180762852404643,939.0,-516.0,0.17219522706668622,-0.7748026456975937,24258.35,26455.64,-5.314136125654445,-1.2643621857559553,0.8946197907112396,0,21702,-32379.0,-41.69113102595797,52512.1,-214.0,0,0,0,0,0,0,0,0,77977.0,73138.0,-5.506459948320414,0
2022-07-29,75576.0,76244.0,74715.0,75572.0,6894,27533,77400.0,156298.01,SILVER,2022-08-05,76559.4,77191.6,77967.82,75940.55,76655.54233608203,76937.24064615795,36.70043415340087,-281.6983100759244,-167.17374876470964,-114.52456131121474,79252.06774454667,75131.13225545334,77191.6,4120.935489093332,0.10698244263067988,1529.0,1156.0,2685.0,2685.0,1281.142857142857,-2.361757105943152,4.0,668.0,857.0,1529.0,2.0232361191975863,0.5604970568999346,-682.0,-1869.0,-2.0981557578803987,-3.0728318426756154,23057.8,26140.94,-68.23334254907381,-6.859553081953704,0.29898776119144066,0,0,-17752.0,-39.20061830628243,50983.0,-9745.0,0,0,0,0,0,1,0,0,77977.0,72217.0,-4.439474937807654,0
2022-08-01,74966.0,76079.0,74606.0,75291.0,35985,42624,75572.0,812803.99,SILVER,2022-08-05,76345.3,77113.25,77890.92,75933.01,76445.61274591557,76815.29689459069,34.49497367161321,-369.68414867512183,-207.6758287467921,-162.00831992832974,79339.62168836163,74886.87831163837,77113.25,4452.743376723258,0.09075791128547345,1473.0,507.0,966.0,1473.0,1290.142857142857,-0.3718308368178658,325.0,788.0,360.0,1473.0,1.9564091325656452,0.4650373387644263,-2331.0,-2141.0,-2.363082868378651,-3.3378986921710494,24208.45,26595.74,421.97563098346393,34.883464561847234,1.4864644370044344,0,0,15091.0,54.810590927250935,50581.85,295.8,0,0,0,0,1,1,0,0,77570.0,73727.0,-2.077273512106361,0
2022-08-02,75117.0,75117.0,74863.0,74985.0,33287,56996,75291.0,748807.71,SILVER,2022-08-05,76147.5,77067.85,77782.46,75917.675,76220.90309269779,76679.71934684322,33.86596484632014,-458.8162541454367,-257.90391382652103,-200.91234031891565,79431.77566229217,74703.92433770784,77067.85,4727.851324584335,0.059451036632771743,254.0,174.0,428.0,428.0,1258.857142857143,-0.4064230784555978,132.0,0.0,122.0,254.0,0.33873441354937656,0.48031496062992124,-295.0,-1978.0,-2.7026185367828552,-3.5965177753442177,24090.15,26533.2,-7.497568431290813,35.690509962757424,1.381768067031546,0,0,14372.0,33.71809309309308,50201.3,-571.6,0,0,0,0,1,1,0,0,77570.0,74555.0,-0.573448022937921,0
2022-08-03,73554.0,74022.0,73290.0,73785.0,12991,56947,74985.0,287562.28,SILVER,2022-08-05,75891.4,76845.9,77619.46,75888.685,75846.14877074429,76465.2956915215,31.78089441651231,-619.146920777217,-330.1525152166602,-288.9944055605568,79560.33982008135,74131.46017991863,76845.9,5428.879640162719,-0.06381798877166679,732.0,963.0,1695.0,1695.0,1314.0714285714287,-1.6003200640128057,231.0,237.0,264.0,732.0,0.9920715592600122,0.6762295081967213,-2479.0,-2561.0,-3.9831663107595774,-4.940075594445009,23173.25,26091.06,-60.97275212545439,27.334996445462053,0.5606032818012148,0,0,-49.0,-0.08597094532949434,49678.15,-4143.4,0,0,0,0,0,1,0,0,77570.0,75688.0,2.5791149962729554,1
2022-08-04,73358.0,73358.0,72887.0,73138.0,20439,37956,73785.0,448460.27,SILVER,2022-08-05,75559.1,76587.9,77452.84,75857.515,75429.51049832208,76218.8293440014,31.305934486054397,-789.3188456793141,-421.985781309191,-367.3330643701231,79676.33410502048,73499.46589497951,76587.9,6176.868210040964,-0.05851928237547987,471.0,427.0,898.0,898.0,1329.7142857142858,-0.8768719929524993,220.0,0.0,251.0,471.0,0.6439880773332604,0.5329087048832272,-4262.0,-3323.0,-4.5044974467246055,-5.570925481880325,22986.0,26188.08,57.331999076283594,34.801275755375784,0.889193422083007,0,0,-18991.0,-33.34855216253709,49976.15,-1465.8,0,0,0,0,0,1,0,0,76244.0,76348.0,4.3889633295961055,1
2022-08-05,72170.0,72374.0,72146.0,72217.0,34084,61030,73138.0,738433.27,SILVER,2022-08-05,75155.4,76282.2,77286.08,75818.965,74935.27811396484,75922.39754074202,29.007326302230098,-987.1194267771789,-535.0125104027886,-452.10691637439027,79821.59748663835,72742.80251336165,76282.2,7078.794973276701,-0.07427853403674128,228.0,764.0,992.0,992.0,1354.0,-1.2592633104542061,47.0,157.0,24.0,228.0,0.315715136325242,0.31140350877192985,-3355.0,-4037.0,-5.32915935827755,-6.558852512638759,23700.25,26760.92,66.75962620480453,37.75891478911161,1.4381282897859726,0,0,23074.0,60.79144272315313,49781.6,6699.4,0,1,0,0,1,1,0,0,76079.0,75369.0,4.3646232881454505,1
2022-08-08,73696.0,73941.0,73541.0,73727.0,32659,68597,72217.0,722355.03,SILVER,2022-08-05,74765.9,76052.1,77151.48,75786.41,74749.38917335487,75759.77550068706,37.98098350913683,-1010.3863273321913,-630.0872737886692,-380.29905354352206,79629.38435077734,72474.81564922267,76052.1,7154.568701554672,0.17501884502209522,400.0,1724.0,1324.0,1724.0,1428.142857142857,2.0909204203996223,31.0,214.0,155.0,400.0,0.5425420809201513,0.465,-1564.0,-3895.0,-3.057246282482674,-4.438644598911124,24330.6,27078.04,-4.180847318389858,39.789078079232894,1.342301464000066,0,32659,7567.0,12.398820252334918,50410.35,5194.6,1,0,0,0,1,1,0,0,75117.0,74930.0,1.6316953083673553,1
2022-08-09,74462.0,75020.0,73772.0,74555.0,29976,52443,73727.0,670458.2,SILVER,2022-08-05,74693.4,75853.35,77031.98,75743.24,74719.48314668488,75670.53287100654,43.45059606523805,-951.0497243216523,-694.2797638952659,-256.76996042638643,79289.89859139998,72416.80140860003,75853.35,6873.097182799946,0.31109680752817653,1248.0,1293.0,45.0,1293.0,1410.5714285714287,1.1230621075047242,93.0,465.0,690.0,1248.0,1.6739319965126416,0.6274038461538461,-430.0,-725.0,-1.711658087612486,-3.2155216573687917,25277.2,27365.58,-8.21519336170734,39.1937818015637,1.1858908423401326,0,29976,-16154.0,-23.549134801813487,50525.1,-910.6,0,0,0,0,0,0,0,0,75020.0,75378.0,1.1038830393669103,1
2022-08-10,75645.0,76330.0,75407.0,75688.0,22107,75464,74555.0,501970.38,SILVER,2022-08-05,74635.8,75716.85,76914.06,75700.165,74868.48573950259,75671.82673241346,47.36913756721802,-803.3409929108748,-716.0920096983878,-87.24898321248702,78934.37211132146,72499.32788867856,75716.85,6435.0442226429,0.49551673632661425,923.0,1775.0,852.0,1775.0,1454.5,1.519683455167331,43.0,642.0,238.0,923.0,1.2194799704048198,0.30444203683640303,1903.0,-576.0,-0.038102483132890254,-1.5940648562824504,25139.0,27566.56,-26.25100080064051,36.54024155523406,0.8793905883288914,0,22107,23021.0,43.897183608870584,50410.1,3703.4,1,0,0,0,1,0,0,0,76330.0,74332.0,-1.7915653736391504,0
2022-08-11,76564.0,76725.0,75713.0,76348.0,7329,13952,75688.0,167866.35,SILVER,2022-08-05,74530.6,75638.45,76840.8,75660.92,75096.10331804065,75721.91364112357,50.31035393555204,-625.8103230829147,-698.0356723752932,72.2253492923785,78703.13128161723,72573.76871838277,75638.45,6129.362563234463,0.6157624455528331,1012.0,1037.0,25.0,1037.0,1503.0714285714287,0.8720008455765704,216.0,161.0,635.0,1012.0,1.3255095090899565,0.6274703557312253,3210.0,-1052.0,0.9380810949986453,-0.6413259622492254,24067.1,27269.02,-66.84760483104898,30.386894684694607,0.30452360276061513,0,7329,-61512.0,-81.51171419484787,50163.3,-4800.8,0,0,0,0,0,0,1,0,76725.0,74972.0,-1.8022737989207314,0
2022-08-12,74994.0,75631.0,74850.0,75369.0,7770,66880,76348.0,175685.14,SILVER,2022-08-05,74510.3,75534.85,76718.76,75621.34,75138.08742295747,75695.77188992924,42.36529989833954,-557.6844669717684,-669.9654312945883,112.28096432281984,78480.74979284326,72588.95020715675,75534.85,5891.799585686502,0.47185070578386257,781.0,717.0,1498.0,1498.0,1487.0,-1.2822863729239797,375.0,262.0,144.0,781.0,1.0362350568536136,0.6645326504481434,3152.0,-203.0,-0.2195675241295982,-1.759361074136228,23193.9,27086.54,6.017191977077374,37.81194813730973,0.3350018754931253,0,0,52928.0,379.35779816513764,51049.35,1170.0,0,0,0,0,1,0,0,0,76725.0,74782.0,-0.7788347994533562,0
2022-08-15,75121.0,75544.0,74468.0,74930.0,9846,62201,75369.0,221328.23,SILVER,2022-08-05,74474.2,75409.75,76590.54,75587.19,75106.0739732717,75639.04804623078,48.63834422657953,-532.9740729590703,-642.5671596274847,109.59308666841434,78226.08250690925,72593.41749309075,75409.75,5632.665013818507,0.414827173491937,1076.0,175.0,901.0,1076.0,1366.0,-0.5824675927768697,191.0,423.0,462.0,1076.0,1.4360069398104898,0.42936802973977695,1203.0,-361.0,-0.6361909434787941,-2.1680745428874033,22367.15,27124.68,26.71814671814672,-1.7138002892219966,0.4401991313153441,0,0,-4679.0,-6.996112440191382,51549.55,-1279.2,0,0,0,0,0,0,0,0,76725.0,74476.0,-0.6058988389163219,0
2022-08-16,75429.0,75681.0,75253.0,75378.0,21651,52460,74930.0,489602.72,SILVER,2022-08-05,74513.5,75330.5,76478.94,75554.205,75147.90874661451,75619.7111539174,46.403052939266,-471.80240730287915,-608.4142091625636,136.61180185968442,78050.34995716192,72610.65004283808,75330.5,5439.699914323835,0.5087320993341788,428.0,751.0,323.0,751.0,1330.7857142857142,0.5978913652742612,51.0,252.0,125.0,428.0,0.567804929820372,0.29205607476635514,823.0,393.0,0.063055468900379,-1.4395335500204398,22336.0,27014.72,119.89640463132235,11.02559701703932,0.9693320200573066,0,21651,-9741.0,-15.660519927332361,52448.85,3.4,0,0,0,0,0,0,0,0,76725.0,75116.0,-0.34758152246013424,0
2022-08-17,74153.0,74843.0,73700.0,74332.0,19633,32796,75378.0,437808.05,SILVER,2022-08-05,74568.2,75229.8,76365.0,75519.49,75022.38432405844,75524.3251425161,37.45296908228366,-501.9408184576605,-587.119531021583,85.17871256392255,77940.46024973135,72519.13975026866,75229.8,5421.320499462687,0.334394590747958,1143.0,535.0,1678.0,1678.0,1357.357142857143,-1.3876727957759516,179.0,511.0,453.0,1143.0,1.5376957434214067,0.552930883639545,-1356.0,547.0,-1.1934100582481981,-2.662214365219669,21952.45,27286.76,-9.320585654242297,16.19081366416053,0.8943420893795453,0,0,-19664.0,-37.4837971788029,52722.0,-8533.6,0,0,0,0,0,0,0,0,76725.0,75525.0,1.6049615239735242,1
2022-08-18,74811.0,75660.0,74509.0,74972.0,18628,41746,74332.0,418973.52,SILVER,2022-08-05,74751.6,75155.35,76294.04,75494.555,75014.63288958791,75483.41216899638,47.28211632542126,-468.7792794084671,-563.4514806989598,94.6722012904927,77804.72834019107,72505.97165980894,75155.35,5298.756680382125,0.46539754303517417,1151.0,1328.0,177.0,1328.0,1260.4285714285713,0.8610019910671118,161.0,688.0,302.0,1151.0,1.5352398228672037,0.40225890529973934,-1376.0,1834.0,-0.24396134140817097,-1.7328221182152548,21755.25,27355.16,-5.118932409718335,9.945720515560335,0.8562530883349996,0,18628,8950.0,27.289913404073673,52491.55,5558.8,1,0,0,0,1,0,0,0,75681.0,75228.0,0.34146081203649364,0
2022-08-19,75033.0,75419.0,74223.0,74782.0,5569,10015,74972.0,124938.29,SILVER,2022-08-05,75008.1,75081.75,76203.72,75471.575,74978.8432142667,75431.45571203368,47.67516214487987,-452.6124977669824,-541.2836841125644,88.67118634558199,77683.98570881085,72479.51429118915,75081.75,5204.471417621709,0.4424052942273671,1196.0,447.0,749.0,1196.0,1240.642857142857,-0.25342794643333777,251.0,386.0,559.0,1196.0,1.5993153432644218,0.4673913043478261,-587.0,2565.0,-0.3992315043269503,-1.8656831976181756,20485.45,27355.3,-70.10414429890488,-3.7406565348106056,0.27185148483435806,0,0,-31731.0,-76.0096775738993,49179.4,-11373.0,0,0,0,0,0,0,0,0,75681.0,76272.0,1.992458078147148,1
2022-08-22,74335.0,74898.0,73741.0,74476.0,17432,59757,74782.0,389479.69,SILVER,2022-08-05,75083.0,74924.45,76105.52,75451.935,74901.48271976413,75360.681214846,47.67516214487987,-459.19849508187326,-524.8666463064262,65.66815122455296,77245.26850125965,72603.63149874035,74924.45,4641.637002519303,0.4033853789607857,1157.0,116.0,1041.0,1157.0,1292.7142857142858,-0.40918937712283165,141.0,422.0,594.0,1157.0,1.5535205972393793,0.6352636127917026,-454.0,749.0,-0.5985362588580858,-2.1411324697604117,20187.85,27184.92,213.01849524151555,17.979277721179933,0.8634896732440552,0,0,49742.0,496.6749875187219,50110.0,-488.8,0,0,0,0,1,0,0,0,75681.0,75337.0,1.156077125516945,1
2022-08-23,74942.0,75561.0,74471.0,75116.0,95095,35957,74476.0,2142946.81,SILVER,2022-08-05,75139.1,74916.25,76043.42,75427.61,74934.48537826195,75342.55668041296,56.40704727062674,-408.0713021510164,-501.50757747534425,93.43627532432782,77232.93427987743,72599.56572012257,74916.25,4633.368559754861,0.5431111830245958,1090.0,1085.0,5.0,1090.0,1249.5,0.8593372361566098,174.0,445.0,471.0,1090.0,1.4510889823739281,0.591743119266055,-262.0,561.0,0.26663107136302205,-1.219592701117333,23799.85,28419.8,445.5197338228545,63.35277043963612,3.9956134177316245,1,95095,-23800.0,-39.82796994494369,48915.15,-3300.6,0,0,0,1,0,0,0,0,75660.0,75899.0,1.0423877735768678,1
2022-08-24,75697.0,75801.0,74837.0,75525.0,31602,31292,75116.0,716022.32,SILVER,2022-08-05,75122.8,74879.3,76012.54,75401.1,75025.33378160626,75356.07100038236,61.75977928859986,-330.7372187761066,-467.35350573549675,136.61628695939015,77128.05236520157,72630.54763479844,74879.3,4497.504730403132,0.6435684982463865,964.0,685.0,279.0,964.0,1254.2142857142858,0.5444911869641578,172.0,104.0,688.0,964.0,1.276398543528633,0.7136929460580913,1193.0,-163.0,0.8623210954162193,-0.6413941699619479,24233.95,28578.24,-66.76796887323204,59.30107363237697,1.3040383429032412,0,31602,-4665.0,-12.973829852323604,46596.55,-300.8,0,0,0,0,0,0,0,0,75801.0,76446.0,1.2194637537239326,1
2022-08-25,75279.0,75589.0,74608.0,75228.0,34825,41876,75525.0,785944.53,SILVER,2022-08-05,75010.8,74770.7,75981.34,75373.045,75056.51319982068,75346.58425961329,65.80577427821522,-290.07105979260814,-431.8970165469191,141.82595675431094,76692.97925021028,72848.42074978972,74770.7,3844.558500420564,0.6189473381533869,981.0,64.0,917.0,981.0,1253.4285714285713,-0.39324726911618146,51.0,310.0,620.0,981.0,1.304035731376615,0.6320081549439348,256.0,-1120.0,0.6116032082085668,-0.9914802766047512,24890.1,28743.02,10.198721599898741,67.00570627547174,1.3991506663291833,0,0,10584.0,33.82334142911927,46426.1,26.0,0,0,0,0,1,0,0,0,75801.0,76191.0,1.2801084702504386,1
2022-08-26,76129.0,76737.0,75923.0,76272.0,29200,70727,75228.0,668142.72,SILVER,2022-08-05,75101.1,74805.7,75940.44,75343.075,75243.51116907904,75415.13357371601,64.04680428303345,-171.62240463697526,-379.8420941649303,208.21968952795504,76813.0191443734,72798.3808556266,74805.7,4014.6382887467917,0.8652383837692443,814.0,1509.0,695.0,1509.0,1238.0714285714287,1.3877811453182343,143.0,465.0,206.0,814.0,1.067233060625131,0.42874692874692877,1490.0,903.0,1.9601447483280057,0.43660531858914386,26005.4,29040.86,-16.152189519023686,64.78876812586164,1.122843717074146,0,29200,28851.0,68.89626516381699,48585.8,12142.4,1,0,0,0,1,0,0,0,76737.0,76501.0,0.30024124187119783,0
2022-08-29,75369.0,75640.0,75011.0,75337.0,15642,57046,76272.0,353526.41,SILVER,2022-08-05,75141.8,74808.0,75885.18,75307.96,75257.8940661438,75409.34590158891,54.2657647828933,-151.45183544511383,-334.164042420967,182.71220697585318,76817.76437477252,72798.23562522748,74808.0,4019.5287495450466,0.6316074676813482,629.0,632.0,1261.0,1261.0,1235.7857142857142,-1.2258758128802172,32.0,271.0,326.0,629.0,0.8349151147510521,0.5182829888712241,861.0,407.0,0.7071436210031012,-0.722380839051832,24988.25,29061.52,-46.43150684931507,57.473802769115444,0.6259742078777025,0,0,-13681.0,-19.343390784283233,49306.9,-542.2,0,0,0,0,0,0,0,0,76737.0,75413.0,0.10088004566149436,0
2022-08-30,75744.0,76443.0,75481.0,75899.0,33125,24817,75337.0,754246.31,SILVER,2022-08-05,75193.9,74853.7,75867.88,75279.665,75356.52574827551,75445.61657554528,51.22745782431646,-89.09082726977067,-285.14939939072775,196.05857212095708,76921.1499013849,72786.2500986151,74853.7,4134.899802769796,0.7527993542430702,962.0,1106.0,144.0,1106.0,1188.0,0.745981390286321,155.0,544.0,263.0,962.0,1.2674738797612617,0.43451143451143454,783.0,521.0,1.3964573561493994,0.04101867615121886,24980.15,27999.28,111.76959468098708,56.66112177408193,1.326052885991477,0,33125,-32229.0,-56.4965115871402,47697.95,-2228.0,0,0,0,0,0,0,0,0,76737.0,76250.0,0.4624566858588387,0
2022-08-31,76614.0,76730.0,76251.0,76446.0,84392,19759,75899.0,1935429.25,SILVER,2022-08-05,75405.3,74986.75,75865.52,75246.7,75524.13717161774,75519.71905143082,50.57769394010847,4.418120186921442,-227.2358954751979,231.65401566211935,77106.45264796485,72867.04735203515,74986.75,4239.405295929697,0.8442110150216218,479.0,831.0,352.0,831.0,1173.2857142857142,0.7206946073070819,168.0,116.0,195.0,479.0,0.6265860869110222,0.407098121085595,921.0,2114.0,1.9460104618482597,0.7651433747504741,28550.2,28553.38,154.76830188679247,73.0700105281854,2.9559162457706076,1,84392,-5058.0,-20.381190313091835,45838.55,-2306.6,0,0,0,1,0,0,0,0,76737.0,76106.0,-0.4447583915443581,0
2022-09-01,76352.0,76364.0,76034.0,76191.0,9858,58432,76446.0,225327.26,SILVER,2022-10-05,75527.2,75139.4,75862.52,75209.74,75626.73145290732,75569.44356613964,55.29775715390564,57.287886767677264,-170.3311390266229,227.61902579430017,77134.58962560081,73144.21037439918,75139.4,3990.379251201637,0.7635338482384434,330.0,82.0,412.0,412.0,1095.7142857142858,-0.33356879365826764,161.0,12.0,157.0,330.0,0.43312202228609675,0.47575757575757577,963.0,1219.0,1.3995320697264098,0.43299378929146554,28021.15,27097.34,-88.31879799033084,64.75002397012415,0.3518056896308681,0,0,38673.0,195.72346778683132,46862.35,3311.2,0,0,0,0,1,0,0,0,76737.0,75664.0,-0.6916827446811302,0
2022-09-02,76582.0,76713.0,75996.0,76501.0,18491,16412,76191.0,424374.0,SILVER,2022-10-05,75699.1,75353.6,75912.58,75179.255,75761.23430630619,75638.4477464256,60.29623803906148,122.78655988058017,-111.70759924518228,234.49415912576245,76896.29844240882,73810.90155759119,75353.6,3085.39688481763,0.8718808447775477,717.0,522.0,195.0,717.0,1070.0714285714287,0.40687220275361646,81.0,131.0,505.0,717.0,0.9372426504228704,0.704323570432357,229.0,1719.0,1.5226877017156368,0.7751284437967966,27241.5,26781.16,87.5735443294786,80.5177928329625,0.6787805370482536,0,18491,-42020.0,-71.91265060240963,44631.45,-10863.0,0,0,0,0,0,0,0,0,76730.0,76615.0,0.1490176598998706,0
2022-09-05,75468.0,75730.0,75212.0,75413.0,30294,67757,76501.0,685368.43,SILVER,2022-10-05,75792.8,75437.9,75941.42,75144.14,75707.65979764369,75621.74791335705,50.21163381303665,85.91188428664464,-72.1837025388169,158.09558682546154,76777.19940837113,74098.60059162886,75437.9,2678.5988167422765,0.4907040950498598,518.0,771.0,1289.0,1289.0,1108.5,-1.4222036313250808,55.0,262.0,201.0,518.0,0.6868842242053758,0.38803088803088803,76.0,937.0,-0.03300728148582368,-0.695825808893221,27123.25,26414.2,63.83105294467579,65.59904860327852,1.1169015512521545,0,0,51345.0,312.85035339995125,44589.45,2142.2,0,0,0,0,1,0,0,0,76730.0,76008.0,0.7889886359115802,1
2022-09-06,76519.0,76614.0,75857.0,76250.0,11908,30504,75413.0,272395.5,SILVER,2022-10-05,75906.2,75522.65,75990.58,75117.295,75791.09675185235,75668.28510496023,61.898263027295286,122.81164689212164,-33.1846326526292,155.99627954475085,76841.06424286515,74204.23575713484,75522.65,2636.828485730308,0.7758427421184946,757.0,1201.0,444.0,1201.0,1074.4285714285713,1.1098882155596623,269.0,95.0,393.0,757.0,0.9927868852459016,0.5191545574636723,351.0,1134.0,0.9630885568766534,0.3413844189635061,26219.85,26255.42,-60.69188618208226,14.977886602784844,0.45415973012812816,0,11908,-37253.0,-54.98029723866169,43492.5,1137.4,0,0,0,0,0,0,0,0,76730.0,74791.0,-1.9134426229508197,0
2022-09-07,76106.0,76218.0,76010.0,76106.0,15844,18507,76250.0,361747.04,SILVER,2022-10-05,75964.3,75543.55,76024.44,75096.155,75839.54340541353,75700.70843051873,57.496033844526714,138.83497489479487,1.2192888568556164,137.61568603793924,76886.03371155472,74201.06628844529,75543.55,2684.967423109425,0.7094811263477571,208.0,32.0,240.0,240.0,996.7142857142857,-0.18885245901639758,0.0,112.0,96.0,208.0,0.2733030247286679,0.46153846153846156,-340.0,581.0,0.7445374224536669,0.10728129006934832,25906.7,25154.06,33.05340947262345,24.960024437370393,0.6115792439793567,0,0,-11997.0,-39.329268292682926,40644.65,-250.4,0,0,0,0,0,0,0,0,76713.0,73466.0,-3.468846083094631,0
2022-09-08,75485.0,76231.0,75370.0,75664.0,7911,31050,76106.0,179573.37,SILVER,2022-10-05,76007.9,75509.35,76016.64,75068.345,75812.5367276576,75697.98928751735,55.64227226202662,114.54744014024618,23.884919113533734,90.66252102671245,76799.37019976033,74219.32980023968,75509.35,2580.040399520658,0.5599409218664663,861.0,125.0,736.0,861.0,972.7857142857143,-0.580768927548414,179.0,567.0,115.0,861.0,1.1379255656587017,0.34146341463414637,-527.0,436.0,0.20480907331342962,-0.46389843065939174,25935.8,24792.68,-50.06942691239586,18.933209586140936,0.30502240146824083,0,0,12543.0,67.77435564921382,41499.55,-5476.4,0,0,0,0,1,0,0,0,76713.0,74006.0,-2.1912666525692535,0
2022-09-09,76684.0,77101.0,76172.0,76615.0,13991,14820,75664.0,321576.14,SILVER,2022-10-05,76042.2,75571.65,76007.36,75036.05,75935.99261571027,75765.91600696051,62.640349840444394,170.07660874976136,53.12325704077926,116.9533517089821,76950.42600562399,74192.873994376,75571.65,2757.5520112479862,0.8783609504894947,929.0,1437.0,508.0,1437.0,992.7857142857143,1.2568724888982974,69.0,417.0,443.0,929.0,1.2125562879331724,0.47685683530678147,114.0,343.0,1.380610321463149,0.7994488954753848,26246.85,24454.4,76.85501200859564,28.233929738902866,0.533054442723603,0,13991,-16230.0,-52.27053140096618,38896.55,-318.4,0,0,0,0,0,0,0,0,77101.0,72930.0,-4.809763101220388,0
2022-09-12,76325.0,76326.0,75885.0,76008.0,16572,17835,76615.0,377881.37,SILVER,2022-10-05,76109.3,75625.55,75990.36,75007.335,75947.07067483178,75783.84815459307,55.291884195538685,163.22252023870533,75.14310968036447,88.07941055834085,76982.82613837044,74268.27386162957,75625.55,2714.5522767408693,0.6408887952819874,441.0,289.0,730.0,730.0,967.0714285714286,-0.7922730535795841,317.0,1.0,123.0,441.0,0.5802020839911588,0.2789115646258503,595.0,671.0,0.5057153303347838,0.023213470761290534,26583.15,24526.4,18.44757344006862,34.72183776784123,0.6234024184492808,0,0,3015.0,20.344129554655876,36678.25,-9984.4,0,0,0,0,1,0,0,0,77101.0,74456.0,-2.041890327333965,0
2022-09-13,74639.0,75061.0,74322.0,74791.0,34693,23587,76008.0,778417.25,SILVER,2022-10-05,75998.5,75596.2,75968.32,74969.745,75769.21364793458,75710.30384684543,46.02641836292768,58.90980108914664,71.8964479621209,-12.986646872974262,77000.58465266174,74191.81534733826,75596.2,2808.7693053234834,0.2133264029644959,739.0,947.0,1686.0,1686.0,1018.6428571428571,-1.6011472476581412,152.0,270.0,317.0,739.0,0.9880868018879277,0.6346414073071719,-1459.0,-1108.0,-1.065132903505728,-1.5497512647377314,27235.25,24507.2,109.34709147960416,34.47958744770294,1.2738271174305358,0,0,5752.0,32.25119147743201,35234.6,-1383.4,0,0,0,0,1,0,0,0,77101.0,72691.0,-2.807824470858793,0
2022-09-14,73413.0,74176.0,72876.0,73466.0,22493,67732,74791.0,495741.22,SILVER,2022-10-05,75700.5,75552.9,75873.16,74928.535,75414.87308671387,75544.05911744948,41.4166017147311,-129.18603073561098,31.679952222574524,-160.8659829581855,77160.15066331829,73945.6493366817,75552.9,3214.501326636586,-0.14921422887809802,1300.0,615.0,1915.0,1915.0,1085.357142857143,-1.7716035351847181,53.0,710.0,537.0,1300.0,1.7695260392562546,0.45384615384615384,-2640.0,-2980.0,-2.762170611584723,-3.172610709768782,27378.25,24330.48,-35.16559536505923,15.486197722517772,0.8215645631112288,0,0,44145.0,187.15818035358458,36981.4,9845.0,0,0,0,0,1,1,0,0,77101.0,74162.0,0.9473770179402716,1
2022-09-15,74068.0,74139.0,73917.0,74006.0,22634,61921,73466.0,502515.54,SILVER,2022-10-05,75482.0,75504.6,75787.32,74892.24,75198.12338106558,75430.12881245321,38.39139344262295,-232.0054313876317,-21.057124499466717,-210.94830688816498,77238.42794022821,73770.7720597718,75504.6,3467.655880456412,0.06783485684203461,222.0,673.0,451.0,673.0,1025.642857142857,0.7350338932295308,62.0,71.0,89.0,222.0,0.2999756776477583,0.4009009009009009,-1658.0,-2185.0,-1.9847797352744148,-2.3504195688672023,27578.55,24299.48,0.6268616903036595,24.380763690581222,0.8207102984022003,0,22634,-5811.0,-8.57940116931436,37990.15,6174.2,0,0,0,0,0,1,0,0,77101.0,74365.0,0.4850958030429965,0
2022-09-16,72922.0,73110.0,72632.0,72930.0,29561,55499,74006.0,646765.12,SILVER,2022-10-05,75124.9,75412.0,75679.3,74853.26,74849.1813224401,75244.93408560482,37.84466215533785,-395.75276316472446,-95.99625223251827,-299.7565109322062,77474.91444320895,73349.08555679105,75412.0,4125.828886417905,-0.10157608769735062,478.0,896.0,1374.0,1374.0,1033.7142857142858,-1.4539361673377882,8.0,180.0,290.0,478.0,0.6554230083641848,0.6234309623430963,-3685.0,-3571.0,-3.2912533814247067,-3.6328295848402443,28778.15,24494.72,30.60440045948574,18.683849303581937,1.0272029300007124,0,0,-6422.0,-10.371279533599264,40264.35,8135.8,0,0,0,0,0,1,0,0,76326.0,74301.0,1.8798848210612915,1
2022-09-19,74310.0,74731.0,74134.0,74456.0,23033,16840,72930.0,514483.51,SILVER,2022-10-05,75029.2,75411.0,75601.84,74825.855,74788.69188821854,75186.49452370817,43.35941095260009,-397.8026354896283,-156.3575288839403,-241.445106605688,77475.84336095097,73346.15663904903,75411.0,4129.686721901933,0.26874759169136847,597.0,1801.0,1204.0,1801.0,1083.357142857143,2.092417386535028,146.0,275.0,176.0,597.0,0.8018158375416353,0.5393634840871022,-1552.0,-957.0,-1.2663934969699382,-1.5156244874463327,29058.2,24554.34,-22.083150096410808,10.092428999473276,0.7926506115313405,0,23033,-38659.0,-69.65711093893583,38118.5,-199.0,0,0,0,0,0,0,0,0,75061.0,73850.0,-0.8139035134844741,0
2022-09-20,72854.0,72854.0,72432.0,72691.0,12351,75077,74456.0,269341.96,SILVER,2022-10-05,74673.3,75289.75,75485.06,74789.3,74465.97005926185,75001.64307750756,34.4616403211123,-535.6730182457104,-232.22062675629434,-303.4523914894161,77685.77037378211,72893.72962621789,75289.75,4792.040747564228,-0.042305488808903106,422.0,1602.0,2024.0,2024.0,1168.5714285714287,-2.3705275599011477,163.0,0.0,259.0,422.0,0.5805395440976187,0.6137440758293838,-2100.0,-3559.0,-3.4516650672900364,-3.701474172505126,24921.0,24580.48,-46.37693743758955,11.52392387392255,0.49560611532442517,0,0,58237.0,345.82541567695966,40074.5,10298.0,0,0,0,0,1,1,0,0,74731.0,74215.0,2.0965456521440067,1
2022-09-21,74507.0,74977.0,73888.0,74162.0,30921,41440,72691.0,687948.96,SILVER,2022-10-05,74478.9,75221.6,75399.94,74763.855,74419.20543476002,74939.44729398847,42.371606887735915,-520.2418592284521,-289.8248732507259,-230.4169859777262,77666.48418840992,72776.7158115901,75221.6,4889.7683768198185,0.2833026191949929,1089.0,2286.0,1197.0,2286.0,1302.4285714285713,2.0236342876009505,345.0,470.0,274.0,1089.0,1.4684070008899437,0.2516069788797062,696.0,-1944.0,-1.4086379444202273,-1.6418315452240442,24886.95,24701.48,150.3521982025747,23.253802746917675,1.242458396870649,0,30921,-33637.0,-44.80333524248439,40581.9,-5258.4,0,0,0,0,0,0,0,0,74977.0,74202.0,0.05393597799412098,0
2022-09-22,74394.0,74539.0,74131.0,74365.0,24340,45183,74162.0,543013.23,SILVER,2022-10-05,74349.0,75178.45,75328.92,74738.075,74410.86613710463,74896.89564258192,41.90418435415403,-486.0295054772869,-329.0657996960381,-156.9637057812488,77653.13926066324,72703.76073933675,75178.45,4949.378521326493,0.3356460318209845,408.0,377.0,31.0,408.0,1280.357142857143,0.27372508832015363,29.0,145.0,234.0,408.0,0.5486451959927385,0.5735294117647058,359.0,-1299.0,-1.082025500658762,-1.2796147880521827,24362.7,24612.94,-21.283270269396205,26.13241841121764,0.9990682477722092,0,24340,3743.0,9.032335907335899,40747.25,-3347.6,1,0,0,0,1,0,0,0,74977.0,75182.0,1.0986351106031063,1
2022-09-23,74167.0,74665.0,73952.0,74301.0,19901,12389,74365.0,443599.26,SILVER,2022-10-05,74117.6,75079.9,75266.12,74712.105,74393.96365447316,74852.75522461289,45.43063773833005,-458.7915701397287,-355.01095378477623,-103.78061635495249,77528.0674263351,72631.73257366489,75079.9,4896.334852670203,0.3409218275634839,713.0,300.0,413.0,713.0,1239.2142857142858,-0.08606199152827454,134.0,364.0,215.0,713.0,0.959610234047994,0.4894810659186536,1371.0,-2314.0,-1.0374281265691538,-1.2822768066163042,23897.75,24506.28,-18.237469186524237,16.62317029170565,0.8327562218200458,0,0,-32794.0,-72.58039528141114,37830.35,-8622.0,0,0,0,0,0,0,0,0,74977.0,75302.0,1.3472227830042665,1
2022-09-26,73622.0,73912.0,73622.0,73850.0,15638,65076,74301.0,346459.89,SILVER,2022-10-05,73901.8,75005.55,75194.48,74684.89,74310.27693840038,74778.47705982675,39.814971991172975,-468.2001214263728,-377.64878731309557,-90.55133411327722,77510.50227184278,72500.59772815723,75005.55,5009.904543685552,0.269346902735612,290.0,389.0,679.0,679.0,1201.9285714285713,-0.6069904846502716,228.0,62.0,0.0,290.0,0.3926878808395396,0.7862068965517242,-606.0,-2158.0,-1.540619327503102,-1.788003587497375,23897.55,24291.42,-21.421034118888493,12.63630953580994,0.6543767038880555,0,0,52687.0,425.2724190814432,38231.85,9647.2,0,0,0,0,1,0,0,0,74977.0,75454.0,2.171970209884902,1
2022-09-27,74253.0,74839.0,73523.0,74215.0,26378,76299,73850.0,587292.98,SILVER,2022-10-05,73844.2,74921.35,75139.52,74663.57,74295.61894787724,74736.7380183581,42.12280263267517,-441.11907048085413,-390.3428439466473,-50.77622653420684,77413.0269474645,72429.67305253551,74921.35,4983.353894928994,0.3582581099209551,1316.0,989.0,327.0,1316.0,1278.7857142857142,0.49424509140147954,38.0,586.0,692.0,1316.0,1.7732264367041704,0.5258358662613982,1524.0,-576.0,-0.942788671053052,-1.2304044529430105,23560.2,24373.5,68.67885918915462,8.569486306764986,1.1196000033955569,0,26378,11223.0,17.245989304812824,40805.95,244.4,1,0,0,0,1,0,0,0,74977.0,75155.0,1.2665903119315503,1
2022-09-28,74366.0,74366.0,74001.0,74202.0,27820,49023,74215.0,619289.89,SILVER,2022-10-05,73917.8,74809.15,75096.64,74644.715,74281.21603281921,74697.12779477601,43.684119578365305,-415.9117619567987,-395.4566275486776,-20.455134408121125,77212.27456912588,72406.02543087411,74809.15,4806.249138251762,0.37367487982097397,365.0,151.0,214.0,365.0,1243.357142857143,-0.017516674526707465,164.0,0.0,201.0,365.0,0.4919004878574701,0.5506849315068493,40.0,736.0,-0.8115985811895928,-1.1913182800189188,20731.6,24383.82,5.466676776101287,12.632713520881037,1.341912828725231,0,0,-27276.0,-35.748830259898554,42269.15,1516.6,0,0,0,0,0,0,0,0,74839.0,75125.0,1.2439017816231368,1
2022-09-29,75254.0,75470.0,74865.0,75182.0,30060,60029,74202.0,677991.28,SILVER,2022-10-05,74035.4,74758.7,75071.06,74627.215,74419.79818161626,74733.04425442223,43.824872877704045,-313.24607280596683,-379.0145166001355,65.76844379416866,77080.67240112333,72436.72759887666,74758.7,4643.944802246668,0.5911509542049718,605.0,1268.0,663.0,1268.0,1231.2857142857142,1.320719118083069,72.0,216.0,317.0,605.0,0.8047138942832062,0.5239669421487604,817.0,1176.0,0.5662217240267727,0.1477799833917389,21741.7,24533.58,8.051761322789353,13.375203484129608,1.3825965770845885,0,30060,11006.0,22.450686412500254,42349.0,2969.2,1,0,0,0,1,0,1,0,75470.0,75415.0,0.30991460721981323,0
2022-09-30,75302.0,75745.0,74890.0,75302.0,37642,49941,75182.0,850355.37,SILVER,2022-10-05,74272.6,74698.75,75052.02,74607.91,74555.52153829069,74775.18912446503,46.82439726520331,-219.66758617434243,-347.14513051497687,127.47754434063444,76889.52375180059,72507.97624819941,74698.75,4381.547503601178,0.6376796667168828,855.0,563.0,292.0,855.0,1240.2142857142858,0.1596126732462455,0.0,443.0,412.0,855.0,1.1354280098802156,0.4818713450292398,1001.0,2372.0,0.8075771013571178,0.33307564539901247,22699.25,24667.12,25.22288755821689,12.837052194002723,1.6582926748681124,1,37642,-10088.0,-16.805210814772863,44025.45,7510.4,0,0,0,1,0,0,0,0,75745.0,73947.0,-1.79942099811426,0
2022-10-03,75365.0,76408.0,74816.0,75454.0,30378,63950,75302.0,687642.48,SILVER,2022-10-05,74372.4,74700.8,75008.66,74593.75,74693.74899393828,74825.4714115417,53.29817928564323,-131.7224176034215,-304.06058793266584,172.33817032924435,76894.46270016718,72507.13729983283,74700.8,4387.325400334346,0.6716763474946713,1592.0,1106.0,486.0,1592.0,1233.5,0.2018538684231519,89.0,954.0,549.0,1592.0,2.109894770323641,0.4007537688442211,1604.0,998.0,1.008289067854691,0.593718112015328,22703.45,24807.0,-19.297593114074708,13.115607892236332,1.3380345277920316,0,30378,14009.0,28.05110029835205,43835.1,-225.2,1,0,0,0,1,0,0,0,76408.0,72814.0,-3.4988204734010124,0
2022-10-04,74991.0,75248.0,74991.0,75155.0,13150,75363,75454.0,296486.47,SILVER,2022-10-05,74618.8,74646.05,75006.16,74577.545,74764.71068717854,74849.88093661268,59.357340720221615,-85.17024943414435,-260.28252023296153,175.11227079881718,76728.7641679219,72563.33583207811,74646.05,4165.428335843782,0.6221843131042368,257.0,206.0,463.0,463.0,1129.7857142857142,-0.39626792482837514,164.0,93.0,0.0,257.0,0.3419599494378285,0.6381322957198443,940.0,2464.0,0.6818177251174001,0.19843703503818422,22765.55,24612.9,-56.712094278754364,12.082092208119851,0.5776271603365611,0,0,11413.0,17.84675527756059,46078.05,-187.2,0,0,0,0,1,0,0,0,76408.0,73467.0,-2.246024881910718,0
2022-10-05,75251.0,75251.0,75027.0,75125.0,29059,71742,75155.0,654917.21,SILVER,2022-10-05,74715.1,74597.0,74983.38,74557.64,74820.139812228,74870.26012649323,56.570757486788025,-50.12031426523754,-218.25007903941673,168.1297647741792,76578.69985512157,72615.30014487843,74597.0,3963.3997102431313,0.6332189631632209,224.0,96.0,128.0,224.0,1097.7142857142858,-0.03991750382542625,126.0,0.0,98.0,224.0,0.29816971713810314,0.4375,923.0,963.0,0.7078032628657989,0.1888685199306771,23426.3,24735.68,120.98098859315591,9.144971247177974,1.2404434332352954,0,0,-3621.0,-4.804745034035274,48739.8,4543.8,0,0,0,0,0,0,0,0,76408.0,73633.0,-1.9860232945091514,0
2022-10-06,75553.0,75963.0,74781.0,75415.0,39525,55215,75125.0,894233.36,SILVER,2022-10-05,74820.1,74584.55,74943.68,74546.71,74911.65676419291,74910.61122823447,66.07581834648725,1.045535958444816,-174.39095603984444,175.43649199828926,76540.99268750021,72628.1073124998,74584.55,3912.88537500042,0.7122346862767244,1182.0,838.0,344.0,1182.0,1084.0,0.3860232945091413,138.0,410.0,634.0,1182.0,1.567327454750381,0.5363790186125211,233.0,1050.0,1.113434350679862,0.6288989278348849,25007.0,25092.14,36.01638046732509,14.874936320850102,1.5805574439157035,1,39525,-16527.0,-23.036714895040568,49948.05,-962.8,0,0,0,1,0,0,0,0,76408.0,73495.0,-2.5459126168534114,0
2022-10-07,73718.0,74678.0,73420.0,73947.0,23193,57857,75415.0,514515.83,SILVER,2022-10-05,74784.7,74451.15,74911.18,74525.875,74763.24803124016,74839.23261873562,46.68230999869639,-75.98458749546262,-154.7096823309681,78.72509483550547,76174.62595833147,72727.67404166852,74451.15,3446.951916662947,0.35374034445828,1258.0,737.0,1995.0,1995.0,1097.857142857143,-1.9465623549691724,229.0,731.0,298.0,1258.0,1.7012184402342219,0.4189189189189189,-1355.0,-354.0,-0.6771554233883482,-1.2870976001178904,25467.1,25418.12,-41.32068311195446,12.56661492830708,0.9107043990089174,0,0,2642.0,4.784931630897393,52099.9,1583.2,0,0,0,0,1,0,0,0,76408.0,73531.0,-0.5625650803954183,0
2022-10-10,73045.0,73699.0,72372.0,72814.0,32801,65476,73947.0,716511.6,SILVER,2022-10-05,74681.1,74291.45,74861.64,74502.285,74463.36371874168,74689.21538771817,50.87370365108681,-225.8516689764947,-168.9380796600734,-56.91358931642128,75999.36661019133,72583.53338980867,74291.45,3415.8332203826576,0.06747010035973412,1327.0,248.0,1575.0,1575.0,1065.7857142857142,-1.532178452134636,231.0,654.0,442.0,1327.0,1.8224517263163678,0.33308214016578747,-2640.0,-1036.0,-1.9887214477574435,-2.7352326238110725,26278.55,25354.44,41.426292415815126,18.85134758177744,1.248204333952977,0,0,7619.0,13.168674490554299,54481.95,305.2,0,0,0,0,1,1,0,0,75963.0,73849.0,1.421429944790837,1
2022-10-11,73551.0,73728.0,73234.0,73467.0,31246,38173,72814.0,688664.96,SILVER,2022-10-05,74606.3,74225.25,74831.28,74479.27,74310.07699278143,74598.68091455386,44.41408133740556,-288.60392177243193,-192.87124808254512,-95.73267368988681,75954.14802140555,72496.35197859445,74225.25,3457.7960428110964,0.28071291926646924,494.0,914.0,420.0,914.0,967.7857142857143,0.8968055593704616,84.0,177.0,233.0,494.0,0.6724107422380116,0.4716599190283401,-1688.0,-748.0,-1.021552638758374,-1.8231413387556632,26106.2,25313.62,-4.740709124721809,11.5093907503898,1.196880434532793,0,31246,-27303.0,-41.69924857963223,55211.25,-7438.0,0,0,0,0,0,0,0,0,75963.0,73406.0,-0.08303047626825649,0
2022-10-12,73839.0,73967.0,73211.0,73633.0,17807,19395,73467.0,393354.85,SILVER,2022-10-05,74549.4,74233.6,74828.24,74460.445,74205.91130158429,74527.14899495727,44.081500646830534,-321.2376933729829,-218.5445371406327,-102.69315623235019,75948.61571574786,72518.58428425215,74233.6,3430.031431495707,0.3248995637517797,756.0,500.0,256.0,756.0,992.6428571428571,0.225951787877543,206.0,128.0,422.0,756.0,1.0267135659283202,0.5582010582010583,-1492.0,-569.0,-0.8090675920338039,-1.597311389389895,25871.9,25409.94,-43.01030531908084,6.661692540871587,0.688275696798457,0,17807,-18778.0,-49.19183716239227,52794.4,-10469.4,0,0,0,0,0,0,0,0,75963.0,72763.0,-1.1815354528540192,0
2022-10-13,73298.0,73877.0,72913.0,73495.0,22535,69768,73633.0,496862.95,SILVER,2022-10-05,74380.7,74208.05,74835.38,74448.89,74096.54033210978,74450.69351384933,43.56024288910195,-354.1531817395444,-245.66626606041507,-108.48691567912931,75952.3186267041,72463.7813732959,74208.05,3488.537253408198,0.29560201075583353,964.0,244.0,720.0,964.0,1010.5714285714286,-0.18741596838374175,197.0,382.0,385.0,964.0,1.3116538540036737,0.6037344398340249,-1920.0,-1687.0,-0.960879581123615,-1.7911046887180964,25866.95,25451.86,26.551356208232725,8.511652029415924,0.8711889109462074,0,0,50373.0,259.72157772621813,53186.75,2910.6,0,0,0,0,1,0,0,0,74678.0,72949.0,-0.7429076807946119,0
2022-10-14,73330.0,73655.0,73299.0,73531.0,10492,56229,73495.0,231446.18,SILVER,2022-10-05,74203.6,74238.1,74861.66,74444.54,74009.53412716981,74382.56806837901,47.27023789149409,-373.03394120919984,-271.13980109017206,-101.89414011902778,75908.8182067347,72567.38179326532,74238.1,3341.436413469375,0.2883844213974337,356.0,160.0,196.0,356.0,987.5,0.04898292400843385,201.0,124.0,31.0,356.0,0.48414954236988483,0.651685393258427,-416.0,-1771.0,-0.9524758850240048,-1.7774919765337869,24913.5,24980.02,-53.44131351231418,0.6452319223628166,0.4211371344853192,0,10492,-13539.0,-19.405744754041965,53223.25,-325.6,0,0,0,0,0,0,0,0,73967.0,72141.0,-1.890359168241966,0
2022-10-17,73827.0,74419.0,73163.0,73849.0,36357,36639,73531.0,805478.43,SILVER,2022-10-05,74043.1,74207.75,74864.1,74441.475,73984.83656914369,74343.04450775834,46.84265010351967,-358.20793861465063,-288.55342859506777,-69.65451001958286,75883.84620060519,72531.65379939481,74207.75,3352.19240121037,0.3929804864808873,1256.0,888.0,368.0,1256.0,983.2142857142857,0.43247065863376566,22.0,570.0,664.0,1256.0,1.7007677829083672,0.5461783439490446,1035.0,-1605.0,-0.483440071960139,-1.3559236002302915,25579.7,25053.98,246.52115897826917,27.227107131597204,1.4213223767284213,0,36357,-19590.0,-34.83967347809849,54213.2,-5767.4,0,0,0,0,0,0,0,0,74419.0,72505.0,-1.8199298568701,0
2022-10-18,73480.0,73932.0,73007.0,73406.0,11302,72583,73849.0,248890.38,SILVER,2022-10-05,73868.2,74243.5,74841.12,74434.97,73895.78478927544,74273.63380347994,43.60745261805332,-377.8490142045048,-306.41254571695515,-71.43646848754963,75810.31903700964,72676.68096299036,74243.5,3133.6380740192835,0.2327387591618705,925.0,83.0,842.0,925.0,1023.2142857142857,-0.5998727132391801,74.0,452.0,399.0,925.0,1.2601149769773587,0.43135135135135133,-61.0,-1749.0,-1.1280448793497073,-1.9175554828682353,25527.25,24680.5,-68.91382677338615,26.006933882134025,0.44274255942179436,0,0,35944.0,98.10311416796308,54088.5,6882.0,0,0,0,0,1,0,0,0,74419.0,71100.0,-3.1414325804430154,0
2022-10-19,73024.0,73500.0,72108.0,72763.0,37314,38924,73406.0,814523.57,SILVER,2022-10-05,73632.0,74173.55,74782.62,74429.07,73721.51020630998,74161.73500322217,29.46170826965529,-440.2247969121963,-333.1749959560034,-107.04980095619294,75874.83477457757,72472.26522542244,74173.55,3402.5695491551305,0.0854456522864471,1392.0,94.0,1298.0,1392.0,1032.0714285714287,-0.8759501948069626,261.0,476.0,655.0,1392.0,1.9130602091722442,0.47054597701149425,-870.0,-2362.0,-1.9016886747364834,-2.7006542429243523,25846.9,24984.64,230.15395505220314,36.92423052803875,1.4436547516336582,0,0,-33659.0,-46.3731176721822,53962.7,3905.8,0,1,0,0,0,1,0,0,74419.0,71977.0,-1.0802193422481206,0
2022-10-20,73052.0,73666.0,72494.0,72949.0,9747,40104,72763.0,213310.17,SILVER,2022-10-05,73385.4,74102.75,74714.64,74421.24,73602.6624822623,74071.90278076127,30.24349286314022,-469.2402984989749,-360.3880564645977,-108.85224203437718,75886.35213583248,72319.14786416752,74102.75,3567.2042716649594,0.1765674426989016,1172.0,903.0,269.0,1172.0,1054.7142857142858,0.25562442450146605,103.0,614.0,455.0,1172.0,1.6066018725410902,0.38822525597269625,-546.0,-2466.0,-1.5569597619521542,-2.3631780866507546,25117.25,25033.0,-73.87843704775688,25.934748776530558,0.38805999860653534,0,9747,1180.0,3.031548658925076,53708.75,-5932.8,1,0,0,0,1,1,0,0,74419.0,72395.0,-0.7594346735390478,0
2022-10-21,72106.0,72565.0,71844.0,72141.0,39215,47594,72949.0,848702.79,SILVER,2022-10-05,73204.8,73994.75,74650.08,74416.42,73377.79133114502,73928.87294514933,24.943276357585844,-551.0816140043025,-398.52676797253866,-152.55484603176387,75978.19483690658,72011.30516309342,73994.75,3966.889673813159,0.03269433928620221,721.0,384.0,1105.0,1105.0,1019.9285714285714,-1.1076231339703035,35.0,424.0,262.0,721.0,0.999431668538002,0.4119278779472954,-1390.0,-1806.0,-2.5052453045655265,-3.361121649166353,26082.95,25661.9,302.32892171950346,60.29970925967634,1.5034725749963098,1,0,7490.0,18.67644125274286,55469.0,-1727.0,0,1,0,1,1,1,0,1,74419.0,72631.0,0.6792254058025256,1
2022-10-24,72356.0,72757.0,72124.0,72505.0,59727,13664,72141.0,1299151.84,SILVER,2022-10-05,73173.9,73927.5,74601.58,74413.61,73243.5157417381,73823.40087513826,30.152786099460755,-579.8851334001665,-434.79844105806427,-145.08669234210225,76019.82708522773,71835.17291477227,73927.5,4184.654170455469,0.16006748895926776,633.0,616.0,17.0,633.0,1032.0714285714287,0.5045674443104442,149.0,252.0,232.0,633.0,0.873043238397352,0.6018957345971564,-1344.0,-309.0,-1.9241824760745325,-2.810369431853858,28287.4,26659.52,52.30651536401887,61.38773155449671,2.11143477307918,1,59727,-33930.0,-71.29049880237004,52898.4,-4595.0,0,0,0,1,0,1,0,0,73932.0,73487.0,1.3543893524584512,1
2022-10-25,71275.0,71655.0,70630.0,71100.0,87320,20528,72505.0,1862535.6,SILVER,2022-10-05,72937.2,73771.75,74516.02,74408.8,72913.744089163,73621.66747697988,25.003105204322452,-707.9233878168889,-489.42343040982917,-218.4999574070597,76209.24844804237,71334.25155195763,73771.75,4874.996896084747,-0.04805163099606497,1025.0,850.0,1875.0,1875.0,1150.0,-1.9377973932832249,175.0,380.0,470.0,1025.0,1.4416315049226442,0.4585365853658537,-2306.0,-2367.0,-3.6216437864087543,-4.584275971797747,31334.5,27972.9,46.198536675205524,66.48165613448946,2.78670475035504,1,0,6864.0,50.23419203747073,50109.85,-10411.0,0,1,0,1,1,1,0,1,73666.0,74948.0,5.412095639943741,1
2022-10-26,71839.0,72050.0,71839.0,71977.0,31235,38190,71100.0,674460.48,SILVER,2022-10-05,72771.6,73660.5,74468.92,74411.005,72769.62961390715,73499.84025646286,30.09956008335263,-730.210642555714,-537.5808728390061,-192.62976971670787,76215.58265393107,71105.41734606893,73660.5,5110.165307862131,0.17055860259356218,211.0,950.0,739.0,950.0,1133.4285714285713,1.2334739803094186,138.0,73.0,0.0,211.0,0.29314920043902915,0.6540284360189573,-786.0,-1656.0,-2.285485436563694,-3.3462550551290366,31505.25,28204.94,-64.22927164452588,64.35975950194495,0.9914220645765388,0,31235,17662.0,86.0385814497272,49568.2,-146.8,1,0,0,0,1,1,0,0,73666.0,75859.0,5.393389554996735,1
2022-10-27,72630.0,72630.0,72182.0,72395.0,87192,76033,71977.0,1893679.45,SILVER,2022-10-05,72661.6,73521.15,74417.38,74415.01,72711.99428869066,73418.00023746562,39.773326304691615,-706.0059487749531,-571.2658880261955,-134.74006074875763,76030.42897171536,71011.87102828463,73521.15,5018.557943430729,0.27560286984947147,448.0,653.0,205.0,653.0,1037.5714285714287,0.5807410700640503,235.0,0.0,213.0,448.0,0.6188272670764555,0.47544642857142855,-554.0,-1100.0,-1.5317361058688477,-2.7176178467986976,34361.85,29576.22,179.14839122778938,79.61946300390062,2.5374652412486522,1,87192,37843.0,99.09138517936633,50368.4,7185.8,1,0,0,1,1,0,0,0,72757.0,74269.0,2.5885765591546375,1
2022-10-28,72589.0,72884.0,72319.0,72631.0,82452,71161,72395.0,1796571.36,SILVER,2022-10-05,72571.6,73387.6,74374.36,74423.67,72699.5336288921,73359.70392357928,48.63249140636676,-660.170294687181,-589.0467693583926,-71.12352532878845,75779.36274126937,70995.83725873064,73387.6,4783.525482538738,0.3418321376646124,565.0,489.0,76.0,565.0,965.4285714285714,0.3259893639063538,42.0,253.0,270.0,565.0,0.7779047514146852,0.552212389380531,490.0,-900.0,-1.0309643591015454,-2.344033615885906,36602.35,31113.88,-5.436278557665841,84.41996649936546,2.252642248380227,1,82452,-4872.0,-6.40774400589218,51429.4,4713.4,0,0,0,1,0,0,0,0,72884.0,73189.0,0.7682669934325563,1
2022-10-31,73721.0,73789.0,73357.0,73487.0,47565,42899,72631.0,1048622.75,SILVER,2022-10-05,72535.4,73289.25,74354.58,74438.1,72820.68230137024,73369.13326257339,50.14505366985784,-548.4509612031543,-580.9276077273449,32.47664652419064,75476.24167326839,71102.25832673161,73289.25,4373.983346536785,0.545210505923982,432.0,1158.0,726.0,1158.0,982.8571428571429,1.1785601189574724,234.0,68.0,130.0,432.0,0.5878590771156803,0.30092592592592593,982.0,-362.0,0.26982129029837254,-1.166814471953176,37461.7,31716.54,-42.31189055450444,55.53666154608809,1.2696967836483664,0,47565,-28262.0,-39.71557454223521,50376.85,5847.0,0,0,0,0,0,0,1,0,73789.0,72678.0,-1.1008749846911698,0
2022-11-01,75049.0,75255.0,74645.0,74948.0,25422,27241,73487.0,571598.42,SILVER,2022-12-05,72689.6,73278.9,74351.22,74455.58,73147.96194731328,73486.08635423463,58.02906337770179,-338.12440692135715,-532.3669675661474,194.24256064479027,75430.38496086773,71127.41503913226,73278.9,4302.969921735465,0.8878948796664672,610.0,1768.0,1158.0,1768.0,1055.142857142857,1.98810673996761,101.0,206.0,303.0,610.0,0.8138976356940812,0.4967213114754098,3848.0,1542.0,2.277736155973965,0.8026499094433136,38075.3,30323.08,-46.55313781141596,57.7727304422851,0.6676769454213098,0,25422,-15658.0,-36.499685307349814,47970.75,1342.6,0,0,0,0,0,0,0,0,75255.0,72720.0,-2.9727277579121525,0
2022-11-02,75838.0,76195.0,75700.0,75859.0,14244,56211,74948.0,324160.68,SILVER,2022-12-05,72999.2,73315.6,74357.9,74479.915,73565.04472464969,73661.85773540243,63.18902030796697,-96.8130107527395,-445.2561762034659,348.4431654507264,75619.33192884893,71011.86807115108,73315.6,4607.463857697847,1.0520173523989014,495.0,1247.0,752.0,1247.0,1075.357142857143,1.2155094198644356,21.0,336.0,138.0,495.0,0.6525263976588144,0.3212121212121212,3882.0,3096.0,3.4691116215375635,2.0187498571100124,37334.55,29975.92,-43.96978994571631,30.360355942493168,0.3815232807145124,0,14244,28970.0,106.34705040196764,47194.2,3604.2,1,0,0,0,1,0,0,0,76195.0,73180.0,-3.5315519582383104,0
2022-11-03,74192.0,74719.0,73828.0,74269.0,38481,73472,75859.0,857383.62,SILVER,2022-12-05,73131.2,73258.3,74338.72,74492.73,73673.34553624204,73706.83123648373,53.50893875998479,-33.48570024169749,-362.9020810111123,329.4163807694148,75392.9728678253,71123.6271321747,73258.3,4269.345735650597,0.7367341655093151,891.0,1140.0,2031.0,2031.0,1195.0,-2.0959938833889136,77.0,450.0,364.0,891.0,1.1996930078498431,0.494949494949495,1874.0,1320.0,1.379638894159429,-0.09378692557526033,37282.35,30049.04,170.1558550968829,54.76378515695715,1.0321506020945568,0,0,17261.0,30.707512764405553,48107.05,-512.2,0,0,0,0,1,0,0,0,76195.0,72583.0,-2.27012616300206,0
2022-11-04,73139.0,73732.0,72683.0,73189.0,28644,41346,74269.0,628927.71,SILVER,2022-12-05,73236.0,73220.4,74277.06,74504.74,73598.83083835864,73668.47336711457,47.073949281787556,-69.64252875592501,-304.2501705600748,234.6076418041498,75330.36137654795,71110.43862345204,73220.4,4219.922753095918,0.4925591055009342,1049.0,537.0,1586.0,1586.0,1218.5714285714287,-1.4541733428482972,50.0,543.0,456.0,1049.0,1.433275492218776,0.48236415633937085,558.0,1048.0,-0.042884223522398374,-1.4648668108296123,37554.9,30037.92,-25.563264987916114,21.97456648621519,0.7627233729819544,0,0,-32126.0,-43.725500871080136,47281.5,-5963.0,0,0,0,0,0,0,0,0,76195.0,72761.0,-0.5847873314295865,0
2022-11-07,72740.0,72893.0,72391.0,72678.0,13521,52220,73189.0,294803.77,SILVER,2022-12-05,73253.3,73213.6,74223.88,74511.905,73457.16455553424,73595.10496955054,46.791820906046176,-137.9404140162951,-270.98821925131887,133.04780523502376,75329.9430624293,71097.25693757071,73213.6,4232.686124858592,0.3734609691811487,502.0,296.0,798.0,798.0,1209.5,-0.6981923513096233,62.0,153.0,287.0,502.0,0.6907179614188612,0.5717131474103586,-809.0,173.0,-0.7315580711780404,-2.082725936720102,36590.9,29995.5,-52.796397151235865,11.464275234689712,0.36951810422810044,0,0,10874.0,26.3000048372273,46618.7,1864.2,0,0,0,0,1,0,0,0,76195.0,72143.0,-0.7361237238228899,0
2022-11-08,72731.0,73089.0,72509.0,72720.0,6746,27942,72678.0,147170.74,SILVER,2022-12-05,73415.3,73176.25,74160.3,74513.15,73343.75462391358,73530.28237921346,49.79990693345742,-186.52775529987412,-254.0961264610299,67.5683711611558,75300.11647166706,71052.38352833294,73176.25,4247.732943334122,0.392589763507618,580.0,411.0,169.0,580.0,1151.5,0.057789152150578005,11.0,358.0,211.0,580.0,0.7975797579757976,0.36379310344827587,-2228.0,1620.0,-0.623494644778873,-1.9421442469892958,35365.9,29467.92,-50.10724058871385,1.8336975082977758,0.19074871557064854,0,6746,-24278.0,-46.49176560704711,46107.15,140.2,0,0,0,0,0,0,0,0,76195.0,71650.0,-1.4713971397139713,0
2022-11-09,73093.0,73769.0,72768.0,73180.0,22591,59167,72720.0,495962.81,SILVER,2022-12-05,73535.6,73153.6,74094.98,74526.89,73318.56160484997,73504.33553630876,51.04818949087939,-185.77393145879614,-240.43168746058316,54.65775600178702,75266.59113505948,71040.60886494053,73153.6,4225.982270118955,0.5062470683293356,1001.0,1049.0,48.0,1049.0,1142.7142857142858,0.6325632563256356,87.0,589.0,325.0,1001.0,1.367860071057666,0.4115884115884116,-2679.0,1203.0,0.03608844950897041,-1.234874481375116,35605.1,28231.9,234.879928846724,31.744617557422764,0.634487755967544,0,22591,31225.0,111.74933791425094,48095.75,591.2,1,0,0,0,1,0,0,0,74719.0,70504.0,-3.6567368133369778,0
2022-11-10,72559.0,72926.0,71840.0,72583.0,31718,46373,73180.0,690656.28,SILVER,2022-12-05,73554.4,73108.0,74022.82,74540.81,73205.3982810269,73436.08845954514,52.04478164322723,-230.69017851824174,-238.48338567211488,7.793207153873141,75229.31627458987,70986.68372541013,73108.0,4242.632549179747,0.37625607593532906,1086.0,254.0,1340.0,1340.0,1159.5,-0.8157966657556748,24.0,343.0,719.0,1086.0,1.496218122700908,0.6841620626151013,-1686.0,188.0,-0.7181156644963615,-1.9451028750323303,36064.25,28669.1,40.401044663804164,17.869882901024244,0.8794859174944717,0,0,-12794.0,-21.623540149069587,46926.0,-5419.8,0,0,0,0,0,0,0,0,73769.0,69769.0,-3.8769408814736237,0
2022-11-11,72772.0,73083.0,72606.0,72761.0,7696,77143,72583.0,167990.6,SILVER,2022-12-05,73567.4,73069.5,73948.02,74553.17,73137.02931471507,73386.08190698625,51.20504613067219,-249.05259227118222,-240.59722699192835,-8.455365279253868,75186.4368635385,70952.5631364615,73069.5,4233.873727077007,0.42713528558326114,477.0,500.0,23.0,500.0,1150.0,0.24523648788283836,11.0,311.0,155.0,477.0,0.655570978958508,0.3249475890985325,-428.0,130.0,-0.4222007814477997,-1.6052086316848024,35924.45,28453.2,-75.73617504256258,10.839893252534571,0.21422735769093196,0,7696,30770.0,66.3532659090419,47971.7,7159.4,1,0,0,0,1,0,0,0,73769.0,68698.0,-5.58403540358159,0
2022-11-14,71836.0,72382.0,71836.0,72143.0,17012,12016,72761.0,368189.01,SILVER,2022-12-05,73433.0,72984.2,73882.62,74563.175,72984.10172783583,73294.00176572801,55.30249110320285,-309.90003789217735,-254.45778917197816,-55.44224872019919,75106.36439662751,70862.03560337248,72984.2,4244.32879325503,0.3018061180046162,546.0,379.0,925.0,925.0,1082.142857142857,-0.849356111103472,307.0,239.0,0.0,546.0,0.7568301844946842,0.5622710622710623,-535.0,-1344.0,-1.1525782292605757,-2.3545726992356193,34957.2,28187.56,121.04989604989606,27.176071912974624,0.48665224903596405,0,0,-65127.0,-84.42373254864343,46740.55,-8040.8,0,0,0,0,0,0,0,0,73769.0,67940.0,-5.825929057566222,0
2022-11-15,71716.0,72118.0,71383.0,71650.0,19688,79110,72143.0,423193.56,SILVER,2022-12-05,73103.2,72896.4,73790.62,74569.1,72778.85530816879,73172.22385715556,48.2700243360491,-393.3685489867785,-282.23994113493825,-111.12860785184023,75089.21173982476,70703.58826017522,72896.4,4385.623479649541,0.21579867588186227,735.0,25.0,760.0,760.0,1068.5714285714287,-0.6833649834356748,66.0,402.0,267.0,735.0,1.0258199581297975,0.363265306122449,-1070.0,-3298.0,-1.7098238047420646,-2.900937815673585,35376.5,28343.16,15.7300728897249,33.404392983088705,0.5565276384040253,0,0,67094.0,558.372170439414,47066.9,10233.6,0,0,0,0,1,0,0,0,73769.0,68799.0,-3.979064898813678,0
2022-11-16,70366.0,70647.0,70352.0,70504.0,28457,56309,71650.0,601899.7,SILVER,2022-12-05,72567.7,72783.45,73678.58,74571.675,72428.87756845051,72974.57764551442,40.7112682974752,-545.7000770639133,-334.9319683207333,-210.76810874318005,75223.92618088584,70342.97381911415,72783.45,4880.952361771691,0.03299072987211028,295.0,1003.0,1298.0,1298.0,1114.642857142857,-1.5994417306350317,138.0,143.0,14.0,295.0,0.4184159763985022,0.5152542372881356,-2676.0,-5355.0,-3.131824611226862,-4.308687816730455,34933.65,28595.42,44.53982121088988,42.25535409874932,0.8146013943575893,0,0,-22801.0,-28.821893565920863,47936.15,-571.6,0,0,0,0,0,1,0,0,73083.0,68061.0,-3.4650516282764094,0
2022-11-17,69608.0,69938.0,69543.0,69769.0,10036,17274,70504.0,210060.51,SILVER,2022-12-05,72117.7,72624.45,73560.68,74570.125,72019.66563484274,72737.12744955039,36.59861397265406,-717.4618147076544,-411.4379375981175,-306.0238771095369,75409.5426829513,69839.35731704869,72624.45,5570.185365902609,-0.01263105488003658,395.0,566.0,961.0,961.0,1142.9285714285713,-1.0424940428911844,161.0,169.0,65.0,395.0,0.5661540225601628,0.5721518987341773,-2814.0,-4500.0,-3.9318025816374473,-5.1544928622193185,34948.1,28637.92,-64.73275468250343,18.766493120810694,0.2871686872819982,0,0,-39035.0,-69.32284359516241,46794.65,-5819.8,0,0,0,0,0,1,0,0,73083.0,70201.0,0.6191861715088364,1
2022-11-18,68466.0,68879.0,68333.0,68698.0,34960,25748,69769.0,720504.62,SILVER,2022-12-05,71668.6,72452.3,73402.34,74563.765,71508.64015255924,72437.93282365777,28.017993206646466,-929.2926710985339,-515.0088842982009,-414.283786800333,75742.95964271721,69161.6403572828,72452.3,6581.319285434409,-0.07044793561511509,546.0,890.0,1436.0,1436.0,1162.7857142857142,-1.5350657168656578,232.0,181.0,133.0,546.0,0.7947829631139189,0.6684981684981685,-4063.0,-4491.0,-5.181754064398236,-6.408978242383004,34735.35,29057.3,248.34595456357115,46.15741507595942,1.0064674747771363,0,0,8474.0,49.056385318976496,45702.35,-10279.0,0,1,0,0,1,1,0,0,72382.0,70625.0,2.8050307141401496,1
2022-11-21,67696.0,68340.0,67181.0,67940.0,27159,30175,68698.0,553554.74,SILVER,2022-12-05,71194.8,72224.05,73240.98,74548.725,70959.61859062704,72104.75261449795,15.61334641805692,-1145.134023870909,-641.0339122127425,-504.1001116581665,76083.45292491456,68364.64707508545,72224.05,7718.805849829107,-0.05501460761509518,1159.0,358.0,1517.0,1517.0,1144.857142857143,-1.1033800110629155,244.0,400.0,515.0,1159.0,1.7059169855755076,0.6548748921484038,-4203.0,-4738.0,-5.9316114230647585,-7.237724017346568,33106.95,29269.04,-22.314073226544618,49.205647468428545,0.8203413482667538,0,0,4427.0,17.193568432499617,46527.9,3631.8,0,1,0,0,1,1,0,0,72118.0,70797.0,4.205181042095967,1
2022-11-22,68612.0,69026.0,68266.0,68799.0,12910,21826,67940.0,266458.53,SILVER,2022-12-05,70802.7,72109.0,73121.14,74536.83,70627.21573053057,71859.88205046106,15.180508976129403,-1232.6663199304894,-759.3603937562918,-473.30592617419757,76237.3093519333,67980.6906480667,72109.0,8256.61870386661,0.09910950006085267,760.0,1086.0,326.0,1086.0,1133.357142857143,1.264350897851041,187.0,227.0,346.0,760.0,1.1046672190002762,0.7013157894736842,-2851.0,-3921.0,-4.590273058841476,-5.910930819732842,29386.45,28833.38,-52.46511285393424,48.96986024190651,0.43931812110683666,0,12910,-8349.0,-27.66859983429991,46592.8,-11456.8,0,1,0,0,0,1,0,0,70647.0,70112.0,1.9084579717728454,1
2022-11-23,67964.0,68300.0,67629.0,68061.0,7693,44129,68799.0,157077.98,SILVER,2022-12-05,70290.8,71913.2,73013.04,74519.75,70232.41331044894,71578.48338005655,16.573336205039837,-1346.0700696076092,-876.7023289265553,-469.3677406810539,76421.81358547775,67404.58641452224,71913.2,9017.227170955506,0.07279550276742107,671.0,499.0,1170.0,1170.0,1071.857142857143,-1.0726900100292203,97.0,239.0,335.0,671.0,0.9858803132484096,0.6438152011922503,-2443.0,-5119.0,-5.356735620164305,-6.782404896440408,28209.35,28537.38,-40.41053446940356,21.440813910293752,0.2727109983037539,0,0,22303.0,102.18546687437002,46889.75,-2436.0,0,1,0,0,1,1,0,0,69938.0,70706.0,3.8862197146677246,1
2022-11-24,70475.0,70500.0,69684.0,70201.0,20858,33490,68061.0,439275.74,SILVER,2022-12-05,70052.6,71803.5,72936.94,74514.985,70227.5804934568,71476.44757412643,35.55963657452155,-1248.8670806696318,-951.1352792751707,-297.7318013944612,76369.15897705177,67237.84102294823,71803.5,9131.31795410355,0.3245050705654327,816.0,2439.0,1623.0,2439.0,1132.7857142857142,3.144238256857812,274.0,25.0,517.0,816.0,1.1623766043218757,0.633578431372549,432.0,-2382.0,-2.2317853586524334,-3.7511033503736275,24892.65,28501.86,171.12959833614974,34.51366927752831,0.8379180199777846,0,20858,-10639.0,-24.108862652677377,44762.6,3243.2,0,0,0,0,0,0,0,0,70500.0,70252.0,0.07264853777011723,0
2022-11-25,70551.0,70939.0,70453.0,70625.0,33810,51435,70201.0,716349.38,SILVER,2022-12-05,69839.0,71703.2,72890.84,74514.26,70288.7219560019,71413.3773834504,39.994151476752116,-1124.6554274484952,-985.8393089098356,-138.81611853865957,76280.43895630918,67125.96104369081,71703.2,9154.477912618371,0.38222157393445394,486.0,738.0,252.0,738.0,1128.5,0.6039800002848983,74.0,314.0,98.0,486.0,0.6881415929203539,0.35390946502057613,1927.0,-2136.0,-1.5036985797007625,-3.1085387409446734,22460.55,28586.84,62.096078243359855,48.296894606120546,1.5053059698003834,1,33810,17945.0,53.58315915198566,43776.3,5137.4,1,0,0,1,1,0,0,0,70939.0,70372.0,-0.35823008849557525,0
2022-11-28,70822.0,71377.0,70127.0,70797.0,25092,18520,70625.0,532931.5,SILVER,2022-12-05,69704.4,71568.7,72817.66,74516.08,70366.91857815546,71367.71979949111,40.74501876985273,-1000.801221335656,-988.8316913949998,-11.96952994065623,76082.89408672556,67054.50591327444,71568.7,9028.388173451123,0.4145251638305431,1250.0,752.0,498.0,1250.0,1176.357142857143,0.24353982300884258,25.0,555.0,670.0,1250.0,1.7656115372120287,0.536,2857.0,-1346.0,-1.0782646603892443,-2.7749587119388393,21336.9,28628.02,-25.785270629991132,33.613377938131826,1.1759908890232413,0,25092,-32915.0,-63.9933897151745,42557.35,-2331.0,0,0,0,0,0,0,0,0,71377.0,72523.0,2.4379564105823692,1
2022-11-29,70168.0,70324.0,69809.0,70112.0,28243,71877,70797.0,594051.96,SILVER,2022-12-05,69550.6,71326.9,72766.08,74512.76,70327.70033536231,71274.70351804732,35.54739023930658,-947.0031826850027,-980.4659896530004,33.46280696799772,75590.03983128032,67063.76016871967,71326.9,8526.279662560642,0.3575111246544391,515.0,473.0,988.0,988.0,1172.0,-0.9675551223921941,56.0,156.0,303.0,515.0,0.7345390232770425,0.5883495145631068,1313.0,-1538.0,-1.7032844550933721,-3.6474137400283233,21477.95,28945.86,12.557787342579307,33.29614938341727,1.3149765224334724,0,0,53357.0,288.1047516198704,44789.15,10010.2,0,0,0,0,1,0,1,0,71377.0,72462.0,3.3517800091282517,1
2022-11-30,70724.0,70956.0,70445.0,70706.0,35505,29798,70112.0,753124.96,SILVER,2022-12-05,69570.8,71069.25,72696.96,74514.05,70385.9002837681,71232.57733152529,41.15540476863632,-846.6770477571845,-953.7082012738373,107.03115351665281,74764.08656073206,67374.41343926794,71069.25,7389.673121464119,0.4508435631685926,511.0,844.0,333.0,844.0,1136.5714285714287,0.8472158831583698,18.0,232.0,261.0,511.0,0.7227109439085792,0.5107632093933464,2645.0,202.0,-0.5111211951723144,-2.7387114949511044,22541.0,29037.54,25.71256594554403,31.41342385688269,1.57512976354199,1,35505,-42079.0,-58.54306662771123,43468.5,-2866.2,0,0,0,1,0,0,0,0,71377.0,73459.0,3.8935875314683335,1
2022-12-01,70242.0,70551.0,69947.0,70252.0,12692,64638,70706.0,267491.52,SILVER,2023-02-05,69619.1,70868.4,72614.7,74511.78,70365.30024011148,71159.94197363453,38.47708275925415,-794.6417335230508,-921.89490772368,127.25317420062925,74254.71346825112,67482.08653174886,70868.4,6772.62693650226,0.4089865711223811,604.0,155.0,759.0,759.0,1155.0714285714287,-0.6420954374452004,10.0,299.0,295.0,604.0,0.8597619996583727,0.5049668874172185,51.0,483.0,-0.869781171862204,-3.2537488965732795,21251.55,28804.58,-64.25292212364455,31.461407112768576,0.5972270257934127,0,0,34840.0,116.92059869789917,43026.8,6229.6,0,0,0,0,1,0,0,0,71377.0,72879.0,3.7393953197062006,1
2022-12-02,70204.0,70434.0,70204.0,70372.0,33555,79072,70252.0,708399.74,SILVER,2023-02-05,69786.5,70727.55,72536.12,74501.36,70366.33097240202,71101.57590151345,41.476561748002695,-735.2449291114317,-884.5649120012304,149.31998288979867,73937.1825072467,67517.9174927533,70727.55,6419.265014493401,0.4446120390422824,230.0,182.0,48.0,230.0,1105.4285714285713,0.17081364231623652,168.0,62.0,0.0,230.0,0.32683453646336613,0.7304347826086957,-253.0,1674.0,-0.5027036847734764,-2.983506699834504,21497.1,29077.66,164.37913646391428,23.064725302802888,1.5609082155267455,1,33555,14434.0,22.33051765215508,44913.1,5527.4,1,0,0,1,1,0,0,0,71377.0,72869.0,3.548286250213153,1
2022-12-05,72734.0,72734.0,72139.0,72523.0,11398,77309,70372.0,247985.15,SILVER,2023-02-05,70244.8,70719.8,72509.58,74497.9,70698.1262074171,71206.86657547542,53.623308707562046,-508.74036805832293,-809.4000032126489,300.659635154326,73910.29421019048,67529.30578980953,70719.8,6380.988420380949,0.7825894487193482,595.0,2362.0,1767.0,2362.0,1219.857142857143,3.0566134257943522,211.0,0.0,384.0,595.0,0.820429381023951,0.6453781512605042,1726.0,4583.0,2.549780966575127,0.018507899232071478,21390.95,28992.86,-66.03188794516466,18.692943830940884,0.5328421598853721,0,11398,-1763.0,-2.229613516794815,46167.55,11757.8,0,0,0,0,0,0,0,0,72734.0,74409.0,2.6005543069095323,1
2022-12-06,72724.0,72875.0,71757.0,72462.0,12252,39894,72523.0,266341.33,SILVER,2023-02-05,70611.1,70706.9,72474.52,74495.43,70969.491406276,71299.8394217365,58.930852034300315,-330.3480154604913,-713.5896056622175,383.24159020172624,73865.26685979453,67548.53314020546,70706.9,6316.733719589072,0.7778492933075833,1118.0,352.0,766.0,1118.0,1207.0,-0.08411124746632304,262.0,151.0,705.0,1118.0,1.5428776462145677,0.6305903398926654,2350.0,3663.0,2.482218849928375,-0.01727503679914551,21666.25,28710.34,7.492542551324788,24.688709371466782,0.5654877978422662,0,0,-37415.0,-48.39669378726927,46765.15,-6396.6,0,0,0,0,0,0,0,0,72875.0,73887.0,1.9665479837708042,1
2022-12-07,73212.0,74273.0,72933.0,73459.0,16721,72963,72462.0,368492.38,SILVER,2023-02-05,71150.9,70720.85,72459.66,74492.705,71352.49272838738,71459.7772423486,66.43799002138275,-107.28451396121818,-592.3285873220177,485.04407336079953,73927.30810661383,67514.39189338619,70720.85,6412.91621322764,0.9269742358947608,1340.0,1811.0,471.0,1811.0,1267.7142857142858,1.375893571803144,247.0,814.0,279.0,1340.0,1.8241468029785324,0.3925373134328358,2753.0,5398.0,3.8717719031940283,1.3791673877575419,21372.75,28488.36,36.47567744041788,32.37733056244893,0.782351358622545,0,16721,33069.0,82.89216423522335,47454.95,8633.0,1,0,0,0,1,0,0,0,74273.0,75485.0,2.758001061816796,1
2022-12-08,72730.0,73636.0,72114.0,72879.0,22939,64567,73459.0,501531.41,SILVER,2023-02-05,71418.7,70735.65,72413.6,74488.74,71587.34000094318,71564.90485402648,69.47731296002982,22.435146916701342,-469.37584047427396,491.8109873909753,73980.79706665296,67490.50293334703,70735.65,6490.294133305928,0.8302392705133471,1522.0,177.0,1345.0,1522.0,1273.857142857143,-0.7895560789011546,149.0,757.0,616.0,1522.0,2.0883930899161625,0.5026281208935611,2627.0,2678.0,3.0300845471837836,0.6426969519537685,20933.8,28345.94,37.186771126128825,18.98304784144684,1.0957876735232017,0,0,-8396.0,-11.507202280607975,48364.65,-14.2,0,0,0,0,0,0,0,0,74273.0,76130.0,4.4608186171599495,1
2022-12-09,72828.0,73386.0,72411.0,72869.0,16825,45326,72879.0,367806.28,SILVER,2023-02-05,71643.1,70741.05,72364.94,74493.275,71784.51846233653,71661.50449446897,74.68202303455183,123.01396786756231,-350.8978788059067,473.91184667346903,74000.71446287377,67481.38553712623,70741.05,6519.328925747541,0.8264062949172326,975.0,507.0,468.0,975.0,1235.142857142857,-0.01372137378394811,41.0,517.0,417.0,975.0,1.3380175383221946,0.46974358974358976,2497.0,2244.0,3.0080837081157217,0.6965527781823596,21390.25,27929.6,-26.653297876978076,10.108110229413047,0.7865733219574339,0,0,-19241.0,-29.800052658478794,46773.8,-6749.2,0,0,1,0,0,0,0,0,74273.0,75653.0,3.8205546940399895,1
2022-12-12,74265.0,74881.0,74027.0,74409.0,30251,65059,72869.0,675284.0,SILVER,2023-02-05,72004.3,70854.35,72344.04,74509.62,72188.2848527463,71865.02268006386,76.29851865741608,323.26217268244363,-216.06586850823663,539.3280411906803,74458.51030223496,67250.18969776505,70854.35,7208.320604469918,0.9931315066363359,854.0,2012.0,1158.0,2012.0,1301.2857142857142,2.1133815477089035,144.0,472.0,238.0,854.0,1.14771062640272,0.44730679156908665,1886.0,3612.0,5.016840885563122,2.8543609121083184,22052.2,27927.06,79.79791976225854,20.666429268638012,1.3717905696483796,0,30251,19733.0,43.535719013369814,49425.95,-2450.0,1,0,1,0,1,0,0,0,74881.0,76233.0,2.4513163730193925,1
2022-12-13,73962.0,74326.0,73448.0,73887.0,29151,15079,74409.0,646163.98,SILVER,2023-02-05,72381.8,70966.2,72318.68,74530.93,72449.6256446315,72014.79877783691,77.8755980861244,434.8268667945813,-85.88732144767305,520.7141882422543,74805.49991425192,67126.90008574807,70966.2,7678.599828503851,0.8803818489352259,878.0,83.0,961.0,961.0,1286.357142857143,-0.7015280409627844,75.0,364.0,439.0,878.0,1.1883010543126666,0.5,1425.0,3775.0,4.115762151559479,2.168623652975977,22525.35,28247.08,-3.6362434299692548,19.04702619138316,1.2941419334216784,0,0,-49980.0,-76.82257643062451,46224.4,-4963.0,0,0,1,0,0,0,0,0,74881.0,77122.0,4.378307415377536,1
2022-12-14,75375.0,75808.0,75166.0,75485.0,5036,35838,73887.0,114042.74,SILVER,2023-02-05,72859.7,71215.25,72325.88,74561.56,72916.6063146882,72271.85072021936,76.66532095276544,644.7555944688356,60.2412617356287,584.514332733207,75543.40676703099,66887.09323296901,71215.25,8656.313534061977,0.9932526973750243,642.0,1921.0,1279.0,1921.0,1249.357142857143,2.1627620555713545,110.0,323.0,209.0,642.0,0.8505000993574883,0.4968847352024922,2026.0,4779.0,5.99555572717922,4.367897079164464,21354.3,27766.62,-82.7244348392851,8.203326112900244,0.23583072261792706,0,5036,20759.0,137.66828038994626,45200.85,-7425.0,1,0,1,0,1,0,0,0,75808.0,77704.0,2.9396568854739353,1
2022-12-15,76460.0,76529.0,75695.0,76130.0,33412,57109,75485.0,763096.67,SILVER,2023-02-05,73447.5,71533.3,72340.18,74595.25,73410.97457396693,72557.63955575867,77.17444960015797,853.335018208265,218.86001303015595,634.475005178109,76324.11318665944,66742.48681334057,71533.3,9581.626373318868,0.9797411024917474,834.0,1044.0,210.0,1044.0,1271.2142857142858,0.854474398887195,330.0,69.0,435.0,834.0,1.0954945487981085,0.5215827338129496,3251.0,5878.0,6.4259582599991845,5.238886604926899,22523.1,27644.36,563.4630659253376,70.97492491779846,1.4834547642198455,0,33412,21271.0,59.3532005134215,47192.6,-1491.6,1,0,1,0,1,0,0,0,76529.0,76315.0,0.24300538552476028,0
2022-12-16,75833.0,76239.0,75197.0,75653.0,23171,35594,76130.0,525886.7,SILVER,2023-02-05,73975.6,71881.05,72374.3,74619.61,73755.9015625874,72786.92551459136,73.27007858922752,968.9760479960387,368.8832200233325,600.0928279727061,76812.92021108056,66949.17978891944,71881.05,9863.740422161121,0.8824056431498805,1042.0,109.0,933.0,1042.0,1256.357142857143,-0.6265598318665466,180.0,406.0,456.0,1042.0,1.3773412819055424,0.43761996161228406,2784.0,5281.0,5.247488733122286,4.530199255813178,21933.65,27643.92,-30.650664431940623,51.47194482821296,1.056413319260588,0,0,-21515.0,-37.673571591167764,47684.9,-1946.4,0,0,1,0,0,0,0,0,76529.0,75691.0,0.0502293365762098,0
2022-12-19,76265.0,76708.0,75498.0,76233.0,37761,52749,75653.0,863590.29,SILVER,2023-02-05,74346.6,72295.7,72442.68,74645.425,74136.99362988165,73042.1902912883,79.63016748959241,1094.8033385933522,514.0672437373365,580.7360948560157,77226.90641158742,67364.49358841257,72295.7,9862.412823174847,0.8992227937110963,1210.0,1055.0,155.0,1210.0,1272.2142857142858,0.7666582951105783,32.0,443.0,735.0,1210.0,1.5872391221649418,0.6074380165289256,1824.0,3710.0,5.446105370028928,5.2321642435095,22463.75,27743.12,62.96663933364981,64.3717975560944,1.6809749040120194,1,37761,17155.0,48.19632522335225,48813.6,-2462.0,1,0,1,1,1,0,0,0,76708.0,75493.0,-0.9707082234727743,0
2022-12-20,77281.0,77310.0,76890.0,77122.0,20202,46292,76233.0,467405.59,SILVER,2023-02-05,74812.6,72711.85,72515.78,74676.495,74596.22537913063,73344.39841785954,80.19578313253012,1251.8269612710865,661.6191872440866,590.2077740269999,77802.7588951723,67620.94110482771,72711.85,10181.81779034459,0.9331397487963432,420.0,1077.0,657.0,1077.0,1288.857142857143,1.1661616360368887,159.0,29.0,232.0,420.0,0.544591685900262,0.5523809523809524,3235.0,4660.0,6.065242460479267,6.352024345597608,22828.35,27522.24,-46.500357511718434,58.97250754979009,0.8849522633041811,0,20202,-6457.0,-12.24099035052797,50036.9,6242.6,0,0,1,0,0,0,0,0,77310.0,75448.0,-2.1705868623739013,0
2022-12-21,77876.0,78002.0,77245.0,77704.0,32650,61818,77122.0,761110.68,SILVER,2023-02-05,75237.1,73194.0,72597.2,74706.94,75074.34455157207,73667.33186838847,84.65401785714286,1407.012683183595,810.6978864319883,596.3147967516068,78256.74757939095,68131.25242060905,73194.0,10125.495158781909,0.9454103161649776,757.0,880.0,123.0,880.0,1297.5,0.7546484790332153,172.0,126.0,459.0,757.0,0.974209821888191,0.6063408190224571,2219.0,4245.0,6.16170724376315,7.03443107998656,24076.2,27819.1,61.617661617661625,61.48670596751445,1.3561110141965924,0,32650,15526.0,33.53927244448285,50921.35,5196.0,1,0,1,0,1,0,0,0,78002.0,76016.0,-2.172346339956759,0
2022-12-22,76229.0,76879.0,75968.0,76315.0,32662,23429,77704.0,747780.16,SILVER,2023-02-05,75580.7,73499.7,72653.6,74739.455,75265.21462056098,73863.45543369303,74.71924132767657,1401.7591868679447,928.9101465191795,472.84904034876513,78539.80764713754,68459.59235286246,73499.7,10080.215294275084,0.7792896696957369,911.0,825.0,1736.0,1736.0,1405.0714285714287,-1.787552764336453,86.0,564.0,261.0,911.0,1.1937364869291751,0.3809001097694841,185.0,3436.0,3.8303557701596103,5.039530043934497,24666.4,28021.64,0.036753445635517856,57.771704199465134,1.3241494502643272,0,0,-38389.0,-62.10003558833996,50418.3,-6736.0,0,0,1,0,0,0,0,0,78002.0,76194.0,-0.1585533643451484,0
2022-12-23,75568.0,76241.0,75053.0,75691.0,87182,67748,76315.0,1979667.83,SILVER,2023-02-05,75862.9,73753.0,72696.8,74767.795,75330.72006355159,73998.82910527133,65.09433962264151,1331.890958280259,1009.5063088713955,322.3846494088634,78693.00707436078,68812.99292563922,73753.0,9880.014148721559,0.6961535652507918,1188.0,74.0,1262.0,1262.0,1326.5,-0.8176636310030738,123.0,550.0,515.0,1188.0,1.5695393111466356,0.5370370370370371,38.0,2822.0,2.627689721096091,4.118750756566998,27335.0,29555.44,166.9218051558386,77.1292145027468,3.1893908907993413,1,0,44319.0,189.16300311579667,51233.95,6430.8,0,0,0,1,1,0,0,0,78002.0,75038.0,-0.8627181567161222,0
2022-12-26,75505.0,75642.0,75441.0,75493.0,27330,58807,75691.0,618967.11,SILVER,2023-02-05,75971.3,73987.8,72729.68,74791.89,75355.68620762057,74109.50843080679,64.25547925877152,1246.1777768137836,1056.840602459873,189.33717435391054,78780.43635173772,69195.16364826229,73987.8,9585.272703475435,0.6570325692929154,201.0,49.0,250.0,250.0,1264.5,-0.2615898851911047,12.0,137.0,52.0,201.0,0.26624985097956105,0.25870646766169153,-740.0,1084.0,2.0343894533963667,3.7994392385612135,27446.9,29374.9,-68.65178591911175,62.284243934609776,0.9957408669102885,0,0,-8941.0,-13.197437562732484,53248.3,1211.6,0,0,0,0,0,0,0,0,78002.0,75391.0,-0.13511186467619513,0
2022-12-27,75578.0,75598.0,75381.0,75448.0,78675,17140,75493.0,1780761.42,SILVER,2023-02-05,76127.4,74254.6,72770.52,74821.705,75369.8883295251,74208.65595445073,60.27482177910941,1161.2323750743672,1077.718956982772,83.51341809159521,78721.81834561133,69787.38165438868,74254.6,8934.436691222654,0.6335730546025818,217.0,105.0,112.0,217.0,1150.642857142857,-0.05960817559244047,130.0,20.0,67.0,217.0,0.2876153112077192,0.3087557603686636,-1674.0,1561.0,1.607173158295909,3.6793470762610956,29968.5,30722.36,187.87047200878155,81.43491547848485,2.625256519345313,1,0,-41667.0,-70.85380992058768,50511.45,-5830.4,0,0,0,1,0,0,0,0,78002.0,75950.0,0.6653589227017284,1
2022-12-28,76037.0,76199.0,75734.0,76016.0,33320,73226,75448.0,759855.94,SILVER,2023-02-05,76180.5,74520.1,72835.58,74849.6,75469.29012498277,74342.53329115809,66.22530257577324,1126.7568338246783,1087.5265323511533,39.23030147352506,78722.63937769187,70317.56062230814,74520.1,8405.078755383729,0.6779757267642282,465.0,751.0,286.0,751.0,1095.5714285714287,0.7528363906266655,21.0,162.0,282.0,465.0,0.6117133235108398,0.6064516129032258,-1688.0,531.0,2.0073778752309703,4.366574687810543,29859.25,30642.48,-57.64855417858278,83.94250354455508,1.115902107387158,0,33320,56086.0,327.2228704784131,52682.85,2281.6,1,0,0,0,1,0,0,0,76879.0,76467.0,0.5932961481793306,1
2022-12-29,75954.0,76380.0,75954.0,76194.0,28332,24901,76016.0,647618.52,SILVER,2023-02-05,76186.9,74817.2,72900.48,74876.9,75580.7839519085,74479.67897329453,66.90391459074733,1101.1049786139629,1090.2422216037153,10.862757010247606,78564.79564183959,71069.6043581604,74817.2,7495.191283679189,0.6836911091245917,426.0,364.0,62.0,426.0,1056.357142857143,0.2341612292149131,240.0,186.0,0.0,426.0,0.559099141664698,0.5633802816901409,-121.0,64.0,1.8402185593687053,4.517830335273518,30641.25,31014.18,-14.969987995198075,26.099198152501522,0.9246359074776649,0,28332,-48325.0,-65.99431895774725,50696.0,294.4,0,0,0,0,0,0,0,0,76380.0,77457.0,1.6576108354988583,1
2022-12-30,74917.0,75383.0,74738.0,75038.0,40670,38525,76194.0,915538.64,SILVER,2023-02-05,76125.4,75050.5,72958.42,74900.035,75497.27872853796,74521.03608638383,53.32769019151413,976.2426421541313,1067.4423057137985,-91.19966355966721,78159.45545159437,71941.54454840563,75050.5,6217.910903188749,0.4979896784957807,645.0,811.0,1456.0,1456.0,1016.6428571428571,-1.5171798304328465,121.0,345.0,179.0,645.0,0.8595644873264212,0.46511627906976744,-653.0,-615.0,-0.016655451995656257,2.850363261704409,30997.0,31043.28,43.54793166737259,33.519057762432844,1.3120624576571926,0,0,13624.0,54.71266214208266,48668.65,-5844.6,0,0,0,0,1,0,0,0,76380.0,78234.0,4.259175351155415,1
2023-01-02,75380.0,75942.0,74860.0,75391.0,10067,30491,75038.0,227688.36,SILVER,2023-02-05,76041.2,75193.9,73016.14,74922.23,75480.92815491674,74585.4778577628,58.10170221934928,895.4502971539332,1033.0439040018255,-137.59360684789226,78067.66634584733,72320.13365415265,75193.9,5747.53269169468,0.5342929758859519,1082.0,904.0,178.0,1082.0,1025.2857142857142,0.4704283163197376,11.0,551.0,520.0,1082.0,1.4351845711026516,0.4907578558225508,-102.0,-842.0,0.26212232641212363,3.252513759286646,30930.45,30050.08,-75.24711089254978,19.697682739812883,0.32547214799655355,0,10067,-8034.0,-20.853990914990263,46327.75,-5663.2,0,0,0,0,0,0,0,0,76380.0,78675.0,4.3559576076720035,1
2023-01-03,75938.0,76415.0,75650.0,75950.0,22045,78816,75391.0,502295.32,SILVER,2023-02-05,75924.0,75368.3,73113.14,74937.61,75553.09305416032,74686.5535720026,52.82057503336164,866.5394821577211,999.7430196330047,-133.2035374752836,77952.79360610519,72783.80639389482,75368.3,5168.98721221037,0.612536552349343,765.0,1024.0,259.0,1024.0,961.2142857142857,0.7414678144606057,12.0,465.0,288.0,765.0,1.0072416063199474,0.39215686274509803,502.0,-1172.0,0.7718098988566773,3.8800959718047956,31420.1,28744.58,118.98281513857158,36.24600000484189,0.7016209369161779,0,22045,48325.0,158.4893903118953,48273.85,12335.2,1,0,0,0,1,0,0,0,76415.0,78631.0,3.5299539170506913,1
2023-01-04,76769.0,77292.0,75788.0,76467.0,27770,44980,75950.0,637046.58,SILVER,2023-02-05,75800.3,75518.7,73202.94,74954.705,75693.69412275104,74818.43849259499,52.076401725200235,875.2556301560544,974.8455417376147,-99.58991158156027,77982.64831627245,73054.75168372755,75518.7,4927.8966325449,0.6924350429222123,1504.0,1342.0,162.0,1504.0,994.0714285714286,0.6807109940750511,302.0,523.0,679.0,1504.0,1.9668615219637229,0.45146276595744683,451.0,-1237.0,1.2557154717970556,4.458919272914446,31972.55,28675.28,25.96960762077569,32.681194605153294,0.8685575595315357,0,27770,-33836.0,-42.930369468128305,46874.7,-5649.2,0,0,0,0,0,0,0,0,77292.0,77144.0,0.885349235617979,1
2023-01-05,77242.0,77796.0,77181.0,77457.0,12887,18078,76467.0,299456.51,SILVER,2023-02-05,75914.5,75747.6,73304.18,74975.595,75964.97195002012,75013.88749314351,60.45433472415392,951.0844568766042,970.0933247654126,-19.008867888808368,78022.33689860906,73472.86310139095,75747.6,4549.473797218117,0.8757357611434639,615.0,1329.0,714.0,1329.0,1014.5714285714286,1.294676134803252,215.0,339.0,61.0,615.0,0.7939889228862466,0.44878048780487806,1263.0,1142.0,2.2567051629358477,5.665188533587044,31469.95,27189.18,-53.59380626575441,27.318138634014304,0.4095017627927594,0,12887,-26902.0,-59.80880391285015,44550.25,-1364.6,0,0,0,0,0,0,0,0,77796.0,77552.0,0.12264869540519255,0
2023-01-06,78313.0,78853.0,77614.0,78234.0,38182,58704,77457.0,896139.18,SILVER,2023-02-05,76168.8,76015.85,73416.24,75002.23,76314.05318847856,75252.41434550325,61.3371104815864,1061.6388429753133,988.4024284073928,73.23641456792052,78120.24232633958,73911.45767366044,76015.85,4208.78465267914,1.0270286277507714,1239.0,1396.0,157.0,1396.0,1027.857142857143,1.003137224524564,79.0,540.0,620.0,1239.0,1.583710407239819,0.5004035512510089,3196.0,2543.0,2.9180098624168433,6.56225380106635,32537.8,26303.78,196.2830759680298,30.25426571523342,1.1734659380781738,0,38182,40626.0,224.7261865250581,45219.15,4035.8,1,0,0,0,1,0,1,0,78853.0,77760.0,-0.6058746836413835,0
2023-01-09,78909.0,78984.0,78285.0,78675.0,37370,26997,78234.0,882025.42,SILVER,2023-02-05,76487.0,76229.15,73520.0,75034.57,76677.27577486647,75505.9392087993,59.26942819625164,1171.3365660671698,1024.9892559393481,146.34731012782163,78505.54569911437,73952.75430088562,76229.15,4552.791398228757,1.0372198693205124,699.0,750.0,51.0,750.0,1004.5,0.5636935347802741,234.0,75.0,390.0,699.0,0.888465204957102,0.5579399141630901,3284.0,3182.0,3.2085494853346863,7.011697497279652,32893.75,26099.88,-2.1266565397307646,36.906778653171514,1.1360820824624738,0,37370,-31707.0,-54.01165167620605,43316.05,-698.8,0,0,0,0,0,0,0,0,78984.0,78027.0,-0.8236415633937084,0
2023-01-10,78988.0,78988.0,78379.0,78631.0,29918,10868,78675.0,705744.68,SILVER,2023-02-05,76805.3,76466.35,73593.66,75063.08,76977.84873257932,75737.42519333269,55.91274397244546,1240.4235392466362,1068.0761126008058,172.3474266458304,78703.46903784151,74229.2309621585,76466.35,4474.23807568301,0.9838030438667598,609.0,313.0,296.0,609.0,985.1428571428571,-0.055926278995865886,357.0,0.0,252.0,609.0,0.774503694471646,0.41379310344827586,2681.0,3183.0,2.8308530484324073,6.84480157665755,32932.1,26189.8,-19.94112924805994,16.12561852748737,0.9084753173954896,0,0,-16129.0,-59.74367522317294,43105.5,-13589.6,0,0,0,0,0,0,0,0,78988.0,76895.0,-2.20778064630998,0
2023-01-11,77082.0,78023.0,76265.0,77144.0,33026,36398,78631.0,764327.32,SILVER,2023-02-05,76918.1,76549.3,73619.36,75087.68,77003.41046602865,75841.61591975248,55.22237621267481,1161.7945462761709,1086.819799335879,74.97474694029188,78756.03038440879,74342.56961559122,76549.3,4413.460768817575,0.6347468644565125,1758.0,608.0,2366.0,2366.0,1030.142857142857,-1.8911116480777257,62.0,879.0,817.0,1758.0,2.2788551280721765,0.5,677.0,1128.0,0.7768849617174776,4.787653682400933,34331.6,26565.44,10.388394946186242,22.929313439964268,0.9619708956180313,0,0,25530.0,234.90982701509017,43133.5,-1716.4,0,0,0,0,1,0,0,0,78988.0,75953.0,-1.543866016799751,0
2023-01-12,77628.0,77891.0,76979.0,77552.0,16929,31246,77144.0,393863.34,SILVER,2023-02-05,77053.9,76620.4,73685.02,75113.925,77087.8088558704,75968.31103680786,62.05154772697838,1119.4978190625407,1093.3554032812115,26.14241578132919,78861.61070664455,74379.18929335543,76620.4,4482.421413289121,0.7078340954819806,912.0,747.0,165.0,912.0,1005.1428571428571,0.5288810536140165,76.0,263.0,573.0,912.0,1.1759851454507944,0.6282894736842105,95.0,1358.0,1.2158641823848557,5.247986632832556,33507.45,26134.4,-48.74038636226003,19.552273603258072,0.5052309262566982,0,16929,-5152.0,-14.154623880432993,41840.35,2633.6,0,0,0,0,0,0,0,0,78988.0,76911.0,-0.8265421910460079,0
2023-01-13,77849.0,78376.0,77209.0,77760.0,39937,30561,77552.0,931650.34,SILVER,2023-02-05,77326.1,76725.75,73776.44,75143.12,77191.2228780442,76101.02873778506,64.66175139050576,1090.1941402591328,1092.7231506767957,-2.529010417662903,78973.56642582527,74477.93357417473,76725.75,4495.632851650531,0.7300565980650053,1167.0,824.0,343.0,1167.0,1070.642857142857,0.2682071384361384,89.0,527.0,551.0,1167.0,1.5007716049382716,0.4721508140531277,-474.0,2722.0,1.3479829131680043,5.3995015210817945,34345.75,26360.26,135.90879555791835,28.78835999231265,1.1627930675556655,0,39937,-685.0,-2.192280611918329,41588.7,-5628.6,0,0,0,0,0,0,0,0,78988.0,76896.0,-1.1111111111111112,0
2023-01-16,78058.0,78202.0,77803.0,78027.0,18563,26254,77760.0,434524.56,SILVER,2023-02-05,77589.7,76815.45,73883.42,75171.54,77319.80397372971,76243.69327572691,66.21400729284548,1076.110698002798,1089.4006601419962,-13.289962139198224,79122.86372422377,74508.03627577622,76815.45,4614.827448447555,0.7625341929973076,399.0,442.0,43.0,442.0,1086.7142857142858,0.343364197530871,31.0,144.0,224.0,399.0,0.5113614518051444,0.5614035087719298,-648.0,2636.0,1.5772217698392745,5.6082677277256545,33385.85,26461.1,-53.51929288629591,30.961141792938037,0.5560139999430896,0,18563,-4307.0,-14.093125224959913,40263.95,-148.6,0,0,0,0,0,0,0,0,78988.0,77530.0,-0.6369590013713202,0
2023-01-17,76880.0,76989.0,76765.0,76895.0,33546,44512,78027.0,773855.9,SILVER,2023-02-05,77684.2,76804.1,73966.92,75192.795,77254.44951623282,76291.93821826566,55.16026769989433,962.5112979671685,1064.0227877070308,-101.51148973986233,79107.39419927643,74500.80580072358,76804.1,4606.588398552849,0.5197326073300906,224.0,1038.0,1262.0,1262.0,1123.2142857142858,-1.450779858254192,15.0,94.0,115.0,224.0,0.29130632680928537,0.5803571428571429,-1736.0,945.0,0.11835305667274817,3.958634481468205,34053.05,26997.1,80.71432419328772,27.13429269840965,0.9851099974892116,0,0,18258.0,69.5436885807877,40174.95,6728.8,0,0,0,0,1,0,0,0,78376.0,77576.0,0.8856232524871579,1
2023-01-18,76019.0,76396.0,75618.0,75953.0,17888,67865,76895.0,407594.18,SILVER,2023-02-05,77632.8,76716.55,74022.38,75204.825,77054.22651373547,76266.83168357931,48.70164852925331,787.3948301561613,1008.697196196857,-221.3023660406957,79008.90713897964,74424.19286102036,76716.55,4584.714277959283,0.3334574514990563,778.0,499.0,1277.0,1277.0,1184.0,-1.2250471422069031,66.0,377.0,335.0,778.0,1.0243176701381118,0.4305912596401028,-1191.0,-514.0,-0.9952871968304139,2.6081571546334974,33314.95,26903.04,-46.67620580695166,19.869711355636916,0.5369361202703291,0,0,23353.0,52.46450395398994,40477.3,6293.4,0,0,0,0,1,0,0,0,78376.0,77624.0,2.20004476452543,1
2023-01-19,76522.0,77521.0,76385.0,76911.0,39283,33580,75953.0,906388.44,SILVER,2023-02-05,77578.2,76746.35,74108.94,75223.725,77032.19166546848,76314.54785516602,60.31047010899482,717.6438103024557,950.4865190179769,-232.8427087155212,79032.21450535492,74460.4854946451,76746.35,4571.729010709823,0.5360148205666351,1136.0,1568.0,432.0,1568.0,1192.0,1.2613063341803565,389.0,610.0,137.0,1136.0,1.477031894007359,0.4630281690140845,-641.0,-546.0,0.2145378900755465,3.7810013204884556,33646.0,27054.34,119.60532200357781,37.18962418257014,1.1675384889734293,0,39283,-34285.0,-50.51941354158992,40984.85,466.8,0,0,0,0,0,0,0,0,78376.0,78498.0,2.063423957561337,1
2023-01-20,77001.0,77219.0,76787.0,76896.0,21958,52485,76911.0,506544.71,SILVER,2023-02-05,77444.4,76806.6,74191.64,75243.605,77011.23910155025,76357.61838441298,58.60491709548313,653.6207171372662,891.1133586418348,-237.4926415045686,79038.22054876802,74574.979451232,76806.6,4463.241097536025,0.5200302869700112,432.0,308.0,124.0,432.0,1145.5714285714287,-0.019503061980730152,105.0,218.0,109.0,432.0,0.5617977528089888,0.2523148148148148,-864.0,-1338.0,0.11639624719749887,3.645100714851431,30384.8,27339.58,-44.10304711961918,13.151011873805242,0.7226639635607277,0,0,18905.0,56.298391899940434,40221.7,4384.8,0,0,0,0,1,0,0,0,78202.0,78048.0,1.4981273408239701,1
2023-01-23,77550.0,77866.0,77303.0,77530.0,17634,60621,76896.0,410149.21,SILVER,2023-02-05,77329.9,76908.45,74299.38,75270.695,77091.04847054252,76444.46146704906,58.956916099773245,646.5870034934633,842.2080876121606,-195.62108411869735,79072.5549176822,74744.3450823178,76908.45,4328.209835364396,0.6436044054337476,563.0,970.0,407.0,970.0,1141.7142857142858,0.8244902205576388,20.0,316.0,227.0,563.0,0.7261705146394944,0.40319715808170514,-497.0,-1145.0,0.8081686732732266,4.348111653152415,29900.0,27352.02,-19.692139539120134,11.394463573866304,0.5897658862876254,0,17634,8136.0,15.501571877679332,40312.4,6873.4,1,0,0,0,1,0,0,0,77866.0,78156.0,0.8074293821746421,1
2023-01-24,77542.0,77986.0,77180.0,77576.0,24251,60665,77530.0,564388.67,SILVER,2023-02-05,77224.4,77014.85,74417.9,75299.78,77165.65639815136,76528.27913615653,56.64151395376692,637.3772619948286,801.2419224886942,-163.86466049386559,79083.77815117789,74945.92184882212,77014.85,4137.856302355765,0.6356136992192116,806.0,456.0,350.0,806.0,1091.857142857143,0.05933187153359665,34.0,410.0,362.0,806.0,1.0389811281839745,0.4913151364764268,681.0,-1055.0,0.7286257130929867,4.2437370578852756,27178.8,27443.28,37.5241011681978,17.14098661549208,0.8922763330242689,0,24251,44.0,0.07258210851024405,42488.65,3230.6,1,0,0,0,1,0,0,0,77986.0,77757.0,0.23331958337630193,0
2023-01-25,77942.0,77942.0,77516.0,77624.0,24928,60603,77576.0,580503.32,SILVER,2023-02-05,77272.4,77095.25,74560.3,75327.43,77236.17079843576,76609.44364458938,51.12731200216012,626.7271538463829,766.338968760232,-139.61181491384912,79125.35405489072,75065.14594510928,77095.25,4060.208109781437,0.6302273148822568,426.0,366.0,60.0,426.0,1027.357142857143,0.06187480664123779,318.0,0.0,108.0,426.0,0.5487993404101824,0.2535211267605634,1671.0,480.0,0.685839918801742,4.109023166484036,26759.2,27372.7,2.791637458249152,16.381310866698367,0.93156746091064,0,24928,-62.0,-0.10220060990686619,41857.5,-1452.4,0,0,0,0,0,0,0,0,77986.0,77385.0,-0.3078944656291869,0
2023-01-26,78392.0,79432.0,77863.0,78498.0,21455,31038,77624.0,505252.38,SILVER,2023-02-05,77367.0,77210.45,74734.88,75356.155,77430.29836790719,76749.33670795313,51.7590618336887,680.9616599540605,749.2635069989977,-68.30184704493729,79286.19042338216,75134.70957661784,77210.45,4151.480846764316,0.8101423437864408,1569.0,1808.0,239.0,1808.0,1056.7857142857142,1.125940430794592,106.0,934.0,529.0,1569.0,1.99877703890545,0.4047163798597833,1587.0,946.0,1.6675851520098677,5.035292757545065,26415.35,27601.08,-13.932124518613609,19.862137051063012,0.8122171388984057,0,21455,-29565.0,-48.78471362803821,42164.35,-508.4,0,0,0,0,0,0,0,0,79432.0,77127.0,-1.7465413131544754,0
2023-01-27,77985.0,78212.0,77841.0,78048.0,32144,24325,78498.0,752632.47,SILVER,2023-02-05,77395.8,77360.95,74921.88,75386.425,77525.32938822916,76845.53398884549,45.82723279648609,679.7953993836709,735.3698854759324,-55.57448609226151,79196.00416240147,75525.89583759852,77360.95,3670.1083248029463,0.6872015589722115,371.0,286.0,657.0,657.0,1050.142857142857,-0.573263013070402,63.0,164.0,144.0,371.0,0.4753485034850348,0.5579514824797843,1152.0,288.0,0.8881095694921055,4.172506082335354,25989.05,27544.76,49.820554649265915,11.25331296019777,1.2368285874243192,0,0,-6713.0,-21.628326567433465,41454.35,-5632.0,0,0,0,0,0,0,0,0,79432.0,77347.0,-0.8981652316523165,0
2023-01-30,78467.0,78467.0,77549.0,78156.0,33013,45892,78048.0,774049.21,SILVER,2023-02-05,77408.7,77499.2,75126.2,75413.47,77622.35563619391,76942.6055452273,46.86551405569486,679.7500909666123,724.2459265740683,-44.495835607456,79112.59153729999,75885.8084627,77499.2,3226.783074599982,0.7035463756984733,918.0,419.0,499.0,918.0,1072.2142857142858,0.13837638376383854,311.0,0.0,607.0,918.0,1.174573929064947,0.6612200435729847,626.0,129.0,0.8474926192786545,4.032947227465256,27136.35,27661.84,2.703459432553501,16.87558819208271,1.216560075323321,0,33013,21567.0,88.66187050359713,42224.4,-2945.8,1,0,0,0,1,0,0,0,79432.0,76937.0,-1.5597011105993142,0
2023-01-31,77627.0,78010.0,77574.0,77757.0,26876,11753,78156.0,626939.14,SILVER,2023-02-05,77494.9,77589.55,75305.36,75432.63,77643.07015370255,77002.93106039565,54.7233780243489,640.1390933068906,707.4245599206328,-67.28546661374219,79030.8637976019,76148.23620239811,77589.55,2882.627595203783,0.5580893627323232,436.0,146.0,582.0,582.0,944.7857142857143,-0.5105174266850865,130.0,253.0,53.0,436.0,0.5607212212405314,0.4197247706422018,181.0,862.0,0.2158151452096282,3.2555982734827897,27377.9,27941.16,-18.589646502892798,6.945191122464658,0.9816676954770088,0,0,-34139.0,-74.38987187309336,38871.25,-9782.4,0,0,0,0,0,0,0,0,79432.0,78092.0,0.4308293787054542,0
2023-02-01,77299.0,78141.0,76859.0,77385.0,31962,27996,77757.0,742013.81,SILVER,2023-02-05,77638.1,77635.45,75491.84,75448.05,77603.36705313291,77031.2324633293,48.70602820393616,572.1345898036088,680.366565897228,-108.23197609361921,78981.56854877945,76289.33145122054,77635.45,2692.2370975589147,0.4069732750406406,1282.0,384.0,898.0,1282.0,971.2142857142857,-0.47841351904008844,86.0,756.0,440.0,1282.0,1.6566518059055375,0.41029641185647425,-239.0,1432.0,-0.3225974731904009,2.507767726949037,27587.5,28426.54,18.92394701592499,13.505206404752323,1.1585681921159945,0,0,16243.0,138.20301199693694,38022.05,-6521.4,0,0,0,0,1,0,0,0,79432.0,77303.0,-0.10596368805324029,0
2023-02-02,77104.0,77461.0,76935.0,77127.0,33084,78811,77385.0,765500.9,SILVER,2023-02-05,77659.7,77618.95,75630.36,75453.865,77530.07981418939,77038.32635493454,45.133015531293246,491.75345925484726,642.643944568752,-150.89048531390472,78982.25858768764,76255.64141231235,77618.95,2726.617175375286,0.3195749647427912,526.0,76.0,450.0,526.0,925.4285714285714,-0.33339794533824296,23.0,334.0,169.0,526.0,0.6819920391043344,0.3650190114068441,-1371.0,216.0,-0.6338014106091323,1.9788878434533426,28597.35,28671.06,3.5104186221137645,1.895716066605918,1.156890411174462,0,0,50815.0,181.50807258179742,41058.7,9554.6,0,0,0,0,1,0,0,0,78467.0,77155.0,0.03630375873559195,0
2023-02-03,77477.0,77805.0,76948.0,77347.0,26143,55211,77127.0,606624.79,SILVER,2023-02-05,77704.8,77574.6,75764.8,75464.09,77501.91368892949,77061.19106938383,44.73358116480793,440.72261954566056,602.2596795641336,-161.53706001847308,78911.1100507625,76238.08994923752,77574.6,2673.020101524977,0.41485286628777746,857.0,678.0,179.0,857.0,955.0714285714286,0.2852438186367934,130.0,328.0,399.0,857.0,1.1079938459151615,0.46557759626604434,-701.0,451.0,-0.2933950030035679,2.0883048592486184,27995.4,28517.72,-20.979929875468507,4.208027791020985,0.9338319866835265,0,26143,-23600.0,-29.945058430929695,40884.05,6177.2,0,0,0,0,0,0,0,0,78467.0,76781.0,-0.7317672307911102,0
2023-02-06,76969.0,77239.0,76469.0,76937.0,31091,72820,77347.0,717614.48,SILVER,2023-02-05,77645.5,77487.7,75887.6,75477.59,77415.00389063265,77051.99173091096,50.36623648412976,363.012159721693,554.4101755956456,-191.39801587395255,78746.71818054667,76228.68181945333,77487.7,2518.036361093342,0.2812978364772775,770.0,108.0,878.0,878.0,927.6428571428571,-0.5300787360854375,32.0,270.0,468.0,770.0,1.0008188517878265,0.6077922077922078,-1219.0,-593.0,-0.7106934390877483,1.3828346132964993,27681.45,28637.7,18.92667253184408,8.069908998117407,1.1231709321585392,0,0,17609.0,31.89400662911377,43175.2,5385.6,0,0,0,0,1,0,0,0,78141.0,78108.0,1.5220245135630452,1
2023-02-07,77890.0,78343.0,77877.0,78092.0,19179,10824,76937.0,449317.94,SILVER,2023-02-05,77697.1,77460.75,76047.2,75504.385,77519.15713822763,77129.02938047312,67.98385740709601,390.12775775451155,521.5536920274187,-131.42593427290717,78637.08415857538,76284.41584142462,77460.75,2352.668317150761,0.7683123648999898,466.0,1406.0,940.0,1406.0,936.8571428571429,1.501228277681732,202.0,251.0,13.0,466.0,0.5967320596219844,0.4613733905579399,335.0,516.0,0.8149288510632804,2.688856394449767,27144.5,28456.42,-38.31333826509279,0.4861650547883471,0.7065519718543352,0,19179,-61996.0,-85.13595166163141,43173.0,-185.8,0,0,0,0,0,0,0,0,78343.0,78308.0,0.276596834502894,0
2023-02-08,77221.0,77574.0,76611.0,77303.0,37807,23880,78092.0,876778.36,SILVER,2023-02-05,77665.0,77468.7,76179.14,75520.74,77485.90219388492,77141.91609303067,53.39217722395292,343.98610085425025,486.040173792785,-142.05407293853477,78638.14973114875,76299.25026885125,77468.7,2338.8994622975006,0.429154714569377,963.0,518.0,1481.0,1481.0,930.6428571428571,-1.010346770475845,82.0,271.0,610.0,963.0,1.2457472543109582,0.7185877466251298,-82.0,-321.0,-0.2138928367198586,1.475285754079136,27383.55,28502.46,97.12706606183848,9.91970791514728,1.3806464099797142,0,0,13056.0,120.62084257206207,42547.1,-823.2,0,0,0,0,1,0,0,0,78343.0,79276.0,2.552294218853085,1
2023-02-09,77061.0,77413.0,76910.0,77155.0,15222,76617,77303.0,352336.02,SILVER,2023-02-05,77530.7,77448.85,76317.2,75533.425,77434.99416405646,77142.88527132469,52.190830654711554,292.108892731776,447.2539175805832,-155.14502484880722,78625.79954057185,76271.90045942816,77448.85,2353.899081143696,0.37516457168706147,503.0,110.0,393.0,503.0,935.7142857142857,-0.19145440668537628,94.0,258.0,151.0,503.0,0.6519344177305425,0.4870775347912525,28.0,-1343.0,-0.3794117020459385,1.0977866064268644,27298.2,28553.06,-59.73761472743142,5.3391588942654975,0.5576191836824406,0,0,52737.0,220.84170854271358,44815.65,-438.8,0,0,0,0,1,0,0,0,78343.0,77936.0,1.012248072062731,1
2023-02-10,76769.0,77183.0,76327.0,76781.0,28949,21517,77155.0,666819.95,SILVER,2023-02-05,77404.0,77399.9,76445.38,75544.385,77334.37967727854,77116.07895493026,43.37285436205982,218.3007223482855,401.4632785341237,-183.16255618583818,78603.49424881855,76196.30575118144,77399.9,2407.1884976371075,0.2428950825381953,856.0,28.0,828.0,856.0,927.5714285714286,-0.4847385133821547,12.0,402.0,442.0,856.0,1.1148591448405205,0.530373831775701,-566.0,-1267.0,-0.7996134361930627,0.43903241765558015,26748.8,28460.94,90.17868873998161,9.374972303337067,1.0822541571958368,0,0,-55100.0,-71.91615437827114,44363.45,-6738.8,0,0,0,0,0,0,0,0,78343.0,78199.0,1.8468110600278715,1
2023-02-13,78174.0,78234.0,77918.0,78108.0,21116,31683,76781.0,494798.56,SILVER,2023-02-05,77399.2,77403.95,76557.08,75560.66,77453.39818846645,77189.55458789838,53.837276399307555,263.84360056807054,373.9393429409131,-110.09574237284255,78616.93752108808,76190.96247891191,77403.95,2425.975042176171,0.7902132081987329,316.0,1453.0,1137.0,1453.0,973.7857142857143,1.7282921556114106,66.0,60.0,190.0,316.0,0.40456803400419933,0.6012658227848101,1171.0,-48.0,0.9095789039189898,2.025834841140752,26876.45,28655.3,-27.057929462157592,6.398833413865958,0.7856692383108632,0,21116,10166.0,47.24636334061441,44634.9,-8227.4,1,0,0,0,1,0,0,0,78343.0,79035.0,1.1868182516515593,1
2023-02-14,78373.0,78462.0,78195.0,78308.0,22667,26876,78108.0,532502.23,SILVER,2023-02-05,77454.3,77474.6,76674.0,75582.715,77584.87539024084,77272.40239620222,54.82778091473744,312.4729940386169,361.64607316045385,-49.17307912183696,78726.73979377607,76222.46020622394,77474.6,2504.279587552126,0.8327903178792521,267.0,354.0,87.0,354.0,968.6428571428571,0.25605571772417957,65.0,89.0,113.0,267.0,0.3409613321755121,0.4232209737827715,216.0,551.0,1.0757073931327095,2.1311005034301065,26332.5,28863.6,7.345141125213117,8.99231217667655,0.860799392385835,0,22667,-4807.0,-15.172174352176249,43753.1,3210.4,0,0,0,0,0,0,0,0,78462.0,79132.0,1.0522551974255505,1
2023-02-15,78994.0,79542.0,78844.0,79276.0,13775,66354,78308.0,327608.07,SILVER,2023-02-05,77643.4,77640.75,76790.34,75598.83,77845.04840712686,77420.81703352057,55.41933686263583,424.23137360629335,374.16313324962175,50.068240356671595,78924.24569945756,76357.25430054244,77640.75,2566.9913989151246,1.1370297932011373,698.0,1234.0,536.0,1234.0,927.6428571428571,1.2361444552280831,282.0,266.0,150.0,698.0,0.8804682375498258,0.6189111747851003,1973.0,1891.0,2.106174914590598,3.2369436051461724,26126.85,28804.68,-39.22883487007544,3.1770339880765066,0.5272353919435371,0,13775,39478.0,146.8894180681649,43677.55,8494.8,1,0,0,0,1,0,1,0,79542.0,80142.0,1.0923860941520762,1
2023-02-16,78102.0,78977.0,77505.0,77936.0,34655,19982,79276.0,810261.62,SILVER,2023-02-05,77724.3,77692.0,76891.48,75607.57,77859.04095987657,77458.97873474126,49.30589985126425,400.0622251353052,379.34295162675846,20.719273508546735,78933.99093140167,76450.00906859833,77692.0,2483.981862803339,0.598229380678581,1472.0,299.0,1771.0,1771.0,1007.2142857142857,-1.6902971895655705,166.0,875.0,431.0,1472.0,1.8887292137138165,0.29279891304347827,781.0,809.0,0.3140606497451475,1.3584339903458797,25895.45,29039.0,151.57894736842104,17.983886862707234,1.3382659888127064,0,0,-46372.0,-69.88576423425867,42997.65,-11327.0,0,0,0,0,0,0,0,0,79542.0,79681.0,2.239016629028947,1
2023-02-17,78239.0,78708.0,77539.0,78199.0,19193,36598,77936.0,450262.02,SILVER,2023-02-05,77809.5,77757.15,76998.08,75617.04,77911.3423506648,77513.79512476042,50.2614617536179,397.5472259043745,382.9838064822817,14.563419422092807,78959.39479073187,76554.90520926812,77757.15,2404.489581463742,0.683760413605547,1169.0,772.0,397.0,1169.0,1025.142857142857,0.3374563744610981,40.0,469.0,660.0,1169.0,1.4949040269057148,0.564585115483319,1418.0,852.0,0.5682435634536578,1.5596752542401033,25757.2,29086.36,-44.61693839272832,15.620186010981254,0.7451508704362275,0,19193,16616.0,83.15483935541988,42203.3,3016.2,1,0,0,0,1,0,0,0,79542.0,81022.0,3.610020588498574,1
2023-02-20,79254.0,79484.0,78576.0,79035.0,19676,24639,78199.0,466527.8,SILVER,2023-02-05,78019.3,77832.4,77090.6,75627.35,78084.21275825483,77626.47696737075,57.37875288683603,457.7357908840786,397.9342033626411,59.80158752143751,79156.95885804326,76507.84114195673,77832.4,2649.1177160865336,0.9539624618027819,908.0,1285.0,377.0,1285.0,1075.357142857143,1.0690673793782635,219.0,230.0,459.0,908.0,1.1488581008413994,0.5055066079295154,927.0,2098.0,1.5451148878873142,2.522227093835038,25859.3,28874.86,2.5165424894492805,13.979173006741775,0.7608867989466073,0,19676,-11959.0,-32.676648997212965,40404.2,-1408.8,0,0,0,0,0,0,0,0,79542.0,83243.0,5.32422344530904,1
2023-02-21,79202.0,79338.0,78848.0,79132.0,89440,79852,79035.0,2123269.82,SILVER,2023-02-05,78123.3,77910.2,77195.5,75635.88,78245.41079544638,77737.99719200996,60.41741204531902,507.4136034364201,419.83008337739693,87.58352005902316,79349.19301048003,76471.20698951997,77910.2,2877.9860209600592,0.924532986297281,490.0,303.0,187.0,490.0,1018.7857142857143,0.12273043588284516,70.0,136.0,284.0,490.0,0.6192185209523328,0.5795918367346938,824.0,1040.0,1.568215715015496,2.50856591381622,29118.75,30080.64,354.56393575930065,53.26690040918112,3.0715604206911356,1,89440,55213.0,224.08782823978245,41363.55,10595.2,1,0,0,1,1,0,0,0,79542.0,82913.0,4.778092301470959,1
2023-02-22,80318.0,80344.0,79908.0,80142.0,55497,19695,79132.0,1334292.17,SILVER,2023-02-05,78407.2,78036.1,77288.64,75648.35,78537.1937499931,77916.07147408329,66.49885082631062,621.1222759098018,460.08852188387795,161.03375402592388,79778.32083318358,76293.87916681643,78036.1,3484.4416663671436,1.1043722930783317,436.0,1212.0,776.0,1212.0,1067.7857142857142,1.2763483799221653,176.0,26.0,234.0,436.0,0.5440343390481894,0.536697247706422,866.0,2839.0,2.6986228168757718,3.691823274416526,30647.2,31089.86,-37.950581395348834,39.75913566346239,1.8108342687097025,1,55497,-60157.0,-75.33562089866253,39318.15,-9331.8,0,0,0,1,0,0,0,0,80344.0,82505.0,2.9485163834194306,1
2023-02-23,79755.0,80441.0,79386.0,79681.0,50165,58582,80142.0,1199159.21,SILVER,2023-02-05,78659.8,78095.25,77359.66,75661.975,78713.16394230185,78046.80692044749,62.444017914267434,666.3570218543609,501.34222187797457,165.01479997638637,79978.14831181387,76212.35168818613,78095.25,3765.7966236277425,0.9210928412996408,1055.0,299.0,756.0,1055.0,1081.9285714285713,-0.5752289685807654,74.0,686.0,295.0,1055.0,1.3240295679020093,0.2796208530805687,1745.0,2526.0,2.0305332270528615,3.000711223394721,32082.7,31424.92,-9.60772654377714,44.77212448182782,1.5636152817562112,1,0,38887.0,197.44605229753748,40695.35,7720.0,0,0,0,1,1,0,0,0,80441.0,83936.0,5.34004342314981,1
2023-02-24,81240.0,81240.0,80770.0,81022.0,59737,41094,79681.0,1452003.36,SILVER,2023-02-05,79083.9,78243.95,77467.04,75680.085,79068.36948964003,78267.19159300694,69.81278494519353,801.1778966330894,561.3093568289976,239.86853980409182,80536.3448842342,75951.55511576579,78243.95,4584.789768468414,1.1059274558466905,470.0,1559.0,1089.0,1559.0,1130.5714285714287,1.6829608062147727,218.0,0.0,252.0,470.0,0.5800893584458542,0.5361702127659574,2823.0,4241.0,3.5504981535313633,4.588996817227051,33462.35,32156.24,19.081032592444934,37.66235886707415,1.7852003819217719,1,59737,-17488.0,-29.852173022430094,41533.8,899.2,0,0,0,1,0,0,0,0,81240.0,85518.0,5.549110118239491,1
2023-02-27,83330.0,84149.0,82432.0,83243.0,13115,70635,81022.0,327519.58,SILVER,2023-02-05,79597.4,78498.3,77607.24,75700.62,79710.62033738772,78635.76999352494,72.64175824175824,1074.8503438627813,664.0175542357543,410.83278962702695,81698.645053765,75297.95494623501,78498.3,6400.690107529983,1.2412794433553618,1717.0,3127.0,1410.0,3127.0,1253.5,2.7412307768260424,87.0,819.0,811.0,1717.0,2.0626358973126866,0.47233546884100175,4208.0,5135.0,6.044334718076693,7.26189979182354,32467.45,31663.32,-78.0454324790331,32.563608565386595,0.4039430260152861,0,13115,29541.0,71.88640677471163,42770.95,9199.2,1,0,1,0,1,0,0,0,84149.0,85020.0,2.134714030008529,1
2023-02-28,82897.0,83814.0,82563.0,82913.0,65522,32187,83243.0,1629787.68,SILVER,2023-02-05,80057.9,78756.1,77723.06,75713.145,80203.29413163576,78952.60184585644,75.69622572370832,1250.6922857793252,781.3525005444685,469.33978523485666,82491.03673024694,75021.16326975307,78756.1,7469.873460493865,1.0564886770819761,1251.0,571.0,680.0,1251.0,1237.0714285714287,-0.3964297298271302,16.0,901.0,334.0,1251.0,1.508810439858647,0.2797761790567546,3781.0,4605.0,5.278194323995213,6.677477700955163,34399.75,32569.72,399.5958825772017,71.78868271058545,1.9047231447902964,1,0,-38448.0,-54.43193884051816,43792.65,-9533.0,0,0,1,1,0,0,0,0,84149.0,84626.0,2.0660210099743104,1
2023-03-01,82880.0,82907.0,82012.0,82505.0,21800,11214,82913.0,539582.7,SILVER,2023-04-05,80380.8,79012.1,77819.08,75715.995,80557.40272676872,79215.74244986706,73.9352183249821,1341.6602769016608,893.414055815907,448.24622108575386,83041.59493504823,74982.60506495179,79012.1,8058.98987009644,0.933416601373417,895.0,6.0,901.0,901.0,1265.5,-0.4920820619203292,375.0,27.0,493.0,895.0,1.0847827404399732,0.5508379888268157,2363.0,3229.0,4.420715308161654,6.0215566670795875,33891.65,32352.72,-66.72873233417783,69.03869296417521,0.6432262813996957,0,0,-20973.0,-65.1598471432566,42953.55,-1696.2,0,0,1,0,0,0,0,0,84149.0,84370.0,2.2604690624810617,1
2023-03-02,84085.0,84334.0,83351.0,83936.0,28086,33940,82505.0,707227.95,SILVER,2023-04-05,80980.8,79352.55,77971.5,75728.33,81077.18692265045,79565.3911572843,79.24466606719528,1511.7957653661433,1017.0903977259543,494.705367640189,83836.39245345094,74868.70754654906,79352.55,8967.684906901879,1.011107386977033,983.0,1829.0,846.0,1829.0,1335.0,1.7344403369492722,149.0,249.0,585.0,983.0,1.1711303850552803,0.595116988809766,4255.0,6000.0,5.776058866413237,7.6495899142635455,33641.75,32261.2,28.83486238532109,56.76428446586523,0.8348554994909599,0,28086,22726.0,202.65739254503302,40710.0,-4928.4,1,0,1,0,1,0,0,0,84334.0,83079.0,-1.0210160121997713,0
2023-03-03,85616.0,86045.0,84906.0,85518.0,25101,54406,83936.0,643976.2,SILVER,2023-04-05,81712.7,79761.1,78168.04,75753.145,81760.38893455038,80006.32514563363,79.66848174247278,1754.0637889167556,1164.4850759641145,589.5787129526411,84914.54107420119,74607.65892579882,79761.1,10306.882148402365,1.0585491244694547,1139.0,2109.0,970.0,2109.0,1381.857142857143,1.884769348074733,98.0,429.0,612.0,1139.0,1.3318833461961226,0.5373134328358209,4496.0,7319.0,7.217678793296474,9.402768701888913,33589.65,31019.58,-10.62807092501602,60.16317121263645,0.747283761515824,0,25101,20466.0,60.30053034767236,40669.75,2662.4,1,0,1,0,1,0,0,0,86045.0,82216.0,-3.8611754250567136,0
2023-03-06,84803.0,85907.0,84719.0,85020.0,21491,53481,85518.0,548149.45,SILVER,2023-04-05,82311.2,80165.25,78358.58,75775.96,82261.86756000418,80377.70846817929,76.2474581573596,1884.159091824884,1308.4198791362683,575.7392126886157,85643.70598206001,74686.79401793999,80165.25,10956.911964120023,0.9430764813934414,1188.0,389.0,799.0,1188.0,1441.4285714285713,-0.5823335438153387,217.0,887.0,84.0,1188.0,1.397318278052223,0.25336700336700335,1777.0,5985.0,6.0559282232638205,8.501200506696264,33109.65,30902.8,-14.381897135572286,58.4733272501343,0.6490856895195207,0,0,-925.0,-1.7001801271918526,39702.8,-3430.8,0,0,1,0,0,0,0,0,86045.0,81280.0,-4.398964949423665,0
2023-03-07,84408.0,85451.0,84217.0,84626.0,32207,25977,85020.0,817664.87,SILVER,2023-04-05,82860.6,80491.95,78542.14,75796.44,82625.58024308045,80692.39672979564,71.90468391745824,1933.1835132848064,1433.372605965976,499.81090731883046,86223.2912952036,74760.6087047964,80491.95,11462.682590407203,0.8606529246007102,1234.0,431.0,803.0,1234.0,1441.4285714285713,-0.4634203716772478,218.0,825.0,191.0,1234.0,1.458180700966606,0.33144246353322526,1713.0,5494.0,5.135979436452966,7.745981965859347,33761.05,29973.44,49.86273323716905,28.003206997921133,0.9539691449169975,0,0,-27504.0,-51.42760980535144,40460.45,-1242.0,0,0,1,0,0,0,0,0,86045.0,80577.0,-4.784581570675679,0
2023-03-08,84419.0,84732.0,83857.0,84370.0,25897,54839,84626.0,655478.97,SILVER,2023-04-05,83283.4,80845.3,78709.22,75810.37,82893.95251337576,80964.81178684781,78.90905823148813,1929.1407265279413,1532.526230078369,396.61449644957224,86620.05526389611,75070.5447361039,80845.3,11549.510527792212,0.8051817643283081,875.0,106.0,769.0,875.0,1377.4285714285713,-0.30250750360408807,49.0,313.0,513.0,875.0,1.0370984947256134,0.5862857142857143,1865.0,4228.0,4.359808176851341,7.19201638639031,33165.55,29824.98,-19.592014158412763,29.839063721614743,0.7808403599518174,0,0,28862.0,111.10597836547713,42008.4,8725.0,0,0,1,0,1,0,0,0,86045.0,80566.0,-4.508711627355695,0
2023-03-09,83104.0,83486.0,82934.0,83079.0,34492,67874,84370.0,859668.26,SILVER,2023-04-05,83623.2,81141.5,78846.92,75825.71,82922.42135747179,81121.41832115539,70.0723922342876,1801.003036316397,1586.2215913259747,214.7814449904222,86723.77373030034,75559.22626969966,81141.5,11164.547460600676,0.6735403971219948,552.0,884.0,1436.0,1436.0,1396.5,-1.5301647505037375,25.0,382.0,145.0,552.0,0.6644278337486007,0.26268115942028986,-857.0,3398.0,2.387804021370076,5.367463941521117,34129.05,29948.18,33.189172491022134,34.11875362509467,1.010634635303356,0,0,13035.0,23.769580043399774,41571.25,6786.8,0,0,1,0,1,0,0,0,86045.0,80807.0,-2.734746446153661,0
2023-03-10,82115.0,82489.0,81911.0,82216.0,6421,68414,83079.0,158372.68,SILVER,2023-04-05,83742.6,81413.25,78990.48,75829.435,82813.74114862998,81202.49844551425,63.055076746285806,1611.2427031157276,1591.2258136839255,20.016889431802156,86618.14817383599,76208.35182616401,81413.25,10409.796347671974,0.577114861154755,578.0,590.0,1168.0,1168.0,1388.142857142857,-1.0387703270381188,101.0,273.0,204.0,578.0,0.7030261749537803,0.527681660899654,-3302.0,1194.0,0.9860188605663083,4.0834287878741895,33002.65,29263.2,-81.38408906413082,24.07224145943709,0.19456013380743667,0,0,540.0,0.7955918319238586,43916.1,2801.6,0,0,0,0,1,0,0,0,85907.0,82302.0,0.10460251046025104,0
2023-03-13,81303.0,82416.0,80160.0,81280.0,37015,35538,82216.0,902573.76,SILVER,2023-04-05,83546.3,81571.85,79108.26,75829.13,82577.78097191769,81208.23930140209,58.2475810167409,1369.541670515595,1546.8889850502594,-177.34731453466452,86540.63853285305,76603.06146714697,81571.85,9937.577065706078,0.4706316742934089,2256.0,200.0,2056.0,2256.0,1514.2857142857142,-1.1384645324511,23.0,1113.0,1120.0,2256.0,2.7755905511811023,0.49645390070921985,-3740.0,-1963.0,-0.35778274000161303,2.7452759041849806,33797.6,29802.16,476.467839900327,79.52356869737311,1.0951961085994273,0,0,-32876.0,-48.05449177069021,44108.85,-3588.6,0,0,0,0,0,0,0,0,85451.0,81371.0,0.11195866141732284,0
2023-03-14,80833.0,80833.0,80399.0,80577.0,17970,66241,81280.0,434390.61,SILVER,2023-04-05,83312.7,81685.3,79200.8,75827.225,82269.96851469958,81161.48083463157,51.71057805741251,1108.4876800680067,1459.208724053809,-350.7210439858022,86439.28280004874,76931.31719995127,81685.3,9507.965600097465,0.38343458037031164,434.0,447.0,881.0,881.0,1490.642857142857,-0.8649114173228334,256.0,0.0,178.0,434.0,0.5386152375988185,0.41013824884792627,-4049.0,-2336.0,-1.3567924706158916,1.7376087110231173,33562.75,29720.66,-51.45211400783466,34.41876903886947,0.535415006219693,0,0,30703.0,86.39484495469638,46077.1,8052.8,0,0,0,0,1,0,0,0,84732.0,82331.0,2.176799831217345,1
2023-03-15,80678.0,80678.0,80483.0,80566.0,12283,70481,80577.0,296877.65,SILVER,2023-04-05,83118.8,81749.8,79282.78,75829.91,82007.8195124381,81117.37114317738,53.60782715042805,890.4483692607173,1345.4566530951906,-455.00828383447333,86400.01958055422,77099.58041944579,81749.8,9300.439161108428,0.37271568799134885,195.0,101.0,94.0,195.0,1429.2142857142858,-0.013651538280157194,112.0,0.0,83.0,195.0,0.24203758409254522,0.4256410256410256,-3804.0,-1939.0,-1.4480769371912872,1.6185355760733937,33488.15,29410.92,-31.6471897607123,37.926923296216025,0.36678646028520534,0,0,4240.0,6.400869552090094,46283.45,3128.4,0,0,0,0,1,0,0,0,83486.0,82148.0,1.9636074770995209,1
2023-03-16,80623.0,81164.0,80565.0,80807.0,33488,37740,80566.0,811819.44,SILVER,2023-04-05,82805.9,81893.35,79349.78,75841.345,81823.07804898609,81094.38068812722,49.0371697268249,728.6973608588742,1222.1047946479275,-493.40743378905336,86213.39494494181,77573.3050550582,81893.35,8640.089889883617,0.3742663544193012,599.0,598.0,1.0,599.0,1360.642857142857,0.29913362957079137,184.0,357.0,58.0,599.0,0.7412724145185442,0.4040066777963272,-2272.0,-3129.0,-1.3265423871413318,1.8364512163738844,33429.8,29822.94,172.63697793698606,52.307134851382514,1.0017409616569646,0,33488,-32741.0,-46.45365417630284,47171.35,-6026.8,0,0,0,0,0,0,0,0,82489.0,82122.0,1.6273342655958023,1
2023-03-17,82284.0,82552.0,82086.0,82302.0,20945,73328,80807.0,517144.62,SILVER,2023-04-05,82484.3,82098.5,79431.14,75856.365,81896.75834914208,81183.83397048817,45.49286330108247,712.9243786539155,1120.268711449125,-407.34433279520954,86054.18310688644,78142.81689311356,82098.5,7911.3662137728825,0.5257224851563219,466.0,1745.0,1279.0,1745.0,1261.9285714285713,1.8500872449169092,18.0,250.0,198.0,466.0,0.5662073825666447,0.463519313304721,86.0,-3216.0,0.2478729818449789,3.6142752074312425,33517.4,29478.2,-37.455207835642625,49.624421160319855,0.6248993060320908,0,20945,35588.0,94.29782723900371,49007.85,982.8,1,0,0,0,1,0,0,0,82552.0,82791.0,0.5941532405044835,1
2023-03-20,81240.0,81718.0,81038.0,81371.0,5255,60643,82302.0,128281.38,SILVER,2023-04-05,82119.4,82215.3,79485.06,75866.29,81815.87244927407,81197.69812082237,43.01630434782609,618.1743284516997,1019.84983484964,-401.67550639794035,85920.10956822934,78510.49043177067,82215.3,7409.61913645867,0.38605352252915864,680.0,584.0,1264.0,1264.0,1262.857142857143,-1.1311997278316444,131.0,347.0,202.0,680.0,0.835678558700274,0.48970588235294116,91.0,-3649.0,-1.0269378084127927,2.3726974603780917,32796.35,28835.9,-74.91047982812127,43.571562891064964,0.16023124524527882,0,0,-12685.0,-17.29898538075496,50808.05,5021.0,0,0,0,0,0,0,0,0,82552.0,81736.0,0.4485627557729412,0
2023-03-21,82268.0,82975.0,81654.0,82331.0,16019,21881,81371.0,395658.09,SILVER,2023-04-05,81889.9,82375.25,79559.06,75886.84,81895.12284169345,81281.64640816888,49.249482401656316,613.4764335245709,938.5751545846263,-325.09872106005537,85783.9581593752,78966.5418406248,82375.25,6817.416318750387,0.4935092712647904,1321.0,1604.0,283.0,1604.0,1313.0714285714287,1.17978149463569,63.0,644.0,614.0,1321.0,1.6044989129246578,0.5124905374716124,1754.0,-2295.0,-0.05371759114539865,3.484128646064952,29125.3,28557.92,204.83349191246432,59.06863875859449,0.5500029184248746,0,16019,-38762.0,-63.91834177069076,47909.5,-8872.0,0,0,0,0,0,0,0,0,82975.0,82123.0,-0.2526387387496812,0
2023-03-22,82080.0,82477.0,81802.0,82148.0,20487,46996,82331.0,504889.82,SILVER,2023-04-05,81667.7,82475.55,79659.14,75912.235,81934.02701989445,81345.82074830451,41.35730858468678,588.2062715899374,868.5013779856886,-280.2951063957512,85721.75163300232,79229.34836699768,82475.55,6492.403266004636,0.44954872847854166,675.0,146.0,529.0,675.0,1230.642857142857,-0.22227350572687765,68.0,329.0,278.0,675.0,0.8216876856405512,0.5125925925925926,1582.0,-2222.0,-0.3971480032567263,3.1243872329025906,27374.8,28307.14,27.891878394406632,63.817028013876424,0.7483890293262416,0,0,25115.0,114.77994607193453,49274.55,-4697.0,0,0,0,0,1,0,0,0,82975.0,82304.0,0.18990115401470517,0
2023-03-23,82043.0,82536.0,81200.0,82122.0,24346,42177,82148.0,599802.66,SILVER,2023-04-05,81572.0,82597.6,79750.54,75938.905,81962.94593991069,81403.31550768936,30.678197542102865,559.6304322213255,806.7271888328161,-247.0967566114906,85573.72368164072,79621.47631835929,82597.6,5952.247363281436,0.42009740674859813,1336.0,388.0,948.0,1336.0,1175.4285714285713,-0.03165019233578592,79.0,414.0,843.0,1336.0,1.6268478605002314,0.6901197604790419,1315.0,-957.0,-0.5758036553120257,2.9735974201554076,26083.85,28455.48,18.83633523697954,62.38174428847217,0.933374482677979,0,0,-4819.0,-10.254064175674527,48454.3,887.4,0,0,0,0,0,0,0,0,82975.0,82799.0,0.8243832346995933,1
2023-03-24,82584.0,82881.0,82584.0,82791.0,13744,47177,82122.0,341363.85,SILVER,2023-04-05,81629.5,82686.05,79851.16,75961.275,82090.33887223211,81506.10695156423,37.55999553521599,584.2319206678803,762.228135199829,-177.99621453194868,85568.6896145495,79803.41038545051,82686.05,5765.279229098989,0.5182038017292007,297.0,759.0,462.0,759.0,1144.7857142857142,0.8146416307444948,207.0,90.0,0.0,297.0,0.3587346450701163,0.696969696969697,489.0,575.0,0.12692588411224998,3.6816497092841183,23784.2,27931.62,-43.547194611024395,66.1654337337828,0.5778626146769704,0,13744,5000.0,11.854802380444319,48758.45,-5230.2,1,0,0,0,1,0,0,0,82975.0,83100.0,0.3732289741638584,0
2023-03-27,81715.0,82114.0,81512.0,81736.0,29756,76126,82791.0,729640.92,SILVER,2023-04-05,81675.1,82610.7,79925.34,75979.455,82035.82519958101,81523.13606626316,34.97920997920998,512.6891333178501,712.3203348234333,-199.63120150558325,85510.77267422578,79710.62732577421,82610.7,5800.145348451566,0.34919343439668954,602.0,677.0,1279.0,1279.0,1148.0,-1.2742930994914858,21.0,378.0,203.0,602.0,0.7365175687579525,0.37209302325581395,365.0,456.0,-1.0588216780634918,2.2654392211531458,24616.25,28155.48,116.50174621653085,30.168824365403196,1.2087950033006651,0,0,28949.0,61.36252835067935,49033.0,3096.6,0,0,0,0,1,0,0,0,82975.0,85534.0,4.646667319173925,1
2023-03-28,82031.0,82584.0,81852.0,82123.0,22861,66531,81736.0,563224.17,SILVER,2023-04-05,81829.7,82571.2,80029.9,76006.25,82049.23670733777,81567.57043172515,38.4781048097631,481.666275612617,666.1895229812701,-184.52324736865307,85475.4532584944,79666.9467415056,82571.2,5808.506516988797,0.4228373078881644,732.0,848.0,116.0,848.0,1146.0714285714287,0.47347557991581635,92.0,461.0,179.0,732.0,0.8913459079673173,0.3702185792349727,-208.0,1546.0,-0.5428042707384623,2.6153974951861816,22483.2,27941.78,-23.171797284581263,32.996856037728534,1.0168036578423,0,22861,-9595.0,-12.604103722775395,50750.2,8930.0,0,0,0,0,0,0,0,0,82881.0,84922.0,3.4083021808750287,1
2023-03-29,81821.0,82401.0,81821.0,82304.0,30146,36119,82123.0,744340.92,SILVER,2023-04-05,82003.5,82561.15,80156.92,76034.95,82088.43106005504,81622.12077011589,45.51556532808703,466.3102899391524,626.2136763728466,-159.9033864336942,85467.75795430026,79654.54204569972,82561.15,5813.215908600541,0.4557645881310643,580.0,278.0,302.0,580.0,1084.9285714285713,0.22040110565859639,483.0,97.0,0.0,580.0,0.7047045101088647,0.8327586206896552,156.0,1738.0,-0.31146610724292745,2.6785959340753136,22900.5,28186.94,31.866497528542048,39.34822476665397,1.3163904718237593,0,30146,-30412.0,-45.711021929626796,51995.45,-2175.4,0,0,0,0,0,0,0,0,82881.0,84420.0,2.5709564541213066,1
2023-03-30,83139.0,83139.0,82233.0,82799.0,26976,37915,82304.0,670075.75,SILVER,2023-04-05,82202.7,82504.3,80274.68,76067.24,82197.74935850811,81709.29700936656,53.52351021394899,488.4523491415457,598.6614109265864,-110.20906178504072,85341.3287719079,79667.27122809211,82504.3,5674.057543815783,0.5519381408673223,906.0,835.0,71.0,906.0,1066.2142857142858,0.6014288491446251,340.0,0.0,566.0,906.0,1.09421611372118,0.6247240618101545,677.0,1992.0,0.357193503853735,3.1446030055803487,22845.0,27940.8,-10.515491275791145,21.03297784537625,1.180827314510834,0,26976,1796.0,4.972452171987052,52194.2,-852.4,1,0,0,0,1,0,0,0,83139.0,83830.0,1.2451841205811665,1
2023-03-31,83281.0,84305.0,82049.0,83100.0,5591,12708,82799.0,139383.63,SILVER,2023-04-05,82282.5,82383.4,80398.76,76112.75,82336.55714950687,81812.31204570978,61.91411364231474,524.2451037970895,583.778149500687,-59.53304570359751,84863.28169497139,79903.5183050286,82383.4,4959.763389942789,0.6444826988023459,2256.0,1506.0,750.0,2256.0,1066.2142857142858,0.36353096051884304,181.0,1024.0,1051.0,2256.0,2.7148014440433212,0.4658687943262411,309.0,798.0,0.8698354280109899,3.359803061639266,21869.5,27613.46,-79.27416963226572,16.85108166571394,0.25565284985939324,0,5591,-25207.0,-66.4829223262561,50109.3,-6893.8,0,0,0,0,0,0,0,0,84305.0,83311.0,0.25391095066185315,0
2023-04-03,85469.0,86139.0,85295.0,85534.0,11277,48749,83100.0,289370.08,SILVER,2023-04-05,82698.8,82409.1,80558.84,76170.565,82828.47143419812,82087.99263491647,76.45426406233322,740.4787992816418,615.1182794568781,125.36051982476374,85011.65032005582,79806.54967994419,82409.1,5205.100640111632,1.1003534256223286,844.0,3039.0,2195.0,3039.0,1220.357142857143,2.92900120336943,65.0,605.0,174.0,844.0,0.986742114246966,0.283175355450237,3798.0,4163.0,3.791935599345211,6.175808887019729,21358.8,27486.32,101.6991593632624,34.51204558485231,0.5279790999494354,0,11277,36041.0,283.6087503934529,49872.7,-5475.4,1,0,1,0,1,0,1,0,86139.0,82716.0,-3.2945963008861976,0
2023-04-04,84925.0,85299.0,84327.0,84922.0,7260,54989,85534.0,184960.12,SILVER,2023-04-05,82957.9,82423.9,80705.76,76226.215,83150.55275201378,82297.91910640415,71.8455366098295,852.6336456096324,662.621352687429,190.01229292220341,85082.29935220256,79765.50064779742,82423.9,5316.798704405141,0.9698504003791321,972.0,235.0,1207.0,1207.0,1292.642857142857,-0.7155049454018236,3.0,374.0,595.0,972.0,1.144579731989355,0.6121399176954733,2799.0,2591.0,3.0307956794085285,5.224212001720826,20111.45,27146.5,-35.62117584463953,10.466578809141922,0.3609883921845516,0,0,6240.0,12.800262569488607,51323.3,-2308.4,0,0,1,0,1,0,0,0,86139.0,83892.0,-1.2128776995360449,0
2023-04-05,84222.0,84507.0,84222.0,84420.0,5347,32106,84922.0,135418.12,SILVER,2023-04-05,83185.1,82426.4,80841.68,76276.25,83345.85232862705,82455.11028370755,67.65712051607858,890.7420449195051,708.2454911338442,182.49655378566092,85092.58784824079,79760.2121517592,82426.4,5332.375696481584,0.87386713042658,285.0,415.0,700.0,700.0,1299.857142857143,-0.5911306846282494,198.0,87.0,0.0,285.0,0.33759772565742713,0.6947368421052632,2116.0,2272.0,2.4186425708268295,4.42633057600981,19083.95,26754.88,-26.349862258953173,5.042404743805942,0.2801830857867475,0,0,-22883.0,-41.613777300914734,50186.65,-802.6,0,0,0,0,0,0,0,0,86139.0,85314.0,1.0589907604832978,1
2023-04-06,84115.0,84115.0,83397.0,83830.0,29741,27131,84420.0,747956.41,SILVER,2023-04-05,83355.9,82463.95,80948.32,76315.13,83420.33658576135,82556.95396639589,58.19215097576668,863.3826193654677,739.2729167801689,124.1097025852988,85189.33379528105,79738.56620471894,82463.95,5450.7675905621145,0.7506160788005874,718.0,305.0,1023.0,1023.0,1248.2857142857142,-0.6988865197820382,285.0,0.0,433.0,718.0,0.8564952880830251,0.6030640668523677,1031.0,1708.0,1.6565420404916364,3.559900934324508,18846.4,26920.6,456.2184402468674,48.780615244794724,1.578073265981832,1,0,-4975.0,-15.495546003862204,48149.5,-2156.8,0,0,0,1,0,0,0,0,86139.0,84770.0,1.1213169509722056,1
2023-04-07,83627.0,83627.0,83102.0,83311.0,11869,56553,83830.0,296645.48,SILVER,2023-04-05,83407.9,82518.7,81053.58,76346.29,83403.5155725673,82612.80922814434,60.881759030738166,790.706344422957,749.5596023087265,41.146742114230506,85267.00926781913,79770.39073218087,82518.7,5496.618535638263,0.6441431663600068,525.0,203.0,728.0,728.0,1210.0,-0.6191101037814617,316.0,0.0,209.0,525.0,0.63016888526125,0.3980952380952381,211.0,520.0,0.9601460032695655,2.78509598218857,19118.8,26515.1,-60.09212871120675,47.12612183477649,0.6208025608301776,0,0,29422.0,108.444215104493,47556.45,8769.0,0,0,0,0,1,0,0,0,86139.0,83973.0,0.7946129562722809,1
2023-04-10,82742.0,83109.0,82341.0,82716.0,33082,68144,83311.0,820923.21,SILVER,2023-04-05,83505.9,82590.5,81144.78,76375.58,83297.74394601848,82620.45298902254,52.25172534799392,677.2909569959447,735.1058732461703,-57.814916250225565,85276.88528412036,79904.11471587964,82590.5,5372.770568240725,0.5233585258119618,768.0,202.0,970.0,970.0,1164.7142857142858,-0.7141914032960828,26.0,367.0,375.0,768.0,0.9284781662556217,0.48828125,-2818.0,980.0,0.15195452261458642,1.9363167908028107,18922.15,26516.48,178.72609318392452,53.348556531515854,1.7483214116789052,1,0,11591.0,20.495818082153015,49186.75,3879.0,0,0,0,1,1,0,0,0,85299.0,84457.0,2.1047923013685383,1
2023-04-11,84063.0,84938.0,82883.0,83892.0,27080,16553,82716.0,681538.61,SILVER,2023-04-05,83682.8,82756.25,81267.48,76415.575,83389.16795432332,82714.64165650235,59.13854537832739,674.5262978209648,722.9899581611293,-48.46366034016444,85326.09217209449,80186.40782790551,82756.25,5139.68434418898,0.7209766055544052,2055.0,2222.0,167.0,2222.0,1275.2142857142858,1.4217321920789283,171.0,875.0,1009.0,2055.0,2.4495780288942925,0.49099756690997565,-1030.0,1769.0,1.3724038969866323,3.22948367538898,19377.65,26520.56,-18.142796687020134,53.85145659127197,1.397486279295993,0,27080,-51591.0,-75.70879314393049,46702.35,-7687.2,0,0,0,0,0,0,0,0,84938.0,83937.0,0.05364039479330568,0
2023-04-12,85344.0,85879.0,84801.0,85314.0,33979,27881,83892.0,869665.32,SILVER,2023-04-05,83983.8,82993.65,81426.06,76451.025,83685.2959613505,82907.18671898366,64.59133296763576,778.1092423668306,734.0138150022697,44.09542736456092,85588.67100387029,80398.6289961297,82993.65,5190.042007740587,0.9470773062220623,1078.0,1987.0,909.0,1987.0,1321.7142857142858,1.69503647546847,30.0,535.0,513.0,1078.0,1.26356752701784,0.47588126159554733,894.0,3010.0,2.79581630642827,4.774810423100421,20462.45,26560.9,25.47636632200887,53.212443470618645,1.6605538437479381,1,33979,11328.0,68.43472482329487,44572.35,-845.0,1,0,0,1,1,0,1,0,85879.0,84580.0,-0.8603511733127036,0
2023-04-13,84543.0,85038.0,84543.0,84770.0,24422,11379,85314.0,621075.88,SILVER,2023-04-05,84180.9,83191.8,81578.92,76483.385,83852.17350575811,83045.17288794783,59.15102191806159,807.0006178102776,748.6111755638714,58.38944224640625,85687.09448531087,80696.50551468914,83191.8,4990.588970621728,0.8162352197887748,495.0,276.0,771.0,771.0,1322.5714285714287,-0.6376444663244052,227.0,268.0,0.0,495.0,0.5839329951633833,0.4585858585858586,940.0,1971.0,1.8970619700499292,3.9116477639076392,20009.15,26387.66,-28.126195591394687,51.451373039058296,1.2205416022169857,0,0,-16502.0,-59.18726014131488,43254.3,-3150.4,0,0,0,0,0,0,0,0,85879.0,84802.0,0.03774920372773387,0
2023-04-14,83904.0,84435.0,83709.0,83973.0,27993,79306,84770.0,705196.86,SILVER,2023-04-05,84268.2,83275.35,81711.44,76511.595,83870.76219717994,83113.90082217392,60.59687351965893,756.8613750060176,750.2612154523007,6.600159553716935,85757.06275957843,80793.63724042158,83275.35,4963.425519156852,0.6405581684075529,726.0,335.0,1061.0,1061.0,1307.0,-0.9401911053438683,69.0,462.0,195.0,726.0,0.8645636097316994,0.36363636363636365,662.0,873.0,0.8377629154365537,2.7677397436637974,20361.55,26424.66,14.62206207517811,60.840996209802675,1.3747971053284254,0,0,67927.0,596.9505228930486,43553.2,4550.6,0,0,0,0,1,0,0,0,85879.0,83339.0,-0.7550045848070213,0
2023-04-17,84480.0,85129.0,84040.0,84457.0,17386,29726,83973.0,440510.82,SILVER,2023-04-05,84160.5,83429.65,81861.84,76542.235,83960.95262838302,83213.38965016104,60.95568907247465,747.5629782219767,749.7215680062359,-2.1585897842592203,85793.78306910224,81065.51693089775,83429.65,4728.26613820449,0.7172783785791997,1089.0,1156.0,67.0,1156.0,1329.0,0.5763757398211222,23.0,649.0,417.0,1089.0,1.2894135477225097,0.38292011019283745,1741.0,-1077.0,1.231396751634468,3.1701706191798324,20968.1,26150.56,-37.89161576108313,46.88191869736813,0.8291643019634588,0,17386,-49580.0,-62.51733790633748,42007.35,-7683.6,0,0,0,0,0,0,0,0,85879.0,84877.0,0.497294481215293,0
2023-04-18,83861.0,84793.0,83381.0,83937.0,39033,19088,84457.0,982893.88,SILVER,2023-04-05,84062.0,83509.95,81978.74,76569.27,83957.26760863178,83266.99041681578,57.42880538622509,690.2771918159997,737.8326927681887,-47.55550095218905,85825.56086404559,81194.3391359544,83509.95,4631.221728091186,0.5922110892272084,1412.0,336.0,1076.0,1412.0,1388.4285714285713,-0.615697929123693,76.0,856.0,480.0,1412.0,1.6822140414834936,0.3937677053824363,45.0,-985.0,0.5113761893043918,2.388741276091819,22118.8,26547.64,124.50822500862762,62.89485878269484,1.7646979040454274,1,0,-10638.0,-35.78685325977259,41867.7,507.0,0,0,0,1,0,0,0,0,85879.0,86695.0,3.2857976815945293,1
2023-04-19,84543.0,85091.0,83415.0,84580.0,17938,44314,83937.0,455158.81,SILVER,2023-04-05,84078.0,83631.55,82124.28,76600.08,84053.07259191919,83364.25038594054,57.99443397073346,688.8222059786494,728.0305954102809,-39.20838943163142,85900.98642204095,81362.11357795905,83631.55,4538.872844081896,0.7089615709848874,1676.0,1154.0,522.0,1676.0,1443.4285714285713,0.7660507285225826,37.0,511.0,1128.0,1676.0,1.9815559233861433,0.6951073985680191,-734.0,160.0,1.134081575673292,2.9902484380989414,21991.35,26150.26,-54.044014039402555,60.1254436046499,0.8156843486188888,0,17938,25226.0,132.1563285834032,41733.6,3286.6,1,0,0,0,1,0,0,0,85129.0,86099.0,1.7959328446441238,1
2023-04-20,84787.0,84987.0,84636.0,84802.0,16159,65041,84580.0,411094.66,SILVER,2023-04-05,84175.2,83765.55,82277.22,76634.51,84168.2921931624,83470.75035735236,57.69439421338155,697.5418358100433,721.9328434902334,-24.391007680190114,85975.39471709802,81555.70528290198,83765.55,4419.689434196043,0.734507427599046,351.0,407.0,56.0,407.0,1311.357142857143,0.2624733979664118,15.0,185.0,151.0,351.0,0.41390533242140515,0.47293447293447294,32.0,972.0,1.23732250310539,3.068625799461867,21582.0,26169.0,-9.917493589028881,13.511850221060275,0.7487257900101937,0,16159,20727.0,46.77302883964436,42876.8,10732.4,1,0,0,0,1,0,0,0,85129.0,85733.0,1.0978514657673168,1
2023-04-21,83325.0,83635.0,83092.0,83339.0,18185,26350,84802.0,454655.91,SILVER,2023-04-05,84178.0,83792.95,82408.38,76664.0,84040.70877882972,83460.99107162256,39.12181583903261,579.7177072071645,693.4898162336196,-113.77210902645515,85965.1861483532,81620.7138516468,83792.95,4344.472296706401,0.3955109000593369,543.0,1167.0,1710.0,1710.0,1216.4285714285713,-1.7251951604914995,14.0,296.0,233.0,543.0,0.6515556942127935,0.4548802946593002,-634.0,28.0,-0.5417520209039031,1.1292783573709315,21804.05,25953.72,12.537904573302793,20.774853549511228,0.8340193679614567,0,0,-38691.0,-59.48709275687642,41835.45,-10591.2,0,0,0,0,0,0,0,0,85129.0,86041.0,3.2421795317918383,1
2023-04-24,84886.0,84965.0,84683.0,84877.0,59635,27769,83339.0,1518491.97,SILVER,2023-04-05,84394.1,83950.0,82543.76,76701.225,84169.36896670207,83565.88062187274,49.79573309123922,603.4883448293258,675.4895219527609,-72.00117712343513,85942.84108221134,81957.15891778866,83950.0,3985.682164422673,0.732582519568335,282.0,1626.0,1344.0,1626.0,1246.357142857143,1.8454745077334689,9.0,79.0,194.0,282.0,0.33224548464248266,0.6879432624113475,420.0,2161.0,1.1042287075640262,2.8266703624841,23298.0,26724.1,227.93511135551276,25.69575536667005,2.5596617735427936,1,59635,1419.0,5.385199240986727,39417.6,-391.4,1,0,0,1,1,0,0,0,85091.0,86399.0,1.7931830766874417,1
2023-04-25,86511.0,87033.0,86441.0,86695.0,92037,57249,84877.0,2393744.31,SILVER,2023-04-05,84674.4,84178.6,82711.5,76749.885,84557.92758720944,83797.66724247477,59.22471818992782,760.2603447346773,692.4436865091443,67.81665822553305,86331.50065285293,82025.69934714708,84178.6,4305.801305705856,1.0844208362948315,592.0,2156.0,1564.0,2156.0,1350.357142857143,2.1419230180143023,184.0,338.0,70.0,592.0,0.6828536824499682,0.42905405405405406,2758.0,2803.0,2.9893583404808277,4.8161380219195635,26756.8,28111.5,54.333864341410255,32.94342146951309,3.439761107456796,1,92037,29480.0,106.16154704886745,38953.5,7632.2,1,0,0,1,1,0,1,0,87033.0,87087.0,0.45215987081146547,0
2023-04-26,85976.0,86672.0,85555.0,86099.0,38705,56365,86695.0,999738.54,SILVER,2023-04-05,84752.9,84368.35,82847.96,76798.65,84795.01565071568,83968.13633562479,59.19591472805382,826.8793150908896,719.3308122254934,107.54850286539613,86494.37275325792,82242.32724674209,84368.35,4252.045506515831,0.9070158697379761,1117.0,23.0,1140.0,1140.0,1358.7142857142858,-0.6874675586827417,123.0,573.0,421.0,1117.0,1.2973437554443141,0.4870188003581021,1519.0,785.0,2.0513024137606037,3.924103864476559,27184.75,28610.1,-57.946260742962075,24.601158763015995,1.4237761980522168,0,0,-884.0,-1.5441317752275197,39965.8,2410.2,0,0,0,0,0,0,0,0,87033.0,89174.0,3.5714700519169793,1
2023-04-27,85513.0,86755.0,84896.0,85733.0,59902,60185,86099.0,1540673.45,SILVER,2023-04-05,84849.2,84515.05,83003.9,76845.01,84939.32093522097,84098.86697743037,59.9392646093237,840.4539577905962,743.555441338514,96.89851645208216,86589.39773261175,82440.70226738826,84515.05,4148.695465223485,0.7935742115104579,1859.0,656.0,1203.0,1859.0,1439.5,-0.42509204520377875,220.0,1022.0,617.0,1859.0,2.1683599080867344,0.450242065626681,931.0,963.0,1.4411042766939108,3.2879177966336597,28831.05,29115.04,54.76553416871206,32.89033173902668,2.077690545436257,1,0,3820.0,6.777255388982528,41079.3,-971.2,0,0,0,1,1,0,0,0,87033.0,89012.0,3.8246649481529866,1
2023-04-28,86209.0,86460.0,85441.0,86041.0,62610,12786,85733.0,1616108.1,SILVER,2023-04-05,85056.0,84662.1,83160.74,76893.945,85108.81002211005,84242.7286828059,63.97411112045052,866.0813393041462,768.0606209316405,98.02071837250571,86731.04561501669,82593.15438498333,84662.1,4137.891230033361,0.8332373722131108,1019.0,727.0,292.0,1019.0,1443.0,0.35925489601436045,168.0,251.0,600.0,1019.0,1.184319103683128,0.5888125613346418,2702.0,2068.0,1.6287098949825176,3.463485293661402,31682.0,29983.38,4.520717171379918,31.88019724864685,1.9762009974117796,1,62610,-47399.0,-78.7555038630888,41083.2,-2712.8,0,0,0,1,0,0,0,0,87033.0,88210.0,2.520891203031113,1
2023-05-01,86035.0,86905.0,85970.0,86399.0,38836,11620,86041.0,1006617.47,SILVER,2023-06-05,85250.2,84705.35,83308.02,76937.83,85307.30078793927,84402.45248407953,61.314198032313385,904.8483038597333,795.4181575172591,109.43014634247413,86884.28003921456,82526.41996078545,84705.35,4357.860078429105,0.8886425836348814,935.0,864.0,71.0,935.0,1351.0714285714287,0.4160807057100646,364.0,506.0,65.0,935.0,1.082188451255223,0.4588235294117647,1522.0,1942.0,1.9994604827203877,3.7103030416519274,33059.95,30366.58,-37.97157003673534,31.87220182108163,1.1747144203182402,0,38836,-1166.0,-9.119349288284063,39226.75,-3229.8,0,0,0,0,0,0,0,0,87033.0,86825.0,0.4930612622831283,0
2023-05-02,87288.0,87538.0,86511.0,87087.0,26975,46303,86399.0,704751.55,SILVER,2023-06-05,85565.2,84813.6,83467.12,76996.865,85581.10066671784,84601.3078556292,58.56935717738037,979.7928110886423,832.2930882315359,147.49972285710646,87239.02258065248,82388.17741934753,84813.6,4850.845161304955,0.9686605992157485,1027.0,1139.0,112.0,1139.0,1290.5,0.7963055127952812,201.0,250.0,576.0,1027.0,1.1792804896253173,0.560856864654333,392.0,3150.0,2.6804663403039064,4.3368933778953975,34045.7,29117.28,-30.54125038623957,16.367254281594914,0.7923173851617091,0,26975,34683.0,298.4767641996558,38792.45,-2189.2,1,0,0,0,1,0,0,0,87538.0,86111.0,-1.1207183620976724,0
2023-05-03,89421.0,89530.0,89012.0,89174.0,19706,29589,87087.0,527178.85,SILVER,2023-06-05,86024.6,85051.3,83647.76,77061.415,86133.85441029971,84940.02579224926,68.5228802153432,1193.828618050451,904.6001941953189,289.2284238551322,88152.09263890312,81950.50736109688,85051.3,6201.58527780624,1.1647816349077713,518.0,2443.0,1925.0,2443.0,1409.9285714285713,2.396454120592062,247.0,109.0,162.0,518.0,0.5808868055711306,0.3127413127413127,3075.0,4594.0,4.847309800085356,6.606560653865692,34763.65,28401.46,-26.94717330861909,19.076938354673256,0.5668564722058816,0,19706,-16714.0,-36.097013152495514,38666.6,-5355.2,0,0,0,0,0,0,0,0,89530.0,86099.0,-3.4483145311413637,0
2023-05-04,88958.0,90056.0,87611.0,89012.0,10974,12882,89174.0,293045.31,SILVER,2023-06-05,86445.6,85310.4,83834.38,77119.475,86576.64603948437,85241.6535113419,72.38958499955568,1334.9925281424803,990.6786609847511,344.3138671577292,88820.4985381283,81800.30146187168,85310.4,7020.19707625662,1.0272786447148874,2445.0,882.0,1563.0,2445.0,1508.7857142857142,-0.18166730212841875,54.0,1044.0,1347.0,2445.0,2.746820653395048,0.5730061349693252,3279.0,4210.0,4.3389786004988915,6.17601036710714,33825.3,27617.64,-44.311377245508986,15.637549989025251,0.3244317123573183,0,0,-16707.0,-56.46355064382034,37954.15,-9460.6,0,0,1,0,0,0,0,0,90056.0,87941.0,-1.2032085561497325,0
2023-05-05,87751.0,88372.0,87751.0,88210.0,15928,72248,89012.0,421502.66,SILVER,2023-06-05,86932.7,85555.35,83978.14,77182.665,86827.93126417909,85461.53102902028,66.21726730619653,1366.4002351588133,1065.8229758195637,300.5772593392496,89160.42918155278,81950.27081844723,85555.35,7210.158363105555,0.8681819269856627,621.0,640.0,1261.0,1261.0,1516.2857142857142,-0.901002112074778,459.0,162.0,0.0,621.0,0.7040018138533046,0.7391304347826086,2169.0,4871.0,3.1028451172252747,5.03923997364076,34028.25,26741.46,45.143065427373784,18.898066074432347,0.46808166743808455,0,0,59366.0,460.84458934947986,38738.9,11892.4,0,0,0,0,1,0,0,0,90056.0,87435.0,-0.878585194422401,0
2023-05-08,86763.0,87271.0,86186.0,86825.0,26213,59322,88210.0,682783.12,SILVER,2023-06-05,87127.5,85760.8,84049.78,77240.335,86827.48030045924,85562.52873057433,61.61145062721132,1264.9515698849136,1105.6486946326336,159.30287525228005,89146.20953598201,82375.390464018,85760.8,6770.8190719640115,0.6571744849019138,1085.0,939.0,2024.0,2024.0,1560.0,-1.5701167668064842,62.0,446.0,577.0,1085.0,1.2496400806219408,0.5889400921658986,426.0,1948.0,1.2408932752492945,3.3018765783800994,33684.8,27003.42,64.5718232044199,2.5617372593230625,0.7781848192656627,0,0,-12926.0,-17.89115269626841,38297.8,9540.4,0,0,0,0,0,0,0,0,90056.0,87685.0,0.9904981284192341,1
2023-05-09,86100.0,87113.0,85438.0,86111.0,6950,34524,86825.0,179541.44,SILVER,2023-06-05,87069.1,85871.75,84113.74,77295.965,86717.25256192705,85603.15623201327,56.12057247941153,1114.0963299137802,1107.338221688863,6.758108224917123,89142.79579285426,82600.70420714574,85871.75,6542.09158570852,0.5365708729181737,1675.0,288.0,1387.0,1675.0,1559.9285714285713,-0.8223437949899215,11.0,1002.0,662.0,1675.0,1.9451638002113554,0.4017910447761194,-976.0,-584.0,0.2786131643992349,2.374475323532154,32678.3,25831.98,-73.4864380269332,-10.220292977511283,0.21267936214552166,0,0,-24798.0,-41.80236674420957,39196.35,-2355.8,0,0,0,0,0,0,0,0,90056.0,87690.0,1.8336797853932714,1
2023-05-10,85925.0,86612.0,85440.0,86099.0,24477,19745,86111.0,632233.57,SILVER,2023-06-05,87069.1,85911.0,84185.62,77357.535,86622.13678316904,85639.88540001228,55.27364397820607,982.251383156763,1082.3208539824432,-100.06947082568013,89172.69197293643,82649.30802706357,85911.0,6523.383945872862,0.528819398269351,1172.0,501.0,671.0,1172.0,1614.5714285714287,-0.013935501852258003,174.0,513.0,485.0,1172.0,1.3612237075924227,0.5622866894197952,-3075.0,0.0,0.21883111592229165,2.272810962252229,32203.2,25885.52,252.18705035971226,20.79303813275615,0.7600797436279624,0,0,-14779.0,-42.80790174950759,38789.55,-1968.8,0,0,0,0,0,0,0,0,90056.0,88936.0,3.2950440771669824,1
2023-05-11,87851.0,88318.0,87429.0,87941.0,15411,25861,86099.0,406577.63,SILVER,2023-06-05,87289.9,86069.55,84265.72,77431.55,86825.03881652765,85810.3383333447,68.15241401072893,1014.7004831829545,1068.7967798225454,-54.096296639590946,89405.15602715957,82733.94397284044,86069.55,6671.212054319127,0.7805262349273351,889.0,2219.0,1330.0,2219.0,1650.9285714285713,2.1393976701239215,90.0,377.0,422.0,889.0,1.0109050386054288,0.5759280089988752,-1071.0,2208.0,2.1743462118716748,4.361536340044325,31752.65,25632.02,-37.03885280058831,11.612599435826112,0.485345317634906,0,15411,6116.0,30.974930362116982,39513.65,2595.8,1,0,0,0,1,0,0,0,88372.0,91617.0,4.180075277743033,1
2023-05-12,87702.0,87702.0,86959.0,87435.0,26695,64261,87941.0,700223.2,SILVER,2023-06-05,87429.3,86242.65,84304.06,77507.64,86918.87899860032,85930.68364198583,60.98419787014772,988.1953566144948,1052.6764951809355,-64.48113856644068,89477.96274173676,83007.33725826323,86242.65,6470.62548347353,0.6842712119632575,743.0,239.0,982.0,982.0,1604.9285714285713,-0.5753857700048881,267.0,0.0,476.0,743.0,0.8497741179161663,0.6406460296096904,-775.0,1394.0,1.3825526001346269,3.7138662123745907,31687.75,25663.9,73.22042696775031,18.48257041546315,0.842439112906407,0,0,38400.0,148.48613742701366,38761.4,-1597.4,0,0,0,0,1,0,0,0,88318.0,91074.0,4.161948876308115,1
2023-05-15,87802.0,87918.0,87396.0,87685.0,22771,12837,87435.0,599002.54,SILVER,2023-06-05,87557.9,86404.05,84357.36,77577.43,87036.74376804642,86060.63300183872,54.91266375545852,976.1107662076975,1037.3633493862878,-61.252583178590385,89585.91502575258,83222.18497424743,86404.05,6363.730051505147,0.7012891794014782,522.0,483.0,39.0,522.0,1488.2142857142858,0.2859266883970868,117.0,116.0,289.0,522.0,0.5953127672920112,0.553639846743295,860.0,1286.0,1.4825115257907437,3.944694333725,31957.0,25689.5,-14.699381906724106,20.809789228464275,0.7125512407297305,0,22771,-51424.0,-80.02365353791568,37916.95,-9297.0,0,0,0,0,0,0,0,0,88318.0,90579.0,3.3004504761361693,1
2023-05-16,87528.0,88059.0,86969.0,87690.0,9274,64380,87685.0,243971.12,SILVER,2023-06-05,87618.2,86591.7,84418.64,77643.105,87137.24472680851,86181.32685355438,58.386926726410124,955.9178732541332,1021.074254159857,-65.15638090572384,89598.82627988252,83584.57372011748,86591.7,6014.252559765038,0.6826162085954885,1090.0,374.0,716.0,1090.0,1484.642857142857,0.005702229571769024,162.0,369.0,559.0,1090.0,1.2430151670658,0.6614678899082569,1579.0,603.0,1.268366367677275,3.8751631156341784,30469.05,25230.84,-59.2727592112775,17.936638345960482,0.30437443897988287,0,9274,51543.0,401.5190465061931,40181.55,5971.2,1,0,0,0,1,0,0,0,88318.0,91710.0,4.584331166609648,1
2023-05-17,88652.0,89098.0,88652.0,88936.0,12045,59831,87690.0,321370.24,SILVER,2023-06-05,87594.4,86809.5,84509.96,77709.345,87413.97630729951,86385.37671625406,65.45103714423541,1028.5995910454512,1022.5793215369758,6.020269508475394,89834.08031886499,83784.91968113501,86809.5,6049.160637729976,0.85153637460651,446.0,1408.0,962.0,1408.0,1452.4285714285713,1.4209145854715555,284.0,162.0,0.0,446.0,0.5014842133669155,0.6367713004484304,2837.0,-238.0,2.449616689417633,5.237299840160844,30174.4,24953.8,29.87923226223852,23.619278903046244,0.3991794368736412,0,12045,-4549.0,-7.065858962410687,40957.4,8017.2,0,0,0,0,0,0,1,0,89098.0,92465.0,3.9680219483673653,1
2023-05-18,91557.0,92220.0,90530.0,91617.0,34714,48255,88936.0,954117.76,SILVER,2023-06-05,87854.9,87150.25,84680.72,77785.69,88060.59533694574,86772.9043669019,71.88726644685194,1287.690970043841,1075.601651238349,212.08931880549198,90710.65203968777,83589.84796031223,87150.25,7120.80407937555,1.1272816876028564,1690.0,3284.0,1594.0,3284.0,1614.2142857142858,3.0145273005307116,60.0,603.0,1027.0,1690.0,1.84463582086294,0.6431952662721894,3676.0,2605.0,5.125343874515564,8.191097099788475,31102.15,24958.24,188.20257368202573,46.87067399579972,1.1161286277636755,0,34714,-11576.0,-19.347829720379075,40118.1,4478.8,0,0,1,0,0,0,0,0,92220.0,94500.0,3.1467959003241757,1
2023-05-19,91035.0,91168.0,90996.0,91074.0,39386,39520,91617.0,1076112.17,SILVER,2023-06-05,88141.3,87537.0,84857.88,77864.215,88524.19605433871,87091.50404342769,68.08790528515051,1432.6920109110215,1147.0197231728835,285.67228773813804,91034.12284750318,84039.87715249682,87537.0,6994.245695006364,1.0057014228890027,172.0,449.0,621.0,621.0,1591.7857142857142,-0.5926847637447219,39.0,94.0,39.0,172.0,0.18885741265344666,0.45348837209302323,3639.0,2864.0,4.0405771273861335,7.325330305211485,32162.2,25617.54,13.458546983925789,43.70222215145491,1.2246052819769793,0,0,-8735.0,-18.101751113874208,40776.6,-4948.2,0,0,0,0,0,0,0,0,92220.0,95168.0,4.495245624437271,1
2023-05-22,90669.0,91091.0,89967.0,90579.0,13562,39541,91074.0,368529.72,SILVER,2023-06-05,88516.7,87822.1,85043.86,77942.46,88840.31973828659,87349.83707724785,63.715632364493324,1490.482661038739,1215.7123107460548,274.77035029268427,91335.8144178958,84308.38558210421,87822.1,7027.428835791594,0.8923056446987766,1124.0,17.0,1107.0,1124.0,1590.7142857142858,-0.5435140654852066,90.0,422.0,612.0,1124.0,1.2409057287009129,0.5444839857651246,2894.0,3754.0,3.139187061115589,6.508570989134312,29858.55,25148.48,-65.56644492967044,30.688395338045883,0.45420825860599395,0,0,21.0,0.05313765182186625,41365.2,5340.8,0,0,0,0,1,0,0,0,92220.0,94794.0,4.653396482628424,1
2023-05-23,91612.0,92012.0,91178.0,91710.0,32759,75772,90579.0,901298.37,SILVER,2023-06-05,89076.6,88072.85,85266.52,78024.12,89281.80900931942,87672.81210856282,60.76949210124002,1608.996900756596,1294.369228748163,314.6276720084329,91945.35221161331,84200.3477883867,88072.85,7745.004423226608,0.969612385125629,834.0,1433.0,599.0,1433.0,1518.5714285714287,1.2486337892889,98.0,302.0,434.0,834.0,0.9093882891723912,0.6378896882494005,4020.0,5599.0,4.129706260215258,7.556869917993598,26894.65,25444.26,141.54991889101902,52.19203102984111,1.2180489428194827,0,32759,36231.0,91.62894211072053,42291.35,2278.4,1,0,0,0,1,0,0,0,92220.0,95472.0,4.102060843964671,1
2023-05-24,92560.0,93091.0,91997.0,92465.0,17026,37350,91710.0,472292.73,SILVER,2023-06-05,89713.2,88391.15,85504.5,78114.785,89771.53070019337,88027.78898941002,63.96054014716585,1743.7417107833462,1384.2437251551996,359.4979856281466,92611.42433755356,84170.87566244643,88391.15,8440.54867510713,0.9826522725962835,1094.0,1381.0,287.0,1381.0,1442.5714285714287,0.8232471922363871,95.0,531.0,468.0,1094.0,1.1831503812253286,0.42778793418647165,3529.0,6366.0,4.608889012078705,8.14050722476595,25810.7,25539.12,-48.026496535303274,22.17067634033955,0.6596489052989651,0,17026,-38422.0,-50.70738531383625,41340.6,-4496.2,0,0,0,0,0,0,0,0,93091.0,96737.0,4.6201265343643545,1
2023-05-25,94866.0,94866.0,94334.0,94500.0,36589,54397,92465.0,1037298.15,SILVER,2023-06-05,90369.1,88829.5,85778.36,78212.425,90498.98751554824,88507.21202723151,73.125,1991.7754883167363,1505.750077787507,486.02541052922925,93663.81094529429,83995.18905470571,88829.5,9668.621890588576,1.0864848231907442,532.0,2401.0,1869.0,2401.0,1524.0,2.2008327475260936,366.0,0.0,166.0,532.0,0.5629629629629629,0.31203007518796994,2883.0,6559.0,6.383577527735719,10.1676460123509,24645.05,25601.14,114.90074004463762,37.364635624862146,1.4846389031468794,0,36589,17047.0,45.64123159303881,41051.2,1228.4,1,0,1,0,1,0,0,0,94866.0,97690.0,3.3756613756613754,1
2023-05-26,95324.0,96079.0,94547.0,95168.0,36738,73865,94500.0,1048884.6,SILVER,2023-06-05,91142.4,89285.85,86035.68,78314.355,91217.29712854081,89000.60372891805,82.37988046262517,2216.69339962276,1647.9387421545578,568.7546574682021,94700.17630887261,83871.5236911274,89285.85,10828.652617745218,1.0432023916217192,1532.0,1579.0,47.0,1579.0,1492.2142857142858,0.7068783068783002,156.0,755.0,621.0,1532.0,1.609784801613988,0.40535248041775457,4094.0,7733.0,6.587997986243053,10.614572930672493,23351.45,25917.0,0.4072262155292661,30.08331554964004,1.5732641870205062,1,36738,19468.0,35.788738349541326,44105.15,6869.0,1,0,1,1,1,0,0,0,96079.0,98293.0,3.283666778749159,1
2023-05-29,94785.0,96161.0,93843.0,94794.0,31844,65956,95168.0,905586.04,SILVER,2023-06-05,91853.3,89705.6,86304.14,78415.945,91767.5591087653,89429.74419344265,84.61293151558638,2337.814915322655,1785.9139767881773,551.9009385344777,95468.05427975951,83943.1457202405,89705.6,11524.908559519012,0.9415132643978528,2318.0,993.0,1325.0,2318.0,1538.142857142857,-0.3929892400806989,9.0,1367.0,942.0,2318.0,2.445302445302445,0.410267471958585,4215.0,7109.0,5.67233260799771,9.837141068783028,23001.85,26448.78,-13.321356633458548,30.221118076966594,1.3844103843821258,0,0,-7909.0,-10.707371556217426,46821.95,5283.0,0,0,1,0,0,0,0,0,96161.0,99546.0,5.012975504778783,1
2023-05-30,95437.0,95692.0,95345.0,95472.0,28447,37453,94794.0,814767.6,SILVER,2023-06-05,92631.5,90124.85,86566.96,78517.725,92337.47309203217,89877.31869763209,85.47959724430312,2460.1543944000878,1920.7620603105595,539.3923340895283,96291.0877602386,83958.61223976141,90124.85,12332.475520477194,0.9335828594284605,347.0,898.0,551.0,898.0,1518.5714285714287,0.7152351414646541,35.0,220.0,92.0,347.0,0.3634573487514664,0.3659942363112392,3762.0,7782.0,5.933047322686245,10.286880814574051,23075.45,26697.34,-10.66762969476196,35.08163102861815,1.2327820259193212,0,28447,-28503.0,-43.21517375219843,46379.45,-7663.8,0,0,1,0,0,0,0,0,96161.0,100936.0,5.723143958438076,1
2023-05-31,96668.0,97232.0,96138.0,96737.0,29879,72345,95472.0,867121.45,SILVER,2023-06-05,93411.6,90503.0,86858.74,78623.785,93014.32338556569,90385.44323854824,84.81633945535148,2628.8801470174512,2062.385677651938,566.4944693655134,97317.27730268572,83688.72269731428,90503.0,13628.554605371435,0.9574219482925201,1094.0,1760.0,666.0,1760.0,1485.7857142857142,1.3249958102899306,69.0,495.0,530.0,1094.0,1.1309013097367089,0.5475319926873857,4272.0,7801.0,6.88816945294631,11.372787585912477,23584.1,26885.18,5.0339227335044034,32.597100075744734,1.2669128777439038,0,29879,34892.0,93.16209649427283,48517.25,6999.0,1,0,1,0,1,0,0,0,97232.0,102599.0,6.05972895582869,1
2023-06-01,97921.0,98126.0,97266.0,97690.0,16966,22906,96737.0,497222.56,SILVER,2023-06-05,94018.9,90936.9,87170.1,78736.095,93733.65824932481,90926.52151717429,89.20406758926524,2807.136732150524,2211.3358885516554,595.8008435988686,98423.41820977323,83450.38179022676,90936.9,14973.036419546464,0.9510174029353331,860.0,1389.0,529.0,1389.0,1514.857142857143,0.9851452908401059,231.0,205.0,424.0,860.0,0.8803357559627393,0.4930232558139535,3190.0,6073.0,7.426138344280492,12.068243583522325,23883.7,26737.58,-43.217644499481246,9.455078257594039,0.7103589477342288,0,16966,-49439.0,-68.33782569631626,49018.45,-6298.2,0,0,1,0,0,0,0,0,98126.0,103402.0,5.847067253557171,1
2023-06-02,98169.0,98675.0,97732.0,98293.0,22732,24988,97690.0,670318.94,SILVER,2023-06-05,94740.8,91441.05,87480.14,78846.2,94435.09544173638,91472.18658997619,89.48779035139964,2962.908851760192,2361.650481193363,601.2583705668294,99491.16493804858,83390.93506195143,91441.05,16100.229876097146,0.9255808800700787,943.0,985.0,42.0,985.0,1547.9285714285713,0.6172586754017884,124.0,382.0,437.0,943.0,0.9593765578423693,0.5949098621420997,3125.0,7219.0,7.4932975944611275,12.360359734220818,24223.9,26917.34,33.985618295414355,11.507785388742896,0.9384120641184945,0,22732,2082.0,9.089321575133159,46655.45,-9775.4,1,0,1,0,1,0,0,0,98675.0,103225.0,5.017651307824565,1
2023-06-05,99555.0,99792.0,98951.0,99546.0,10289,37723,98293.0,307268.64,SILVER,2023-06-05,95637.5,92077.1,87836.34,78967.245,95221.38845070002,92070.24684257054,90.38147138964578,3151.1416081294738,2519.548706580585,631.5929015488887,100588.5383693823,83565.66163061772,92077.1,17022.87673876458,0.9387566281903328,841.0,1499.0,658.0,1499.0,1577.142857142857,1.2747601558605437,9.0,237.0,595.0,841.0,0.8448355534124927,0.7074910820451843,4752.0,8967.0,8.111571715442812,13.331224866609883,23427.7,26528.0,-54.7378145345768,12.590648428252262,0.439180969536062,0,10289,12735.0,50.964462942212265,45575.5,-5646.6,1,0,1,0,1,0,0,0,99792.0,103426.0,3.8976955377413454,1
2023-06-06,100946.0,101108.0,100503.0,100936.0,25012,43800,99546.0,757383.37,SILVER,2023-06-05,96560.1,92818.35,88212.6,79092.43,96100.55945828464,92726.96929867643,90.4749055585537,3373.5901596082113,2690.3569971861107,683.2331624221006,101715.52280405787,83921.17719594215,92818.35,17794.34560811572,0.9561926680966375,605.0,1562.0,957.0,1562.0,1588.142857142857,1.3963393807887803,10.0,162.0,433.0,605.0,0.5993897122929381,0.715702479338843,5464.0,9226.0,8.74573831575329,14.423563073755897,24330.8,26571.02,143.0945670133152,12.745113240481878,1.0279974353494337,0,25012,6077.0,16.109535296768552,46039.3,1269.4,1,0,1,0,1,0,0,0,101108.0,104915.0,3.9421019259728936,1
2023-06-07,102496.0,103325.0,101785.0,102599.0,23812,49107,100936.0,732926.22,SILVER,2023-06-05,97573.5,93643.35,88618.5,79223.195,97100.31954162547,93458.2308321078,89.77256265391858,3642.088709517673,2880.703339652423,761.3853698652501,102966.86242318405,84319.83757681596,93643.35,18647.02484636809,0.9802723262174609,1540.0,2389.0,849.0,2389.0,1524.2142857142858,1.647578663707705,103.0,726.0,711.0,1540.0,1.5009892883946239,0.5285714285714286,5862.0,10134.0,9.563572853811824,15.776051275975107,24297.55,26444.34,-4.797697105389409,17.067993183473266,0.9800165037215687,0,23812,5307.0,12.116438356164384,47507.4,-4647.6,1,0,1,0,1,0,0,0,103325.0,103945.0,1.3119036247916647,1
2023-06-08,103118.0,104376.0,102873.0,103402.0,28092,37430,102599.0,871430.7,SILVER,2023-06-05,98463.7,94416.4,89030.56,79359.25,98069.80884291386,94194.80632602573,93.82198208445898,3875.0025168881257,3079.5631750995635,795.4393417885622,104296.41466864476,84536.38533135522,94416.4,19760.02933728954,0.9547361669672779,1503.0,1777.0,274.0,1777.0,1606.7857142857142,0.7826587003771923,284.0,974.0,245.0,1503.0,1.4535502214657356,0.35196274118429804,5712.0,8902.0,9.51699069229499,16.14214265303959,24931.6,26466.66,17.97413069040821,7.3753322480503245,1.1267628230839577,0,28092,-11677.0,-23.778687356181404,48085.85,2904.8,0,0,1,0,0,0,0,0,104376.0,104417.0,0.9816057716485175,1
2023-06-09,103292.0,103720.0,102552.0,103225.0,30105,42535,103402.0,932276.59,SILVER,2023-06-05,99269.4,95205.9,89433.06,79492.87,98862.91517477327,94863.70956113494,95.9921443118999,3999.2056136383326,3263.4916628073174,735.7139508310152,105258.97033277863,85152.82966722136,95205.9,20106.140665557265,0.8988383515955943,1168.0,318.0,850.0,1168.0,1609.9285714285713,-0.1711765729869863,67.0,428.0,673.0,1168.0,1.131508839912812,0.5761986301369864,4932.0,8057.0,8.42290236214353,15.42152309224352,25102.1,26956.94,7.165741136266557,8.051183740124054,1.19930205042606,0,0,5105.0,13.638792412503342,46999.55,3509.4,0,0,1,0,1,0,0,0,104376.0,103964.0,0.7159118430612739,1
2023-06-12,103414.0,103770.0,102728.0,103426.0,19294,78476,103225.0,598650.37,SILVER,2023-06-05,100132.6,95992.95,89790.9,79632.935,99564.92822480816,95497.95329734717,95.70135746606334,4066.974927460993,3424.1883157380526,642.7866117229405,106031.5304505997,85954.36954940029,95992.95,20077.160901199415,0.8702241585141628,1042.0,545.0,497.0,1042.0,1582.0,0.19472027125211344,12.0,344.0,686.0,1042.0,1.0074836114710035,0.6698656429942419,3880.0,8632.0,7.743329067395057,15.185391838148416,24928.25,27117.28,-35.9109782428168,5.792221579188228,0.7739813264067875,0,19294,35941.0,84.49747266956624,50281.5,8150.6,1,0,1,0,1,0,0,0,104376.0,104023.0,0.5772242956316593,1
2023-06-13,105020.0,105092.0,104772.0,104915.0,8621,62284,103426.0,271341.66,SILVER,2023-06-05,101076.9,96854.2,90190.76,79776.26,100388.01619022229,96195.51231235848,95.93417945690673,4192.503877863812,3577.8514281632047,614.6524497006071,106848.9478754965,86859.4521245035,96854.2,19989.495750992995,0.9032517928622374,320.0,1666.0,1346.0,1666.0,1602.357142857143,1.4396766770444547,105.0,72.0,143.0,320.0,0.3050088166611066,0.446875,3979.0,9443.0,8.322612751950874,16.325663515863496,24895.6,27144.5,-55.31771535192287,1.3272130134721365,0.34628609071482513,0,8621,-16192.0,-20.63305978898007,50176.7,3696.8,0,0,1,0,0,0,0,0,105092.0,105610.0,0.6624410236858409,1
2023-06-14,103835.0,104294.0,103742.0,103945.0,37442,66232,104915.0,1167572.61,SILVER,2023-06-05,101797.7,97604.65,90581.26,79915.455,100935.24446864963,96769.54843736897,87.8193321053896,4165.696031280662,3695.4203487866966,470.27568249396563,107346.79100050339,87862.5089994966,97604.65,19484.282001006795,0.8254084497274463,552.0,621.0,1173.0,1173.0,1514.642857142857,-0.9245579755039812,110.0,349.0,93.0,552.0,0.5310500745586608,0.3677536231884058,1346.0,7208.0,6.495950756444499,14.753316524852938,26165.45,27786.4,334.3115647836678,34.25497721848848,1.4309709941927236,0,0,3948.0,6.338706569905583,50496.75,3425.0,0,0,1,0,1,0,0,0,105092.0,105870.0,1.8519409302996777,1
2023-06-15,104672.0,105047.0,103759.0,104417.0,26699,54420,103945.0,836348.84,SILVER,2023-06-05,102470.4,98244.65,90993.0,80059.22,101470.89916578046,97336.0263308972,87.62509153038809,4134.872834883252,3783.310846006008,351.56198887724395,108012.3021830185,88476.99781698149,98244.65,19535.304366037017,0.815958732167537,1288.0,1102.0,186.0,1288.0,1493.857142857143,0.4540862956371239,255.0,375.0,658.0,1288.0,1.233515615273375,0.5108695652173914,1015.0,6727.0,6.2826321840425985,14.75278318112382,25764.7,27725.56,-28.692377543934622,35.70750391404314,1.0362627936673046,0,26699,-11812.0,-17.834279502355354,50805.0,3398.0,0,0,1,0,0,0,0,0,105092.0,105952.0,1.4700671346619802,1
2023-06-16,103782.0,105142.0,102630.0,103964.0,7347,47710,104417.0,229147.05,SILVER,2023-06-05,103037.5,98889.15,91406.06,80195.965,101854.45314027579,97826.98734342335,87.06548100242523,4027.4657968524407,3832.141836175295,195.3239606771458,108361.19781449108,89417.1021855089,98889.15,18944.095628982177,0.7678855776169171,2512.0,725.0,1787.0,2512.0,1507.7142857142858,-0.4338374019556168,182.0,1178.0,1152.0,2512.0,2.416220999576777,0.5310509554140127,739.0,5671.0,5.131857236107304,13.738629583202691,24162.75,27635.12,-72.48211543503503,25.0607305409982,0.30406307229102647,0,0,-6710.0,-12.33002572583609,51214.5,1035.0,0,0,1,0,0,0,0,0,105142.0,104310.0,0.33280751029202416,0
2023-06-19,104380.0,104477.0,103470.0,104023.0,34486,50498,103964.0,1076201.15,SILVER,2023-06-05,103485.2,99561.35,91832.2,80336.04,102188.07573407951,98285.9512439105,86.38413752021104,3902.124490169008,3846.1383669740376,55.98612319497033,108439.81943364767,90682.88056635234,99561.35,17756.938867295336,0.7512623393786327,1007.0,513.0,494.0,1007.0,1515.5,0.05675041360471145,357.0,97.0,553.0,1007.0,0.9680551416513656,0.5491559086395233,597.0,4477.0,4.481307254270853,13.275082160723583,25208.95,27663.2,369.3888662038927,67.47339861484515,1.3680062041457497,0,34486,2788.0,5.843638650178162,51762.35,-5595.6,1,0,1,0,1,0,0,0,105142.0,105246.0,1.1757015275467926,1
2023-06-20,105240.0,106229.0,105022.0,105610.0,22110,41283,104023.0,700511.13,SILVER,2023-06-05,103952.6,100256.35,92266.56,80490.135,102714.5256211442,98828.4733739912,86.74728733537646,3886.0522471529985,3854.12114300983,31.93110414316834,108713.19104952007,91799.50895047994,100256.35,16913.682099040132,0.8165277654298481,1207.0,2206.0,999.0,2206.0,1547.357142857143,1.5256241408150073,370.0,619.0,218.0,1207.0,1.1428841965722942,0.4871582435791218,695.0,4674.0,5.339961009950985,14.461837528135874,24676.5,27563.8,-35.88702661949776,49.57523925156385,0.8959941644884809,0,22110,-9215.0,-18.248247455344767,50037.9,-4200.2,0,0,1,0,0,0,0,0,106229.0,106065.0,0.4308304137865733,0
2023-06-21,105962.0,106472.0,105558.0,105870.0,24807,76169,105610.0,787895.13,SILVER,2023-06-05,104279.7,100926.6,92677.68,80652.155,103199.98321789125,99350.06793888075,85.9402460456942,3849.9152790105,3853.279970209964,-3.3646911994642323,108894.09307201691,92959.1069279831,100926.6,15934.986144033814,0.8102230497922863,914.0,862.0,52.0,914.0,1513.4285714285713,0.24618880787803388,92.0,510.0,312.0,914.0,0.863322943232266,0.3413566739606127,1925.0,3271.0,4.8980149930741685,14.234624776968962,25065.55,27380.36,12.198100407055623,51.274819002808364,0.9896850458098865,0,24807,34886.0,84.50451759804278,51978.85,1987.4,1,0,1,0,1,0,0,0,106472.0,108798.0,2.765655993199206,1
2023-06-22,106052.0,106094.0,105750.0,105952.0,51527,72457,105870.0,1637816.61,SILVER,2023-06-05,104534.7,101499.2,93101.32,80811.885,103623.37041513874,99839.0999434081,85.26567823924854,3784.2704717306333,3839.4780705140984,-55.20759878346507,109162.24234210199,93836.157657898,101499.2,15326.08468420399,0.7905373480409732,344.0,224.0,120.0,344.0,1467.642857142857,0.07745348068386448,100.0,42.0,202.0,344.0,0.3246753246753247,0.5872093023255814,1535.0,2550.0,4.3870296514652365,13.802897746240324,25812.45,27922.46,107.71153303503044,60.248559237270584,1.9962072565757996,1,51527,-3712.0,-4.873373682206672,52881.85,3607.4,0,0,1,1,0,0,0,0,106472.0,108434.0,2.342570220477197,1
2023-06-23,104144.0,104816.0,103230.0,104310.0,60497,35968,105952.0,1893132.62,SILVER,2023-06-05,104643.2,101956.3,93508.06,80968.785,103729.00573588663,100170.27772537788,71.17709815078236,3558.7280105087557,3783.32805851303,-224.6000480042744,109102.4175355283,94810.18246447171,101956.3,14292.23507105658,0.6646838292470091,1586.0,1136.0,2722.0,2722.0,1555.0,-1.5497583811537319,166.0,506.0,914.0,1586.0,1.5204678362573099,0.6809583858764187,346.0,1085.0,2.3085380697416413,11.551881196123631,27000.4,28572.54,17.40834902090167,61.272820025734084,2.2405964356083614,1,0,-36489.0,-50.35952357950233,50987.0,-2348.4,0,0,1,1,0,0,0,0,106472.0,108736.0,4.2431214648643465,1
2023-06-26,105335.0,106143.0,104227.0,105246.0,35165,72508,104310.0,1110292.68,SILVER,2023-06-05,104825.2,102478.9,93923.84,81122.735,103962.38946882715,100546.25715312766,69.96479525662404,3416.1323156994913,3709.8889099503226,-293.7565942508313,108912.84942636781,96044.95057363217,102478.9,12867.898852735641,0.7150389921204374,1916.0,1833.0,83.0,1916.0,1580.2857142857142,0.8973252804141518,89.0,808.0,1019.0,1916.0,1.820496740968778,0.5318371607515657,1223.0,1820.0,2.7001655950639654,12.054617869116088,27166.45,28928.12,-41.87315073474718,60.67660277654105,1.294427501569031,0,35165,36540.0,101.59030249110322,51314.6,4402.0,1,0,0,0,1,0,0,0,106472.0,109078.0,3.640993481937556,1
2023-06-27,106337.0,106644.0,105771.0,106065.0,79385,73220,105246.0,2525991.01,SILVER,2023-06-05,104940.2,103008.55,94366.4,81289.605,104285.86801208452,100955.05291956266,67.41708542713567,3330.815092521865,3634.0741464646317,-303.2590539427665,108716.9460868371,97300.15391316291,103008.55,11416.792173674185,0.7677153050966296,873.0,1398.0,525.0,1398.0,1509.5,0.7781768428253732,272.0,307.0,294.0,873.0,0.8230801866779806,0.33676975945017185,455.0,1150.0,2.967180879645425,12.396997236304454,29713.35,29735.16,125.75003554670836,78.78337786640417,2.6716947096170576,1,79385,712.0,0.9819606112428936,53102.95,6387.4,1,0,0,1,1,0,0,0,106644.0,111127.0,4.772545137415736,1
2023-06-28,108316.0,109192.0,108316.0,108798.0,73150,15738,106065.0,2387572.11,SILVER,2023-06-05,105425.5,103611.6,94850.76,81462.785,104980.04216407152,101536.01196255801,72.7104377104377,3444.0302015135094,3596.0653574744074,-152.035155960898,109073.3230518165,98149.87694818352,103611.6,10923.446103632974,0.9747952203723581,876.0,3127.0,2251.0,3127.0,1605.9285714285713,2.57672182152453,482.0,394.0,0.0,876.0,0.8051618595930072,0.5502283105022832,2928.0,4853.0,5.005617131672509,14.704405109669134,31876.9,30839.4,-7.854128613717959,44.566808526665596,2.2947651747817384,1,73150,-57482.0,-78.50587271237367,50272.6,-12086.2,0,0,1,1,0,0,0,0,109192.0,111029.0,2.050589165242008,1
2023-06-29,108543.0,108906.0,107978.0,108434.0,54977,13098,108798.0,1788412.81,SILVER,2023-06-05,105827.2,104148.8,95323.4,81633.13,105511.4202926759,102046.97403940557,71.58365791000249,3464.446253270333,3569.7415366335927,-105.29528336325984,109260.45864934029,99037.14135065972,104148.8,10223.317298680573,0.9191594445134798,928.0,108.0,820.0,928.0,1588.7857142857142,-0.33456497362084336,109.0,363.0,456.0,928.0,0.8558201302174594,0.49137931034482757,2482.0,4017.0,4.1144977186487,13.753810711745496,33777.45,31615.76,-24.84347231715652,44.95169904934341,1.627624347012578,1,0,-2640.0,-16.774685474647356,49782.2,-11871.8,0,0,1,1,0,0,0,0,109192.0,111416.0,2.750059944297914,1
2023-06-30,108194.0,109353.0,108194.0,108736.0,68882,48244,108434.0,2246985.95,SILVER,2023-06-05,106304.4,104670.95,95831.34,81805.305,106007.50947841807,102542.45744389403,71.81952662721893,3465.0520345240366,3548.803636211682,-83.75160168764523,109381.79314612316,99960.10685387683,104670.95,9421.686292246333,0.9314567343794258,1159.0,919.0,240.0,1159.0,1597.142857142857,0.2785104303078434,542.0,617.0,0.0,1159.0,1.0658843437316068,0.46764452113891286,4426.0,4772.0,3.8836467998045334,13.4660122669682,36084.95,32629.7,25.292395001546097,54.72915009300152,1.9088844518282555,1,68882,35146.0,268.3310429073141,50945.0,2455.2,1,0,1,1,1,0,0,0,109353.0,112234.0,3.2169658622719246,1
2023-07-03,108867.0,109726.0,108364.0,109078.0,29174,18253,108736.0,954672.47,SILVER,2023-08-05,106809.9,105147.55,96315.36,81981.445,106479.89263558452,103026.5717073093,68.88667090100716,3453.3209282752214,3529.7070946243903,-76.38616634916889,109596.70677285946,100698.39322714055,105147.55,8898.313545718906,0.9417072942873527,1362.0,990.0,372.0,1362.0,1575.4285714285713,0.31452324896998896,211.0,648.0,503.0,1362.0,1.2486477566512038,0.5242290748898678,3832.0,5055.0,3.738032888070143,13.250887501225142,37029.2,32020.48,-57.64640980227055,12.0256224923852,0.7878647121730958,0,29174,-29991.0,-62.16524334632285,49971.5,-10851.0,0,0,0,0,0,0,0,0,109726.0,112504.0,3.1408716698142616,1
2023-07-04,111489.0,112245.0,109597.0,111127.0,26957,64333,109078.0,898695.16,SILVER,2023-08-05,107361.6,105657.1,96804.0,82166.005,107194.83223010998,103626.6034326938,79.67768595041322,3568.228797416188,3537.41143518275,30.81736223343796,110399.96335455785,100914.23664544216,105657.1,9485.726709115697,1.076645329107307,2648.0,3167.0,519.0,3167.0,1717.857142857143,1.878472285887156,362.0,756.0,1530.0,2648.0,2.3828592511270887,0.5777945619335347,5062.0,5517.0,5.177030223241026,14.795876203462665,37126.45,30718.88,-7.5992321930486,14.854401935030117,0.7260861191953446,0,26957,46080.0,252.4516517832685,50998.15,-1777.4,1,0,1,0,1,0,1,0,112245.0,111945.0,0.7360947384524013,1
2023-07-05,110900.0,111528.0,110671.0,111029.0,5634,60969,111127.0,187661.22,SILVER,2023-08-05,107877.5,106078.6,97302.6,82350.14,107784.70419470844,104174.9291043461,78.19375746205014,3609.7750903623382,3551.8841662186683,57.89092414366996,111163.19313282035,100994.00686717966,106078.6,10169.186265640688,0.9868039458305767,857.0,401.0,456.0,857.0,1687.0714285714287,-0.08818738920334246,129.0,499.0,229.0,857.0,0.7718704122346414,0.4177362893815636,2231.0,5159.0,4.666728256217554,14.106920061745518,36217.55,30057.46,-79.10004822495085,5.7245870718294665,0.1555599426245011,0,0,-3364.0,-5.229042637526615,51591.25,9046.2,0,0,1,0,0,0,0,0,112245.0,112224.0,1.0762953822875105,1
2023-07-06,111154.0,111740.0,110724.0,111416.0,34881,54411,111029.0,1165890.45,SILVER,2023-08-05,108423.9,106479.3,97816.26,82531.31,108343.36508783021,104711.30472624638,81.95540308747856,3632.0603615838336,3567.9194052917014,64.14095629213216,111925.97172539512,101032.62827460488,106479.3,10893.343450790242,0.9531850136095609,1016.0,711.0,305.0,1016.0,1580.2142857142858,0.34855758405460957,262.0,324.0,430.0,1016.0,0.9118977525669562,0.6811023622047244,2982.0,5464.0,4.6363002010719425,13.90335308260611,36557.0,29557.04,519.1160809371672,46.86504186204315,0.9541537872363706,0,34881,-6558.0,-10.756285981400382,52440.3,8262.6,0,0,1,0,0,0,0,0,112245.0,113663.0,2.0167659941121565,1
2023-07-07,112189.0,112682.0,111800.0,112234.0,17771,45421,111416.0,598353.12,SILVER,2023-08-05,109216.3,106929.75,98340.12,82715.97,108941.9243050871,105268.5414131911,83.05821724776553,3673.382891896006,3589.0121026125626,84.37078928344363,112722.35155625104,101137.14844374896,106929.75,11585.203112502088,0.9578469577521656,882.0,1266.0,384.0,1266.0,1598.7142857142858,0.7341853952753663,45.0,448.0,389.0,882.0,0.7858581178608979,0.49206349206349204,3498.0,7924.0,4.960499767370634,14.128394392848012,35940.3,28660.26,-49.05249276110203,40.21895768384278,0.49445886650918325,0,17771,-8990.0,-16.52239436878572,52584.6,-564.6,0,0,1,0,0,0,0,0,112682.0,112337.0,0.09177254664361957,0
2023-07-10,112969.0,113184.0,111805.0,112504.0,23298,11454,112234.0,786335.46,SILVER,2023-08-05,109942.1,107383.65,98862.22,82901.22,109489.93595045831,105804.50130851028,81.04845973698433,3685.434641948028,3608.296610479656,77.13803146837199,113437.06313988347,101330.23686011652,107383.65,12106.826279766945,0.9229308228001246,1379.0,950.0,429.0,1379.0,1539.642857142857,0.2405688115900695,465.0,215.0,699.0,1379.0,1.2257341961174715,0.5068890500362582,3426.0,7258.0,4.768277107362253,13.798779756311358,36140.5,28349.5,31.101232344831466,47.51639599180064,0.6446507380916147,0,23298,-33967.0,-74.78258955108869,49233.5,-1359.8,0,0,1,0,0,0,0,0,113184.0,112537.0,0.02933229040745218,0
2023-07-11,111535.0,112757.0,111415.0,111945.0,19340,27522,112504.0,649504.89,SILVER,2023-08-05,110530.1,107735.15,99359.38,83085.17,109867.63811192625,106259.35306343544,76.64239978949215,3608.285048490812,3608.294298081887,-0.009249591074876662,113997.80012930739,101472.4998706926,107735.15,12525.300258614792,0.8361077110390633,1342.0,253.0,1089.0,1342.0,1570.2142857142858,-0.496871222356543,410.0,812.0,120.0,1342.0,1.1988029836080218,0.3949329359165425,818.0,5880.0,3.9075919047776013,12.666765835294056,36676.45,28196.8,-16.98858271096232,33.24253416603357,0.5273138485322326,0,0,16068.0,140.28287061288634,47495.4,-7362.2,0,0,1,0,1,0,0,0,113184.0,111647.0,-0.26620215284291393,0
2023-07-12,111988.0,112610.0,111786.0,112224.0,38356,48575,111945.0,1291339.12,SILVER,2023-08-05,110872.7,108149.1,99820.38,83270.665,110230.15532547605,106701.17876244022,77.03914468011726,3528.9765630358306,3592.430751072676,-63.45418803684515,114451.24970508255,101846.95029491746,108149.1,12604.299410165084,0.823294446394512,824.0,665.0,159.0,824.0,1604.5,0.24922953235964052,236.0,386.0,202.0,824.0,0.7342457941260336,0.5315533980582524,1195.0,3426.0,3.767853824026269,12.425939472480465,36722.15,28569.8,98.32471561530507,43.86041858893587,1.0444922206352296,0,38356,21053.0,76.49516750236174,46612.55,-2478.8,1,0,1,0,1,0,0,0,113184.0,113239.0,0.904441117764471,1
2023-07-13,114003.0,114630.0,112618.0,113663.0,11351,13192,112224.0,387056.61,SILVER,2023-08-05,111395.6,108611.4,100313.4,83461.905,110758.28527540281,107216.86922448169,91.0399297937692,3541.4160509211215,3582.227811042365,-40.811760121243424,115114.13268549126,102108.66731450873,108611.4,13005.465370982536,0.8884213179538356,2012.0,2406.0,394.0,2406.0,1581.9285714285713,1.2822569147419527,340.0,627.0,1045.0,2012.0,1.7701450779937182,0.5193836978131213,2247.0,5229.0,4.651077142915022,13.307893063140124,35954.75,28577.34,-70.40619459797685,39.304146360853835,0.3157023759030448,0,11351,-35383.0,-72.84199691199176,44551.15,-8243.8,0,0,1,0,0,0,0,0,114630.0,111272.0,-2.1035869192261334,0
2023-07-14,112754.0,113406.0,111353.0,112337.0,8838,65268,113663.0,297850.32,SILVER,2023-08-05,111755.7,109030.05,100795.94,83653.855,111001.16446380239,107596.13817081638,80.08485362749258,3405.0262929860037,3546.7875074310928,-141.76121444508908,115348.48903024764,102711.61096975236,109030.05,12636.878060495277,0.7616904257656806,2053.0,257.0,2310.0,2310.0,1610.0714285714287,-1.1666065474252862,417.0,652.0,984.0,2053.0,1.8275367866330772,0.47929858743302484,103.0,3601.0,3.033062903300509,11.449925463267665,36029.3,28435.54,-22.139018588670602,34.56100500183217,0.24530035276844123,0,0,52076.0,394.75439660400247,45429.05,3969.4,0,0,1,0,1,0,0,0,114630.0,110575.0,-1.568494796905739,0
2023-07-17,112513.0,113130.0,112125.0,112537.0,6973,20402,112337.0,235416.15,SILVER,2023-08-05,112101.6,109455.75,101310.18,83852.47,111237.44685398662,107962.1279359411,78.98083467669711,3275.318918045523,3492.493789553979,-217.1748715084559,115494.8581556633,103416.6418443367,109455.75,12078.2163113266,0.7551080325586232,1005.0,793.0,212.0,1005.0,1582.0,0.17803573177137544,24.0,593.0,388.0,1005.0,0.8930396225241477,0.4099502487562189,33.0,3459.0,2.815064535211718,11.081630691012501,34653.65,28050.74,-21.102059289431995,38.21544005311603,0.2012197849288603,0,6973,-44866.0,-68.7411901697616,43924.25,1789.6,0,0,1,0,0,0,0,0,114630.0,111087.0,-1.2884651270248897,0
2023-07-18,111371.0,111840.0,111371.0,111647.0,15247,46527,112537.0,510684.54,SILVER,2023-08-05,112153.6,109757.6,101820.9,84043.37,111300.45503029638,108235.08142216768,65.27941649683578,3065.3736081286916,3407.0697532689214,-341.6961451402299,115587.21486134277,103927.98513865724,109757.6,11659.22972268553,0.6620518717736354,469.0,697.0,1166.0,1166.0,1441.9285714285713,-0.7908510090014809,276.0,193.0,0.0,469.0,0.4200739831791271,0.5884861407249466,-298.0,520.0,1.7214297688724918,9.650376297989908,34310.5,28216.68,118.65767962139682,50.841131234560564,0.44438291485113884,0,0,26125.0,128.05117145377903,44186.45,3801.0,0,0,0,0,1,0,0,0,114630.0,113158.0,1.3533726835472515,1
2023-07-19,113714.0,114078.0,112055.0,113239.0,36655,62181,111647.0,1245232.66,SILVER,2023-08-05,112374.6,110126.05,102363.7,84241.4,111598.69271794308,108605.74205756267,72.77035352099327,2992.950660380404,3324.2459346912183,-331.2952743108144,115851.66279551982,104400.43720448019,110126.05,11451.225591039634,0.7718442646379983,2023.0,2431.0,408.0,2431.0,1549.2857142857142,1.4259227744587877,475.0,364.0,1184.0,2023.0,1.7864869876985843,0.5852694018783984,1015.0,2210.0,2.8267153865956303,10.624176343762489,34902.9,28460.24,140.4079491047419,72.79193096752984,1.0501992671096099,0,36655,15654.0,33.644980333999605,43487.05,2721.2,1,0,1,0,1,0,0,0,114630.0,113097.0,-0.1253984934519026,0
2023-07-20,111627.0,111742.0,110874.0,111272.0,11683,37002,113239.0,389997.23,SILVER,2023-08-05,112360.2,110392.05,102830.32,84430.285,111548.43229979799,108803.24264589135,60.379829731499676,2745.1896539066365,3208.4346785343023,-463.24502462766577,115785.86589268863,104998.23410731138,110392.05,10787.631785377249,0.5815702665336407,868.0,1497.0,2365.0,2365.0,1635.4285714285713,-1.7370340607034684,355.0,115.0,398.0,868.0,0.7800704579768495,0.45852534562211983,-2391.0,-144.0,0.7971135602609039,8.209329699645,32910.7,28385.68,-68.12713135997818,14.067609737815298,0.3549909300014889,0,0,-25179.0,-40.49307666328943,41714.3,4762.0,0,0,0,0,0,0,0,0,114078.0,112393.0,1.0074412251060463,1
2023-07-21,110725.0,111451.0,110091.0,110575.0,16244,22460,111272.0,538854.09,SILVER,2023-08-05,112194.3,110705.3,103293.12,84615.505,111398.67348444444,108934.48393138089,55.954180256145094,2464.189553063552,3059.5856534401523,-595.3961003766003,115276.89569516049,106133.70430483951,110705.3,9143.191390320979,0.48574895849408345,1360.0,179.0,1181.0,1360.0,1635.2857142857142,-0.6263929829606774,150.0,726.0,484.0,1360.0,1.2299344336423241,0.3558823529411765,-1762.0,-1659.0,-0.11769987525439424,7.049724124898159,30698.05,28176.66,39.03963023196098,22.8768220371216,0.5291541319399766,0,0,-14542.0,-39.30057834711638,41038.9,-8561.6,0,0,0,0,0,0,0,0,114078.0,114911.0,3.9213203707890574,1
2023-07-24,110907.0,111230.0,110901.0,111087.0,34058,40482,110575.0,1135020.31,SILVER,2023-08-05,112052.6,110997.35,103761.16,84801.695,111350.72371760683,109093.92956609343,49.818742069965566,2256.7941515134007,2899.027353054802,-642.2332015414013,114778.42304596954,107216.27695403047,110997.35,7562.1460919390665,0.5118551002466822,329.0,655.0,326.0,655.0,1455.857142857143,0.4630341397241722,180.0,143.0,6.0,329.0,0.29616426764607917,0.5653495440729484,-1450.0,-1417.0,0.08076769400350024,7.060291153260041,30642.7,28402.4,109.66510711647376,30.73320951428583,1.1114555832221051,0,34058,18022.0,80.24042742653606,39437.6,4016.0,1,0,0,0,1,0,0,0,114078.0,113013.0,1.7337762294417889,1
2023-07-25,113147.0,113727.0,111911.0,113158.0,33371,26447,111087.0,1132858.69,SILVER,2023-08-05,112173.9,111352.0,104270.52,85000.455,111628.76622259039,109394.97182045688,58.18405473975551,2233.7944021335134,2765.980762870545,-532.1863607370315,114454.90994153444,108249.09005846556,111352.0,6205.819883068878,0.7910171474565749,1816.0,2640.0,824.0,2640.0,1583.2142857142858,1.8643045540882364,11.0,569.0,1236.0,1816.0,1.6048357164318916,0.6866740088105727,1511.0,1213.0,1.6218837560169552,8.523482955681045,28342.0,28884.34,-2.017147219449178,32.23035306343714,1.1774398419307035,0,33371,-14035.0,-34.66972975643496,37098.95,-4016.0,0,0,0,0,0,0,0,0,114078.0,110179.0,-2.6326022022305096,0
2023-07-26,113061.0,113320.0,112754.0,113097.0,8822,58228,113158.0,299322.52,SILVER,2023-08-05,112261.2,111566.95,104753.74,85202.125,111854.64834219188,109669.19613005267,56.628026180900555,2185.4522121392074,2649.8750527242773,-464.42284058506993,114516.75024123128,108617.14975876872,111566.95,5899.600482462556,0.7593480701868381,566.0,162.0,404.0,566.0,1551.0714285714287,-0.053906926598212834,36.0,223.0,307.0,566.0,0.5004553613270025,0.6060070671378092,-142.0,873.0,1.3714186862686513,7.964641644298327,25125.6,28819.88,-73.5638728237092,15.041494219535718,0.35111599324991244,0,0,31781.0,120.1686391651227,39223.45,-790.6,0,0,0,0,1,0,0,0,113727.0,110771.0,-2.0566416438986006,0
2023-07-27,112468.0,112973.0,111708.0,112393.0,33878,60126,113097.0,1142295.02,SILVER,2023-08-05,112134.2,111764.9,105169.26,85399.345,111937.47167416236,109870.9593796784,50.63260921460969,2066.512294483953,2533.2025010762127,-466.6902065922595,114336.59105945357,109193.20894054642,111764.9,5143.382118907146,0.6221180899025762,1265.0,124.0,1389.0,1389.0,1559.857142857143,-0.6224745130286369,75.0,505.0,685.0,1265.0,1.1255149342040873,0.541501976284585,1121.0,-1270.0,0.561983234450177,6.868680068681672,24070.65,28803.16,284.0172296531399,50.4838366446474,1.4074401812996324,0,0,1898.0,3.259600192347323,41574.85,4624.8,0,0,0,0,1,0,0,0,113727.0,110150.0,-1.9956758872883542,0
2023-07-28,115244.0,115781.0,114545.0,114911.0,10914,30545,112393.0,376241.6,SILVER,2023-08-05,112391.6,112073.65,105646.0,85613.195,112394.93757044508,110244.29572192444,58.1235234559568,2150.6418485206377,2456.690370565098,-306.04852204446024,114596.46190445771,109550.83809554228,112073.65,5045.623808915436,1.0623387924772574,1236.0,3388.0,2152.0,3388.0,1703.357142857143,2.240353046897936,333.0,537.0,366.0,1236.0,1.0756150412058028,0.2961165048543689,4336.0,2574.0,2.5316834064028484,8.769854040853415,21172.25,28233.72,-67.78440285731153,45.91929821778331,0.5154860725714083,0,10914,-29581.0,-49.19835013139075,40689.9,1617.0,0,0,0,0,0,0,0,0,115781.0,108872.0,-5.255371548415731,0
2023-07-31,113212.0,113266.0,112700.0,113013.0,23164,65114,114911.0,785349.94,SILVER,2023-08-05,112439.2,112270.4,106094.68,85815.735,112490.02409806891,110449.38492770781,53.30568280302092,2040.6391703611007,2373.4801305242986,-332.8409601631979,114391.27384175533,110149.52615824465,112270.4,4241.747683510679,0.675069347685809,566.0,1645.0,2211.0,2211.0,1765.4285714285713,-1.6517130648937006,199.0,54.0,313.0,566.0,0.5008273384477891,0.5530035335689046,1926.0,476.0,0.6614388120110073,6.520892470762914,20871.75,28425.76,112.24115814550117,59.25361996127663,1.1098254818115396,0,0,34569.0,113.17400556555901,43032.95,4926.4,0,0,0,0,1,0,0,0,115781.0,109799.0,-2.8439206109031705,0
2023-08-01,109942.0,110858.0,109913.0,110179.0,32180,67801,113013.0,1063668.07,SILVER,2023-08-05,112292.4,112223.0,106464.06,86011.13,112134.48192913523,110429.35641454427,44.53471591212785,1705.1255145909672,2239.8092073376324,-534.6836927466652,114488.88697632607,109957.11302367393,112223.0,4531.773952652147,0.04896249871338306,945.0,2155.0,3100.0,3100.0,1928.0,-2.5076761080583654,237.0,679.0,29.0,945.0,0.8576952050753773,0.2814814814814815,-2979.0,-1468.0,-1.8213735152330628,3.4893841170438202,21132.9,28414.18,38.92246589535486,51.28009858867242,1.52274415721458,1,0,2687.0,4.1266087170193755,43206.35,8270.8,0,0,0,1,1,1,0,0,115781.0,110137.0,-0.038119786892238994,0
2023-08-02,111076.0,111572.0,109636.0,110771.0,8688,23890,110179.0,288713.53,SILVER,2023-08-05,112045.6,112210.1,106830.18,86205.1,111924.71547849904,110454.66334680024,41.90460194827007,1470.0521316988015,2085.857792209866,-615.8056605110646,114507.32935179475,109912.87064820527,112210.1,4594.45870358948,0.1867748536131818,1936.0,1393.0,543.0,1936.0,1894.4285714285713,0.5373074723858506,305.0,496.0,1135.0,1936.0,1.7477498623285879,0.5862603305785123,-2326.0,-2468.0,-1.2825048725560406,3.6888639521154105,21285.6,28247.42,-73.00186451211933,29.939117226986305,0.40816326530612246,0,8688,-43911.0,-64.7645314965856,41352.4,-6867.6,0,0,0,0,0,1,0,0,115781.0,109441.0,-1.2006752669922633,0
2023-08-03,110219.0,110838.0,109752.0,110150.0,19683,62482,110771.0,650424.74,SILVER,2023-08-05,111933.4,112146.8,107143.18,86393.875,111651.68232796072,110432.0956914817,43.6265081307921,1219.5866364790127,1912.6035610636957,-693.016924584683,114600.5952215872,109693.00477841281,112146.8,4907.590443174384,0.0931200814083398,1086.0,67.0,1019.0,1086.0,1807.0,-0.5606160457159337,69.0,619.0,398.0,1086.0,0.9859282796187018,0.3664825046040516,-2243.0,-1122.0,-1.7805233854198272,2.806356876844618,20525.7,27909.3,126.55386740331491,49.40721710331561,0.9589441529399728,0,0,38592.0,161.54039347007117,41755.95,471.2,0,0,0,0,1,1,0,0,115781.0,107845.0,-2.0926009986382206,0
2023-08-04,109021.0,109637.0,108335.0,108872.0,18080,73397,110150.0,590521.73,SILVER,2023-08-05,111763.1,111978.7,107417.26,86575.08,111224.03889288983,110316.53304766826,39.950644365231696,907.5058452215744,1711.5840178952717,-804.0781726736973,114834.97052382535,109122.42947617464,111978.7,5712.5410476507095,-0.043838542968130056,1302.0,513.0,1815.0,1815.0,1864.857142857143,-1.1602360417612312,149.0,616.0,537.0,1302.0,1.1958997722095672,0.41244239631336405,-6039.0,-1703.0,-2.774366910850007,1.3542888731289602,20541.15,27536.14,-8.144083727074126,44.6888457074121,0.8801844103178253,0,0,10915.0,17.469031080951325,43154.75,8570.4,0,0,0,0,1,1,0,0,113266.0,108972.0,0.09185098096847674,0
2023-08-07,110122.0,110482.0,108778.0,109799.0,35953,11740,108872.0,1184281.03,SILVER,2023-08-05,111634.3,111843.45,107717.36,86756.64,111004.80214013754,110278.1972663595,44.9430823117338,726.6048737780511,1514.5881890718276,-787.9833152937765,114847.3470109912,108839.5529890088,111843.45,6007.794021982409,0.1597003837815691,1704.0,1610.0,94.0,1704.0,1903.2857142857142,0.8514585935777808,323.0,360.0,1021.0,1704.0,1.551926702428984,0.5991784037558685,-3214.0,-1288.0,-1.8279568450365196,1.932501873421331,21173.9,27618.32,98.85508849557523,43.60784384532225,1.6979866722710506,1,35953,-61657.0,-84.00479583634208,43169.05,-10674.8,0,0,0,1,0,1,0,0,111572.0,109826.0,0.0245903878906001,0
2023-08-08,109892.0,110261.0,109892.0,110137.0,14916,40121,109799.0,492841.05,SILVER,2023-08-05,111332.2,111753.05,108010.66,86932.585,110871.29411857792,110267.73820959212,40.886120578211305,603.5559089857998,1332.3817330546221,-728.8258240688224,114851.41469431177,108654.68530568824,111753.05,6196.7293886235275,0.23920920236296225,369.0,462.0,93.0,462.0,1762.642857142857,0.3078352261860262,245.0,124.0,0.0,369.0,0.33503727176153336,0.6639566395663956,-42.0,-3021.0,-1.4460902856790063,1.968639021370665,20952.7,27347.7,-58.51250243373293,37.95830832389387,0.7118891598696111,0,14916,28381.0,241.74616695059626,43799.0,-5536.0,1,0,0,0,1,0,0,0,111572.0,109725.0,-0.37407955546274185,0
2023-08-09,109433.0,110026.0,108085.0,109441.0,34677,21218,110137.0,1138525.67,SILVER,2023-08-05,110966.6,111613.9,108264.74,87100.495,110651.24886956593,110206.49834221492,44.18619419571982,444.75052735100326,1154.8554919138985,-710.1049645628952,114869.20756247792,108358.59243752206,111613.9,6510.615124955861,0.16625273368240676,1941.0,111.0,2052.0,2052.0,1740.2857142857142,-0.6319402199079338,8.0,585.0,1348.0,1941.0,1.7735583556436803,0.6986089644513137,-1330.0,-3656.0,-1.9468005329085305,1.086466378619664,20768.75,27443.66,132.48189863234109,58.56288546949891,1.669671983147758,1,0,-18903.0,-47.11497719398818,42431.15,-534.4,0,0,0,1,0,1,0,0,110838.0,112137.0,2.463427783006369,1
2023-08-10,107730.0,108513.0,107282.0,107845.0,32360,44722,109441.0,1046959.26,SILVER,2023-08-05,110511.8,111323.0,108467.84,87268.375,110219.51827424808,110031.57253908788,41.79983179142136,187.94573516020318,961.4735405631594,-773.5278054029562,114836.85887743608,107809.14112256392,111323.0,7027.717754872167,0.005102492542649864,1231.0,928.0,2159.0,2159.0,1797.357142857143,-1.4583200080408587,115.0,668.0,448.0,1231.0,1.141453011266169,0.45735174654752236,-2305.0,-4548.0,-3.124242070371801,-0.5742162838312227,21819.2,27751.54,-6.681662196845172,29.492996284500396,1.4830974554520788,0,0,23504.0,110.77387124139881,44007.65,-3552.0,0,0,0,0,1,1,0,0,110482.0,110773.0,2.715007649867866,1
2023-08-11,108630.0,109266.0,108630.0,108972.0,18453,59431,107845.0,603258.09,SILVER,2023-08-05,109917.9,111154.75,108681.42,87447.29,110027.59238590223,109953.08568434064,43.87347198887666,74.50670156159322,784.0801727628462,-709.573471201253,114784.5118814186,107524.9881185814,111154.75,7259.523762837198,0.19932600659372615,636.0,1421.0,785.0,1421.0,1852.0714285714287,1.0450183133200452,342.0,294.0,0.0,636.0,0.5836361634181257,0.5377358490566038,100.0,-5939.0,-1.9637037553500862,0.26736860817608177,22299.95,27665.96,-42.975896168108775,31.973846953420672,0.8274906445978578,0,18453,14709.0,32.889852868834126,43715.8,-2793.2,1,0,0,0,1,1,0,0,110482.0,108846.0,-0.11562603237528907,0
2023-08-14,109902.0,110075.0,109683.0,109826.0,27703,61543,108972.0,912752.9,SILVER,2023-08-05,109599.2,111019.2,108887.02,87633.03,109996.5781726865,109943.67192994503,39.616055846422334,52.90624274146103,637.8453867585692,-584.9391440171082,114634.0683953637,107404.33160463629,111019.2,7229.7367907274165,0.334959413525213,392.0,1103.0,711.0,1103.0,1742.2857142857142,0.7836875527658549,76.0,173.0,143.0,392.0,0.35692823193050827,0.3647959183673469,27.0,-3187.0,-1.074769048957295,0.8623433720566472,23336.45,28014.24,50.127350566303576,25.762466195500913,1.1871128642102804,0,27703,2112.0,3.5537009304908107,45772.85,9960.6,1,0,0,0,1,0,0,0,110261.0,107997.0,-1.6653615719410704,0
2023-08-15,110276.0,110276.0,109203.0,109725.0,13640,52000,109826.0,448994.7,SILVER,2023-08-05,109553.8,110923.1,109062.8,87818.055,109954.79691535012,109927.47400920837,39.517532952001986,27.322906141751446,515.7408906352057,-488.41798449345424,114569.74707714815,107276.45292285187,110923.1,7293.29415429628,0.3357258085779746,1073.0,450.0,623.0,1073.0,1778.5,-0.09196365159434006,551.0,0.0,522.0,1073.0,0.9778992936887674,0.4864864864864865,-412.0,-454.0,-1.0801176671045127,0.60717311493928,23256.1,27786.8,-50.763455221456155,16.79387408381981,0.5865127858927336,0,0,-9543.0,-15.506231415433113,46046.5,2375.8,0,0,0,0,0,0,0,0,110276.0,107964.0,-1.6049213943950784,0
2023-08-16,111725.0,112681.0,111609.0,112137.0,34263,40921,109725.0,1152645.01,SILVER,2023-08-05,109690.4,110868.0,109253.56,88012.84,110290.52046683471,110091.14260111885,49.280575539568346,199.37786571586912,452.4682856513384,-253.0904199354693,114398.77018584798,107337.22981415202,110868.0,7061.54037169597,0.6797058337422242,1072.0,2956.0,1884.0,2956.0,1890.4285714285713,2.198222829801777,412.0,544.0,116.0,1072.0,0.9559734967049235,0.4925373134328358,2696.0,1366.0,1.14460439441498,2.6392183467522727,23136.5,27995.82,151.1950146627566,39.2135620013074,1.4809067922978842,0,34263,-11079.0,-21.305769230769233,44983.5,3940.6,0,0,0,0,0,0,0,0,112681.0,108296.0,-3.4252744410854583,0
2023-08-17,110766.0,111258.0,110169.0,110773.0,37849,40614,112137.0,1257794.18,SILVER,2023-08-05,109752.7,110843.05,109400.98,88203.79,110364.74808732168,110141.65055659151,37.56461113114557,223.09753073017055,406.59413466710487,-183.49660393693432,114368.84860158763,107317.25139841238,110843.05,7051.597203175246,0.49006608035290783,1089.0,879.0,1968.0,1968.0,1789.0,-1.2163692625984268,7.0,485.0,597.0,1089.0,0.9830915475792839,0.5546372819100092,2928.0,623.0,-0.063197467049132,1.2541203927058096,24444.8,28190.96,10.466100458220229,27.604785306797936,1.5483456604267574,1,0,-307.0,-0.7502260453068121,45164.1,-821.6,0,0,0,1,0,0,0,0,112681.0,108017.0,-2.487970895434808,0
2023-08-18,108985.0,110296.0,107782.0,108846.0,21078,71189,110773.0,688276.8,SILVER,2023-08-05,109750.1,110756.6,109513.4,88384.215,110131.09453542603,110045.67644128845,37.49925001499971,85.41809413758165,342.35892656120024,-256.9408324236186,114393.12091688707,107120.07908311294,110756.6,7273.0418337741285,0.23730386217116575,2514.0,477.0,2991.0,2991.0,1844.7142857142858,-1.7395935832739018,139.0,1311.0,1064.0,2514.0,2.309685243371369,0.4232299124900557,-126.0,-26.0,-1.725043925147581,-0.6094231390861704,24686.5,28010.42,-44.310285608602605,23.98816511864509,0.853826990460373,0,0,30575.0,75.28192248978185,47600.55,2351.6,0,0,0,0,1,0,0,0,112681.0,108486.0,-0.330742516950554,0
2023-08-21,108023.0,108186.0,107807.0,107997.0,70957,27601,108846.0,2298942.94,SILVER,2023-08-05,109569.9,110602.1,109604.82,88563.485,109802.77229920664,109893.92263082265,42.56913227080779,-91.15033161600877,255.65707492575842,-346.8074065417672,114436.68427857355,106767.51572142646,110602.1,7669.168557147088,0.1603151983702003,379.0,660.0,1039.0,1039.0,1697.5,-0.7800011024750586,26.0,163.0,190.0,379.0,0.3509356741390965,0.5013192612137203,-1829.0,-1802.0,-2.355380232382573,-1.4669245385376364,26531.45,29043.68,236.6400986810893,37.766666137196495,2.6744486260645384,1,0,-43588.0,-61.22856059222632,46956.5,-6788.4,0,0,0,1,0,1,0,0,112681.0,106940.0,-0.9787308906728891,0
2023-08-22,107940.0,108474.0,107143.0,107964.0,51340,30514,107997.0,1662861.53,SILVER,2023-08-05,109352.6,110342.4,109665.8,88745.055,109519.88425317485,109750.96539890986,40.06230970756922,-231.08114573500643,158.30943079360546,-389.39057652861186,114151.5921729595,106533.20782704049,110342.4,7618.38434591901,0.18780782223542616,1331.0,477.0,854.0,1331.0,1654.2857142857142,-0.03055640434456164,24.0,510.0,797.0,1331.0,1.2328183468563596,0.6168294515401953,-1761.0,-2173.0,-2.1554724203932434,-1.5518055765790273,27429.9,29898.06,-27.64632101131671,40.853284279438114,1.8716801738249136,1,0,2913.0,10.553965436034929,47159.85,-4297.2,0,0,0,1,1,1,0,0,112681.0,108780.0,0.7558074913860175,1
2023-08-23,108015.0,108510.0,107992.0,108296.0,31025,77612,107964.0,1007965.02,SILVER,2023-08-05,109238.1,110102.35,109752.82,88934.015,109331.59436807103,109643.1901841758,43.29911811478965,-311.59581610476016,64.32838141393233,-375.9241975186925,113783.58807977827,106421.11192022174,110102.35,7362.476159556536,0.2546545535967063,518.0,546.0,28.0,546.0,1615.7142857142858,0.3075099107109791,281.0,214.0,23.0,518.0,0.4783186821304573,0.5868725868725869,-3841.0,-1145.0,-1.6406098507434272,-1.3273645269433687,28540.05,29769.72,-39.56953642384106,23.648140773819904,1.0870688733902008,0,31025,47098.0,154.34882349085663,48129.05,7338.2,1,0,0,0,1,0,0,0,111258.0,108701.0,0.37397503139543475,0
2023-08-24,108067.0,108384.0,107034.0,108017.0,52315,26292,108296.0,1695272.81,SILVER,2023-08-05,109255.3,109883.55,109824.82,89125.255,109129.34908067549,109522.73165201463,46.66926373198286,-393.3825713391416,-27.213809136682457,-366.1687622024591,113511.33253134698,106255.76746865302,109883.55,7255.5650626939605,0.24274229727505733,1350.0,88.0,1262.0,1350.0,1582.5,-0.2576272438501892,50.0,317.0,983.0,1350.0,1.2498032717072312,0.7281481481481481,-2756.0,172.0,-1.69866190162222,-1.6460942071200362,29461.9,30282.04,68.62207896857373,31.178514890361793,1.7756831704676208,1,0,-51320.0,-66.12379528938823,46437.35,-2864.4,0,0,0,1,0,0,0,0,110296.0,110151.0,1.9756149494986899,1
2023-08-25,108322.0,109725.0,107896.0,108486.0,98120,41510,108017.0,3193393.9,SILVER,2023-08-05,109206.7,109562.3,109915.26,89324.195,109030.3722990331,109445.93671482836,44.695806738304924,-415.5644157952629,-104.88393046839855,-310.68048532686436,112358.07463891285,106766.52536108716,109562.3,5591.5492778256885,0.3075130976188894,1829.0,1708.0,121.0,1829.0,1591.4285714285713,0.43419091439309554,164.0,1239.0,426.0,1829.0,1.6859318253046478,0.3225806451612903,-360.0,-486.0,-0.9823634589635329,-1.3003289989033324,33822.2,32097.5,87.55615024371595,44.231719531544265,2.901053154437027,1,98120,15218.0,57.880724174653885,46985.6,-5935.8,1,0,0,1,1,0,0,0,109725.0,110618.0,1.9652305366591083,1
2023-08-28,106472.0,107458.0,106472.0,106940.0,90397,38000,108486.0,2900116.55,SILVER,2023-08-05,108918.1,109258.65,109973.6,89519.195,108708.7765607203,109260.31177298923,38.23334560176666,-551.5352122689219,-194.21418682850322,-357.3210254404187,111782.33780077858,106734.96219922141,109258.65,5047.375601557171,0.04062265560647692,986.0,1028.0,2014.0,2014.0,1702.2857142857142,-1.4250686724554318,468.0,518.0,0.0,986.0,0.9220123433701142,0.4746450304259635,-1057.0,-2886.0,-2.1221660710616455,-2.758480217070284,37183.85,33215.72,-7.87097431716266,38.43188704319764,2.4310823112722324,1,0,-3510.0,-8.455793784630206,45629.9,2079.8,0,0,0,1,0,1,0,0,109725.0,111233.0,4.0144005984664295,1
2023-08-29,109040.0,109040.0,108646.0,108780.0,85225,40383,106940.0,2781232.65,SILVER,2023-08-05,108823.6,109188.7,110037.0,89719.1,108719.73401291718,109224.73312313817,47.75612736777786,-504.9991102209897,-256.37117150700055,-248.62793871398912,111682.35308860814,106695.04691139185,109188.7,4987.306177216291,0.4180519532032989,394.0,2100.0,1706.0,2100.0,1705.7142857142858,1.7205909855994017,260.0,0.0,134.0,394.0,0.36219893362750505,0.3401015228426396,816.0,-945.0,-0.37430613241113514,-1.142343030071703,39836.1,34478.02,-5.721428808478157,42.93608968449544,2.1393911552586724,1,85225,2383.0,6.271052631578944,44259.0,1973.8,1,0,0,1,1,0,0,0,109725.0,112000.0,2.9601029601029603,1
2023-08-30,108909.0,109380.0,107815.0,108701.0,63917,21785,108780.0,2084352.55,SILVER,2023-08-05,108480.0,109085.2,110093.62,89922.3,108716.85185708376,109185.93807697979,53.23947926127763,-469.086219896024,-298.9141811848053,-170.1720387112187,111471.86846417843,106698.53153582156,109085.2,4773.336928356875,0.41951123380426236,1565.0,600.0,965.0,1565.0,1663.2857142857142,-0.07262364405221655,208.0,471.0,886.0,1565.0,1.439729165325066,0.5661341853035143,405.0,-3436.0,-0.35220176522571084,-1.2649416015205925,42597.55,35260.22,-25.00205338809035,25.316382879410746,1.500485356552196,1,0,-18598.0,-46.05403263749598,44153.75,-11165.4,0,0,0,1,0,0,0,0,109725.0,112612.0,3.5979429812053243,1
2023-08-31,110163.0,110556.0,109099.0,110151.0,50917,50910,108701.0,1682567.54,SILVER,2023-08-05,108417.8,109085.25,110177.6,90122.05,108937.49003291702,109257.42414535164,54.35537495382342,-319.9341124346247,-303.1181674347692,-16.815944999855503,111472.01242947344,106698.48757052656,109085.25,4773.524858946883,0.7232626898344302,1457.0,1855.0,398.0,1855.0,1694.2857142857142,1.3339343704289686,12.0,393.0,1052.0,1457.0,1.3227297074016577,0.7220315717227179,2134.0,-622.0,0.976988181261903,-0.024142838471709147,44159.25,35248.02,-20.33887698108484,22.23588513548024,1.1530313580959821,0,50917,29125.0,133.69290796419554,43575.15,4923.6,1,0,0,0,1,0,0,0,110556.0,113484.0,3.025846338208459,1
2023-09-01,110668.0,111656.0,109658.0,110618.0,10813,49028,110151.0,358833.73,SILVER,2023-10-05,108595.0,109172.55,110303.76,90322.015,109196.03002785286,109358.20754199226,53.01186492242166,-162.17751413940277,-274.93003677569595,112.75252263629318,111652.38178334606,106692.71821665394,109172.55,4959.663566692121,0.7914411392150232,1998.0,1505.0,493.0,1998.0,1758.2142857142858,0.42396346832984655,50.0,988.0,960.0,1998.0,1.8062159865483012,0.4804804804804805,2132.0,1772.0,1.3240049811055956,0.2848860274572737,43795.9,34254.34,-78.76347781683917,18.790565914656582,0.24689525731860745,0,10813,-1882.0,-3.6967197014339037,42356.7,1503.6,0,0,0,0,0,0,1,0,111656.0,115282.0,4.216311992623262,1
2023-09-04,111472.0,111842.0,110691.0,111233.0,39269,34855,110618.0,1310402.6,SILVER,2023-10-05,108918.6,109244.25,110423.5,90524.195,109509.4100235678,109497.08105740024,55.51895769287074,12.32896616756625,-217.47823618704354,229.80720235460979,111878.46350491619,106610.03649508381,109244.25,5268.427009832376,0.8774845881490679,1151.0,1224.0,73.0,1224.0,1769.0,0.5559673832468581,239.0,370.0,542.0,1151.0,1.034764862945349,0.47089487402258906,4293.0,3236.0,1.8204619465097704,0.7330867070868067,43961.7,34336.42,263.16470914639785,21.443026961187435,0.8932548104372671,0,39269,-14173.0,-28.90797095537244,43512.45,-629.0,0,0,0,0,0,0,0,0,111842.0,115573.0,3.9017198133647386,1
2023-09-05,112050.0,112314.0,111599.0,112000.0,21498,34281,111233.0,722332.8,SILVER,2023-10-05,109322.2,109337.4,110542.2,90733.635,109892.57771224968,109682.48246055577,49.42997420321212,210.09525169391418,-131.963538610852,342.05879030476615,112224.18480046914,106450.61519953085,109337.4,5773.5696009382955,0.9611705035247677,715.0,1081.0,366.0,1081.0,1635.0714285714287,0.689543570702944,50.0,264.0,401.0,715.0,0.6383928571428572,0.5608391608391609,3220.0,4036.0,2.4352142999559216,1.3187723783315357,44290.8,33178.68,-45.254526471262324,19.682206415192873,0.48538296892356875,0,21498,-574.0,-1.646822550566629,43220.45,-1220.4,0,0,0,0,0,0,0,0,112314.0,116558.0,4.069642857142857,1
2023-09-06,112815.0,113181.0,111892.0,112612.0,30989,14841,112000.0,1046919.98,SILVER,2023-10-05,109753.8,109495.95,110618.48,90943.165,110310.95037190357,109899.48375977387,58.16245006657789,411.466612129705,-23.277508462740585,434.7441205924456,112733.68022997817,106258.21977002182,109495.95,6475.460459956346,0.9812090227821435,1289.0,1181.0,108.0,1289.0,1586.5714285714287,0.5464285714285699,203.0,366.0,720.0,1289.0,1.144638226831954,0.5585725368502715,3911.0,4316.0,2.8458130186550306,1.8021581927359733,44106.4,32335.46,44.1482928644525,28.053989344022234,0.70259644858796,0,30989,-19440.0,-56.70779732213179,42901.6,-1388.8,0,0,0,0,0,0,0,0,113181.0,116462.0,3.4188185983731754,1
2023-09-07,113417.0,114647.0,113040.0,113484.0,30568,70155,112612.0,1040693.67,SILVER,2023-10-05,110300.5,109777.9,110719.48,91159.325,110799.11185314917,110165.0034812721,72.71302644466209,634.1083718770678,108.19966760522111,525.9087042718468,113372.71356811211,106183.08643188787,109777.9,7189.6271362242405,1.0154787487277581,1607.0,2035.0,428.0,2035.0,1518.2857142857142,0.7743402124107623,67.0,1163.0,377.0,1607.0,1.4160586514398505,0.2762912258867455,3333.0,5467.0,3.375998265588981,2.496868663039245,44016.8,31847.28,-1.3585465810448838,21.055926789060372,0.6944621144653859,0,30568,55314.0,372.7107337780473,44173.25,3849.0,1,0,1,0,1,0,0,0,114647.0,118460.0,4.384759084981143,1
2023-09-08,115585.0,115585.0,115142.0,115282.0,6041,36918,113484.0,208925.57,SILVER,2023-10-05,110980.1,110093.4,110850.4,91383.875,111488.78695266468,110544.04026043712,82.64181378259701,944.7466922275635,275.5090725296896,669.2376196978739,114422.92139812838,105763.8786018716,110093.4,8659.042796256777,1.0992117283729084,443.0,2101.0,1658.0,2101.0,1594.142857142857,1.584364315674458,303.0,0.0,140.0,443.0,0.3842750819729012,0.3160270880361174,4664.0,6796.0,4.7129074040769074,3.9978204859883286,43396.2,30590.46,-80.23750327139491,4.276561437549283,0.13920573690783986,0,6041,-33237.0,-47.37652341244387,43047.6,-2422.0,0,0,1,0,0,0,0,0,115585.0,117556.0,1.9725542582536737,1
2023-09-11,115647.0,116400.0,115216.0,115573.0,35099,66313,115282.0,1216949.02,SILVER,2023-10-05,111843.4,110380.75,110980.3,91599.125,112117.1274214855,110916.55579670104,83.32311465358676,1200.571624784454,460.5215829806425,740.0500418038114,115350.99200935815,105410.50799064185,110380.75,9940.484018716292,1.0223337203926741,1184.0,1118.0,66.0,1184.0,1583.642857142857,0.2524244895126815,74.0,753.0,357.0,1184.0,1.024460730447423,0.3015202702702703,4340.0,8633.0,4.703945207837417,4.138302022971642,43766.0,30708.96,481.013077305082,53.16496659977374,0.8019695654160764,0,35099,29395.0,79.62240641421529,43286.1,6291.6,1,0,1,0,1,0,0,0,116400.0,120076.0,3.896238740882386,1
2023-09-12,116603.0,117067.0,116083.0,116558.0,29364,27443,115573.0,1026782.73,SILVER,2023-10-05,112621.2,110722.4,111088.92,91819.605,112800.3385874108,111334.44055250096,84.22535211267606,1465.898034909842,661.5968733664824,804.3011615433595,116392.90757590806,105051.89242409193,110722.4,11341.01515181613,1.014557111676683,984.0,1494.0,510.0,1494.0,1651.357142857143,0.8522751853806687,45.0,464.0,475.0,984.0,0.8442148973043464,0.48272357723577236,4558.0,7778.0,5.270478241078594,4.923155252567044,44552.2,30757.1,-16.33949685176216,52.10315979544536,0.6590920313699437,0,29364,-38870.0,-58.6159576553617,42058.25,-1367.6,0,0,1,0,0,0,0,0,117067.0,120047.0,2.9933595291614474,1
2023-09-13,116166.0,117289.0,115982.0,116462.0,28482,42250,116558.0,995121.21,SILVER,2023-10-05,113397.3,110938.65,111197.58,92034.62,113363.67111242452,111714.25977083424,85.52199882224278,1649.411341590283,859.1597670112426,790.2515745790404,117141.21738948174,104736.08261051825,110938.65,12405.13477896349,0.9452470769899615,1307.0,731.0,576.0,1307.0,1648.2857142857142,-0.08236242900530044,296.0,827.0,184.0,1307.0,1.122254469268946,0.36725325172149964,3850.0,7761.0,4.978742755568061,4.734293677973925,44263.15,31214.06,-3.003677973028196,54.30299733695157,0.6434697937223175,0,0,14807.0,53.95547134059689,42124.7,5481.8,0,0,1,0,1,0,0,0,117289.0,118088.0,1.396163555494496,1
2023-09-14,118528.0,118855.0,117758.0,118460.0,8676,11922,116462.0,308327.69,SILVER,2023-10-05,114228.2,111323.0,111338.46,92262.525,114147.72171051305,112213.94423225393,87.17203339296363,1933.7774782591296,1074.08330926082,859.6941689983096,118376.62942037714,104269.37057962286,111323.0,14107.258840754279,1.0059097646512314,1097.0,2393.0,1296.0,2393.0,1688.5714285714287,1.7155810478954425,68.0,327.0,702.0,1097.0,0.9260509876751646,0.6399270738377393,4976.0,8309.0,6.411074081726148,6.3962982782409545,42804.5,30689.96,-69.5386559932589,49.383019435734155,0.20268896961768038,0,8676,-30328.0,-71.78224852071006,40690.1,-11646.6,0,0,1,0,0,0,0,0,118855.0,118291.0,-0.14266419044403172,0
2023-09-15,117360.0,117934.0,117037.0,117556.0,26781,41976,118460.0,944480.17,SILVER,2023-10-05,114922.0,111758.5,111444.9,92485.96,114672.07221658796,112609.65206690179,91.5531548457805,2062.420149686164,1271.750677345889,790.6694723402752,119231.2796984163,104285.7203015837,111758.5,14945.5593968326,0.8879078625339818,897.0,526.0,1423.0,1423.0,1646.357142857143,-0.7631267938544628,196.0,378.0,323.0,897.0,0.7630405934193065,0.5785953177257525,2274.0,6938.0,5.187524886250263,5.483516966680401,43089.65,30870.16,208.67911479944675,78.12727869736275,0.6215181603935052,0,0,30054.0,252.0885757423251,39229.45,1011.6,0,0,1,0,1,0,0,0,118855.0,117382.0,-0.14801456327197252,0
2023-09-18,119923.0,120378.0,119499.0,120076.0,35048,21991,117556.0,1262527.09,SILVER,2023-10-05,115806.3,112362.45,111596.34,92714.295,115503.44572172826,113162.71487676093,91.9800802735246,2340.730844967329,1485.546710870177,855.1841340971521,120479.85670216981,104245.04329783018,112362.45,16234.813404339628,0.9751240317882645,879.0,2822.0,1943.0,2822.0,1697.9285714285713,2.143659192214775,153.0,302.0,424.0,879.0,0.7320363769612579,0.6564277588168373,4503.0,8843.0,6.864882351710917,7.598510847219544,41294.2,31105.16,30.868899592995035,54.897697742022466,0.8487390480987645,0,35048,-19985.0,-47.61053935582238,38948.95,-8864.4,0,0,1,0,0,0,0,0,120378.0,118564.0,-1.2592025050801159,0
2023-09-19,119851.0,121015.0,119301.0,120047.0,8065,63744,120076.0,290453.72,SILVER,2023-10-05,116611.0,112966.6,111758.38,92945.095,116202.4540722316,113672.66192292678,92.32318710832587,2529.7921493048198,1694.3957985571055,835.3963507477142,121493.8860716279,104439.31392837211,112966.6,17054.57214325579,0.9151613972209751,1714.0,939.0,775.0,1714.0,1708.5714285714287,-0.024151370798497496,196.0,968.0,550.0,1714.0,1.4277741218022941,0.4352392065344224,3489.0,8047.0,6.267693282793315,7.416553461136423,39130.45,30879.66,-76.98870120976946,51.72428026817175,0.20610547540342625,0,0,41753.0,189.86403528716292,40610.45,7260.2,0,0,1,0,1,0,0,0,121015.0,117692.0,-1.9617316551017518,0
2023-09-20,117836.0,118335.0,117828.0,118088.0,7036,32733,120047.0,249260.15,SILVER,2023-10-05,117158.6,113456.2,111875.66,93158.11,116492.53806111903,113999.72400270998,78.52368288650902,2492.814058409058,1854.0794505274962,638.7346078815617,121978.79482601583,104933.60517398416,113456.2,17045.189652031666,0.7717364895642522,507.0,1712.0,2219.0,2219.0,1734.5714285714287,-1.6318608544986568,252.0,247.0,8.0,507.0,0.42934083056703476,0.5128205128205128,1626.0,5476.0,4.082456489817218,5.552896849949306,37931.0,30253.26,-12.758834469931802,46.03356753473333,0.1854947140861037,0,0,-31011.0,-48.649284638554214,38366.5,-1903.4,0,0,1,0,0,0,0,0,121015.0,117108.0,-0.8298895738771086,0
2023-09-21,118794.0,118794.0,117913.0,118291.0,21924,12473,118088.0,778023.57,SILVER,2023-10-05,117639.3,113969.9,111968.22,93368.915,116769.22451325456,114317.59629880553,78.10828632134222,2451.6282144490397,1973.589203311805,478.03901113723464,122349.41258223294,105590.38741776705,113969.9,16759.025164465886,0.7578371926525906,881.0,706.0,175.0,881.0,1654.7857142857142,0.17190569744596207,503.0,0.0,378.0,881.0,0.744773482344388,0.42905788876276957,-169.0,4807.0,3.791439669596978,5.646941605394815,36411.45,30464.72,211.59749857873794,67.3291720507116,0.6021182897138126,0,21924,-20260.0,-61.894723978859254,37675.55,110.2,0,0,1,0,0,0,0,0,121015.0,114583.0,-3.13464253408966,0
2023-09-22,117694.0,118362.0,116207.0,117382.0,37844,18108,118291.0,1332661.32,SILVER,2023-10-05,117849.3,114414.7,112069.12,93577.56,116863.49766506156,114544.58916556067,72.05049128594995,2318.908499500889,2042.6530625496218,276.25543695126703,122508.09463227236,106321.30536772763,114414.7,16186.789264544728,0.6833161568674726,2155.0,71.0,2084.0,2155.0,1721.2857142857142,-0.768443922191886,312.0,668.0,1175.0,2155.0,1.8358862517251366,0.5452436194895591,-174.0,2100.0,2.593460455693196,4.740717157411431,33397.65,31044.84,72.61448640758985,82.61437101861009,1.1331336186827516,0,0,5635.0,45.17758358053396,36505.45,-4773.6,0,0,1,0,1,0,0,0,121015.0,114007.0,-2.8752278884326388,0
2023-09-25,119020.0,119020.0,118409.0,118564.0,21407,38715,117382.0,761429.86,SILVER,2023-10-05,118148.4,114995.9,112189.66,93789.215,117125.11340889825,114842.32330144505,72.85833681571249,2282.7901074531983,2090.680471530337,192.10963592286134,122475.40330183203,107516.39669816796,114995.9,14959.006603664078,0.7385251971963186,611.0,1638.0,1027.0,1638.0,1761.0714285714287,1.0069687004821803,456.0,0.0,155.0,611.0,0.5153334907729159,0.25368248772504093,-1512.0,2991.0,3.102806273962816,5.6817535591069595,29948.15,31333.52,-43.43356939012789,30.169706349089097,0.7148020829333365,0,21407,20607.0,113.8005301524188,36541.2,3344.8,1,0,1,0,1,0,0,0,121015.0,110856.0,-6.501130191289092,0
2023-09-26,117404.0,118279.0,116848.0,117692.0,26518,42210,118564.0,936286.94,SILVER,2023-10-05,118261.8,115441.5,112310.56,93992.065,117212.3267306062,115053.41046430098,67.37583800793541,2158.9162663052266,2104.3276304853152,54.58863581991136,122405.91271185617,108477.08728814383,115441.5,13928.825423712347,0.661571412631015,1431.0,285.0,1716.0,1716.0,1791.5714285714287,-0.7354677642454677,288.0,587.0,556.0,1431.0,1.2158855317268802,0.5897973445143256,-2355.0,1134.0,1.9494722435172793,4.791570801534604,27012.8,31558.94,23.875367870322783,34.191192821297584,0.981682757803708,0,0,3495.0,9.027508717551335,36632.55,-4306.8,0,0,0,0,1,0,0,0,119020.0,108854.0,-7.509431397206267,0
2023-09-27,117125.0,117681.0,116532.0,117108.0,22059,47317,117692.0,774985.61,SILVER,2023-10-05,118326.4,115861.85,112387.94,94189.085,117196.2764643591,115205.60228176018,62.64480111653873,1990.6741825989302,2081.5969409080385,-90.9227583091083,122089.09845125803,109634.60154874198,115861.85,12454.496902516054,0.6000562294690721,1149.0,11.0,1160.0,1160.0,1729.0714285714287,-0.49621044760901345,17.0,556.0,576.0,1149.0,0.9811456091812686,0.5013054830287206,-980.0,646.0,1.0755481636103637,4.199792255290022,24919.9,31267.02,-16.81499358926013,32.8100612596744,0.8851961685239507,0,0,5107.0,12.099028666192835,37909.15,2916.8,0,0,0,0,1,0,0,0,119020.0,109848.0,-6.199405676811149,0
2023-09-28,114287.0,114718.0,114287.0,114583.0,28052,75516,117108.0,964284.69,SILVER,2023-10-05,117938.7,116083.45,112454.16,94380.425,116794.23393138078,115159.48359422239,47.678820482167765,1634.750337158388,1992.2276201581085,-357.4772829997205,121744.7308472633,110422.1691527367,116083.45,11322.561694526608,0.3674814021348788,431.0,2390.0,2821.0,2821.0,1780.5,-2.156129384841343,296.0,135.0,0.0,431.0,0.3761465487899601,0.6867749419953596,-3708.0,-3877.0,-1.2925615150135503,1.8930735866063082,23776.65,31594.4,27.168049322272083,42.48073179122749,1.1798129677645925,0,0,28199.0,59.595916900902424,39139.45,12608.6,0,0,0,0,1,0,0,0,119020.0,110884.0,-3.228227573025667,0
2023-09-29,113848.0,114286.0,113543.0,114007.0,9267,43362,114583.0,316950.86,SILVER,2023-10-05,117583.8,116252.9,112522.8,94572.005,116365.42871116835,115074.1144390948,44.89636292530309,1291.3142720735486,1852.0449505411966,-560.730678467648,121405.39993079608,111100.40006920391,116252.9,10304.999861592165,0.28205725083309285,743.0,297.0,1040.0,1040.0,1770.2142857142858,-0.5026923714687159,159.0,279.0,305.0,743.0,0.6517143684159745,0.6244952893674294,-3375.0,-3549.0,-1.9319087953934864,1.3190215671846035,23699.35,31454.86,-66.96492228718095,14.916328082564723,0.39102338249783225,0,0,-32154.0,-42.579056094072776,38856.15,5050.8,0,0,0,0,0,0,0,0,119020.0,111461.0,-2.233196207250432,0
2023-10-02,110653.0,111301.0,109576.0,110856.0,10988,64604,114007.0,365425.72,SILVER,2023-10-05,116661.8,116234.05,112518.18,94748.82,115517.82429406553,114761.66151768036,33.716015535755076,756.162776385172,1632.8685157099917,-876.7057393248197,121466.02136943025,111002.07863056975,116234.05,10463.942738860496,-0.013960190170694917,1725.0,2706.0,4431.0,4431.0,1980.0,-2.763865376687391,203.0,445.0,1077.0,1725.0,1.5560727430179693,0.7420289855072464,-7708.0,-9220.0,-4.626914402449199,-1.4772546089885148,22285.3,30993.46,18.57127441458941,13.686565564724162,0.4930604479185831,0,0,21242.0,48.987592823209255,40343.6,5177.8,0,0,0,0,1,1,0,0,118279.0,110238.0,-0.5574799740203507,0
2023-10-03,109124.0,109260.0,108670.0,108854.0,32974,14889,110856.0,1076805.54,SILVER,2023-10-05,115542.5,116076.75,112432.1,94915.85,114492.620556517,114324.05696081514,30.405892654785205,168.56359570185305,1340.007531708364,-1171.443936006511,121989.57876019421,110163.92123980579,116076.75,11825.657520388428,-0.11076942128142743,590.0,1596.0,2186.0,2186.0,2042.7857142857142,-1.8059464530562175,270.0,136.0,184.0,590.0,0.5420103992503721,0.31186440677966104,-8838.0,-11193.0,-6.22239165035203,-3.1824541211984885,22859.1,30985.52,200.09100837277026,41.394536522978136,1.4424889868804984,0,0,-49715.0,-76.95343941551607,39374.0,-5464.2,0,0,0,0,0,1,0,0,117681.0,110202.0,1.2383559630330534,1
2023-10-04,109761.0,110507.0,109262.0,109848.0,29036,41971,108854.0,956863.96,SILVER,2023-10-05,114718.5,115938.55,112367.12,95085.01,113778.06354782208,113992.49718593995,26.610537751222168,-214.43363811787276,1029.1192977431167,-1243.5529358609895,122304.21750045329,109572.88249954671,115938.55,12731.335000906576,0.02160947775183785,1245.0,1653.0,408.0,1653.0,1989.9285714285713,0.9131497234828201,87.0,659.0,499.0,1245.0,1.1333843128686913,0.4706827309236948,-7260.0,-8240.0,-5.253257005543025,-2.2418657699868034,22761.45,31389.8,-11.94274276702857,41.47614569326846,1.2756656539895306,0,29036,27082.0,181.892672442743,40730.5,-1069.2,1,1,0,0,1,1,0,0,114718.0,110223.0,0.3413808171291239,0
2023-10-05,111121.0,111473.0,109905.0,110884.0,13680,60551,109848.0,455067.94,SILVER,2023-10-05,113977.8,115808.55,112336.94,95258.46,113332.8230020033,113762.23813512959,32.008413331895156,-429.4151331262983,737.4124115692337,-1166.827544695532,122483.93830646703,109133.16169353298,115808.55,13350.776612934045,0.1311413078974621,1568.0,1625.0,57.0,1625.0,2004.357142857143,0.9431214041220493,237.0,352.0,979.0,1568.0,1.4140904007791926,0.6243622448979592,-3699.0,-7407.0,-4.252319884844429,-1.2933768714013416,21917.05,30985.84,-52.88607246177159,15.027788589217504,0.6241715924360258,0,13680,18580.0,44.26866169497987,40250.3,-2993.0,1,0,0,0,1,1,0,0,114286.0,108770.0,-1.9064968796219475,0
2023-10-06,111596.0,112128.0,110295.0,111461.0,6485,13201,110884.0,216847.38,SILVER,2023-10-05,113385.7,115617.5,112267.94,95440.575,113044.85023246432,113591.77605104592,24.04964154467136,-546.9258185815997,480.544765539067,-1027.4705841206667,122569.33091369769,108665.66908630231,115617.5,13903.661827395379,0.20104997866028712,1833.0,1244.0,589.0,1833.0,1933.7142857142858,0.520363623245923,135.0,532.0,1166.0,1833.0,1.6445214021047723,0.6361156573922532,-2546.0,-5921.0,-3.595044002854239,-0.7187626316114843,21939.25,30897.26,-52.59502923976609,2.50683702448191,0.2955889558667685,0,6485,-47350.0,-78.1985433766577,39064.45,-6032.2,0,1,0,0,0,0,0,0,112128.0,110718.0,-0.6666008738482518,0
2023-10-09,110745.0,110745.0,109863.0,110238.0,19713,47958,111461.0,651936.51,SILVER,2023-10-05,112553.1,115350.75,112212.44,95614.81,112613.0271197775,113343.3481954129,22.435789355364477,-730.3210756353947,238.37159730417468,-968.6926729395693,122707.40406997464,107994.09593002536,115350.75,14713.30813994928,0.15250846707152396,882.0,716.0,1598.0,1598.0,1925.4285714285713,-1.0972447761997461,507.0,0.0,375.0,882.0,0.8000870843084962,0.42517006802721086,-618.0,-8326.0,-4.432350894987678,-1.7595553576769225,21169.95,30828.24,203.97841171935232,27.248035135429934,0.9311783920132074,0,0,34757.0,263.29065979850014,38146.7,-3329.2,0,1,0,0,1,1,0,0,112128.0,111882.0,1.4913187829967887,1
2023-10-10,109876.0,110682.0,109625.0,110202.0,25043,15681,110238.0,827936.61,SILVER,2023-10-05,111804.1,115032.95,112212.9,95786.07,112242.09987058096,113110.65573649343,25.154379332073106,-868.5558659124654,16.98610466084665,-885.541970573312,122712.09390719302,107353.80609280698,115032.95,15358.287814386043,0.18544996301769612,1057.0,444.0,613.0,1057.0,1842.4285714285713,-0.03265661568606637,326.0,480.0,251.0,1057.0,0.9591477468648482,0.5458845789971618,1348.0,-7490.0,-4.199622803727103,-1.7920399526257624,20953.9,30685.5,27.037995231573063,27.56429787155496,1.1951474427194937,0,0,-32277.0,-67.3026398098336,37558.6,158.4,0,1,0,0,0,1,0,0,112128.0,111620.0,1.2867280085660877,1
2023-10-11,110500.0,111547.0,109431.0,110223.0,7419,56870,110202.0,245323.33,SILVER,2023-10-05,111115.6,114721.0,112201.94,95954.85,111931.4691212608,112896.75531156799,24.286078531361554,-965.2861903071898,-179.46835433276064,-785.8178359744292,122658.26881304504,106783.73118695496,114721.0,15874.537626090081,0.21665316458682501,2116.0,1345.0,771.0,2116.0,1930.642857142857,0.019055915500620912,277.0,1047.0,792.0,2116.0,1.919744517931829,0.3742911153119093,375.0,-6885.0,-3.920816589813548,-1.7637306449425048,19900.75,30660.12,-70.3749550772671,22.20830172275426,0.372800020099745,0,7419,41189.0,262.6681971813022,38289.6,2979.8,1,1,0,0,1,0,0,0,112128.0,111680.0,1.3218656723188444,1
2023-10-12,109019.0,109425.0,107653.0,108770.0,22140,77203,110223.0,722450.34,SILVER,2023-10-05,110534.3,114236.5,112174.34,96111.415,111445.08925645145,112591.06973293332,23.47215377033021,-1145.9804764818691,-372.7707787625824,-773.2096977192867,122392.74522746449,106080.25477253551,114236.5,16312.490454928979,0.16488869280237686,1772.0,798.0,2570.0,2570.0,1960.2857142857142,-1.3182366656686928,249.0,406.0,1117.0,1772.0,1.6291256780362233,0.6303611738148984,-2114.0,-5813.0,-4.78524814748351,-3.034865192877441,20573.95,30709.26,198.42296805499396,39.33379359602645,1.076118100802228,0,0,20333.0,35.7534728327765,41553.65,3330.4,0,1,0,0,1,1,0,0,112128.0,111977.0,2.948423278477521,1
2023-10-13,110502.0,111261.0,110276.0,110718.0,17961,38152,108770.0,596581.8,SILVER,2023-10-05,110205.4,113894.6,112211.26,96273.835,111333.22937084353,112452.3238267901,26.920814213436884,-1119.0944559465715,-522.0355141993803,-597.0589417471913,122038.22452345135,105750.97547654866,113894.6,16287.249046902696,0.304963994174075,985.0,2491.0,1506.0,2491.0,2021.2142857142858,1.7909350004596813,216.0,543.0,226.0,985.0,0.8896475731136761,0.44873096446700506,-743.0,-3289.0,-2.7890698944462735,-1.330757715402175,20132.95,30706.88,-18.87533875338754,44.14275194940579,0.8921196347281446,0,17961,-39051.0,-50.582231260443244,41362.45,4990.2,0,1,0,0,0,0,0,0,111547.0,109370.0,-1.2175075416824725,0
2023-10-16,112107.0,112678.0,111573.0,111882.0,11487,60061,110718.0,385556.56,SILVER,2023-10-05,110308.0,113484.9,112252.92,96439.87,111417.65562148299,112410.07761739823,33.19838056680162,-992.4219959152397,-616.1128105425522,-376.30918537268747,121128.22826099166,105841.57173900833,113484.9,15286.656521983328,0.3951438466812604,1105.0,1960.0,855.0,1960.0,2038.642857142857,1.051319568633824,225.0,571.0,309.0,1105.0,0.9876477002556264,0.27963800904977376,1644.0,1026.0,-1.4124346058374235,-0.33043238429788574,18954.9,30217.56,-36.04476365458493,38.68114814248836,0.6060174414003766,0,11487,21909.0,57.425560914237785,43265.95,2420.6,1,0,0,0,1,0,0,0,112678.0,109080.0,-2.5044243041776157,0
2023-10-17,111695.0,112009.0,111192.0,111620.0,36110,67619,111882.0,1209179.46,SILVER,2023-10-05,110584.6,113063.55,112282.58,96604.815,111448.78552587022,112351.55334944281,33.82838283828383,-902.7678235725907,-673.4438131485599,-229.3240104240308,120087.76671152997,106039.33328847004,113063.55,14048.433423059934,0.39724477053573287,817.0,127.0,690.0,817.0,2014.142857142857,-0.2341752918253115,75.0,314.0,428.0,817.0,0.7319476796273069,0.5238678090575275,1418.0,2766.0,-1.2767598399307318,-0.5901004412260581,20357.15,30641.44,214.3553582310438,40.10758312831571,1.7738239390091441,1,0,7558.0,12.583873062386575,43459.7,10387.6,0,0,0,1,1,0,0,0,112678.0,108242.0,-3.026339365705071,0
2023-10-18,111629.0,111853.0,111361.0,111680.0,21360,68235,111620.0,715645.44,SILVER,2023-10-05,110767.8,112743.15,112327.36,96777.495,111484.35698342865,112301.80865689149,39.99172584982417,-817.4516734628414,-702.2453852114163,-115.20628825142512,119376.06928347262,106110.23071652737,112743.15,13265.838566945255,0.41985806290082067,492.0,233.0,259.0,492.0,1847.7857142857142,0.053753807561363054,51.0,173.0,268.0,492.0,0.44054441260744986,0.6483739837398373,1457.0,1832.0,-0.9429841192125591,-0.5763155120889519,21073.35,30375.1,-40.84741068955968,37.2171163360626,1.0136024884510533,0,21360,616.0,0.9109865570327891,45234.8,2273.0,1,0,0,0,1,0,0,0,112678.0,107011.0,-4.180694842406877,0
2023-10-19,111793.0,112809.0,111436.0,111977.0,29882,47890,111680.0,1003829.01,SILVER,2023-10-05,110877.1,112427.45,112410.0,96949.62,111560.14821674732,112277.74875638101,42.86417322834646,-717.6005396336986,-705.3164160958729,-12.284123537825735,118528.25586480263,106326.64413519736,112427.45,12201.611729605269,0.46308274595338483,1373.0,1129.0,244.0,1373.0,1871.5714285714287,0.26593839541546593,184.0,832.0,357.0,1373.0,1.226144654705877,0.39402767662053895,3207.0,1093.0,-0.40065838013758837,-0.38519704652610975,21471.25,30325.54,39.89700374531835,46.4954239567716,1.3917214880363276,0,29882,-20345.0,-29.816076793434455,47005.65,-5862.6,0,0,0,0,0,0,0,0,112809.0,106686.0,-4.725077471266421,0
2023-10-20,109212.0,109916.0,108911.0,109370.0,22502,71401,111977.0,738313.12,SILVER,2023-10-05,110668.0,112026.85,112417.96,97107.67,111223.20233724773,112062.35995961205,44.5687134502924,-839.1576223643206,-732.0846573495625,-107.0729650147581,117801.29516450758,106252.40483549243,112026.85,11548.89032901515,0.26994759459053824,1005.0,2061.0,3066.0,3066.0,1774.0714285714287,-2.3281566750314786,158.0,546.0,301.0,1005.0,0.9188991496754136,0.45671641791044776,-1348.0,-2091.0,-2.37161894670787,-2.71127495997971,20704.15,30406.52,-24.69714209222944,49.285212671525265,1.0868352480058345,0,0,23511.0,49.093756525370644,49670.3,6649.8,0,0,0,0,1,0,0,0,112809.0,108970.0,-0.3657310048459358,0
2023-10-23,109527.0,109909.0,107939.0,109080.0,31577,21217,109370.0,1033325.75,SILVER,2023-10-05,110552.2,111552.65,112403.04,97262.935,110893.47890074807,111841.4444070482,50.94418449197861,-947.9655063001264,-775.2608271396753,-172.70467916045118,116575.48863022425,106529.81136977574,111552.65,10045.677260448516,0.25385930327114686,1970.0,539.0,1431.0,1970.0,1758.642857142857,-0.2651549785133045,447.0,382.0,1141.0,1970.0,1.806013934726806,0.5791878172588832,-2802.0,-1158.0,-2.2165766568521628,-2.9563613226119094,21212.65,30484.0,40.329748466802954,32.92034634627032,1.488592891505776,0,0,-50184.0,-70.28472990574362,48795.4,-7768.8,0,0,0,0,0,0,0,0,112809.0,109812.0,0.671067106710671,1
2023-10-24,108242.0,109204.0,107897.0,108242.0,20042,58351,109080.0,650815.85,SILVER,2023-10-05,110356.2,111080.15,112373.38,97419.67,110485.55906986375,111574.818895415,43.20182864883169,-1089.259825551242,-838.0606268219886,-251.19919872925345,115400.01775016979,106760.2822498302,111080.15,8639.735500339593,0.17150036018018863,1307.0,124.0,1183.0,1307.0,1733.9285714285713,-0.7682434910157632,0.0,962.0,345.0,1307.0,1.2074795365939284,0.26396327467482783,-3378.0,-1960.0,-2.555046963836468,-3.676475692018879,20888.85,30612.04,-36.529752668081194,26.563571556304897,0.9594592330358063,0,0,37134.0,175.0200311071311,49602.45,-1853.6,0,0,0,0,1,1,0,0,112809.0,109109.0,0.8009829825760796,1
2023-10-25,107178.0,107196.0,106826.0,107011.0,64312,43741,108242.0,2064627.43,SILVER,2023-10-05,110035.0,110575.3,112270.86,97574.96,109951.01152065393,111236.75823649537,33.871908053635394,-1285.7467158414365,-927.5978446258782,-358.1488712155583,114239.24978706242,106911.35021293758,110575.3,7327.899574124836,0.013598683504654381,370.0,1046.0,1416.0,1416.0,1719.0,-1.1372664954453882,167.0,18.0,185.0,370.0,0.34575884722131367,0.5,-4669.0,-3212.0,-3.2234142706372966,-4.684973465064755,23001.5,31213.02,220.88613910787345,55.689680974818955,2.79599156576745,1,0,-14610.0,-25.038131308803624,49423.65,-4898.8,0,0,0,1,0,1,0,0,112809.0,109865.0,2.6670155404584577,1
2023-10-26,106517.0,107441.0,106223.0,106686.0,74405,30654,107011.0,2381391.55,SILVER,2023-10-05,109826.6,110180.45,112189.12,97723.835,109448.70205593795,110899.66503379201,29.689493832411742,-1450.9629778540693,-1032.2708712715166,-418.6921065825527,113726.04394326756,106634.85605673243,110180.45,7091.187886535132,0.007212323814558886,1218.0,430.0,788.0,1218.0,1675.0714285714287,-0.3037070955322352,169.0,755.0,294.0,1218.0,1.14166807266183,0.38013136288998356,-5291.0,-2084.0,-3.1715699109960043,-4.905217190401347,25319.15,31944.14,15.693805199651688,37.41676468928473,2.9386847504754305,1,0,-13087.0,-29.919297684095014,47180.55,-3447.2,0,1,0,1,0,1,0,0,109916.0,111697.0,4.696961175786889,1
2023-10-27,108800.0,109390.0,108780.0,108970.0,14460,71314,106686.0,472711.86,SILVER,2023-10-05,109651.8,109928.6,112191.6,97884.205,109375.05558579366,110756.72688314076,45.05305867665419,-1381.6712973471003,-1102.1509564866333,-279.52034086046706,113015.67010815123,106841.52989184878,109928.6,6174.140216302447,0.3447395157193094,610.0,2704.0,2094.0,2704.0,1754.0714285714287,2.1408619687681707,170.0,420.0,20.0,610.0,0.5597870973662475,0.3114754098360656,-400.0,-1748.0,-0.8720205660765312,-2.8715162275963673,25578.8,31811.78,-80.565822189369,31.24771634568658,0.5653118989162901,0,14460,40660.0,132.64174332876624,48578.15,-17.4,1,0,0,0,1,0,0,0,109909.0,112933.0,3.636780765348261,1
2023-10-30,110050.0,110227.0,109407.0,109812.0,82550,11408,108970.0,2719494.18,SILVER,2023-10-05,109444.8,109876.4,112227.9,98045.615,109442.27780336386,110686.74711401922,48.56849214505946,-1244.4693106553605,-1130.6146273203788,-113.8546833349817,112932.59428977466,106820.20571022533,109876.4,6112.388579549326,0.48946402062600175,820.0,1257.0,437.0,1257.0,1768.357142857143,0.7726897311186587,238.0,177.0,405.0,820.0,0.7467307762357484,0.49390243902439024,732.0,-2070.0,-0.05861131234732316,-2.1526732657387284,29156.9,32043.64,470.88520055325034,81.94071276647011,2.8312337731377477,1,82550,-59906.0,-84.00314103822531,45918.35,-1961.8,0,0,0,1,0,0,0,0,110227.0,113038.0,2.937748151386005,1
2023-10-31,108815.0,109934.0,108481.0,109109.0,51912,52903,109812.0,1699219.92,SILVER,2023-10-05,109193.7,109889.15,112250.8,98203.28,109391.00429515404,110569.87695742521,46.10598434004474,-1178.8726622711692,-1140.266234310537,-38.606427960632345,112929.4715394374,106848.82846056258,109889.15,6080.643078874826,0.3716994255574108,1453.0,122.0,1331.0,1453.0,1721.0,-0.6401850435289402,294.0,825.0,334.0,1453.0,1.331695827108671,0.43220922229869235,867.0,-2511.0,-0.709942701349491,-2.79891100998835,30103.8,32055.08,-37.114476075106,56.79372933585512,1.7244334602276126,1,0,41495.0,363.7359747545582,47819.05,-1089.6,0,0,0,1,1,0,0,0,110227.0,112215.0,2.846694589813856,1
2023-11-01,109774.0,110987.0,108902.0,109865.0,36127,11218,109109.0,1190727.86,SILVER,2023-12-05,109012.2,109890.0,112282.18,98364.485,109463.92671128418,110517.66384946779,54.02366429043874,-1053.7371381836128,-1122.9604150851521,69.2232769015393,112930.2826045943,106849.7173954057,109890.0,6080.565209188586,0.49588854010442623,2085.0,1878.0,207.0,2085.0,1686.357142857143,0.6928850965548294,91.0,1122.0,872.0,2085.0,1.8977836435625541,0.4618705035971223,2854.0,-1815.0,-0.02275002275002275,-2.152772594903299,30458.35,32157.12,-30.407227615965482,57.83774764321455,1.1861115260675645,0,36127,-41685.0,-78.79515339394742,46281.4,-6504.6,0,0,0,0,0,0,1,0,110987.0,113157.0,2.9964046784690304,1
2023-11-02,111705.0,113817.0,110500.0,111697.0,8196,60572,109865.0,274640.58,SILVER,2023-12-05,108984.2,109930.65,112355.78,98530.48,109807.47644800968,110605.02208284054,53.62834482247425,-797.5456348308653,-1057.8774590342948,260.3318242034295,113047.66363656553,106813.63636343446,109930.65,6234.027273131069,0.7833401142810286,3317.0,3952.0,635.0,3952.0,1790.7142857142858,1.667501023983986,8.0,2112.0,1197.0,3317.0,2.9696410825716,0.36086825444678927,5011.0,-280.0,1.606785732641448,-0.5863338761922162,30184.15,31274.74,-77.31336673402166,46.11671059528055,0.2715332384711844,0,8196,49354.0,439.95364592619006,46282.45,5983.6,1,0,0,0,1,0,0,0,113817.0,113703.0,1.7959300607894573,1
2023-11-03,112959.0,114035.0,111786.0,112933.0,14552,68798,111697.0,493020.3,SILVER,2023-12-05,109340.5,110004.25,112444.72,98704.905,110288.32622523895,110777.46489151902,53.87451153874512,-489.1386662800651,-944.1297004834489,454.99103420338383,113335.55989726086,106672.94010273914,110004.25,6662.619794521714,0.939579338206893,2249.0,2338.0,89.0,2338.0,1817.7142857142858,1.1065650823209205,26.0,1076.0,1147.0,2249.0,1.9914462557445567,0.5100044464206314,3963.0,3563.0,2.662397134656161,0.43424004257380766,30587.5,29603.38,77.5500244021474,56.341427244718226,0.47574989783408256,0,14552,8226.0,13.58053225912963,49062.3,-503.2,1,0,0,0,1,0,0,0,114035.0,114922.0,1.761221255080446,1
2023-11-06,112997.0,113335.0,112422.0,113038.0,36921,40105,112933.0,1252042.8,SILVER,2023-12-05,109736.3,110144.25,112566.68,98879.315,110711.35295981757,110944.91193659168,55.28867671192003,-233.5589767741185,-802.015555741583,568.4565789674645,113741.63857769863,106546.86142230137,110144.25,7194.777155397256,0.9022014771964432,913.0,402.0,511.0,913.0,1824.5714285714287,0.09297548103743836,41.0,297.0,575.0,913.0,0.8076929881986588,0.6746987951807228,3226.0,3958.0,2.6272365556985497,0.41870294122559804,31447.9,28533.86,153.71770203408465,67.6802226014464,1.1740370581183481,0,36921,-28693.0,-41.706154248670025,48669.65,5739.4,0,0,0,0,0,0,0,0,114035.0,115802.0,2.4451954210088642,1
2023-11-07,112303.0,113302.0,111855.0,112215.0,9746,79634,113038.0,328094.22,SILVER,2023-12-05,110133.6,110244.9,112635.38,99051.605,110942.68327369179,111038.99253388119,51.8879243418731,-96.30926018940227,-660.8742966311469,564.5650364417446,113959.81400481453,106529.98599518546,110244.9,7429.828009629069,0.765160915898289,1447.0,264.0,1183.0,1447.0,1892.7857142857142,-0.7280737451122676,88.0,999.0,360.0,1447.0,1.2894889275052355,0.248790601243953,3106.0,3973.0,1.7870214404475906,-0.37322198406930807,30683.05,27024.28,-73.60309850762438,63.97288801749208,0.31763465496422294,0,0,39529.0,98.56377010347836,51867.3,5346.2,0,0,0,0,1,0,0,0,114035.0,117254.0,4.490487011540346,1
2023-11-08,113314.0,114305.0,112372.0,113157.0,7999,75063,112215.0,271542.85,SILVER,2023-12-05,110748.2,110391.6,112724.5,99230.465,111283.34738543151,111195.88197581592,53.98271904954772,87.4654096155864,-511.2063553818002,598.6717649973866,114327.99463148021,106455.2053685198,110391.6,7872.789262960403,0.8512605136035511,1933.0,2090.0,157.0,2090.0,1944.0,0.8394599652452817,157.0,991.0,785.0,1933.0,1.7082460652014457,0.40610450077599586,3292.0,6146.0,2.505081908406069,0.38367879209932176,30712.05,25905.92,-17.925302688282375,40.0917438378765,0.2604515165871376,0,7999,-4571.0,-5.740010548258279,52776.95,12769.0,0,0,0,0,0,0,0,0,114305.0,116551.0,2.9993725531783277,1
2023-11-09,113871.0,114356.0,113007.0,113703.0,20595,17619,113157.0,702513.99,SILVER,2023-12-05,111449.9,110638.25,112795.54,99413.345,111655.60163382666,111381.59442205177,66.98815964871011,274.0072117748932,-354.16364195046157,628.1708537253548,114760.6221262615,106515.8778737385,110638.25,8244.744252523,0.871721657595643,1349.0,1199.0,150.0,1349.0,1821.357142857143,0.4825154431453704,168.0,485.0,696.0,1349.0,1.186424280801738,0.5159377316530763,2006.0,7017.0,2.7700636985852545,0.8045176254309403,30634.8,25299.48,157.46968371046378,54.269331688957706,0.6722746680245995,0,20595,-57444.0,-76.52771671795692,49797.75,-8590.6,0,0,0,0,0,0,0,0,114356.0,118381.0,4.114227417042646,1
2023-11-10,114696.0,115691.0,114031.0,114922.0,27063,21939,113703.0,933040.23,SILVER,2023-12-05,112045.1,110848.45,112881.62,99601.22,112158.12445939178,111643.84668708498,71.34921795059202,514.2777723067993,-180.47535909900938,694.7531314058087,115394.8596870074,106302.0403129926,110848.45,9092.819374014798,0.9479963620130054,1660.0,1988.0,328.0,1988.0,1822.642857142857,1.0720913256466513,226.0,769.0,665.0,1660.0,1.4444579801952628,0.5367469879518072,1989.0,5952.0,3.674882237866207,1.8075396153953185,31089.9,25624.48,31.405680990531692,65.46648200694777,0.8704756206999701,0,27063,4320.0,24.51898518644644,48987.1,-9371.8,1,0,1,0,1,0,0,0,115691.0,118681.0,3.27091418527349,1
2023-11-13,115737.0,116694.0,115424.0,115802.0,11200,28226,114922.0,389094.72,SILVER,2023-12-05,112644.1,111044.45,112973.0,99795.545,112718.72069640843,111951.85804359721,77.54299038181288,766.8626528112218,8.992243283036828,757.870409528185,116089.15242093614,105999.74757906386,111044.45,10089.404841872281,0.9715392111391526,1270.0,1772.0,502.0,1772.0,1855.857142857143,0.7657367605854448,65.0,892.0,313.0,1270.0,1.096699538868068,0.29763779527559053,2764.0,5990.0,4.284365405024747,2.504138156904747,31075.55,25063.1,-58.61508332409563,12.51645361921318,0.360411963746418,0,11200,6287.0,28.656730024157895,47395.35,-2375.8,1,0,1,0,1,0,0,0,116694.0,121614.0,5.018911590473394,1
2023-11-14,117534.0,118303.0,116281.0,117254.0,28377,35322,115802.0,998195.03,SILVER,2023-12-05,113458.6,111326.15,113078.08,99991.355,113416.45597388406,112344.60929962705,86.72642524202223,1071.8466742570163,221.56312947783272,850.2835447791836,117084.85988019191,105567.44011980807,111326.15,11517.41976038384,1.0146855913326935,2022.0,2501.0,479.0,2501.0,1933.357142857143,1.253864354674361,280.0,769.0,973.0,2022.0,1.7244614256230064,0.4812067260138477,5039.0,8145.0,5.324759726263781,3.692952692511226,30688.9,25200.68,153.36607142857144,31.564508369580928,0.9246665732561284,0,28377,7096.0,25.139941897541274,45780.5,-8862.4,1,0,1,0,1,0,0,0,118303.0,120668.0,2.911627748307094,1
2023-11-15,116760.0,117176.0,115651.0,116551.0,18410,68215,117254.0,643711.17,SILVER,2023-12-05,114127.2,111569.7,113156.86,100187.595,113898.69351636343,112656.19379595097,84.43761781749633,1242.4997204124666,425.7504476647595,816.749272747707,117785.3090136475,105354.0909863525,111569.7,12431.218027294992,0.9007089240219789,1525.0,78.0,1603.0,1603.0,1960.857142857143,-0.5995531069302507,209.0,416.0,900.0,1525.0,1.3084400820241782,0.5901639344262295,3394.0,6686.0,4.464742667588067,2.9994999861254543,30541.4,24949.1,-35.12351552313493,31.09287957886398,0.6027883463102542,0,0,32893.0,93.12326595323029,45779.5,-1369.6,0,0,1,0,1,0,0,0,118303.0,123161.0,5.671337011265455,1
2023-11-16,118056.0,119490.0,117580.0,118381.0,8598,26878,116551.0,305351.95,SILVER,2023-12-05,114795.6,111889.9,113254.8,100393.725,114588.27912923059,113080.25351476941,83.92818516115076,1508.0256144611776,642.2054810240431,865.8201334371345,118813.35946079507,104966.44053920492,111889.9,13846.918921590142,0.9687757642517189,1910.0,2939.0,1029.0,2939.0,1977.642857142857,1.5701280984290245,325.0,1109.0,476.0,1910.0,1.6134345883207608,0.4193717277486911,4678.0,6684.0,5.801327912528303,4.526254074882475,29477.2,24509.7,-53.297121129820745,33.494504139284075,0.29168306352028006,0,8598,-41337.0,-60.598108920325444,44728.9,1851.8,0,0,1,0,0,0,0,0,119490.0,123473.0,4.301365928654091,1
2023-11-17,118764.0,119132.0,118226.0,118681.0,15564,16560,118381.0,554145.33,SILVER,2023-12-05,115370.4,112355.45,113322.78,100603.225,115217.92849396435,113495.12362478649,83.27455541382156,1722.8048691778677,858.3253586548082,864.4795105230595,119798.1757167483,104912.7242832517,112355.45,14885.451433496608,0.9249484826349083,906.0,751.0,155.0,906.0,1952.5714285714287,0.25341904528597414,83.0,368.0,455.0,906.0,0.763390938734928,0.5022075055187638,3759.0,5748.0,5.629944964841495,4.7282814629150485,29130.3,24700.16,81.0188415910677,33.8413858581761,0.5342890392477936,0,15564,-10318.0,-38.388272936974474,41986.85,-1075.8,0,0,1,0,0,0,0,0,119490.0,122566.0,3.2734810121249405,1
2023-11-20,121132.0,121886.0,121132.0,121614.0,35898,48278,118681.0,1309709.81,SILVER,2023-12-05,116228.0,112982.15,113443.6,100820.755,116201.93949489291,114096.5218748023,90.19091084399305,2105.4176200906077,1107.7438109419681,997.6738091486395,121320.51291581264,104643.78708418735,112982.15,16676.725831625285,1.0175986034159537,754.0,3205.0,2451.0,3205.0,2077.714285714286,2.4713307100546755,482.0,272.0,0.0,754.0,0.6199944085384906,0.6392572944297082,5812.0,8576.0,7.640012161213082,7.202169183629568,29346.35,24716.14,130.64764841942943,31.534380496710583,1.2232526361881462,0,35898,31718.0,191.53381642512076,43339.9,4010.4,1,0,1,0,1,0,0,0,121886.0,121904.0,0.23845938789941948,0
2023-11-21,120679.0,121138.0,120156.0,120668.0,25598,46212,121614.0,926657.84,SILVER,2023-12-05,117073.3,113603.45,113525.8,101032.555,116889.02572644784,114583.29803222435,84.30177176605068,2305.7276942234894,1347.3405875982726,958.3871066252168,122298.78935598832,104908.11064401167,113603.45,17390.678711976652,0.9062262386076267,982.0,476.0,1458.0,1458.0,2032.9285714285713,-0.7778709688029295,11.0,459.0,512.0,982.0,0.8138031623959957,0.5213849287169042,3414.0,8453.0,6.218605156797618,6.291257141548439,29624.15,24640.82,-28.69240626218731,36.02544972125429,0.864092303070299,0,0,-2066.0,-4.279381913086711,42732.95,2178.0,0,0,1,0,0,0,0,0,121886.0,121477.0,0.6704345808333609,1
2023-11-22,123629.0,123629.0,122964.0,123161.0,22862,33946,120668.0,844712.03,SILVER,2023-12-05,118073.7,114410.95,113659.78,101251.98,117853.94484545587,115218.6833631707,84.93417844953682,2635.2614822851756,1604.9247665356534,1030.3367157495222,123518.35174340627,105303.54825659373,114410.95,18214.80348681254,0.9803812462942579,665.0,2961.0,2296.0,2961.0,1962.142857142857,2.065999270726282,468.0,0.0,197.0,665.0,0.5399436509934151,0.2962406015037594,6610.0,10004.0,7.647913071257604,8.359351038687565,27551.65,24528.42,-10.688335026173924,36.74914648746513,0.8297869637571615,0,22862,-12266.0,-26.542889292824377,42243.2,-6853.8,0,0,1,0,0,0,0,0,123629.0,122106.0,-0.8566023335309068,0
2023-11-23,123239.0,124378.0,122686.0,123473.0,15265,41740,123161.0,565444.6,SILVER,2023-12-05,119050.7,115250.3,113760.04,101479.665,118718.4148692319,115830.11422515805,84.035133040558,2888.3006440738536,1861.5999420432936,1026.70070203056,124453.77040037271,106046.8295996273,115250.3,18406.94080074542,0.9467173599899341,1692.0,1217.0,475.0,1692.0,1916.0,0.25332694602999695,234.0,905.0,553.0,1692.0,1.3703400743482381,0.4651300236406619,5092.0,9770.0,7.134645202658906,8.538112328371199,24594.65,24660.2,-33.22981366459628,17.679196749959125,0.6206634369669827,0,15265,7794.0,22.959995286631706,42797.5,2972.4,1,0,1,0,1,0,0,0,124378.0,122879.0,-0.4810768346116155,0
2023-11-24,122362.0,122991.0,121638.0,122566.0,14705,17253,123473.0,540699.91,SILVER,2023-12-05,119815.1,115930.1,113860.24,101701.5,119310.35104319622,116329.06872699819,79.252118383888,2981.282316198034,2085.5364168742417,895.7458993237924,125188.70177917129,106671.49822082873,115930.1,18517.20355834256,0.8583640466602918,1353.0,482.0,1835.0,1835.0,1981.857142857143,-0.734573550492823,204.0,425.0,724.0,1353.0,1.1038950443026614,0.6858832224685883,3885.0,7644.0,5.7240526834704655,7.646005313180434,24606.9,24418.68,-3.668522764493942,14.171776374456561,0.5975966090811926,0,0,-24487.0,-58.66554863440345,40094.45,138.6,0,0,1,0,0,0,0,0,124378.0,122088.0,-0.3899939624365648,0
2023-11-27,122090.0,123069.0,121307.0,121904.0,30544,42813,122566.0,1117030.73,SILVER,2023-12-05,120425.3,116534.7,113896.8,101915.845,119709.37395962758,116742.0265990724,80.04341085271318,2967.3473605551844,2261.8986056104304,705.448754944754,125689.78047853385,107379.61952146614,116534.7,18310.16095706771,0.7932415511032117,1762.0,503.0,1259.0,1762.0,2004.357142857143,-0.540117161366116,186.0,979.0,597.0,1762.0,1.4453996587478672,0.3388195232690125,290.0,6102.0,4.607468848334447,7.030223851767563,22006.6,24328.6,107.71166269976197,30.804450976842322,1.38794725218798,0,0,25560.0,148.14814814814815,41664.7,-1093.0,0,0,1,0,1,0,0,0,124378.0,122080.0,0.14437590234938968,0
2023-11-28,121102.0,122068.0,119756.0,121477.0,19298,74331,121904.0,703278.94,SILVER,2023-12-05,120847.6,117153.1,113925.4,102127.57,119981.31642737718,117092.76536951147,76.64958360025625,2888.551057865712,2387.229096061487,501.32196180422534,125855.91933507517,108450.28066492484,117153.1,17405.638670150336,0.7484194968045172,2312.0,164.0,2148.0,2312.0,2020.2142857142858,-0.35027562672266255,375.0,591.0,1346.0,2312.0,1.9032409427298995,0.7443771626297578,809.0,4223.0,3.690811425391214,6.628548155196301,20375.9,24553.26,-36.819015191199576,11.785942314865219,0.9470992692347331,0,0,31518.0,73.617826361152,42736.1,5623.8,0,0,1,0,1,0,0,0,124378.0,125194.0,3.0598384879442198,1
2023-11-29,121951.0,122496.0,121239.0,122106.0,37670,37632,121477.0,1379919.91,SILVER,2023-12-05,121403.1,117765.15,114005.76,102337.39,120308.19082316532,117464.116082881,76.77308354043204,2844.0747402843263,2478.598224906055,365.4765153782714,126020.07858906346,109510.22141093653,117765.15,16509.857178126927,0.7629247456938015,1257.0,1019.0,238.0,1257.0,2013.642857142857,0.5177934917721005,155.0,390.0,712.0,1257.0,1.0294334430740504,0.6897374701670644,-1055.0,5555.0,3.6860225627021284,7.105114688942038,20453.05,25165.94,95.20157529277647,24.81845139645636,1.8417790989607907,1,37670,-36699.0,-49.372401824272515,44056.8,737.2,0,0,1,1,0,0,0,0,124378.0,127768.0,4.636954776997036,1
2023-11-30,123026.0,123286.0,121823.0,122879.0,11050,58365,122106.0,407343.88,SILVER,2023-12-05,121852.9,118324.25,114097.52,102553.38,120703.69992729372,117865.21859526017,76.0936577687414,2838.4813320335525,2550.5748463315545,287.906485701998,126360.48936336358,110288.01063663642,118324.25,16072.47872672716,0.7833881492358636,1463.0,1180.0,283.0,1463.0,1976.142857142857,0.6330565246589037,147.0,260.0,1056.0,1463.0,1.1906021370616624,0.7218045112781954,-594.0,4498.0,3.849379987618768,7.696468775132007,20595.75,24948.46,-70.66631271568889,23.081532237869546,0.5365184564776714,0,11050,20733.0,55.09406887755102,43946.45,3325.0,1,0,1,0,1,0,0,0,123286.0,128448.0,4.532100684413122,1
2023-12-01,121933.0,122397.0,121930.0,122088.0,26034,77593,122879.0,953531.7,SILVER,2024-02-05,122193.6,118782.0,114191.64,102758.71,120916.66916924853,118178.01721783349,70.73492545190659,2738.6519514150423,2588.1902673482523,150.46168406678999,126564.16538665649,110999.83461334351,118782.0,15564.330773312977,0.7124087471636465,467.0,482.0,949.0,949.0,1917.357142857143,-0.6437226865453005,155.0,309.0,3.0,467.0,0.38251097568966647,0.33832976445396146,-478.0,3407.0,2.783249987371824,6.9150070880845576,21169.85,24712.26,135.60180995475113,28.53982907423789,1.229767806573972,0,0,19228.0,32.94440161055427,44386.2,12068.0,0,0,1,0,1,0,0,0,123286.0,128533.0,5.278979097044754,1
2023-12-04,122022.0,122830.0,121785.0,122080.0,13484,43431,122088.0,493838.02,SILVER,2024-02-05,122240.2,119234.1,114261.96,102952.895,121095.6431432103,118467.05297947545,67.59515823246318,2628.5901637348434,2596.2702466255705,32.319917109272865,126653.35440714269,111814.84559285732,119234.1,14838.508814285364,0.6917915092155476,1045.0,742.0,303.0,1045.0,1813.357142857143,-0.006552650547142491,58.0,750.0,237.0,1045.0,0.8559960681520314,0.2822966507177033,176.0,466.0,2.386817194074509,6.8422071527566946,19998.0,24553.8,-48.20619190289621,10.654445042005324,0.6742674267426743,0,0,-34162.0,-44.02716739912106,44552.5,123.6,0,0,0,0,0,0,0,0,123286.0,128741.0,5.456258191349934,1
2023-12-05,125381.0,126228.0,124324.0,125194.0,36323,47436,122080.0,1364226.5,SILVER,2024-02-05,122692.8,119883.05,114412.0,103164.3,121726.15958271641,118965.34535136617,76.8,2760.8142313502467,2629.179043570506,131.6351877797406,126980.79266487971,112785.30733512029,119883.05,14195.485329759424,0.8741295120686094,1904.0,4148.0,2244.0,4148.0,1995.142857142857,2.550786369593716,187.0,847.0,870.0,1904.0,1.5208396568525648,0.4569327731092437,3717.0,4526.0,4.430109177235645,9.423836660490158,21326.85,24749.9,169.37852269356273,30.461537937580328,1.703158225429447,1,36323,4005.0,9.221523796366649,42942.6,-5379.0,1,0,1,1,1,0,0,0,126228.0,129693.0,3.593622697573366,1
2023-12-06,127876.0,129044.0,127168.0,127768.0,25796,28413,125194.0,988771.0,SILVER,2024-02-05,123153.5,120613.6,114625.2,103390.615,122655.67349306773,119617.39384385756,77.82322603592388,3038.279649210177,2710.999164698441,327.2804845117362,127803.56213737276,113423.63786262725,120613.6,14379.924274745514,0.997526959343227,1876.0,3850.0,1974.0,3850.0,2060.214285714286,2.0560090739172754,108.0,1168.0,600.0,1876.0,1.4682862688623128,0.31982942430703626,5662.0,4607.0,5.931669397149238,11.465890572055711,22216.7,24824.64,-28.9816369793244,28.632207742265287,1.1611085354710646,0,25796,-19023.0,-40.10245383253226,40610.1,-1843.8,0,0,1,0,0,0,0,0,129044.0,128184.0,0.3255901321144575,0
2023-12-07,128516.0,128719.0,127585.0,128448.0,34069,48485,127768.0,1312828.47,SILVER,2024-02-05,123651.0,121350.85,114902.5,103613.175,123546.80064798039,120271.51281838663,78.3117861905038,3275.2878295937553,2823.856897677504,451.4309319162512,128580.97074660848,114120.72925339153,121350.85,14460.241493216949,0.9908043896313312,1134.0,951.0,183.0,1134.0,2076.5,0.5322146390332572,68.0,203.0,863.0,1134.0,0.882847533632287,0.7610229276895943,5569.0,4975.0,5.848455120009454,11.788690411435782,22890.4,24944.98,32.070863699798416,35.16227547870476,1.488353196099675,0,34069,20072.0,70.64371942420722,42153.4,-1976.0,1,0,1,0,1,0,0,0,129044.0,127828.0,-0.48268560039860486,0
2023-12-08,128446.0,129206.0,128125.0,128533.0,26827,78232,128448.0,1034446.44,SILVER,2024-02-05,124247.7,122031.4,115193.02,103828.25,124313.9082405988,120883.47483183947,74.022637316853,3430.4334087593306,2945.1721998938697,485.26120886546096,129275.92270484846,114786.87729515153,122031.4,14489.045409696933,0.9487252138535467,1081.0,758.0,323.0,1081.0,1924.7857142857142,0.06617463876432694,87.0,673.0,321.0,1081.0,0.8410291520465561,0.3774283071230342,6445.0,5967.0,5.327809072091286,11.580545418463718,22878.6,25296.18,-21.256861076051546,33.40344164754899,1.1725804900649517,0,26827,29747.0,61.35299577188822,44968.05,127.8,1,0,1,0,1,0,0,0,129206.0,125393.0,-2.4429523935487385,0
2023-12-11,128836.0,128901.0,128576.0,128741.0,15315,26101,128533.0,591500.52,SILVER,2024-02-05,124931.4,122678.35,115550.72,104046.855,124994.99928050669,121465.51373318469,79.54329210275928,3529.485547321994,3062.034869379495,467.45067794249917,129891.45489463901,115465.245105361,122678.35,14426.209789278015,0.9202524494344962,325.0,368.0,43.0,368.0,1846.9285714285713,0.161826145814703,95.0,65.0,165.0,325.0,0.25244483109498916,0.5076923076923077,6661.0,6837.0,4.94190702760511,11.415143064448234,23084.35,25382.72,-42.91199165020315,18.341076212552476,0.6634364840248914,0,15315,-52131.0,-66.63641476633603,44861.8,-3466.0,0,0,1,0,0,0,0,0,129206.0,126006.0,-2.1244203478301396,0
2023-12-12,129661.0,130246.0,129220.0,129693.0,31519,18831,128741.0,1226338.1,SILVER,2024-02-05,125753.0,123300.3,115967.5,104272.19,125717.7686219672,122074.95716035619,76.94274872133312,3642.8114616110106,3178.190187825798,464.62127378521245,130687.09470691573,115913.50529308428,123300.3,14773.589413831447,0.9327113622106604,1026.0,1505.0,479.0,1505.0,1742.9285714285713,0.7394691667766962,32.0,553.0,441.0,1026.0,0.7910989798986838,0.46101364522417154,4499.0,8216.0,5.1846589181048195,11.835643607045078,23241.45,25353.62,105.80476656872348,32.60345438854478,1.356154628906544,0,31519,-7270.0,-27.85333895253056,44037.25,-5721.0,0,0,1,0,0,0,0,0,130246.0,126988.0,-2.0856946789726507,0
2023-12-13,128301.0,128703.0,127076.0,128184.0,14107,61897,129693.0,542487.51,SILVER,2024-02-05,126360.8,123881.95,116334.22,104491.26,126097.18883397225,122527.47885218165,67.6852616562805,3569.7099817905982,3256.4941466187584,313.2158351718399,130851.26072556582,116912.63927443417,123881.95,13938.62145113165,0.8086424303208785,1627.0,990.0,2617.0,2617.0,1809.0,-1.1635169207281804,117.0,402.0,1108.0,1627.0,1.2692691755601324,0.6810079901659496,416.0,6078.0,3.4727012288715207,10.185979671329724,23026.3,25055.04,-55.24286938037375,17.559009921229762,0.6126472772438473,0,0,43066.0,228.69736073495832,43721.35,6696.8,0,0,0,0,1,0,0,0,130246.0,126302.0,-1.4682019596829556,0
2023-12-14,127701.0,128854.0,127314.0,127828.0,8869,15004,128184.0,340111.96,SILVER,2024-02-05,126855.7,124354.3,116673.1,104715.005,126363.4674748996,122920.11004831635,70.6062030075188,3443.3574265832576,3293.8668026116584,149.49062397159923,131028.08541995412,117680.51458004588,124354.3,13347.570839908236,0.7602496020934307,1540.0,670.0,870.0,1540.0,1787.9285714285713,-0.2777257692067603,127.0,1026.0,387.0,1540.0,1.204743874581469,0.33376623376623377,-620.0,4949.0,2.7933895329715153,9.56081564645149,23039.85,24958.82,-37.13050258736798,20.912590934061853,0.38494174224224553,0,0,-46893.0,-75.75972987382265,43127.65,-6696.2,0,0,1,0,0,0,0,0,130246.0,128669.0,0.6579153237162437,1
2023-12-15,125348.0,126211.0,124639.0,125393.0,20447,55924,127828.0,769173.2,SILVER,2024-02-05,127186.2,124689.9,116951.74,104930.89,126214.1647864535,123103.2870817744,61.997111615432225,3110.8777046791074,3257.2689830251484,-146.39127834604096,130814.95164403686,118564.84835596313,124689.9,12250.103288073733,0.5573954344274402,1572.0,1617.0,3189.0,3189.0,1889.857142857143,-1.9049034640297946,45.0,818.0,709.0,1572.0,1.2536584976832836,0.4796437659033079,-3140.0,3305.0,0.5638788707024434,7.21772929586169,23284.0,25238.06,130.54459352801894,20.406869291388634,0.8781566741109775,0,0,40920.0,272.7272727272727,45095.85,-4461.6,0,0,0,0,1,0,0,0,130246.0,126871.0,1.1786941854808481,1
2023-12-18,125756.0,126869.0,125497.0,126006.0,32370,31509,125393.0,1223644.27,SILVER,2024-02-05,127578.8,124909.5,117267.1,105154.52,126182.13943469143,123318.30285349481,65.37651931825897,2863.8365811966214,3178.5825026594434,-314.745921462822,130883.27953181654,118935.72046818346,124909.5,11947.559063633089,0.5917760685810386,1372.0,1476.0,104.0,1476.0,1830.142857142857,0.48886301468185067,250.0,863.0,259.0,1372.0,1.0888370395060554,0.37099125364431484,-2735.0,3926.0,0.8778355529403289,7.452132780634972,23107.6,25491.2,58.31173277253387,31.058661758931645,1.4008378195918227,0,32370,-24415.0,-43.65746370073671,44257.4,1081.6,0,0,0,0,0,0,0,0,130246.0,124752.0,-0.995190705204514,0
2023-12-19,126979.0,127640.0,126048.0,126988.0,12971,47170,126006.0,494148.4,SILVER,2024-02-05,127758.2,125225.5,117602.82,105386.575,126306.11798320044,123590.13227175447,66.1870026525199,2715.9857114459737,3086.0631444167498,-370.07743297077604,130916.516355442,119534.483644558,125225.5,11382.032710884,0.6548493177597899,1592.0,1634.0,42.0,1634.0,1857.0714285714287,0.7793279685094356,9.0,652.0,931.0,1592.0,1.2536617633162188,0.5904522613065326,-2705.0,1794.0,1.407460940463404,7.980403871267707,22476.25,25249.76,-59.928946555452576,8.127914834030113,0.5770980479394917,0,12971,15661.0,49.70325938620712,44305.3,5667.8,1,0,0,0,1,0,0,0,128854.0,125106.0,-1.4820297980911583,0
2023-12-20,126098.0,126576.0,126080.0,126302.0,36269,53555,126988.0,1374254.17,SILVER,2024-02-05,127611.6,125382.55,117924.4,105615.255,126305.48444732346,123791.01136273562,61.415327152671246,2514.4730845878366,2971.7451324509675,-457.27204786313087,131006.64884149995,119758.45115850006,125382.55,11248.19768299989,0.581741984441616,496.0,412.0,908.0,908.0,1817.4285714285713,-0.5402085236400289,204.0,274.0,18.0,496.0,0.3927095374578391,0.4475806451612903,-1882.0,-1466.0,0.7333157604467265,7.104212529383237,23146.6,25826.76,179.6160666101303,28.987685192975583,1.5669255959838595,1,0,6385.0,13.536145855416581,45285.75,-1668.4,0,0,0,1,1,0,0,0,128854.0,126670.0,0.2913651406945258,0
2023-12-21,128382.0,129716.0,127364.0,128669.0,76627,24662,126302.0,2957855.84,SILVER,2024-02-05,127633.7,125642.35,118322.38,105854.565,126669.1022246583,124152.34385438483,69.85937594302614,2516.75837027347,2880.7477800154684,-363.9894097419983,131374.05808655565,119910.64191344436,125642.35,11463.416173111298,0.7640268794479724,2352.0,3414.0,1062.0,3414.0,1993.5,1.8740795870215932,287.0,1047.0,1018.0,2352.0,1.8279461253293334,0.5548469387755102,841.0,221.0,2.408940934326677,8.744431949391142,26214.7,26916.5,111.27409082136262,36.908007905132,2.923054622025047,1,76627,-28893.0,-53.95014471104472,44431.85,1931.6,0,0,0,1,0,0,0,0,129716.0,129209.0,0.4196815083664286,0
2023-12-22,126937.0,127388.0,125786.0,126871.0,71115,75930,128669.0,2706729.35,SILVER,2024-02-05,127467.5,125857.6,118645.44,106077.41,126700.16342086472,124353.72579109707,63.04809630154148,2346.43762976765,2773.885749965905,-427.44812019825486,131423.81895289727,120291.38104710274,125857.6,11132.437905794533,0.5910312735247785,1602.0,1281.0,2883.0,2883.0,2124.785714285714,-1.397383985264511,66.0,451.0,1085.0,1602.0,1.2626999077803438,0.6772784019975031,1478.0,-1662.0,0.8051957132505261,6.932891816154078,29035.2,27979.58,-7.1932869615148665,38.31436531658567,2.449268474127955,1,0,51268.0,207.8825723785581,47365.7,4001.2,0,0,0,1,1,0,0,0,129716.0,128548.0,1.32181507200227,1
2023-12-25,124805.0,125884.0,124120.0,124752.0,36607,57403,126871.0,1370038.94,SILVER,2024-02-05,127068.6,126000.0,118902.84,106294.315,126400.44597150091,124383.22758434914,48.727251785302926,2017.2183871517773,2622.552277403079,-605.3338902513019,131278.63842093406,120721.36157906594,126000.0,10557.276841868123,0.38178769784167516,1764.0,987.0,2751.0,2751.0,2025.0,-1.6702004398168269,53.0,1079.0,632.0,1764.0,1.4140053866871873,0.35827664399092973,-1254.0,-3989.0,-0.9904761904761904,4.919276949146045,29338.35,28481.98,-48.524221331645926,37.75314234844139,1.2477525150528235,0,0,-18527.0,-24.400105360200186,48095.2,5178.8,0,0,0,0,0,0,0,0,129716.0,130203.0,4.369469026548672,1
2023-12-26,125302.0,125644.0,124478.0,125106.0,22057,46365,124752.0,827838.91,SILVER,2024-02-05,126609.9,126181.45,119172.56,106508.19,126201.30043742385,124436.76628180475,41.21104067617538,1764.5341556190979,2450.948653046283,-686.4144974271853,131038.0751429322,121324.8248570678,126181.45,9713.2502858644,0.38928011032876514,1166.0,892.0,274.0,1166.0,1833.2857142857142,0.283762985763758,196.0,342.0,628.0,1166.0,0.9320096558118716,0.5385934819897084,-1882.0,-4587.0,-0.8523043601099822,4.978864262041532,29476.3,28200.92,-39.74649657169393,23.19801603439965,0.7482960887221259,0,22057,-11038.0,-19.228960158876717,46696.9,-161.0,0,0,0,0,0,0,0,0,129716.0,130172.0,4.049366137515387,1
2023-12-27,126561.0,126774.0,126561.0,126670.0,46135,72188,125106.0,1753176.14,SILVER,2024-02-05,126458.5,126409.65,119472.36,106730.8,126273.40806243557,124602.19100167108,44.45345645121038,1671.2170607644948,2295.002334589926,-623.785273825431,130872.95584468191,121946.34415531807,126409.65,8926.61168936384,0.5291656015809689,213.0,1668.0,1455.0,1668.0,1871.4285714285713,1.2501398813805853,109.0,104.0,0.0,213.0,0.16815346964553565,0.5117370892018779,368.0,-1514.0,0.2059573774628803,6.024523161675218,29899.55,28696.42,109.16262411025977,39.638565383463,1.5429998110339453,1,46135,25823.0,55.695028577590854,48424.7,3726.6,1,0,0,1,1,0,0,0,129716.0,129939.0,2.580721559958948,1
2023-12-28,129315.0,130768.0,127646.0,129209.0,22330,36673,126670.0,865571.09,SILVER,2024-02-05,126596.6,126726.15,119817.0,106966.235,126725.03759129165,124943.4361126584,51.828806406233085,1781.6014786332526,2192.3221633985913,-410.7206847653388,131030.19085653829,122422.1091434617,126726.15,8608.081713076594,0.788432438580165,3122.0,4098.0,976.0,4098.0,2086.9285714285716,2.0044209362911403,106.0,1453.0,1563.0,3122.0,2.4162403547740485,0.5006406149903908,540.0,1381.0,1.959224674623198,7.838620563025281,30463.55,28545.38,-51.5985694158448,38.191758700615324,0.7330071511691841,0,22330,-35515.0,-49.197927633401676,47340.1,2402.2,0,0,0,0,0,0,0,0,130768.0,131313.0,1.6283695408214598,1
2023-12-29,128690.0,129066.0,128025.0,128548.0,38050,73471,129209.0,1467375.42,SILVER,2024-02-05,126912.1,127049.15,120200.56,107195.02,127005.49334647755,125210.44084505406,49.49036176392923,1795.0525014234881,2112.868231003571,-317.8157295800829,130824.77176267048,123273.5282373295,127049.15,7551.2435253409785,0.698490486364274,1041.0,143.0,1184.0,1184.0,2145.214285714286,-0.5115742711421012,142.0,376.0,523.0,1041.0,0.8098142328157575,0.5024015369836695,1677.0,3155.0,1.1797402816154268,6.944593269781773,31064.35,28856.34,70.3985669502911,32.17715604284254,1.2248767477832307,0,0,36798.0,100.34085021678072,47134.0,-491.8,0,0,0,0,1,0,0,0,130768.0,132343.0,2.9522046239536985,1
2024-01-01,130318.0,130410.0,129899.0,130203.0,13554,27156,128548.0,529431.44,SILVER,2024-02-05,127331.8,127455.3,120623.02,107437.355,127497.41744701947,125580.26004171673,51.2985029025359,1917.1574053027434,2073.7260658634054,-156.568660560662,130688.93670778105,124221.66329221896,127455.3,6467.273415562086,0.9248621982469853,511.0,1862.0,1351.0,1862.0,2170.714285714286,1.2874568254659824,115.0,92.0,304.0,511.0,0.39246407532852545,0.5949119373776908,5451.0,4197.0,2.1558146267750318,7.942082696984369,31067.85,28495.88,-64.3784494086728,19.908137824721877,0.436270936031943,0,13554,-46315.0,-63.0384777667379,46320.25,-6049.4,0,0,0,0,0,0,0,0,130768.0,129962.0,-0.18509558151501884,0
2024-01-02,129957.0,131209.0,129396.0,130172.0,7429,67287,130203.0,290114.34,SILVER,2024-02-05,127650.2,127704.2,121061.62,107677.6,127908.89168593954,125920.38892751548,55.47356828193833,1988.5027584240597,2056.6814043755367,-68.17864595147694,130971.12796950118,124437.27203049882,127704.2,6533.855939002358,0.8776942777799913,1813.0,1006.0,807.0,1813.0,2113.285714285714,-0.023808975215622308,215.0,1037.0,561.0,1813.0,1.392772639277264,0.42801985659128516,5066.0,3184.0,1.9324344853184179,7.525407309104244,29623.15,28243.62,-45.18961192267965,21.382071287999167,0.250783593237046,0,0,40131.0,147.779496243924,47312.8,4184.4,0,0,0,0,1,0,0,0,131209.0,132247.0,1.5940448022616232,1
2024-01-03,129978.0,130338.0,129649.0,129939.0,33208,11645,130172.0,1294504.29,SILVER,2024-02-05,128013.9,127812.75,121520.18,107915.775,128221.21604194885,126218.0638217736,55.85186006542107,2003.1522201752523,2045.97556753548,-42.82334736022767,131229.44232938797,124396.05767061203,127812.75,6833.384658775933,0.811156199478587,689.0,166.0,523.0,689.0,2052.5,-0.1789939464708179,39.0,360.0,290.0,689.0,0.5302488090565574,0.420899854862119,3269.0,3637.0,1.6635664282319254,6.927919297025406,29993.75,27621.54,347.00498048189525,38.120962675175655,1.107163992498437,0,0,-55642.0,-82.69353664155037,46474.4,-12108.6,0,0,0,0,0,0,0,0,131209.0,134420.0,3.4485412385811807,1
2024-01-04,131408.0,132699.0,129717.0,131313.0,12444,69076,129939.0,490217.69,SILVER,2024-02-05,128278.3,127956.0,122012.72,108158.345,128696.87511241826,126595.46650164222,67.4363807728558,2101.4086107760377,2057.062176183592,44.3464345924458,131708.56493334385,124203.43506665617,127956.0,7505.129866687683,0.947294058814411,2982.0,2760.0,222.0,2982.0,2037.7142857142858,1.057419250571412,95.0,1291.0,1596.0,2982.0,2.2709099632176555,0.5352112676056338,2104.0,2644.0,2.6235580980962205,7.622385600452149,28912.5,26382.32,-62.52710190315587,20.740843402723804,0.43040207522697793,0,12444,57431.0,493.1816230141692,47503.95,6480.6,1,0,0,0,1,0,1,0,132699.0,133472.0,1.6441631826247212,1
2024-01-05,132345.0,133552.0,131890.0,132343.0,15510,60151,131313.0,615791.98,SILVER,2024-02-05,128825.5,128146.5,122480.18,108404.56,129257.81740281545,127021.2097237428,68.2170988328638,2236.607679072651,2092.9712767614037,143.63640231124737,132378.59086063216,123914.40913936785,128146.5,8464.181721264307,0.9957951209219968,1662.0,2239.0,577.0,2239.0,2092.214285714286,0.7843853997700156,2.0,1207.0,453.0,1662.0,1.255827659944236,0.27256317689530685,3795.0,5472.0,3.2747675512011645,8.052584507958763,28346.65,26403.32,24.638379942140798,23.92401009308937,0.5471546020429221,0,15510,-8925.0,-12.920551276854475,46599.9,-2664.0,0,0,0,0,0,0,0,0,133552.0,134118.0,1.3412118510234767,1
2024-01-08,129420.0,131337.0,128904.0,129962.0,15537,77384,132343.0,605765.88,SILVER,2024-02-05,129346.5,128207.55,122883.18,108626.7,129366.15318699768,127239.0460405026,57.9129416773095,2127.10714649508,2099.798450708139,27.308695786940916,132510.3859057247,123904.71409427532,128207.55,8605.67181144937,0.703871358150772,2433.0,1006.0,3439.0,3439.0,2221.1428571428573,-1.799112911147549,542.0,1375.0,516.0,2433.0,1.8720856865853095,0.4348540896013153,-241.0,5210.0,1.368445150071113,5.760609385271449,28357.75,25063.06,0.17408123791102792,28.793840350045066,0.5478925514189242,0,0,17233.0,28.64956526076041,49164.05,10045.6,0,0,0,0,1,0,0,0,133552.0,134922.0,3.8165002077530352,1
2024-01-09,132289.0,132465.0,132042.0,132247.0,12147,43541,129962.0,481921.29,SILVER,2024-02-05,130060.6,128335.25,123345.94,108863.325,129809.36038899803,127610.00559305795,64.57750968564562,2199.354795940075,2119.7097197545263,79.64507618554853,132963.03414067102,123707.46585932898,128335.25,9255.568281342043,0.9226374741230695,423.0,2503.0,2080.0,2503.0,2335.0714285714284,1.7582062449023494,42.0,176.0,205.0,423.0,0.3198560269798181,0.4846335697399527,2075.0,7141.0,3.048071359973195,7.216338048905377,27389.15,24267.76,-21.818883954431357,30.58660161177133,0.44349678613611593,0,12147,-33843.0,-43.733846790034114,50399.55,-4749.2,0,0,0,0,0,0,0,0,133552.0,135361.0,2.354684794362065,1
2024-01-10,135015.0,135488.0,132755.0,134420.0,8598,60955,132247.0,346722.95,SILVER,2024-02-05,130835.6,128647.05,123837.04,109113.325,130518.6895599214,128114.44962320181,64.23726295984552,2404.2399367195903,2176.6157631475394,227.62417357205095,134013.31411163337,123280.78588836663,128647.05,10732.528223266738,1.0378928319503493,2733.0,3241.0,508.0,3241.0,2322.714285714286,1.6431374624755302,595.0,473.0,1665.0,2733.0,2.0331795863710758,0.6092206366630076,4481.0,7750.0,4.487432863792833,8.545876096521694,27113.7,23717.18,-29.21709063966411,16.74863013677894,0.31710906294603836,0,8598,17414.0,39.99448795388254,50352.45,9862.0,1,0,0,0,1,0,0,0,135488.0,134525.0,0.07811337598571641,0
2024-01-11,133376.0,134471.0,132902.0,133472.0,11718,19290,134420.0,469207.47,SILVER,2024-02-05,131261.9,128929.25,124272.54,109361.535,130973.04501224119,128511.30520666834,67.05949242776657,2461.739805572841,2233.6405716326,228.099233940241,134693.0447614958,123165.45523850419,128929.25,11527.58952299162,0.8940763149953898,1569.0,51.0,1518.0,1569.0,2228.8571428571427,-0.7052521946138923,96.0,999.0,474.0,1569.0,1.1755274514504916,0.3632887189292543,2159.0,4263.0,3.5234440594356986,7.402649048615251,27256.15,23787.62,36.287508722958826,25.5372379506593,0.4299213205093162,0,0,-41665.0,-68.3537035518005,50566.75,-9957.2,0,0,0,0,0,0,0,0,135488.0,133504.0,0.02397506593143131,0
2024-01-12,133923.0,134462.0,133530.0,134118.0,18782,68942,133472.0,755701.28,SILVER,2024-02-05,131818.9,129365.5,124696.24,109615.57,131456.88424112715,128926.61593210032,76.20006713662303,2530.2683090268256,2292.966119111445,237.3021899153805,135319.94281718894,123411.05718281106,129365.5,11908.88563437789,0.8990717642195467,932.0,990.0,58.0,990.0,2103.0714285714284,0.48399664349076943,195.0,344.0,393.0,932.0,0.6949104519900386,0.630901287553648,1775.0,5570.0,3.6736997112831475,7.555769123431463,27172.9,23872.22,60.283324799453844,24.525713735575575,0.6912033680615614,0,18782,49652.0,257.3976153447382,51217.65,1758.2,1,0,1,0,1,0,0,0,135488.0,133493.0,-0.46600754559417823,0
2024-01-15,135022.0,135711.0,134184.0,134922.0,5051,40143,134118.0,204447.31,SILVER,2024-02-05,132290.8,129811.3,125133.92,109876.6,131989.97897326143,129370.71845564844,76.78454485920105,2619.2605176129873,2358.2249988117537,261.0355188012336,136035.64605654235,123586.95394345766,129811.3,12448.69211308469,0.9105411197878526,1527.0,1593.0,66.0,1593.0,2133.5714285714284,0.5994721066523434,100.0,689.0,738.0,1527.0,1.1317650197892115,0.48330058939096265,4960.0,4719.0,3.9370224317913745,7.822083732372487,25806.95,23234.82,-73.10723032690873,23.652835643751985,0.195722470109796,0,5051,-28799.0,-41.77279452293232,51649.35,-7448.2,0,0,1,0,0,0,0,0,135711.0,135359.0,0.3238908406338477,0
2024-01-16,135446.0,135546.0,135147.0,135361.0,21702,34509,134922.0,881281.33,SILVER,2024-02-05,132809.7,130229.95,125596.84,110133.945,132508.59759275967,129814.4430144893,75.26600383743241,2694.154578270376,2425.4109147034783,268.7436635668978,136772.91872825805,123686.98127174194,130229.95,13085.937456516112,0.8921041207059268,399.0,624.0,225.0,624.0,2059.0,0.32537317857725956,85.0,100.0,214.0,399.0,0.29476732589150495,0.5363408521303258,3114.0,5189.0,3.9399922982386175,7.774208331993069,26243.5,23473.94,329.6574935656306,61.137546192583,0.8269476251262218,0,21702,-5634.0,-14.034825498841641,51016.3,-1806.4,0,0,1,0,0,0,0,0,135711.0,136249.0,0.6560235222848531,1
2024-01-17,134845.0,134995.0,134074.0,134525.0,15184,46741,135361.0,612788.28,SILVER,2024-02-05,133268.3,130641.1,126024.2,110380.0,132818.81334771973,130163.37316156417,67.1528136293237,2655.4401861555525,2471.416768993893,184.02341716165938,137178.2386916372,124103.96130836282,130641.1,13074.277383274384,0.7970642190113366,921.0,366.0,1287.0,1287.0,1858.2142857142858,-0.6176077304393401,320.0,150.0,451.0,921.0,0.6846311094592084,0.48968512486427795,105.0,4586.0,2.972954146895574,6.745371127132728,25189.25,23617.64,-30.034098239793572,23.433638320414126,0.6027968280119496,0,0,12232.0,35.44582572662205,50675.6,-2842.8,0,0,0,0,1,0,0,0,135711.0,135691.0,0.8667533915629065,1
2024-01-18,133168.0,133811.0,133168.0,133504.0,17468,36898,134525.0,699614.36,SILVER,2024-02-05,133487.4,130882.85,126420.22,110623.67,132924.22667883977,130410.82700144831,65.62815338042381,2513.399677391455,2479.8133506734057,33.58632671804935,137470.32651628813,124295.37348371188,130882.85,13174.953032576246,0.6989494758363819,643.0,714.0,1357.0,1357.0,1870.5714285714287,-0.7589667348076534,336.0,307.0,0.0,643.0,0.4816335091083413,0.5225505443234837,32.0,2191.0,2.002668798853321,5.603359968840427,22231.3,23555.1,15.042149631190727,31.190563473848783,0.7857390256080391,0,0,-9843.0,-21.058599516484456,51287.4,3521.6,0,0,0,0,0,0,0,0,135711.0,136946.0,2.578199904122723,1
2024-01-19,133689.0,133803.0,133338.0,133493.0,27072,72948,133504.0,1084176.75,SILVER,2024-02-05,133602.4,131213.95,126791.64,110871.27,133011.73026671057,130639.13611245214,61.57472558401351,2372.5941542584333,2458.3695113904114,-85.77535713197813,137615.4452356967,124812.45476430331,131213.95,12802.990471393394,0.6780091928594516,465.0,299.0,166.0,465.0,1770.7857142857142,-0.008239453499525595,196.0,114.0,155.0,465.0,0.34833287138651464,0.3333333333333333,-625.0,1150.0,1.7368961150853155,5.285332692281605,20029.15,23555.28,54.98053583695901,34.22477906333061,1.351629999276055,0,0,36050.0,97.70177245379152,51138.3,801.2,0,0,0,0,1,0,0,0,135711.0,132502.0,-0.7423610226753463,0
2024-01-22,135519.0,135603.0,135138.0,135359.0,20479,71768,133493.0,831605.09,SILVER,2024-02-05,134142.1,131744.3,127182.78,111125.78,133372.84868721664,130988.7556596779,66.16189942045241,2384.0930275387364,2443.5142146200765,-59.42118708134012,137628.26823133713,125860.33176866286,131744.3,11767.936462674275,0.807165152655707,465.0,2110.0,1645.0,2110.0,1792.0,1.397826103241373,160.0,84.0,221.0,465.0,0.3435309066999609,0.4752688172043011,437.0,5397.0,2.743724016902448,6.428716214569301,19222.75,23740.86,-24.35357565011821,31.77201337452768,1.0653522518890377,0,20479,-1180.0,-1.6175906124910933,51856.55,6325.0,0,0,0,0,0,0,0,0,135603.0,134317.0,-0.7698047414652887,0
2024-01-23,136210.0,136876.0,135515.0,136249.0,33467,53262,135359.0,1367953.58,SILVER,2024-02-05,134542.3,132301.45,127562.68,111387.34,133815.3335045679,131378.40338859064,68.88769157088123,2436.930115977273,2442.197394891516,-5.267278914242979,137622.05766118187,126980.84233881817,132301.45,10641.2153223637,0.870967965633001,1361.0,1517.0,156.0,1517.0,1851.142857142857,0.6575107676622949,39.0,627.0,695.0,1361.0,0.9989064139920293,0.5393093313739897,888.0,4002.0,2.9837541463075334,6.8094524197829704,19793.25,23842.66,63.42106548171298,40.296008318142114,1.690828944210779,1,33467,-18506.0,-25.785865566826438,52201.4,3750.6,0,0,0,1,0,0,0,0,136876.0,131650.0,-3.375437617890774,0
2024-01-24,135783.0,135961.0,135169.0,135691.0,28402,15506,136249.0,1156168.73,SILVER,2024-02-05,134669.4,132752.5,127945.48,111642.895,134103.89758078824,131697.8549894358,63.777693856999,2406.0425913524523,2434.9664341837033,-28.923842831251022,137568.5698325082,127936.43016749181,132752.5,9632.13966501638,0.8050724036604803,792.0,288.0,1080.0,1080.0,1715.2857142857142,-0.4095442902333213,92.0,178.0,522.0,792.0,0.5836790944130414,0.6590909090909091,1166.0,1271.0,2.2135176362027082,6.053766025966689,18906.6,24042.5,-15.134311411240919,41.70428624098444,1.5022267356372907,1,0,-37756.0,-70.8873117795051,49367.3,-6247.0,0,0,0,1,0,0,0,0,136876.0,131123.0,-3.366472352624714,0
2024-01-25,137228.0,137883.0,136074.0,136946.0,12210,30605,135691.0,501633.2,SILVER,2024-02-05,135016.8,133139.35,128316.78,111903.615,134541.1441068208,132086.6064716998,64.28349779681002,2454.5376351209998,2438.880674371163,15.656960749836799,137999.71607999806,128278.98392000196,133139.35,9720.7321599961,0.8916011610386264,1809.0,2192.0,383.0,2192.0,1711.9285714285713,0.9248955347075372,282.0,655.0,872.0,1809.0,1.3209586260277775,0.4820342730790492,3442.0,3474.0,2.8591472017851927,6.7249349617407805,18400.6,24114.74,-57.010069713400455,32.374528397348506,0.6635653185222221,0,12210,15099.0,97.37520959628532,49063.9,-1258.6,1,0,0,0,1,0,1,0,137883.0,129451.0,-5.472960144874622,0
2024-01-26,132734.0,133210.0,131802.0,132502.0,11057,38231,136946.0,439522.38,SILVER,2024-02-05,134855.2,133337.05,128593.2,112149.43,134227.4296288484,132117.376362685,56.98723591549297,2110.0532661633915,2373.1151927296087,-263.06192656621715,137708.10351506883,128965.99648493115,133337.05,8742.107030137675,0.40447954971024447,1408.0,3736.0,5144.0,5144.0,1833.7142857142858,-3.245074700977024,232.0,476.0,700.0,1408.0,1.0626254698042294,0.4971590909090909,-991.0,-1616.0,-0.6262700427225505,3.039663061499366,17050.95,24024.6,-9.443079443079439,25.401887973095178,0.6484682671639996,0,0,7626.0,24.91749714099003,47301.9,-6943.4,0,0,0,0,1,0,0,0,137883.0,127541.0,-3.744094428763339,0
2024-01-29,134010.0,134422.0,134010.0,134317.0,35916,23515,132502.0,1447238.81,SILVER,2024-02-05,134794.7,133542.75,128847.26,112396.63,134241.20968594865,132280.31144693054,55.84547610979329,1960.8982390181045,2290.671801987308,-329.77356296920334,137673.40050949552,129412.09949050446,133542.75,8261.301018991056,0.5937201051287399,412.0,1920.0,1508.0,1920.0,1792.0714285714287,1.3697906446695107,307.0,105.0,0.0,412.0,0.30673704743256625,0.7451456310679612,-1042.0,-605.0,0.5797768879254022,4.245134898483681,18169.05,24024.96,224.82590214343853,55.1952012201299,1.9767681854582382,1,35916,-14716.0,-38.492322983965884,47119.85,-9650.6,0,0,0,1,0,0,0,0,137883.0,129306.0,-3.730726564768421,0
2024-01-30,131866.0,132024.0,131341.0,131650.0,32268,48622,134317.0,1274424.66,SILVER,2024-02-05,134423.6,133616.65,129066.9,112621.405,133842.56204195655,132233.62171012087,42.39010989010988,1608.940331835678,2154.325507956982,-545.3851761213041,137541.12442140057,129692.17557859943,133616.65,7848.948842801139,0.24943778595222163,683.0,2293.0,2976.0,2976.0,1773.142857142857,-1.985601226948186,216.0,158.0,309.0,683.0,0.5187998480820357,0.45241581259150804,-4599.0,-3711.0,-1.4718599815217597,2.001365183482369,19411.0,24158.36,-10.157033077180088,21.21374855584883,1.6623563958580188,1,0,25107.0,106.77014671486288,46186.6,-928.0,0,0,0,1,1,0,0,0,137883.0,128632.0,-2.292442081276111,0
2024-01-31,131106.0,131753.0,130196.0,131123.0,28259,26600,131650.0,1111621.46,SILVER,2024-02-05,134083.4,133675.85,129226.14,112846.525,133424.16788165554,132151.3534352971,43.39389166994769,1272.8144463584467,1978.0232956372752,-705.2088492788284,137397.20262760253,129954.49737239748,133675.85,7442.7052552050445,0.15699971818517547,1557.0,103.0,1454.0,1557.0,1772.2857142857142,-0.40030383592859486,17.0,630.0,910.0,1557.0,1.1874346987179976,0.5953757225433526,-4568.0,-3402.0,-1.9097316381380822,1.4678609142082248,19163.55,24266.3,-12.424073385397294,22.97475104128846,1.4746223951199022,0,0,-22022.0,-45.29225453498417,46934.35,2218.8,0,0,0,0,0,1,0,0,137883.0,129180.0,-1.4818147845915668,0
2024-02-01,129470.0,130154.0,129009.0,129451.0,18864,37892,131123.0,732589.1,SILVER,2024-02-05,133678.1,133582.75,129345.7,113065.115,132812.91128447777,131951.3272549047,37.59106620579634,861.5840295730741,1754.7354424244352,-893.1514128513611,137631.74352666366,129533.75647333635,133582.75,8097.987053327306,-0.01021938819997881,1145.0,969.0,2114.0,2114.0,1852.5714285714287,-1.275138610312454,19.0,684.0,442.0,1145.0,0.8845045615715599,0.3860262008733624,-7495.0,-4053.0,-3.093026607103088,0.08140974149121533,19484.55,24338.28,-33.24604550762589,18.145931527406802,0.9681516894154599,0,0,11292.0,42.45112781954887,45375.15,1457.4,0,0,0,0,1,1,0,0,134422.0,129138.0,-0.24179032993178884,0
2024-02-02,127559.0,127948.0,127293.0,127541.0,39293,79310,129451.0,1503440.55,SILVER,2024-02-05,133082.9,133342.65,129445.2,113272.615,132001.8480099427,131624.636347134,31.4650193360454,377.2116628087242,1479.2306865012931,-1102.019023692569,138191.65333872478,128493.64666127521,133342.65,9698.006677449564,-0.09823118223772395,655.0,1503.0,2158.0,2158.0,1892.9285714285713,-1.4754617577307227,18.0,389.0,248.0,655.0,0.5135603453007268,0.3786259541984733,-4961.0,-5952.0,-4.350933478523184,-1.471047207621447,20673.7,24830.04,108.29622561492789,23.47750050520369,1.9006273671379579,1,0,41418.0,109.30539427847567,46333.1,8215.8,0,0,0,1,1,1,0,0,134422.0,129886.0,1.8386244423361902,1
2024-02-05,129267.0,130258.0,128761.0,129306.0,12043,31801,127541.0,467169.65,SILVER,2024-02-05,132477.6,133309.85,129593.24,113487.15,131587.10216225922,131452.88550660555,35.744219993407725,134.21665565366857,1210.2278803317683,-1076.0112246780998,138262.89670831535,128356.80329168464,133309.85,9906.093416630712,0.09581947881914898,1497.0,2717.0,1220.0,2717.0,2042.4285714285713,1.3838687167263775,39.0,952.0,506.0,1497.0,1.1577188993550183,0.364061456245825,-5011.0,-6053.0,-3.0034164767269678,-0.22164736370508617,20499.0,24460.02,-69.35077494719162,18.977780575496347,0.5874920727840383,0,12043,-47509.0,-59.90291262135923,44053.95,1657.2,0,0,0,0,0,1,0,0,132024.0,130031.0,0.5606855056996582,1
2024-02-06,128938.0,129228.0,127656.0,128632.0,17529,47695,129306.0,676437.1,SILVER,2024-02-05,131715.9,133129.1,129736.34,113694.875,131132.47106037318,131243.93102463477,36.01897983392645,-111.459964261594,945.8903114130959,-1057.3502756746898,138492.31603832077,127765.88396167925,133129.1,10726.432076641519,0.08074595840744185,1572.0,78.0,1650.0,1650.0,2068.3571428571427,-0.5212441804711254,306.0,290.0,976.0,1572.0,1.2220909260526152,0.6208651399491094,-3018.0,-7617.0,-3.3779992503517304,-0.8512187101933016,20768.1,24424.64,45.553433529851375,17.19101738031019,0.8440348418969478,0,0,15894.0,49.97956039118267,44261.65,-185.4,0,0,0,0,1,1,0,0,131753.0,128129.0,-0.39103799987561416,0
2024-02-07,129159.0,130384.0,128095.0,129180.0,35868,38853,128632.0,1390028.47,SILVER,2024-02-05,131064.8,132867.1,129877.82,113894.905,130832.09089723884,131091.04724503218,39.505873216192605,-258.9563477933407,704.9209795718086,-963.8773273651493,138471.33707752175,127262.86292247826,132867.1,11208.474155043485,0.17104353821961404,2289.0,1752.0,537.0,2289.0,2134.9285714285716,0.426021518751174,21.0,1204.0,1064.0,2289.0,1.771946121690664,0.4740061162079511,-1943.0,-6511.0,-2.7750285811912847,-0.5372895849345231,22131.6,24388.6,104.62091391408524,29.1665399128428,1.6206690885430788,1,35868,-8842.0,-18.53863088374044,43156.55,2450.6,0,0,0,1,0,1,0,0,130384.0,129654.0,0.36692986530422667,0
2024-02-08,128849.0,129966.0,127426.0,129138.0,31309,14429,129180.0,1212954.49,SILVER,2024-02-05,130284.0,132650.4,130003.0,114095.535,130571.46152843288,130946.37707873351,39.446517714341105,-374.9155503006332,488.95367359732023,-863.8692238979534,138486.52349351827,126814.27650648174,132650.4,11672.246987036531,0.19908107634280234,2540.0,786.0,1754.0,2540.0,2283.1428571428573,-0.0325127728750596,289.0,828.0,1423.0,2540.0,1.9668881351732257,0.6740157480314961,-313.0,-7808.0,-2.647862350961621,-0.6653692607093683,23111.15,24793.78,-12.710494033679042,33.596497480814946,1.354714066586907,0,0,-24424.0,-62.86258461380074,42913.5,-4692.6,0,0,0,0,0,1,0,0,130384.0,128938.0,-0.1548730815097028,0
2024-02-09,129784.0,130568.0,129394.0,129886.0,28284,14606,129138.0,1102108.69,SILVER,2024-02-05,130022.4,132438.8,130158.96,114303.915,130466.00590867398,130867.83062845696,35.97745324109658,-401.8247197829769,310.79799492126085,-712.6227147042378,138357.17760841653,126520.42239158344,132438.8,11836.755216833088,0.28433278772465925,1174.0,1430.0,256.0,1430.0,2234.5714285714284,0.5792253248462886,102.0,682.0,390.0,1174.0,0.9038695471413394,0.4190800681431005,2345.0,-2616.0,-1.92753181091945,-0.2097128004095964,23586.25,24838.78,-9.661758599763647,33.57462956514652,1.199173247124914,0,28284,177.0,1.2266962367454504,40196.7,-12940.8,1,0,0,0,1,0,0,0,130568.0,126648.0,-2.4929553608549035,0
2024-02-12,130077.0,130350.0,129755.0,130031.0,8464,14478,129886.0,330174.72,SILVER,2024-02-05,129593.8,132194.25,130317.98,114519.945,130399.08192272414,130805.84317449719,33.43633457645177,-406.76125177304493,167.28614558239968,-574.0473973554447,138084.72927189703,126303.77072810297,132194.25,11780.958543794055,0.31637742022786836,595.0,464.0,131.0,595.0,2168.714285714286,0.1116363580370372,46.0,273.0,276.0,595.0,0.45758319170044065,0.4638655462184874,725.0,-4286.0,-1.6364176202822738,-0.2202151997751929,23756.9,24738.38,-70.07495403761844,4.084543947040826,0.3562754399774381,0,8464,-128.0,-0.8763521840339572,38913.45,-3464.6,0,0,0,0,0,0,0,0,130568.0,126045.0,-3.065422860702448,0
2024-02-13,128444.0,128445.0,127607.0,128129.0,23643,50134,130031.0,908806.18,SILVER,2024-02-05,129241.7,131832.65,130376.68,114730.035,130049.83854999735,130607.5584949048,31.20214775778065,-557.7199449074542,22.284927484428906,-580.004872391883,137792.11226027113,125873.18773972886,131832.65,11918.924520542263,0.18926307120942376,838.0,1586.0,2424.0,2424.0,2264.714285714286,-1.4627281186793906,315.0,1.0,522.0,838.0,0.6540283620413802,0.6229116945107399,-503.0,-3521.0,-2.809357166073802,-1.7239892901092382,23853.95,24484.78,179.33601134215502,23.033848388974338,0.9911566008983836,0,0,35656.0,246.27711009807985,39694.7,487.8,0,0,0,0,1,1,0,0,130568.0,128298.0,0.13189832122314232,0
2024-02-14,129810.0,130717.0,128882.0,129654.0,34265,79963,128129.0,1332778.29,SILVER,2024-02-05,129094.8,131589.1,130414.4,114947.81,129988.94031153622,130536.92453231926,32.113422291993714,-547.984220783037,-91.76890216906428,-456.2153186139727,137483.05032929764,125695.14967070238,131589.1,11787.90065859526,0.33584015033338366,1835.0,2588.0,753.0,2588.0,2293.0,1.1902067447650433,156.0,907.0,772.0,1835.0,1.4153053511654095,0.420708446866485,474.0,-1469.0,-1.4705625313950819,-0.5830644468708932,24808.0,24654.16,44.92661675760268,28.768917403274333,1.3812076749435667,0,34265,29829.0,59.49854390234173,41355.8,8222.0,1,0,0,0,1,0,0,0,130717.0,129604.0,-0.03856417850586947,0
2024-02-15,128719.0,129320.0,128678.0,128938.0,20954,35475,129654.0,810530.06,SILVER,2024-02-05,129043.5,131360.8,130424.2,115152.795,129827.2571866845,130418.48567807338,39.30115273775216,-591.228491388887,-191.66082001302885,-399.5676713758582,137296.02333548808,125425.5766645119,131360.8,11870.446670976176,0.29589647574729827,642.0,334.0,976.0,976.0,1995.2857142857142,-0.5522390362040497,219.0,382.0,41.0,642.0,0.49791372597682604,0.40498442367601245,-200.0,-513.0,-1.8443858441787722,-1.1395124524436393,24982.3,24391.86,-38.8472201955348,28.208799934483444,0.8387538377171038,0,0,-44488.0,-55.6357315258307,41284.65,4209.2,0,0,0,0,0,0,0,0,130717.0,129106.0,0.1302951806294498,0
2024-02-16,127277.0,127277.0,126321.0,126648.0,28880,76177,128938.0,1097278.27,SILVER,2024-02-05,128954.2,131018.55,130386.5,115348.86,129338.14069642534,130139.19044266053,27.616601482692204,-801.0497462351923,-313.53860525746154,-487.51114097773075,137219.5544508948,124817.54554910521,131018.55,12402.00890178958,0.14759338308736877,956.0,1661.0,2617.0,2617.0,2045.0714285714287,-1.776047402627623,629.0,0.0,327.0,956.0,0.7548480828753711,0.34205020920502094,-3238.0,-893.0,-3.3358253468688233,-2.8672446917433936,25072.7,24432.92,37.82571346759569,21.161748719750225,1.1518504189816015,0,0,40702.0,114.73431994362228,41446.1,12314.2,0,1,0,0,1,1,0,0,130717.0,128610.0,1.549175667993178,1
2024-02-19,126112.0,126753.0,125301.0,126045.0,24043,31730,126648.0,909149.98,SILVER,2024-02-05,128628.1,130552.85,130332.58,115540.66,128831.50366620606,129835.91707653753,31.399747793190414,-1004.4134103314718,-451.7135662722636,-552.6998440592082,136780.26528793754,124325.43471206249,130552.85,12454.83057587505,0.13806412519719877,1452.0,105.0,1347.0,1452.0,1936.2142857142858,-0.47612279704377647,67.0,641.0,744.0,1452.0,1.1519695346899916,0.512396694214876,-3986.0,-3261.0,-3.4528928322897627,-3.2897223395715804,25250.9,24607.48,-16.748614958448748,26.421964718624515,0.9521640812802712,0,0,-44447.0,-58.347007626974026,39444.2,3450.4,0,0,0,0,0,1,0,0,130717.0,128157.0,1.6755920504581696,1
2024-02-20,128625.0,128711.0,127502.0,128298.0,5255,31113,126045.0,202261.8,SILVER,2024-02-05,128594.7,130155.3,130304.68,115743.7,128749.42617909743,129721.9972930903,41.58875722027035,-972.5711139928753,-555.885075816386,-416.6860381764893,135843.43417193298,124467.16582806704,130155.3,11376.268343865944,0.3367390831632886,1209.0,2666.0,1457.0,2666.0,2015.4285714285713,1.7874568606450092,327.0,86.0,796.0,1209.0,0.9423373708085863,0.6583953680727874,169.0,-334.0,-1.4269876063441158,-1.5399907355591473,23840.3,24082.2,-78.14332653994926,14.052288711644447,0.2204250785434747,0,5255,-617.0,-1.9445319886542745,38336.75,-3804.2,0,0,0,0,0,0,0,0,130717.0,131325.0,2.3593508862180235,1
2024-02-21,129564.0,130436.0,128594.0,129604.0,16255,30011,128298.0,632013.91,SILVER,2024-02-05,128637.1,129850.95,130333.08,115947.04,128880.8990746209,129713.25675286139,50.46569671881658,-832.3576782404853,-611.179596301206,-221.1780819392793,134908.3679588544,124793.53204114559,129850.95,10114.835917708799,0.4755853676709045,1842.0,2138.0,296.0,2138.0,2017.142857142857,1.0179426023788407,40.0,832.0,970.0,1842.0,1.4212524304805407,0.5483170466883822,-50.0,424.0,-0.19017958667225546,-0.5593975067573035,23232.95,24125.16,209.32445290199811,24.522642610435735,0.6996528637129594,0,16255,-1102.0,-3.5419278115257247,39062.0,-9990.4,0,0,0,0,0,0,0,0,130436.0,131940.0,1.8024135057559953,1
2024-02-22,129244.0,129639.0,128766.0,129106.0,24140,65746,129604.0,934985.65,SILVER,2024-02-05,128633.9,129458.95,130358.64,116134.485,128915.52998621768,129668.27477116794,55.21145521145521,-752.7447849502641,-639.4926340310176,-113.25215091924656,133260.19491934666,125657.70508065335,129458.95,7602.4898386933055,0.4535744200270226,873.0,35.0,838.0,873.0,1925.357142857143,-0.38424739977160893,138.0,395.0,340.0,873.0,0.6761885582389665,0.38946162657502864,168.0,-32.0,-0.2726346845853432,-0.9609182789878749,23829.45,24430.58,48.50815133804982,30.644507147608618,1.0130321933573792,0,0,35735.0,119.07300656425979,40819.05,6054.2,0,0,0,0,1,0,0,0,130436.0,132632.0,2.731089182532183,1
2024-02-23,128826.0,128951.0,128310.0,128610.0,38255,52853,129106.0,1475992.66,SILVER,2024-02-05,128506.3,129264.35,130422.98,116322.165,128868.52537295342,129589.88404737772,47.46835443037975,-721.3586744243075,-655.8658421096756,-65.49283231463198,132798.78596483092,125729.91403516909,129264.35,7068.8719296618365,0.40743218910866463,641.0,155.0,796.0,796.0,1788.142857142857,-0.3841804408780347,216.0,125.0,300.0,641.0,0.4984060337454319,0.46801872074882994,1962.0,-1276.0,-0.506210722445907,-1.390077116778037,25189.35,24786.74,58.471416735708374,37.45782468115583,1.5186973859984478,1,0,-12893.0,-19.610318498463787,41550.15,-4664.8,0,0,0,1,0,0,0,0,130436.0,134263.0,4.395459140035767,1
2024-02-26,128469.0,128518.0,127800.0,128157.0,26075,46818,128610.0,1002508.13,SILVER,2024-02-05,128318.9,128956.35,130466.0,116510.055,128759.05993096059,129483.7444883127,48.24399260628466,-724.6845573521132,-669.6295851581631,-55.05497219395011,131597.63360142836,126315.06639857165,128956.35,5282.567202856706,0.34868152750281467,718.0,92.0,810.0,810.0,1728.142857142857,-0.35222766503382186,312.0,49.0,357.0,718.0,0.5602503179693656,0.4972144846796657,2112.0,-1874.0,-0.6198609064229919,-1.7698097588643786,24697.3,24660.84,-31.83897529734675,41.28142255518299,1.055783425718601,0,0,-6035.0,-11.418462528144103,42715.3,3017.6,0,0,0,0,0,0,0,0,130436.0,134666.0,5.078926629056548,1
2024-02-27,131603.0,132647.0,130291.0,131325.0,81062,47321,128157.0,3193640.14,SILVER,2024-02-05,128638.5,128940.1,130552.74,116708.13,129153.81994158204,129620.13378547473,56.64292350572933,-466.3138438926835,-628.9664369050672,162.6525930123837,131514.7648959296,126365.43510407039,128940.1,5149.329791859214,0.9631476515196963,2356.0,4490.0,2134.0,4490.0,1885.357142857143,2.4719679767784886,278.0,1044.0,1034.0,2356.0,1.7940224633542736,0.4388794567062818,3027.0,3196.0,1.8496185438044443,0.5915310548058929,27137.0,26022.66,210.88015340364333,44.43583676133183,2.9871393300659617,1,81062,503.0,1.0743731043615812,42650.25,3241.6,1,0,0,1,1,0,1,0,132647.0,134289.0,2.2569960022844087,1
2024-02-28,132170.0,133470.0,131270.0,131940.0,17150,31309,131325.0,678831.3,SILVER,2024-02-05,128867.1,128980.95,130665.5,116905.505,129582.46302749249,129791.97572729141,58.380189017825096,-209.51269979892822,-545.0756894838394,335.56298968491114,131721.99263489866,126239.90736510133,128980.95,5482.085269797331,1.0397672335201376,2200.0,2145.0,55.0,2200.0,1861.0714285714287,0.4683038263849193,230.0,1300.0,670.0,2200.0,1.6674245869334545,0.30454545454545456,2336.0,2286.0,2.294176000409365,0.9753913619126701,26581.55,25640.28,-78.84335446941847,32.058839638629706,0.6451843477901026,0,17150,-16012.0,-33.83698569345533,42885.7,259.6,0,0,0,0,0,0,0,0,133470.0,134011.0,1.569652872517811,1
2024-02-29,132548.0,132807.0,132411.0,132632.0,27895,28688,131940.0,1109930.89,SILVER,2024-02-05,129236.5,129140.0,130744.76,117096.165,130051.6225617244,130002.34789564021,58.240307286040085,49.274666084194905,-426.20561837023257,475.4802844544275,132328.5164344328,125951.48356556719,129140.0,6377.032868865601,1.0475900895930608,396.0,867.0,471.0,867.0,1820.857142857143,0.5244808246172461,84.0,175.0,137.0,396.0,0.29857048072863257,0.5580808080808081,3526.0,3694.0,2.7040421248257704,1.443453642042714,27033.1,24665.64,62.65306122448979,42.20886778063217,1.0318831358593725,0,27895,-2621.0,-8.371394806605126,42425.5,-7411.6,0,0,0,0,0,0,0,0,133470.0,133928.0,0.9771397551118886,1
2024-03-01,134109.0,134818.0,133694.0,134263.0,10806,38176,132632.0,435253.79,SILVER,2024-04-05,129998.0,129476.1,130892.6,117291.64,130699.52678299758,130317.95175522241,61.65968701785321,381.5750277751649,-264.6494891411531,646.224516916318,133307.29027265415,125644.90972734586,129476.1,7662.38054530829,1.1247275206046814,1124.0,2186.0,1062.0,2186.0,1934.5,1.2297183183545446,154.0,555.0,415.0,1124.0,0.8371628818066034,0.5062277580071174,5653.0,7615.0,3.6971302039526943,2.5749354814557845,25608.75,23459.46,-61.26187488797276,32.30010894507532,0.42196514863083906,0,10806,9488.0,33.073061907417745,40368.8,-2935.4,1,0,0,0,1,0,0,0,134818.0,133899.0,-0.2711096877024944,0
2024-03-04,134756.0,134849.0,134405.0,134666.0,25738,78879,134263.0,1039810.05,SILVER,2024-04-05,130860.1,129744.1,131090.88,117491.0,131309.75343176717,130640.02940298371,69.6318097183014,669.7240287834575,-77.774785556231,747.4988143396885,134220.71144876062,125267.4885512394,129744.1,8953.22289752122,1.049735001165074,444.0,586.0,142.0,586.0,1803.2142857142858,0.30015715424205336,90.0,93.0,261.0,444.0,0.3297046024980322,0.5878378378378378,6509.0,8621.0,3.7935443692622584,2.727207262625741,26293.5,23242.08,138.18249120858783,47.79321956177898,0.9788731055203758,0,25738,40703.0,106.61934199497067,42722.7,6412.2,1,0,0,0,1,0,0,0,134849.0,135068.0,0.2985163292887589,0
2024-03-05,134540.0,134707.0,133971.0,134289.0,22106,77592,134666.0,890577.79,SILVER,2024-04-05,131459.2,130026.95,131274.54,117685.085,131768.09905764915,130910.32352128121,64.95064834526804,857.7755363679316,109.33527882860155,748.4402575393301,134904.60053343643,125149.29946656358,130026.95,9755.301066872853,0.9368957934546076,736.0,41.0,695.0,736.0,1670.9285714285713,-0.2799518809499024,251.0,167.0,318.0,736.0,0.5480716961180737,0.4320652173913043,2964.0,5991.0,3.2778204825999557,2.296302085690029,26522.35,23243.06,-14.111430569585826,54.19640915881532,0.833485720533814,0,0,-1287.0,-1.6316129768379373,44217.55,6054.2,0,0,0,0,0,0,0,0,134849.0,135179.0,0.6627497412297358,1
2024-03-06,133951.0,134929.0,133073.0,134011.0,14474,19416,134289.0,581902.56,SILVER,2024-04-05,131899.9,130268.5,131421.36,117871.455,132113.16074108775,131140.00326044558,66.83927504481179,973.1574806421704,282.09971919131533,691.0577614508551,135439.2254301211,125097.7745698789,130268.5,10341.4508602422,0.8618931280124419,1856.0,640.0,1216.0,1856.0,1733.7857142857142,-0.20701621130546632,60.0,918.0,878.0,1856.0,1.3849609360425637,0.5053879310344828,2071.0,4407.0,2.8729124845991163,1.9704863806005464,25452.65,22609.84,-34.52456346693206,29.811507521922305,0.5686637737131497,0,0,-58176.0,-74.97680173213733,43245.7,-2378.6,0,0,0,0,0,0,0,0,134929.0,136368.0,1.7588108438859495,1
2024-03-07,134213.0,134213.0,133694.0,133928.0,21997,49994,134011.0,883804.26,SILVER,2024-04-05,132382.1,130508.0,131515.74,118052.645,132392.3667809204,131346.52153744962,78.3136278780336,1045.8452434707724,434.8488240472068,610.9964194235656,135897.35816899387,125118.64183100611,130508.0,10778.71633798776,0.8172919569231817,519.0,202.0,317.0,519.0,1583.9285714285713,-0.061935214273456385,285.0,0.0,234.0,519.0,0.3875216534257213,0.4508670520231214,1296.0,4822.0,2.6205290097158795,1.8341987050371382,24987.05,22603.18,51.97595688821335,30.158288076938657,0.8803360140552806,0,0,30578.0,157.48866913885453,45023.95,4261.2,0,0,1,0,1,0,0,0,134929.0,136269.0,1.747954124604265,1
2024-03-08,134288.0,134288.0,133542.0,133899.0,37599,76422,133928.0,1510340.55,SILVER,2024-04-05,132911.0,130708.65,131622.76,118230.675,132624.15650693263,131535.59401615706,81.97361993160723,1088.56249077557,565.5915573928794,522.9709333826906,136295.6914080042,125121.60859199577,130708.65,11174.082816008435,0.7855133662898391,746.0,360.0,386.0,746.0,1533.5,-0.021653425721279707,389.0,0.0,357.0,746.0,0.5571363490392012,0.4785522788203753,-364.0,5289.0,2.440810152962337,1.729366562439498,25452.8,22594.16,70.92785379824522,31.40393178319234,1.4772048654764898,0,0,26428.0,52.86234348121774,48114.75,7649.2,0,0,1,0,1,0,0,0,134929.0,136423.0,1.885002875301533,1
2024-03-11,134821.0,135415.0,134703.0,135068.0,10790,18584,133899.0,437215.12,SILVER,2024-04-05,133602.1,130960.5,131720.06,118408.285,133000.132428943,131797.25371866394,80.22861225218789,1202.8787102790666,693.0489879701169,509.8297223089497,136864.06814495457,125056.93185504543,130960.5,11807.136289909133,0.8478828311239568,712.0,1516.0,804.0,1516.0,1451.357142857143,0.8730461019126334,247.0,347.0,118.0,712.0,0.5271418840880149,0.5126404494382022,402.0,6911.0,3.136441904238301,2.5417085294373556,25569.1,22538.88,-71.30242825607064,27.45758648731995,0.4219937346249966,0,10790,-57838.0,-75.68239512182356,48320.05,-12059.0,0,0,1,0,0,0,0,0,135415.0,133311.0,-1.3008262504812391,0
2024-03-12,134953.0,136245.0,134111.0,135179.0,15170,28830,135068.0,615199.63,SILVER,2024-04-05,133987.5,131313.0,131820.2,118579.5,133335.34282449022,132047.75344320736,77.8666400079976,1287.589381282858,811.9570666326651,475.63231465019294,137345.20794001632,125280.79205998368,131313.0,12064.41588003264,0.8204465129885377,2134.0,1177.0,957.0,2134.0,1451.0714285714287,0.08218082743507438,226.0,1066.0,842.0,2134.0,1.5786475709984538,0.5004686035613871,890.0,3854.0,2.9441106364183285,2.548016161407727,25145.45,22693.7,40.593141797961074,10.428885326751729,0.6032900584399961,0,15170,10246.0,55.133448127421445,47254.85,-9752.4,1,0,1,0,1,0,0,0,136245.0,134772.0,-0.3010822686955814,0
2024-03-13,136330.0,137364.0,135650.0,136368.0,14004,13591,135179.0,572909.24,SILVER,2024-04-05,134430.3,131648.7,131948.78,118748.345,133801.90546687634,132367.7717066735,83.95361885169254,1434.1337602028507,936.3924053467024,497.7413548561483,138029.38853239096,125268.01146760906,131648.7,12761.377064781904,0.869811186993607,1714.0,2185.0,471.0,2185.0,1544.7857142857142,0.8795744901205049,38.0,996.0,680.0,1714.0,1.2568931127537253,0.41890315052508753,2357.0,4428.0,3.584767642977096,3.349193527973507,24132.4,22309.62,-7.686222808174026,17.544598492876172,0.5802986855845254,0,14004,-15239.0,-52.85813388831079,43936.25,-1165.0,0,0,1,0,0,0,0,0,137364.0,135346.0,-0.7494426845007627,0
2024-03-14,136353.0,136675.0,135878.0,136269.0,30792,31395,136368.0,1258798.51,SILVER,2024-04-05,134794.0,132015.25,132047.9,118912.68,134181.4584719723,132656.75158025324,87.19044381858794,1524.7068917190481,1054.0553026211717,470.65158909787647,138579.90389715944,125450.59610284054,132015.25,13129.307794318898,0.823988900758395,797.0,307.0,490.0,797.0,1544.857142857143,-0.07259767687434193,84.0,322.0,391.0,797.0,0.5848725682290176,0.4905897114178168,2341.0,3637.0,3.2221656210172687,3.196643036352722,24624.3,22676.58,119.88003427592116,23.26729579801931,1.2504720946382233,0,0,17804.0,130.9984548598337,43732.25,-3719.8,0,0,1,0,1,0,0,0,137364.0,136959.0,0.5063514078770667,1
2024-03-15,136280.0,137057.0,135657.0,136423.0,35216,64182,136269.0,1441281.71,SILVER,2024-04-05,135010.0,132504.0,132129.5,119078.67,134526.3110147458,132935.73294467892,91.3382676535307,1590.5780700668693,1161.3598561103113,429.218213956558,138837.58782498984,126170.41217501018,132504.0,12667.175649979661,0.8093823049660076,1400.0,788.0,612.0,1400.0,1587.0,0.1130117634972061,143.0,634.0,623.0,1400.0,1.0262199189286263,0.5471428571428572,2524.0,2160.0,2.957646561613234,3.2494635944281938,24941.1,23070.7,14.367368147570803,30.830220101573662,1.4119665932938004,0,35216,32787.0,104.4338270425227,43132.5,-2448.0,1,0,1,0,1,0,0,0,137364.0,132442.0,-2.9181296408963298,0
2024-03-18,133672.0,133811.0,132765.0,133311.0,12232,26738,136423.0,489198.05,SILVER,2024-04-05,134874.5,132867.3,132196.48,119228.095,134339.3400894003,132963.53050433233,59.987929993965,1375.8095850679674,1204.2498019018426,171.55978316612482,138427.2303327722,127307.36966722777,132867.3,11119.860665544416,0.5399015791065486,1046.0,2612.0,3658.0,3658.0,1527.5714285714287,-2.2811402769327804,361.0,139.0,546.0,1046.0,0.7846314257638154,0.5219885277246654,-1757.0,-1355.0,0.3339422115148059,0.8430784238733054,24350.55,23004.6,-65.26578827805542,10.48539215290934,0.5023295161710927,0,0,-37444.0,-58.34034464491602,42882.9,1630.8,0,0,0,0,0,0,0,0,137364.0,135734.0,1.8175544403687616,1
2024-03-19,134886.0,135425.0,134369.0,134772.0,17674,12631,133311.0,714588.1,SILVER,2024-04-05,134922.8,133191.0,132246.98,119377.38,134405.9031525695,133097.49120771512,63.12569521690768,1308.4119448543643,1225.082230492347,83.32971436201728,138371.72675251533,128010.27324748467,133191.0,10361.453505030659,0.6525847700066789,1056.0,2114.0,1058.0,2114.0,1521.4285714285713,1.0959335688727867,114.0,539.0,403.0,1056.0,0.7835455435847208,0.3816287878787879,-407.0,483.0,1.1870171407978016,1.9093214831824432,24971.5,23115.14,44.489862655330285,16.34552147540095,0.7077668542138037,0,17674,-14107.0,-52.760116687859984,41958.8,-3239.8,0,0,0,0,0,0,0,0,137364.0,135543.0,0.5720772860831627,1
2024-03-20,135357.0,136275.0,133496.0,135346.0,21052,27905,134772.0,854791.2,SILVER,2024-04-05,135056.3,133478.1,132265.5,119534.385,134550.53343678956,133264.04741455105,62.71790065604498,1286.4860222385032,1237.3629888415783,49.12303339692494,138454.2239153653,128501.97608463473,133478.1,9952.247830730557,0.6876862425222455,2779.0,1503.0,1276.0,2779.0,1658.0,0.4259044905470022,11.0,918.0,1850.0,2779.0,2.053256099182835,0.6657070888808924,-1022.0,1335.0,1.3994055953748175,2.3290275997898164,25211.35,23364.22,19.11282109313115,21.709259931407274,0.8350207347087721,0,21052,15274.0,120.92470904916475,41853.5,2862.8,1,0,0,0,1,0,0,0,137057.0,137334.0,1.4688280407252523,1
2024-03-21,136566.0,138525.0,135547.0,136959.0,10913,29056,135346.0,448390.07,SILVER,2024-04-05,135359.4,133870.75,132335.24,119697.095,134921.06675420655,133537.7476060658,62.654900488171236,1383.3191481407557,1266.554220701414,116.76492743934182,138628.82390819094,129112.67609180907,133870.75,9516.147816381868,0.824527325509134,2978.0,3179.0,201.0,3179.0,1728.9285714285713,1.1917603771075536,393.0,1566.0,1019.0,2978.0,2.1743733526091753,0.47414372061786436,690.0,3031.0,2.306889294338009,3.4939748475160584,24550.0,23348.12,-48.16169485084553,11.695494757501383,0.4445213849287169,0,10913,1151.0,4.124708833542368,40019.0,-467.8,1,0,0,0,1,0,0,0,138525.0,135709.0,-0.9126818975021721,0
2024-03-22,132093.0,132680.0,132093.0,132442.0,32913,45447,136959.0,1307719.06,SILVER,2024-04-05,135213.7,134062.35,132301.72,119839.485,134539.671868944,133456.58111672758,42.46918596776378,1083.0907522164052,1229.8615270044122,-146.77077478800697,138196.11709934133,129928.58290065867,134062.35,8267.534198682653,0.30401048715853096,587.0,4279.0,4866.0,4866.0,2034.642857142857,-3.2980673048138454,349.0,238.0,0.0,587.0,0.4432128780900319,0.5945485519591142,-3981.0,-1457.0,-1.2086540329928617,0.10603036755682302,24282.9,23630.74,201.5944286630624,24.762152243983103,1.3553982432081835,0,0,16391.0,56.41175660792952,39648.7,-3747.0,0,0,0,0,1,0,0,0,138525.0,136711.0,3.2232977454281873,1
2024-03-25,135811.0,136555.0,135167.0,135734.0,15567,64418,132442.0,633891.35,SILVER,2024-04-05,135280.3,134441.2,132317.96,119998.04,134723.41465833722,133625.2788117848,54.08630733555795,1098.13584655241,1203.5163909140117,-105.38054436160178,137560.54045660756,131321.85954339246,134441.2,6238.680913215096,0.707223292549153,1388.0,4113.0,2725.0,4113.0,2275.8571428571427,2.4856163452681157,77.0,744.0,567.0,1388.0,1.0225882976999132,0.4085014409221902,2423.0,666.0,0.961609982654118,2.581690346495675,23757.5,23841.06,-52.70257952784614,26.622137116805554,0.6552457118804588,0,15567,18971.0,41.74312935947366,40528.7,7536.0,1,0,0,0,1,0,0,0,138525.0,135072.0,-0.4877186261364139,0
2024-03-26,134965.0,136114.0,134441.0,135543.0,14432,47190,135734.0,586846.97,SILVER,2024-04-05,135316.7,134652.1,132321.6,120147.705,134849.5047109007,133767.33223313408,54.35375696260089,1082.1724777666386,1179.2476082845371,-97.07513051789851,137436.7397404743,131867.46025952572,134652.1,5569.279480948579,0.6599668328816304,1673.0,380.0,1293.0,1673.0,2262.785714285714,-0.14071640119646123,578.0,571.0,524.0,1673.0,1.2342946518816906,0.6586969515839809,771.0,364.0,0.6616309734493514,2.434523161751365,20426.0,23695.66,-7.2910644311684925,21.833716493892595,0.7065504748849506,0,0,-17228.0,-26.744077742245953,40522.15,6911.8,0,0,0,0,0,0,0,0,138525.0,134123.0,-1.0476380189312617,0
2024-03-27,137613.0,137613.0,137154.0,137334.0,5319,36014,135543.0,219143.86,SILVER,2024-04-05,135413.3,134921.8,132377.78,120305.025,135231.73475537752,134031.52984549452,58.822919904673086,1200.204909883003,1183.4390686042302,16.76584127877277,137644.60340052543,132198.99659947454,134921.8,5445.60680105089,0.9429625729743298,459.0,2070.0,1611.0,2070.0,2373.5714285714284,1.321351895708367,279.0,0.0,180.0,459.0,0.3342216785355411,0.39215686274509803,1988.0,966.0,1.7878504437385299,3.743996915494429,19834.45,23498.36,-63.144401330376944,16.287898641672303,0.26816977531517133,0,5319,-11176.0,-23.682983682983682,40757.4,1621.8,0,0,0,0,0,0,1,0,138525.0,137178.0,-0.11359168159377868,0
2024-03-28,135666.0,137185.0,135166.0,135709.0,29469,60278,137334.0,1199762.56,SILVER,2024-04-05,135357.3,135075.65,132421.88,120453.81,135305.16017762714,134155.78689397642,54.33055794812901,1149.373283650726,1176.6259116135295,-27.252627962803444,137593.71026223138,132557.5897377686,135075.65,5036.120524462778,0.6257614858348863,2019.0,149.0,2168.0,2168.0,2475.1428571428573,-1.183246683268524,43.0,1476.0,500.0,2019.0,1.4877421541681097,0.2689450222882615,-1250.0,-560.0,0.4688853986636421,2.4823088148272743,19913.15,23738.38,454.03271291596167,49.70316650567635,1.479876363106791,0,0,24264.0,67.37379907813627,42336.9,6244.4,0,0,0,0,1,0,0,0,137613.0,136903.0,0.8798237405035775,1
2024-03-29,137598.0,137705.0,135417.0,136711.0,31490,11780,135709.0,1291508.82,SILVER,2024-04-05,135386.1,135198.05,132486.24,120615.815,135521.44322722298,134345.06193886706,53.96266460855724,1176.3812883559149,1176.5769869620067,-0.19569860609180978,137786.7832789401,132609.31672105988,135198.05,5177.466557880223,0.7922182080919995,2288.0,1996.0,292.0,2288.0,2530.285714285714,0.738344546050751,887.0,107.0,1294.0,2288.0,1.6736034408350462,0.5655594405594405,4269.0,288.0,1.1190619983054575,3.1888292701189265,20947.35,23826.74,6.858054226475274,48.9522351135668,1.5032927792775699,1,31490,-48498.0,-80.45721490427685,41017.1,-6733.4,0,0,0,1,0,0,0,0,137705.0,137279.0,0.4154749800674416,0
2024-04-01,135696.0,135696.0,134796.0,135072.0,25584,69258,136711.0,1036704.61,SILVER,2024-04-05,135562.2,135218.35,132480.5,120764.945,135452.2981153425,134398.9092026547,49.75964778291927,1053.3889126878057,1151.9393721071665,-98.55045941936078,137795.85938739777,132640.84061260225,135218.35,5155.018774795521,0.47161019069114624,900.0,1015.0,1915.0,1915.0,2514.6428571428573,-1.1988793879058712,624.0,0.0,276.0,900.0,0.6663113006396588,0.30666666666666664,-662.0,1761.0,-0.10823235160021241,1.9561369409082845,20939.65,23928.84,-18.755160368370916,53.60329790453526,1.2217969259276062,0,0,57478.0,487.9286926994906,40536.05,968.0,0,0,0,0,1,0,0,0,137705.0,138708.0,2.6918976545842215,1
2024-04-02,134074.0,134484.0,133709.0,134123.0,9791,52192,135072.0,393959.49,SILVER,2024-04-05,135497.3,135210.05,132437.98,120905.235,135247.79071298213,134378.47148393953,44.90212997865479,869.3192290425941,1095.415343494252,-226.09611445165797,137801.19309056984,132618.90690943014,135210.05,5182.2861811397015,0.29023736590306914,775.0,588.0,1363.0,1363.0,2455.9285714285716,-0.7025882492300406,49.0,361.0,365.0,775.0,0.5778278147670423,0.5341935483870968,-1420.0,-649.0,-0.8039713024290639,1.2723087440626846,20323.9,23455.32,-61.729987492182616,42.98131288978396,0.4817480896875107,0,0,-17066.0,-24.641196684859512,39266.05,1000.4,0,0,0,0,0,0,0,0,137705.0,139542.0,4.040321197706582,1
2024-04-03,137149.0,138030.0,136578.0,137178.0,36736,69300,134123.0,1511811.3,SILVER,2024-04-05,135680.5,135368.4,132467.72,121047.135,135544.74598790795,134585.84396661067,51.81981981981982,958.9020212972828,1068.1126790548583,-109.21065775757552,138036.9386815175,132699.8613184825,135368.4,5337.077363035001,0.8390619766041676,1452.0,3907.0,2455.0,3907.0,2678.0714285714284,2.2777599665978254,29.0,852.0,571.0,1452.0,1.0584787648165157,0.4132231404958678,-156.0,1832.0,1.3367964753960346,3.5557945739535626,21437.0,23622.0,275.2017158615055,68.59020236662138,1.7136726221019731,1,36736,17108.0,32.778969957081536,41760.25,6657.2,1,0,0,1,1,0,0,0,138030.0,139816.0,1.9230488853897856,1
2024-04-04,137175.0,137306.0,136154.0,136903.0,5329,53923,137178.0,218866.83,SILVER,2024-04-05,135674.9,135517.15,132466.86,121189.48,135753.7081436144,134757.48515426915,50.95632770162575,996.2229893452604,1053.7347411129388,-57.511751767678334,138179.27944246508,132855.0205575349,135517.15,5324.258884930168,0.7602897473529187,1152.0,128.0,1024.0,1152.0,2660.3571428571427,-0.20046946303342583,272.0,131.0,749.0,1152.0,0.8414716989401254,0.6501736111111112,1194.0,-56.0,1.0226380941452842,3.3488677847425494,20603.6,23484.38,-85.49379355400697,64.85699249630525,0.2586441204449708,0,0,-15377.0,-22.189033189033193,41956.7,-1271.0,0,0,0,0,0,0,0,0,138030.0,140442.0,2.5850419640183193,1
2024-04-05,137747.0,138017.0,136688.0,137279.0,13851,12395,136903.0,570435.43,SILVER,2024-04-05,136158.6,135686.15,132562.4,121332.195,135988.3684292122,134944.26403173068,58.872987477638645,1044.1043974815111,1051.8086723866534,-7.704274905142256,138344.89598656417,133027.40401343582,135686.15,5317.491973128344,0.7995491122599501,1329.0,1114.0,215.0,1329.0,2494.0,0.2746470128485168,468.0,270.0,591.0,1329.0,0.9681014576155129,0.44469525959367945,568.0,4837.0,1.1739223200009772,3.558022486014138,19416.2,23540.26,159.9174329142428,60.689292921423295,0.713373368630319,0,13851,-41528.0,-77.01351927748827,38755.35,123.0,0,0,0,0,0,0,0,0,138030.0,144462.0,5.232409909745846,1
2024-04-08,138254.0,139593.0,137421.0,138708.0,28126,25779,137279.0,1170390.36,SILVER,2024-04-05,136456.0,135868.15,132650.22,121480.345,136406.77328625647,135223.05928863952,58.814045145109276,1183.7139976169565,1078.189737432714,105.5242601842424,138829.814061055,132906.485938945,135868.15,5923.32812210999,0.9794348618641784,2172.0,2314.0,142.0,2314.0,2508.285714285714,1.0409458110854475,454.0,885.0,833.0,2172.0,1.565879401332295,0.5925414364640884,3636.0,2974.0,2.090151371016685,4.566731966219128,20283.0,23384.46,103.06115081943541,76.26566595615145,1.3866784992358132,0,28126,13384.0,107.97902379991933,39115.1,-8695.8,1,0,0,0,1,0,1,0,139593.0,144396.0,4.100700752660265,1
2024-04-09,139043.0,140457.0,138617.0,139542.0,26300,39722,138708.0,1100986.38,SILVER,2024-04-05,136855.9,136086.3,132808.06,121622.42,136889.11585760163,135542.98082281437,59.28811758455817,1346.1350347872649,1131.7787969036244,214.35623788364046,139449.7213220309,132722.87867796907,136086.3,6726.842644061835,1.0137179777871799,1840.0,1749.0,91.0,1840.0,2441.214285714286,0.6012630850419587,499.0,915.0,426.0,1840.0,1.3185994180963438,0.5027173913043478,5419.0,3999.0,2.539344518882512,5.0704302133469925,20839.5,23265.1,-6.492213610182751,76.34555103825002,1.2620264401737087,0,26300,13943.0,54.086659684239116,39659.7,-2494.0,1,0,0,0,1,0,0,0,140457.0,144765.0,3.7429591090854366,1
2024-04-10,139642.0,140023.0,139522.0,139816.0,15164,17111,139542.0,636050.95,SILVER,2024-04-05,137104.1,136258.7,132981.92,121766.355,137339.40572566292,135859.50076186514,56.72266930208481,1479.9049637977732,1201.4040302824542,278.50093351531905,140013.60517646308,132503.79482353694,136258.7,7509.8103529261425,0.9736870616997555,501.0,481.0,20.0,501.0,2249.9285714285716,0.19635665247739187,174.0,207.0,120.0,501.0,0.3583280883446816,0.5868263473053892,2638.0,2482.0,2.6106956840186997,5.139104624147393,20897.5,23003.2,-42.342205323193916,78.42577063896832,0.7256370379231966,0,15164,-22611.0,-56.923115653793865,39835.7,-10437.8,0,0,0,0,0,0,0,0,140457.0,146579.0,4.837071579790582,1
2024-04-11,140606.0,141492.0,139539.0,140442.0,29509,19984,139816.0,1243290.89,SILVER,2024-04-05,137577.4,136467.35,133201.74,121911.485,137816.72792171477,136198.94514987513,73.04412950800783,1617.7827718396438,1284.6797785938923,333.1029932457516,140662.60879134227,132272.09120865774,136467.35,8390.517582684522,0.9737073679700599,1953.0,1676.0,277.0,1953.0,2041.857142857143,0.4477313039995323,164.0,886.0,903.0,1953.0,1.3906096466868885,0.46236559139784944,3539.0,4733.0,2.9125281614979657,5.435559625572466,20833.35,23216.1,94.59905038248483,42.48240438562063,1.4164308668553067,0,29509,2873.0,16.790368768628362,39265.15,-6787.8,1,0,1,0,1,0,0,0,141492.0,148511.0,5.745432278093448,1
2024-04-12,144606.0,146250.0,143791.0,144462.0,10703,36924,140442.0,463853.04,SILVER,2024-04-05,138352.5,136869.3,133540.16,122072.625,138839.07747222017,136811.0232869214,74.12916067676656,2028.0541852987662,1433.3546599348672,594.699525363899,142380.66850328175,131357.93149671823,136869.3,11022.737006563519,1.1888216597637156,2459.0,5808.0,3349.0,5808.0,2162.9285714285716,2.8623915922587173,144.0,1644.0,671.0,2459.0,1.7021777353213994,0.2728751525010167,7183.0,7751.0,5.547409097584347,8.178693211090952,19607.7,22644.3,-63.72970958012809,35.4236280049603,0.5458569847559887,0,10703,16940.0,84.76781425140112,37902.25,4905.8,1,0,1,0,1,0,0,0,146250.0,150611.0,4.25648267364428,1
2024-04-15,144705.0,144973.0,143390.0,144396.0,32109,62703,144462.0,1390923.35,SILVER,2024-04-05,139284.9,137423.55,133841.96,122232.085,139693.98863034014,137372.87341381612,74.64506430599633,2321.11521652402,1610.906771252698,710.208445271322,143615.70073511094,131231.39926488904,137423.55,12384.301470221893,1.0630071277548676,1583.0,511.0,1072.0,1583.0,2156.5,-0.04568675499438957,309.0,268.0,1006.0,1583.0,1.0962907559766197,0.6355022109917877,5688.0,9324.0,5.073693700970476,7.885449376264371,20601.55,23045.62,200.0,57.29914404179739,1.5585720491904735,1,0,25779.0,69.81637959051024,39700.5,7384.8,0,0,1,1,1,0,0,0,146250.0,151768.0,5.105404581844372,1
2024-04-16,144418.0,145310.0,144198.0,144765.0,27554,42577,144396.0,1196656.44,SILVER,2024-04-05,140349.1,137923.2,134164.62,122396.185,140474.14422567244,137920.43834612603,72.46508253219662,2553.705879546411,1799.4665929114408,754.2392866349701,144790.3780644192,131056.02193558081,137923.2,13734.356128838393,0.998152220302056,1112.0,914.0,198.0,1112.0,2088.0714285714284,0.25554724507603765,347.0,545.0,220.0,1112.0,0.7681414706593445,0.5098920863309353,5223.0,10642.0,4.9605867613280346,7.901024875261455,21095.55,23246.12,-14.186053754399076,62.05353741557575,1.3061522453787648,0,27554,-20126.0,-32.09734781429916,41197.8,571.0,0,0,1,0,0,0,0,0,146250.0,149791.0,3.471833661451318,1
2024-04-17,145900.0,146717.0,145900.0,146579.0,32676,17711,144765.0,1436884.62,SILVER,2024-04-05,141289.2,138484.85,134512.6,122567.96,141413.35280633823,138561.81328345003,82.49043519846963,2851.539522888197,2009.8811789067922,841.6583439814049,146244.0284501371,130725.6715498629,138484.85,15518.356900274186,1.0215855036725563,817.0,1952.0,1135.0,1952.0,2072.6428571428573,1.2530653127482472,679.0,138.0,0.0,817.0,0.5573786149448421,0.8310893512851897,6763.0,9401.0,5.844790964499,8.970460759809857,21676.75,23182.28,18.588952602163022,36.39226108964151,1.5074215461266103,1,32676,-24866.0,-58.40242384385937,40688.1,120.0,0,0,1,1,0,0,0,0,146717.0,152701.0,4.176587369268449,1
2024-04-18,148766.0,149438.0,147384.0,148511.0,28804,14096,146579.0,1283313.25,SILVER,2024-04-05,142450.0,139062.45,134900.06,122742.2,142505.29852844003,139298.79007726855,83.41261751047684,3206.5084511714813,2249.2066333597304,957.3018178117509,147977.20499501092,130147.6950049891,139062.45,17829.50999002182,1.0299388488684105,2054.0,2859.0,805.0,2859.0,2113.4285714285716,1.3180605680213509,255.0,672.0,1127.0,2054.0,1.383062534088384,0.5486854917234664,8069.0,11608.0,6.794465364302145,10.089647106161408,22571.3,23132.18,-11.849675602888976,43.7566728847533,1.2761338513953562,0,28804,-3615.0,-20.41104398396477,39940.1,-1177.6,0,0,1,0,0,0,0,0,149438.0,150706.0,1.478004996262903,1
2024-04-19,150362.0,151900.0,150120.0,150611.0,34802,76555,148511.0,1572469.21,SILVER,2024-04-05,143783.2,139970.9,135314.56,122933.57,143752.32952406464,140136.73155302645,92.88040178817816,3615.5979710381944,2522.4849008954234,1093.113070142771,149709.9055668738,130231.8944331262,139970.9,19478.011133747583,1.046262137696645,1780.0,3389.0,1609.0,3389.0,2218.714285714286,1.4140366706843155,249.0,1289.0,242.0,1780.0,1.1818525871284302,0.27584269662921346,6149.0,13332.0,7.6016514861303355,11.304356308737214,22665.75,23262.54,20.823496736564362,29.84727926698546,1.5354444481210636,1,34802,62459.0,443.0973325766175,41495.5,7926.2,1,0,1,1,1,0,0,0,151900.0,151270.0,0.43755104208855927,0
2024-04-22,151156.0,152291.0,150748.0,151768.0,74487,18254,150611.0,3391422.9,SILVER,2024-04-05,145089.2,140772.6,135749.3,123129.725,144985.50959728548,140998.306993543,98.1393572324985,3987.2026037424803,2815.4284414648346,1171.7741622776457,151619.81529920874,129925.38470079127,140772.6,21694.43059841747,1.0068305411436826,1543.0,1680.0,137.0,1680.0,2241.3571428571427,0.7682041816334806,612.0,523.0,408.0,1543.0,1.0166833588108164,0.661049902786779,7372.0,13060.0,7.810752944820224,11.800208177869067,25611.75,24583.0,114.03080282742373,30.94424446778429,2.9083135670151394,1,74487,-58301.0,-76.15570504865784,39187.3,-8889.8,0,0,1,1,0,0,0,0,152291.0,149977.0,-1.1800906646987508,0
2024-04-23,149834.0,151282.0,148526.0,149791.0,19027,15965,151768.0,855022.01,SILVER,2024-04-05,146114.1,141485.0,136182.54,123320.445,145724.8158130877,141649.6175866139,86.56153979940866,4075.198226473818,3067.3823984666315,1007.8158280071866,152749.54546002956,130220.45453997045,141485.0,22529.090920059112,0.868678879652646,2756.0,486.0,3242.0,3242.0,2193.8571428571427,-1.3026461441147053,43.0,1448.0,1265.0,2756.0,1.839896923046111,0.4589985486211901,5026.0,10249.0,5.870586988019932,9.992808182311764,25841.5,24490.68,-74.45594533274263,24.1478712955283,0.7362962676315229,0,0,-2289.0,-12.539717322230748,37626.05,-5322.4,0,0,1,0,0,0,0,0,152291.0,149896.0,0.07009766941939102,0
2024-04-24,152944.0,153022.0,152198.0,152701.0,67687,67987,149791.0,3100761.78,SILVER,2024-04-05,147402.6,142253.35,136643.48,123517.755,146798.07491876654,142468.23850612398,89.72540736270368,4329.836412642559,3319.873201301817,1009.9632113407415,154388.44956197176,130118.25043802825,142253.35,24270.199123943516,0.9304723643446737,824.0,3231.0,2407.0,3231.0,2342.3571428571427,1.9427068381945523,243.0,78.0,503.0,824.0,0.5396166364332912,0.6104368932038835,6122.0,12885.0,7.344396458853161,11.751398603138611,28959.9,25159.12,255.74184054238717,53.956275882086416,2.337266357963943,1,67687,52022.0,325.8502975258378,39224.7,10055.2,1,0,1,1,1,0,0,0,153022.0,150503.0,-1.4394142801946288,0
2024-04-25,150669.0,151623.0,150176.0,150706.0,53697,42963,152701.0,2427738.02,SILVER,2024-04-05,148429.0,143003.2,137078.84,123714.925,147399.2941620332,143078.4430612259,81.22122494535645,4320.851100807311,3520.068781202916,800.7823196043951,155288.0757781359,130718.32422186411,143003.2,24569.751556271804,0.8135074435880378,1447.0,1078.0,2525.0,2525.0,2427.785714285714,-1.3064747447626424,37.0,917.0,493.0,1447.0,0.9601475720940108,0.36627505183137526,2195.0,10264.0,5.386452890564678,9.941111261227483,30171.3,25813.98,-20.668666065861984,42.42950423725173,1.7797376977458712,1,0,-25024.0,-36.80703663935753,38358.95,5773.4,0,0,1,1,0,0,0,0,153022.0,151099.0,0.2607726301540748,0
2024-04-26,151131.0,151770.0,151024.0,151270.0,35450,13273,150706.0,1608756.45,SILVER,2024-04-05,149109.8,143731.15,137571.28,123918.4,147994.78736787426,143685.22505669066,80.43415059598799,4309.562311183603,3677.9674871990537,631.5948239845493,156170.57204233733,131291.72795766266,143731.15,24878.844084674667,0.803022518825299,746.0,1064.0,318.0,1064.0,2338.5,0.3742385837325557,139.0,500.0,107.0,746.0,0.4931579295299795,0.3297587131367292,659.0,6808.0,5.245105184227641,9.957543464013712,30369.3,25945.38,-33.98141423170754,45.40433377209378,1.1672972376709374,0,35450,-29690.0,-69.10597490864232,38433.6,-12656.4,0,0,1,0,0,0,0,0,153022.0,151875.0,0.3999471144311496,0
2024-04-29,149929.0,150614.0,148878.0,149977.0,35760,25330,151270.0,1608953.26,SILVER,2024-04-05,149667.9,144476.4,138049.92,124112.85,148299.74315743207,144151.28245989876,74.7310044082097,4148.460697533301,3772.0661292659033,376.3945682673975,156510.85151746997,132441.94848253002,144476.4,24068.903034939955,0.7285355502913857,1736.0,656.0,2392.0,2392.0,2377.9285714285716,-0.8547630065445899,48.0,637.0,1051.0,1736.0,1.1575108183254765,0.6330645161290323,-1791.0,5581.0,3.8072654080528077,8.639686281600154,30878.1,26179.72,0.8744710860366656,25.49178088069745,1.1581023443799976,0,0,12057.0,90.83854441347094,36237.2,1415.2,0,0,1,0,1,0,0,0,153022.0,154790.0,3.2091587376731097,1
2024-04-30,149785.0,150656.0,149042.0,149896.0,49025,31494,149977.0,2204595.42,SILVER,2024-04-05,150181.0,145265.05,138481.88,124296.54,148545.32113321175,144576.81709249885,74.1102181400689,3968.504040712898,3811.3537115553027,157.15032915759548,156482.26334144035,134047.83665855962,145265.05,22434.42668288073,0.7064215888134907,1614.0,679.0,935.0,1614.0,2457.4285714285716,-0.054008281269790626,111.0,760.0,743.0,1614.0,1.0767465442706943,0.5291201982651796,105.0,5131.0,3.187931302126707,8.24232022268906,32839.8,27055.12,37.09451901565997,30.619838157703356,1.4928531842459454,0,0,6164.0,24.334780892222653,35202.3,3105.8,0,0,1,0,1,0,0,0,153022.0,155643.0,3.8339915674867906,1
2024-05-01,150097.0,151097.0,149866.0,150503.0,13437,13212,149896.0,606692.64,SILVER,2024-06-05,150573.4,145931.3,138899.86,124483.57,148846.50249733301,145015.7936041656,74.08666507062486,3830.708893167408,3815.2247478777235,15.48414528968442,156699.9764880965,135162.62351190348,145931.3,21537.35297619301,0.712268425235612,1231.0,1201.0,30.0,1231.0,2405.8571428571427,0.40494743021828317,406.0,594.0,231.0,1231.0,0.8179238952047467,0.5174654752233956,-2198.0,3924.0,3.1327754909330707,8.353600932355162,31674.85,26998.76,-72.59153493115758,21.501789404371298,0.4242166892660897,0,13437,-18282.0,-58.04915221947038,32397.9,-10955.0,0,0,1,0,0,0,0,0,151770.0,155232.0,3.1421300572081616,1
2024-05-02,150883.0,151906.0,150758.0,151099.0,17521,11080,150503.0,794221.67,SILVER,2024-06-05,150832.2,146641.1,139339.72,124677.1,149193.0405746664,145466.40148533852,69.00521161445508,3726.6390893278876,3797.507616167756,-70.86852683986854,156755.7009084324,136526.49909156762,146641.1,20229.201816864777,0.7203695449952707,1148.0,1403.0,255.0,1403.0,2091.214285714286,0.3960053952412945,216.0,807.0,125.0,1148.0,0.7597667754253834,0.2970383275261324,393.0,2588.0,3.0400072012553054,8.439287806807707,32284.45,26866.38,30.393689067500198,25.726125871410215,0.5427070927334986,0,17521,-2132.0,-16.13684529215864,30255.75,-6376.6,0,0,0,0,0,0,0,0,151906.0,157019.0,3.917961071880026,1
2024-05-03,152033.0,152257.0,150986.0,151875.0,29028,42675,151099.0,1322588.25,SILVER,2024-06-05,150958.6,147370.9,139805.02,124861.92,149605.64971702543,145941.11248642456,70.57949479940565,3664.537230600865,3770.9135390543784,-106.3763084535135,156718.48175088578,138023.3182491142,147370.9,18695.163501771574,0.7409232740635402,1271.0,1158.0,113.0,1271.0,2068.9285714285716,0.5135705729356177,158.0,224.0,889.0,1271.0,0.836872427983539,0.6994492525570417,605.0,1264.0,3.0563021600600973,8.633438198428076,33043.3,26681.84,65.67547514411278,30.211323712165058,0.87848368655673,0,29028,31595.0,285.1534296028881,31769.75,5880.4,1,0,1,0,1,0,0,0,152257.0,159243.0,4.851358024691358,1
2024-05-06,154890.0,156360.0,153564.0,154790.0,32301,32007,151875.0,1499961.54,SILVER,2024-06-05,151260.8,148175.0,140337.68,125070.805,150403.2420682523,146596.5856355783,74.19510546893855,3806.6564326740045,3778.062117778304,28.594314895700336,157144.0435328833,139205.9564671167,148175.0,17938.087065766624,0.8687684186026831,2796.0,4485.0,1689.0,4485.0,2309.8571428571427,1.9193415637860145,100.0,1470.0,1226.0,2796.0,1.8063182376122489,0.438483547925608,4813.0,3022.0,4.464315842753501,10.298246344103742,33252.05,26806.36,11.27532038032244,19.935775467454924,0.9713987558661796,0,32301,-10668.0,-24.99824253075571,32081.15,1335.4,0,0,1,0,0,0,1,0,156360.0,157013.0,1.4361392854835584,1
2024-05-07,155695.0,156070.0,155075.0,155643.0,26740,56815,154790.0,1248568.15,SILVER,2024-06-05,151846.0,148980.05,140824.04,125298.125,151209.35867313656,147266.69040331323,72.93986636971047,3942.6682698233344,3810.98334818731,131.68492163602423,157568.75738329164,140391.34261670834,148980.05,17177.4147665833,0.887890150557581,995.0,1280.0,285.0,1280.0,2261.8571428571427,0.5510691905161735,52.0,375.0,568.0,995.0,0.6392834884961096,0.5708542713567839,5747.0,5852.0,4.472377341798457,10.523032857174096,33274.05,25719.92,-17.216185257422367,25.659751474986955,0.8036292546293582,0,26740,24808.0,77.50804511513107,32935.8,5064.2,1,0,1,0,1,0,0,0,156360.0,158142.0,1.6055974248761589,1
2024-05-08,154923.0,155516.0,154923.0,155232.0,26282,10639,155643.0,1223942.23,SILVER,2024-06-05,152099.1,149750.85,141289.88,125520.43,151828.2265695771,147856.71333640112,68.42884562654237,3971.513233175967,3843.0893251850416,128.42390799092527,157612.98326548393,141888.71673451609,149750.85,15724.266530967841,0.8485790570393381,593.0,127.0,720.0,720.0,2109.0714285714284,-0.2640658429868381,309.0,284.0,0.0,593.0,0.38200886415172125,0.521079258010118,4729.0,2531.0,3.6601795582462433,9.867741412194556,33829.95,25902.56,-1.7127898279730713,-0.08571156204907053,0.7768855703304322,0,0,-46176.0,-81.27431136143623,32612.2,-514.6,0,0,0,0,0,0,0,0,156360.0,159472.0,2.7313955885384456,1
2024-05-09,156962.0,158306.0,155955.0,157019.0,15858,73593,155232.0,747002.19,SILVER,2024-06-05,152730.4,150579.7,141777.62,125754.775,152626.80709733444,148535.40123740846,67.87746903247405,4091.405859925988,3892.752632133231,198.65322779275675,157776.8322095765,143382.56779042352,150579.7,14394.264419152983,0.9473517932206293,2351.0,3074.0,723.0,3074.0,2086.5714285714284,1.1511801690373025,57.0,1287.0,1007.0,2351.0,1.4972710308943502,0.452573373032752,5920.0,6313.0,4.276340037866982,10.750201618562933,33147.4,25661.82,-39.66212617000229,-1.985057572463101,0.47840856296421436,0,15858,62954.0,591.7285459159696,35292.65,12502.6,1,0,0,0,1,0,0,0,158306.0,158953.0,1.2316980747552844,1
2024-05-10,158550.0,160979.0,157587.0,159243.0,20186,13736,157019.0,964343.76,SILVER,2024-06-05,153527.7,151318.75,142277.22,126006.63,153644.68292851376,149328.55670130413,69.682447732898,4316.1262272096355,3977.427351148512,338.6988760611234,158896.36936994776,143741.13063005224,151318.75,15155.238739895518,1.0228720006330057,3392.0,3960.0,568.0,3960.0,2249.4285714285716,1.416389099408355,693.0,1736.0,963.0,3392.0,2.130077931212047,0.4882075471698113,7368.0,7973.0,5.236793193176656,11.924452839323116,33621.55,25849.42,27.292218438642955,4.142305694571948,0.6003887387702233,0,20186,-59857.0,-81.33518133518135,34133.25,-5787.8,0,0,0,0,0,0,0,0,160979.0,161555.0,1.4518691559440604,1
2024-05-13,157069.0,157246.0,156577.0,157013.0,39185,26473,159243.0,1845766.32,SILVER,2024-06-05,154231.3,151949.6,142724.16,126242.7,154162.88555489626,149897.77472342973,68.76624051553893,4265.1108314665325,4034.9640472121164,230.14678425441616,159194.01096802924,144705.18903197077,151949.6,14488.821936058463,0.8494694063013271,669.0,1997.0,2666.0,2666.0,2208.285714285714,-1.400375526710751,56.0,177.0,436.0,669.0,0.42607936922420436,0.6517189835575485,2223.0,7036.0,3.3322891274475177,10.011507512112873,33975.35,26118.36,94.11968691172099,13.466827277140379,1.1533361687223238,0,0,12737.0,92.72714036109492,32321.75,-1106.8,0,0,0,0,1,0,0,0,160979.0,161305.0,2.733531618401024,1
2024-05-14,158594.0,159732.0,157422.0,158142.0,36194,44019,157013.0,1717137.46,SILVER,2024-06-05,155055.9,152618.45,143201.22,126482.725,154775.05700798915,150508.45807724976,65.5804364011225,4266.59893073939,4081.2910239175712,185.30790682181896,159532.46647228044,145704.43352771958,152618.45,13828.032944560866,0.8994458229991872,2310.0,2719.0,409.0,2719.0,2171.714285714286,0.719048741187045,452.0,1138.0,720.0,2310.0,1.460712524187123,0.3116883116883117,2499.0,8246.0,3.6191888988519985,10.433416698544885,34407.35,26400.12,-7.633022840372594,8.994073091537125,1.0519264052593413,0,36194,17546.0,66.27885014920862,32393.85,-2559.2,1,0,0,0,1,0,0,0,160979.0,161574.0,2.1702014645065826,1
2024-05-15,159002.0,159843.0,158787.0,159472.0,30230,46820,158142.0,1446251.57,SILVER,2024-06-05,155952.8,153263.1,143710.44,126732.88,155497.66362214467,151172.42414560163,76.09549892831626,4325.239476543036,4130.080714442664,195.15876210037186,160210.29832662715,146315.90167337286,153263.1,13894.396653254284,0.9468635922054071,1056.0,1701.0,645.0,1701.0,2112.8571428571427,0.841016301804709,470.0,371.0,215.0,1056.0,0.66218521119695,0.6486742424242424,4240.0,8969.0,4.051138206130499,10.967581756760328,34285.05,26715.24,-16.477869260098355,14.605439658643046,0.8817254167632831,0,30230,2801.0,6.36316136213908,33849.3,7236.2,1,0,1,0,1,0,0,0,160979.0,161281.0,1.1343684157720477,1
2024-05-16,158766.0,159564.0,158094.0,158953.0,32018,67589,159472.0,1526807.15,SILVER,2024-06-05,156738.2,153785.2,144210.94,126988.42,156029.2538341224,151748.76309777927,72.93295922631485,4280.490736343141,4160.16271882276,120.32801752038085,160797.86029857252,146772.5397014275,153785.2,14025.320597145008,0.86846216556732,1470.0,92.0,1378.0,1470.0,2141.8571428571427,-0.32544898163940905,187.0,611.0,672.0,1470.0,0.9248016709341755,0.5843537414965987,1934.0,7854.0,3.360401391031119,10.22256702577488,34445.75,26915.66,5.914654316903745,12.157536183583401,0.9295196069181249,0,0,20769.0,44.35924818453651,36523.95,-1200.8,0,0,1,0,1,0,0,0,160979.0,161343.0,1.5035891112467206,1
2024-05-17,161661.0,162511.0,160646.0,161555.0,29665,75807,158953.0,1437758.72,SILVER,2024-06-05,157706.2,154332.4,144764.06,127251.335,156879.3686288728,152475.1510164623,82.05426356589147,4404.217612410488,4208.973697540306,195.24391487018238,161981.2507674797,146683.54923252028,154332.4,15297.70153495943,0.9721362868463861,1865.0,3558.0,1693.0,3558.0,2225.1428571428573,1.63696186923179,106.0,850.0,909.0,1865.0,1.1544056203769615,0.4873994638069705,2312.0,9680.0,4.679898712130445,11.59883192002214,34188.9,26756.98,-7.348991192454246,4.8550895499267,0.8676792760223347,0,29665,8218.0,12.158783233958182,36486.55,12414.2,1,0,1,0,1,0,0,0,162511.0,159327.0,-1.3790969019838446,0
2024-05-20,161709.0,161712.0,160760.0,161305.0,26516,28414,161555.0,1283149.01,SILVER,2024-06-05,158357.7,154809.25,145288.8,127508.73,157560.23499366158,153129.21390413176,81.29354325525262,4431.021089529822,4253.383175938209,177.63791359161314,162957.76159479714,146660.73840520286,154809.25,16297.02318959427,0.898585062095731,952.0,157.0,795.0,952.0,2177.8571428571427,-0.15474606171272942,404.0,3.0,545.0,952.0,0.5901862930473327,0.5724789915966386,4292.0,6515.0,4.195970202038961,11.023699005016224,31790.35,27071.5,-10.615203101297821,2.6660372017646736,0.8340895900800086,0,0,-47393.0,-62.51797327423589,36994.55,388.2,0,0,1,0,0,0,0,0,162511.0,156707.0,-2.850500604444995,0
2024-05-21,161429.0,161918.0,160884.0,161574.0,29673,34220,161305.0,1438315.59,SILVER,2024-06-05,158950.8,155398.4,145816.7,127767.975,158177.73730232904,153754.7536149368,80.94013749930133,4422.983687392232,4287.303278229014,135.68040916321843,163721.2120349097,147075.5879650903,155398.4,16645.6240698194,0.8710044137784622,1034.0,613.0,421.0,1034.0,2163.785714285714,0.16676482440098894,145.0,344.0,545.0,1034.0,0.6399544481166525,0.6673114119922631,3432.0,5931.0,3.974043490795276,10.80623824294473,32322.65,27361.56,11.906019007391766,5.578257628246087,0.9180249762937135,0,29673,5806.0,20.433589075807703,37907.3,-1959.8,1,0,1,0,1,0,0,0,162511.0,159679.0,-1.1728372139081784,0
2024-05-22,161058.0,162092.0,160741.0,161281.0,10239,70531,161574.0,495406.85,SILVER,2024-06-05,159555.7,155827.4,146314.96,128013.695,158655.16233273994,154312.2533471637,78.94587218558108,4342.908985576243,4298.42441969846,44.4845658777831,164444.11444039925,147210.68555960074,155827.4,17233.428880798514,0.8164547251578244,1351.0,518.0,833.0,1351.0,2160.0714285714284,-0.18134105734833872,223.0,811.0,317.0,1351.0,0.8376684172345161,0.3997039230199852,1809.0,6049.0,3.4997696168966472,10.228646476067798,29450.25,27286.26,-65.49388332827823,-0.7998517217844295,0.3476710724017623,0,0,36311.0,106.1104617182934,38034.5,4742.2,0,0,1,0,1,0,0,0,162511.0,158143.0,-1.9456724598681803,0
2024-05-23,160708.0,162031.0,160708.0,161343.0,31415,52425,161281.0,1520577.1,SILVER,2024-06-05,159988.1,156359.25,146816.44,128266.545,159068.6758200107,154833.04939552196,78.05499585160602,4235.626424488757,4285.864820656519,-50.2383961677624,164958.05914337718,147760.44085662282,156359.25,17197.618286754354,0.7897930351110592,1323.0,750.0,573.0,1323.0,2163.785714285714,0.03844222196043301,635.0,688.0,0.0,1323.0,0.8199921905505663,0.4799697656840514,2390.0,4324.0,3.187371389924165,9.894368777774476,28336.15,27298.72,206.81707197968552,23.848068093184352,1.1086544925827961,0,31415,-18106.0,-25.670981554210204,38507.6,-3032.8,0,0,1,0,0,0,0,0,162511.0,156358.0,-3.08969090694979,0
2024-05-24,159360.0,159746.0,158945.0,159327.0,32195,19387,161343.0,1538859.83,SILVER,2024-06-05,159996.5,156762.1,147274.52,128518.95,159108.4180015475,155165.9346254833,64.20031298904539,3942.4833760642214,4217.18853173806,-274.7051556738388,165108.2182379668,148415.98176203322,156762.1,16692.236475933576,0.6536582592571103,801.0,1597.0,2398.0,2398.0,2014.7142857142858,-1.2495119094103835,33.0,386.0,382.0,801.0,0.502739648647122,0.4769038701622971,-2228.0,84.0,1.6361735393950412,8.183683097388476,28173.4,27238.3,2.4828903390100354,21.36713528322106,1.1427445746697238,0,0,-33038.0,-63.01955174058178,38813.3,-11284.0,0,0,0,0,0,0,0,0,162092.0,152514.0,-4.276111393549116,0
2024-05-27,157347.0,157854.0,156190.0,156707.0,34323,37584,159327.0,1613596.31,SILVER,2024-06-05,159965.9,157098.6,147742.44,128762.5,158738.9690782325,155280.08761618825,52.998534550783454,3458.881462044257,4065.5271177993,-606.6456557550428,164811.5397057983,149385.66029420172,157098.6,15425.879411596572,0.4746140891192488,1664.0,1473.0,3137.0,3137.0,2147.3571428571427,-1.6444168282839677,640.0,507.0,517.0,1664.0,1.0618542885767708,0.31069711538461536,-4598.0,-306.0,-0.24927020355369547,6.067694563593236,28101.55,27680.12,6.609722006522745,12.616138792701236,1.2213917025929175,0,0,18197.0,93.86186619899932,39426.0,1834.0,0,0,0,0,1,0,0,0,162092.0,151414.0,-3.377641075382721,0
2024-05-28,159768.0,160238.0,159384.0,159679.0,39964,54783,156707.0,1914423.47,SILVER,2024-06-05,160119.6,157587.75,148240.58,129021.075,158883.5892200429,155605.9329779521,60.951583509826136,3277.6562420908012,3907.9529426576005,-630.2967005667992,164585.05019740816,150590.44980259184,157587.75,13994.600394816312,0.649432634087545,854.0,3531.0,2677.0,3531.0,2348.1428571428573,1.8965330202224573,89.0,470.0,295.0,854.0,0.5348229886209207,0.34543325526932084,-1895.0,1537.0,1.3270384277965768,7.716119297428555,27648.5,28125.92,16.435043556798657,15.022945432418362,1.4454310360417382,0,39964,17199.0,45.76149425287357,40590.45,4112.6,1,0,0,0,1,0,0,0,162092.0,149128.0,-6.607631560818892,0
2024-05-29,158136.0,158972.0,156786.0,158143.0,35763,49809,159679.0,1696700.43,SILVER,2024-06-05,159986.7,157969.75,148696.52,129270.31,158769.65241695938,155793.86386847415,52.80271294633952,2975.7885484852304,3721.5200638231263,-745.7315153378959,164121.6284080462,151817.8715919538,157969.75,12303.756816092413,0.514081065042947,2186.0,707.0,2893.0,2893.0,2335.214285714286,-0.9619298718053115,7.0,829.0,1350.0,2186.0,1.382293240927515,0.620768526989936,-3138.0,-1329.0,0.10967289623488041,6.3528588295139725,28764.8,28420.14,-10.511960764688222,15.619536281959373,1.2432904105017244,0,0,-4974.0,-9.079458956245546,42420.3,-4144.4,0,0,0,0,0,0,0,0,162031.0,152041.0,-3.858533099789431,0
2024-05-30,156459.0,158085.0,155404.0,156358.0,39674,64327,158143.0,1861004.19,SILVER,2024-06-05,159727.2,158232.7,149084.5,129512.015,158398.6289681964,155835.65173006864,42.645184316524755,2562.977238127758,3489.811498684053,-926.8342605562948,163539.5836370189,152925.81636298113,158232.7,10613.76727403776,0.3233709151899629,2681.0,58.0,2739.0,2739.0,2248.0,-1.1287252676375203,101.0,1626.0,954.0,2681.0,1.7146548305811022,0.3558373741141365,-4985.0,-2595.0,-1.1847740700879221,4.8787768010759,29872.45,28995.36,10.935883454967431,16.12165919576574,1.3281133619773402,0,0,14518.0,29.14734284968581,45082.65,2380.4,0,0,0,0,1,0,0,0,160238.0,153873.0,-1.589301474820604,0
2024-05-31,152511.0,153174.0,151836.0,152514.0,23105,20857,156358.0,1057150.79,SILVER,2024-06-05,158823.1,158264.65,149485.94,129732.155,157493.30143462773,155589.60345376728,39.40264757148914,1903.697980860452,3172.5887951193326,-1268.8908142588807,163415.77824739096,153113.52175260903,158264.65,10302.256494781934,-0.05819324658754939,1338.0,3184.0,4522.0,4522.0,2380.5714285714284,-2.458460711955901,3.0,660.0,675.0,1338.0,0.8772965104842835,0.5067264573991032,-6813.0,-9041.0,-3.633565676226494,2.0256486998041403,29576.3,28799.2,-41.76286736905782,12.680271578105387,0.7811998120116445,0,0,-43470.0,-67.57660080526063,43991.75,294.0,0,0,0,0,0,1,0,0,160238.0,152676.0,0.1062197568747787,0
2024-06-03,151168.0,152760.0,150637.0,151414.0,34739,52261,152514.0,1577991.28,SILVER,2024-06-05,157834.0,158095.85,149799.54,129954.525,156558.02429083883,155280.29949422897,34.13057835644872,1277.7247966098657,2793.6159954174395,-1515.8911988075738,163905.5591973619,152286.1408026381,158095.85,11619.41839472379,-0.07505890338144093,2123.0,246.0,1877.0,2123.0,2338.0,-0.7212452627299748,246.0,1346.0,531.0,2123.0,1.402116052676767,0.3659915214319359,-5293.0,-9891.0,-4.226455027124372,1.0777469677143148,29698.2,29182.64,50.35273750270504,18.777065638505672,1.169734192644672,0,0,31404.0,150.5681545764012,45004.45,2935.4,0,0,0,0,1,1,0,0,160238.0,156769.0,3.536661074933626,1
2024-06-04,149374.0,149852.0,148247.0,149128.0,36969,26995,151414.0,1653933.91,SILVER,2024-06-05,156589.4,157770.1,150071.24,130156.265,155414.94363070978,154824.57360576757,26.6543287893834,590.3700249422109,2352.9668013223936,-1762.5967763801827,164767.97973603554,150772.22026396447,157770.1,13995.759472071077,-0.11747988862237553,1605.0,1562.0,3167.0,3167.0,2442.714285714286,-1.509767921064098,246.0,478.0,881.0,1605.0,1.0762566385923502,0.5489096573208723,-10551.0,-12446.0,-5.477653877382346,-0.6285281576936332,30209.65,29633.38,6.419298195112111,18.228393557277705,1.2237480407750503,0,0,-25266.0,-48.34580279749717,43513.45,-5557.6,0,1,0,0,0,1,0,0,158972.0,158605.0,6.3549434043238024,1
2024-06-05,152110.0,153200.0,151097.0,152041.0,19497,23580,149128.0,889303.01,SILVER,2024-06-05,155665.4,157610.55,150365.38,130372.965,154895.87537983136,154618.3829683033,35.92145999674108,277.4924115280446,1937.8719233635238,-1660.3795118354792,164987.33485021302,150233.76514978695,157610.55,14753.569700426073,0.12249475123033149,2103.0,4072.0,1969.0,4072.0,2628.5714285714284,1.9533555066788333,69.0,1090.0,944.0,2103.0,1.3831795370985458,0.4488825487398954,-6102.0,-9240.0,-3.533741871974934,1.1143655540923019,29870.4,29916.94,-47.261218859044064,20.05166000420112,0.6527197493170496,0,19497,-3415.0,-12.650490831635485,44160.5,-5245.8,0,0,0,0,0,1,0,0,158085.0,158038.0,3.9443308055064095,1
2024-06-06,153879.0,154303.0,153161.0,153873.0,6816,28240,152041.0,314639.51,SILVER,2024-06-05,154918.4,157453.25,150728.66,130591.575,154738.50993678038,154563.16941509565,33.84641265034905,175.34052168473136,1585.3656430277656,-1410.0251213430342,165014.9960772535,149891.5039227465,157453.25,15123.492154507025,0.26326565561558923,1142.0,2262.0,1120.0,2262.0,2536.0,1.2049381416854743,6.0,424.0,712.0,1142.0,0.742170491249277,0.6234676007005254,-2485.0,-7470.0,-2.2738495394664766,2.08609298324552,29418.3,29463.88,-65.04077550392368,-7.134124744159797,0.23169251792251763,0,6816,4660.0,19.762510602205264,41892.85,-7217.4,1,0,0,0,1,0,0,0,154303.0,153533.0,-0.22096144222833117,0
2024-06-07,152378.0,153311.0,152055.0,152676.0,31483,56111,153873.0,1442009.55,SILVER,2024-06-05,154253.3,157124.9,151047.96,130801.865,154421.20071573724,154423.37908805153,32.550050556117284,-2.1783723142871168,1267.8568399593553,-1270.0352122736424,164925.947916113,149323.852083887,157124.9,15602.095832225983,0.2148524116349271,1256.0,562.0,1818.0,1818.0,2597.8571428571427,-0.777914253962686,298.0,635.0,323.0,1256.0,0.8226571301317823,0.49442675159235666,162.0,-6651.0,-2.8314417383877375,1.077829849539185,29983.15,29463.74,361.8984741784038,28.80743363977958,1.0500230963057584,0,0,27871.0,98.69334277620396,44011.6,7050.8,0,0,0,0,1,0,0,0,154303.0,157720.0,3.303728156357253,1
2024-06-10,157178.0,157240.0,155965.0,156769.0,27159,44866,152676.0,1277306.78,SILVER,2024-06-05,154259.5,157112.7,151481.9,131029.545,154782.4006056238,154597.1287852329,41.58464394549721,185.27182039091713,1051.3398360456677,-866.0680156547505,164915.24779172306,149310.15220827697,157112.7,15605.095583446091,0.4779751429164837,1275.0,4564.0,3289.0,4564.0,2850.0,2.68084047263486,409.0,62.0,804.0,1275.0,0.8132985475444763,0.6305882352941177,5355.0,62.0,-0.21876016388236702,3.490251970697493,29381.85,29495.24,-13.734396340882382,26.773021805039065,0.924346152471679,0,27159,-11245.0,-20.040633743829193,44931.25,-1479.0,0,0,0,0,0,0,0,0,157240.0,155218.0,-0.9893537625423394,0
2024-06-11,158816.0,159089.0,158236.0,158605.0,8849,22211,156769.0,421048.69,SILVER,2024-06-05,154152.1,157135.85,151971.54,131262.57,155370.49282014323,154894.0081344749,45.55363551774558,476.48468566834345,936.3688059702029,-459.8841203018594,164953.98821625317,149317.71178374684,157135.85,15636.276432506333,0.5939577914436055,853.0,2320.0,1467.0,2320.0,2919.214285714286,1.171149908464053,211.0,273.0,369.0,853.0,0.5378140663913495,0.43259085580304807,9477.0,-1074.0,0.9349553268716173,4.36493569782868,28014.6,29476.4,-67.41779888802975,18.387737560556225,0.31587101011615376,0,8849,-22655.0,-50.4948067579013,43840.85,-956.8,0,0,0,0,0,0,0,0,159089.0,152301.0,-3.974654014690584,0
2024-06-12,157864.0,159601.0,156649.0,158038.0,26612,68985,158605.0,1261712.18,SILVER,2024-06-05,154141.6,157064.15,152388.74,131489.7,155780.8785401212,155126.89642081008,44.59914370689937,653.9821193111129,879.8914686383849,-225.90934932727203,164818.11760307202,149310.18239692796,157064.15,15507.935206144059,0.5627968834699656,2952.0,996.0,1956.0,2952.0,3035.5714285714284,-0.3574918823492368,174.0,1563.0,1215.0,2952.0,1.867905187360002,0.47052845528455284,5997.0,-105.0,0.6200332793957156,3.7071374171083833,27833.7,29273.92,200.73454627641541,39.51238826466658,0.9561071650553106,0,0,46774.0,210.58934762054838,44949.1,9081.0,0,0,0,0,1,0,0,0,159601.0,154159.0,-2.454472974854149,0
2024-06-13,153840.0,155041.0,152646.0,153533.0,38826,43268,158038.0,1788321.68,SILVER,2024-06-05,153859.1,156793.15,152721.34,131689.945,155435.05107241022,155008.8300192686,41.24403070785226,426.2210531416349,789.157385539035,-362.93633239740007,164647.36791543724,148938.93208456275,156793.15,15708.435830874485,0.2924586486458275,2395.0,2997.0,5392.0,5392.0,3249.4285714285716,-2.8505802401953995,307.0,1201.0,887.0,2395.0,1.5599252278011895,0.37035490605427973,-340.0,-2825.0,-2.079268131292722,0.5314646924915689,28174.1,29943.86,45.8965880054111,43.00845871971095,1.3780741887052292,0,0,-25717.0,-37.27911864898166,43733.05,3005.6,0,0,0,0,0,0,0,0,159601.0,158638.0,3.3250180742902176,1
2024-06-14,157563.0,158232.0,157234.0,157720.0,23706,13646,153533.0,1121673.1,SILVER,2024-06-05,154379.7,156601.4,153130.16,131902.135,155786.58167665478,155209.65742524868,51.46163391336969,576.9242514061043,746.710758712449,-169.78650730634467,164147.3293285583,149055.4706714417,156601.4,15091.858657116594,0.5741194325638962,998.0,4699.0,3701.0,4699.0,3361.0,2.7271010141142193,157.0,512.0,329.0,998.0,0.6327669287344662,0.48697394789579157,5044.0,5206.0,0.7142975733294887,2.997345526185042,27876.15,30140.96,-38.942976356050075,43.29044782101173,0.8504043779359775,0,23706,-29622.0,-68.46168068780622,40625.0,-8493.0,0,0,0,0,0,0,0,0,159601.0,161251.0,2.238777580522445,1
2024-06-17,154975.0,155863.0,154667.0,155218.0,29563,65371,157720.0,1376612.92,SILVER,2024-06-05,154760.1,156297.05,153460.36,132100.36,155699.10757255406,155210.27539374877,43.474826668226896,488.83217880528537,695.1350427310163,-206.3028639257309,163528.66696921864,149065.43303078134,156297.05,14463.233938437304,0.42539358731297855,1196.0,1857.0,3053.0,3053.0,3326.8571428571427,-1.586355566827291,243.0,645.0,308.0,1196.0,0.7705291912020513,0.46070234113712377,-1551.0,3804.0,-0.6903841115363267,1.1453381185864637,28028.5,30169.7,24.70682527630135,40.72585659837136,1.0547478459425228,0,0,51725.0,379.04880551077235,42472.85,4101.0,0,0,0,0,1,0,0,0,159601.0,162347.0,4.592895153912561,1
2024-06-18,152070.0,152965.0,151570.0,152301.0,9359,52816,155218.0,427615.52,SILVER,2024-06-05,155077.4,155833.4,153715.54,132279.075,155176.32179216115,154994.77351273035,41.786638173433815,181.54827943080454,592.417690070974,-410.86941064016946,162825.5781381632,148841.2218618368,155833.4,13984.356276326405,0.24740346068128555,1395.0,2253.0,3648.0,3648.0,3380.785714285714,-1.8792923501140368,231.0,664.0,500.0,1395.0,0.9159493371678453,0.5240143369175627,-6304.0,3173.0,-2.266779778917738,-0.9202322679932089,27012.8,29830.88,-68.34218448736597,33.24970833012355,0.3464653793757034,0,0,-12555.0,-19.205764023802608,43402.65,6121.0,0,0,0,0,0,0,0,0,159601.0,163510.0,7.359767828182349,1
2024-06-19,153613.0,154710.0,153613.0,154159.0,35669,54112,152301.0,1649609.21,SILVER,2024-06-05,155289.2,155477.3,154002.4,132467.56,155019.81074721325,154932.8643636392,46.914723461570844,86.9463835740462,491.32342877158845,-404.37704519754226,162011.76348943467,148942.8365105653,155477.3,13068.926978869364,0.3991271431746848,1097.0,2409.0,1312.0,2409.0,3357.214285714286,1.2199525938765943,546.0,551.0,0.0,1097.0,0.711602955390214,0.4977210574293528,-3879.0,2118.0,-0.8479051282727372,0.1016867269601031,28284.3,30240.98,281.1197777540336,66.08780799143132,1.2610883069405996,0,35669,1296.0,2.453801878218731,42581.7,-2974.6,1,0,0,0,1,0,0,0,158232.0,165178.0,7.147814918363508,1
2024-06-20,158788.0,159736.0,156829.0,158638.0,17809,61048,154159.0,847555.24,SILVER,2024-06-05,155765.7,155342.05,154366.32,132668.45,155576.45524764198,155207.31885522147,58.441773268636965,369.13639242050704,466.88602150137217,-97.74962908086513,161464.29587188456,149219.80412811541,155342.05,12244.491743769147,0.7691781797866147,2907.0,5577.0,2670.0,5577.0,3432.5714285714284,2.905441784131968,150.0,948.0,1809.0,2907.0,1.832473934366293,0.6222910216718266,5105.0,4765.0,2.1217371600284736,2.767235754535052,27604.0,30006.98,-50.071490650144376,67.58473647680924,0.6451601217214896,0,17809,6936.0,12.817859254878773,43012.85,3556.0,1,0,0,0,1,0,0,0,159736.0,166679.0,5.068772929562904,1
2024-06-21,160661.0,163586.0,159992.0,161251.0,86135,64911,158638.0,4166806.47,SILVER,2024-06-05,156623.2,155438.25,154702.1,132886.925,156449.46213262013,155654.99894001987,63.01707026597856,794.4631926002621,532.4014557211502,262.0617368791119,161876.45461652384,149000.04538347616,155438.25,12876.409233047685,0.9514263172904917,3594.0,4948.0,1354.0,4948.0,3634.3571428571427,1.6471463331610314,590.0,2335.0,669.0,3594.0,2.228823387141785,0.3503060656649972,3531.0,8575.0,3.73958790709494,4.233232774474292,30301.0,31515.62,383.65994721769897,69.76088378073877,2.8426454572456357,1,86135,3863.0,6.327807626785487,45289.05,10253.0,1,0,0,1,1,0,1,0,163586.0,167259.0,3.7258683667078034,1
2024-06-24,161948.0,162882.0,161948.0,162347.0,30635,11778,161251.0,1492050.1,SILVER,2024-06-05,157181.0,155720.25,155061.12,133098.28,157356.77565067855,156150.70272224062,68.06121054788906,1206.072928437934,667.135750264507,538.937178173427,162849.43971922123,148591.06028077877,155720.25,14258.37943844247,0.9647617934849881,934.0,1631.0,697.0,1631.0,3524.6428571428573,0.6796857073754659,399.0,535.0,0.0,934.0,0.5753109081165652,0.4271948608137045,7129.0,5578.0,4.255548009973013,4.698714932537572,30116.6,31486.14,-64.43373773727288,64.69094964109972,1.017213098424125,0,30635,-53133.0,-81.85515552063595,43998.75,-10718.6,0,0,0,0,0,0,0,0,163586.0,167496.0,3.1716015694777235,1
2024-06-25,162831.0,163653.0,162831.0,163510.0,74462,55752,162347.0,3652584.49,SILVER,2024-06-05,157671.5,155911.8,155436.02,133315.595,158303.42555057417,156695.8358539265,66.45716745587603,1607.5896966476867,855.226539541143,752.3631571065437,163667.20652434885,148156.39347565113,155911.8,15510.813048697717,0.9898647141284418,822.0,1306.0,484.0,1306.0,3327.0714285714284,0.7163667945819796,679.0,143.0,0.0,822.0,0.5027215460828084,0.8260340632603407,11209.0,4905.0,4.873396368972722,5.194407319487472,31841.5,32424.3,143.06185735270117,85.7389152651728,2.338520484273668,1,74462,43974.0,373.35710646968926,44047.2,587.2,1,0,0,1,1,0,0,0,163653.0,167408.0,2.383952051862271,1
2024-06-26,165149.0,165653.0,164585.0,165178.0,17732,37289,163510.0,878680.89,SILVER,2024-06-05,158385.5,156263.55,155808.0,133551.045,159361.05238894737,157324.1443091912,66.2985496381304,2036.908079756162,1091.5628475841468,945.3452321720151,165018.75557274756,147508.34442725242,156263.55,17510.411145495134,1.0090942711698356,1068.0,2143.0,1075.0,2143.0,3318.5714285714284,1.020121093511106,29.0,475.0,564.0,1068.0,0.6465752097736986,0.5552434456928839,11019.0,7140.0,5.704753283795237,6.013811871020743,30939.95,32125.42,-76.1865112406328,58.046809513467984,0.5731101698612958,0,17732,-18463.0,-33.11630076051083,43421.2,-3364.6,0,0,0,0,0,0,0,0,165653.0,165976.0,0.4831151848309097,0
2024-06-27,166628.0,167353.0,165322.0,166679.0,92522,54788,165178.0,4626442.33,SILVER,2024-06-05,159700.1,156779.6,156171.36,133792.985,160486.89048295544,158017.09658258443,70.01286265542376,2469.7939003710053,1367.2090581415187,1102.5848422294866,166697.69874395058,146861.50125604944,156779.6,19836.19748790114,0.9990573423176503,2031.0,2175.0,144.0,2175.0,3344.0714285714284,0.9087166571819516,51.0,674.0,1306.0,2031.0,1.2185098302725599,0.6681437715411127,8041.0,13146.0,6.314214349315852,6.728275914354601,33582.35,33399.78,421.77983307015563,95.63513401994244,2.7550781883936057,1,92522,17499.0,46.92804848614873,42944.25,-1252.0,1,0,1,1,1,0,0,0,167353.0,165468.0,-0.7265462355785672,0
2024-06-28,167150.0,167955.0,166842.0,167259.0,53895,14747,166679.0,2704327.14,SILVER,2024-06-05,160654.0,157516.85,156504.32,134042.37,161528.75348557768,158701.6820209115,66.66560752414844,2827.0714646661654,1659.1815394464481,1167.8899252197173,168257.84841042015,146775.85158957986,157516.85,21481.996820840286,0.9535029998025538,1113.0,1276.0,163.0,1276.0,3109.214285714286,0.34797424990551384,109.0,696.0,308.0,1113.0,0.6654350438541423,0.3746630727762803,6008.0,9539.0,6.184830384812796,6.871810311689794,35121.85,33781.64,-41.74898942954108,95.35453271259334,1.534514839053182,1,53895,-40041.0,-73.08352193911075,42638.75,-10032.8,0,0,0,1,0,0,0,0,167955.0,162268.0,-2.9839948821887017,0
2024-07-01,167147.0,169702.0,166585.0,167496.0,22718,10045,167259.0,1141552.24,SILVER,2024-08-05,161881.8,158320.95,156818.88,134287.03,162446.7914108734,159353.1129823255,64.88133096776353,3093.6784285479225,1946.0809172667432,1147.5975112811793,169535.69680428528,147106.20319571474,158320.95,22429.49360857054,0.9090618433085849,3117.0,2443.0,674.0,3117.0,3166.1428571428573,0.14169641095547192,349.0,2206.0,562.0,3117.0,1.8609399627453789,0.29226820660891883,5149.0,12278.0,5.795221668389425,6.8085679479409595,34520.8,32746.26,-57.847666759439655,87.09908350901924,0.6580959885054807,0,22718,-4702.0,-31.884451074794875,40527.95,-346.6,0,0,0,0,0,0,0,0,169702.0,162115.0,-3.212614032573912,0
2024-07-02,167015.0,167738.0,167015.0,167408.0,21705,17758,167496.0,1090077.19,SILVER,2024-08-05,163392.5,159234.95,157171.22,134535.61,163210.05427073906,159949.771279931,65.93862693066612,3260.2829908080457,2208.921331975004,1051.361658833042,170273.31678375235,148196.58321624767,159234.95,22076.733567504678,0.8702110176312547,723.0,242.0,481.0,723.0,3006.9285714285716,-0.052538568085203075,393.0,330.0,0.0,723.0,0.4318790021982223,0.5435684647302904,3898.0,15107.0,5.132698569001333,6.513138983078454,33757.6,32799.82,-4.459019279866183,93.4874000297692,0.6429663246202337,0,0,7713.0,76.78446988551516,40066.1,-7598.8,0,0,0,0,1,0,0,0,169702.0,160290.0,-4.251887603937686,0
2024-07-03,166131.0,167516.0,165015.0,165976.0,27082,33437,167408.0,1348488.61,SILVER,2024-08-05,164574.2,159931.7,157436.72,134779.95,163635.58438293304,160396.1585925287,73.63701987006573,3239.425790404348,2415.0222236608724,824.4035667434755,170816.2225526899,149047.17744731012,159931.7,21769.045105379773,0.7776557249406527,2501.0,108.0,2393.0,2501.0,2800.4285714285716,-0.855395202140874,155.0,1385.0,961.0,2501.0,1.5068443630404396,0.38424630147940825,798.0,11817.0,3.779300789024307,5.423944299652583,34136.85,31987.72,24.773093757198804,67.85273163008574,0.7933362334251696,0,0,15679.0,88.29260051807637,40558.95,-770.4,0,0,1,0,1,0,0,0,169702.0,158274.0,-4.640429941678315,0
2024-07-04,165285.0,166046.0,164734.0,165468.0,17342,29585,165976.0,860863.82,SILVER,2024-08-05,165257.2,160511.45,157731.96,135034.375,163917.49447786642,160771.85054863765,67.10979595442099,3145.6439292287687,2561.1465647744517,584.497364454317,171271.67420965846,149751.22579034156,160511.45,21520.448419316905,0.7303181561751731,1312.0,70.0,1242.0,1312.0,2558.5,-0.3060683472309256,183.0,578.0,551.0,1312.0,0.7929025551768318,0.5594512195121951,-1211.0,6830.0,3.0879728517809713,4.904548196827078,34663.15,31260.62,-35.964847500184625,69.26339594508173,0.5003007516627889,0,0,-3852.0,-11.520172264258155,40626.2,-5040.6,0,0,0,0,0,0,0,0,169702.0,158639.0,-4.127081973553799,0
2024-07-05,162370.0,163603.0,160601.0,162268.0,17239,19854,165468.0,839201.42,SILVER,2024-08-05,165358.9,160991.05,157951.92,135275.68,163663.7260966562,160882.67643392374,65.10282776349615,2781.049662732461,2605.127184366054,175.92247836640718,171117.1744932425,150864.92550675748,160991.05,20252.248986485007,0.5630522566087431,3002.0,1865.0,4867.0,4867.0,2688.0714285714284,-1.9339086711630094,102.0,1233.0,1667.0,3002.0,1.850025883106959,0.5552964690206529,-4991.0,1017.0,0.7931807389292831,2.7325277210938537,33950.95,30896.4,-0.5939338023296048,30.838007843078856,0.5077619330239656,0,0,-9731.0,-32.89166807503803,38813.35,1021.4,0,0,0,0,0,0,0,0,169702.0,161266.0,-0.6174969803041881,0
2024-07-08,161828.0,163088.0,160874.0,162115.0,37274,62076,162268.0,1812802.35,SILVER,2024-08-05,165335.7,161258.35,158194.68,135531.975,163425.46054332447,160973.95966104048,73.84817262830482,2451.500882283988,2574.4019239496406,-122.90104166565243,171195.69009259035,151321.00990740967,161258.35,19874.68018518068,0.5431025803695068,2214.0,820.0,1394.0,2214.0,2585.6428571428573,-0.0942884610644068,287.0,973.0,954.0,2214.0,1.365697190266169,0.5605239385727191,-5381.0,-232.0,0.5312283053869733,2.4781617182069633,34456.7,30926.68,116.21903822727538,48.90328543953368,1.081763488668387,0,0,42222.0,212.66243578120276,39673.85,10406.2,0,0,1,0,1,0,0,0,167738.0,163035.0,0.5674983807790765,1
2024-07-09,160348.0,161012.0,159693.0,160290.0,16419,66950,162115.0,789540.45,SILVER,2024-08-05,165013.7,161342.6,158402.56,135789.155,162943.08199819762,160923.2959824449,64.92235798082072,2019.786015752732,2463.478742310259,-443.69272655752684,171213.57214644045,151471.62785355956,161342.6,19741.944292880886,0.4466820499346874,1319.0,1103.0,2422.0,2422.0,2586.5714285714284,-1.1257440705671917,58.0,664.0,597.0,1319.0,0.8228835236134506,0.45261561789234267,-7118.0,-3220.0,-0.6524005439357031,1.1915463992501147,34835.2,30274.56,-55.95052851853839,29.002046852409727,0.47133359360646704,0,0,4874.0,7.851665700109534,41910.8,9838.4,0,0,0,0,1,0,0,0,167516.0,160110.0,-0.11229646266142618,0
2024-07-10,158687.0,159053.0,157924.0,158274.0,20003,27349,160290.0,949786.45,SILVER,2024-08-05,164323.3,161354.4,158557.98,136031.285,162224.76169078262,160727.0518355971,48.993362831858406,1497.7098551855015,2270.3249648853075,-772.615109699806,171209.2900263571,151499.50997364288,161354.4,19709.780052714224,0.34371210679361214,1129.0,1237.0,2366.0,2366.0,2357.214285714286,-1.2577203818079696,413.0,366.0,350.0,1129.0,0.713319938840239,0.3100088573959256,-7702.0,-6904.0,-1.909089556900831,-0.179101676244873,34504.75,30405.88,21.828369571837513,38.80353493365676,0.5797172853012991,0,0,-39601.0,-59.15011202389844,39829.0,-1217.6,0,0,0,0,0,0,0,0,166046.0,158306.0,0.02021810278378003,0
2024-07-11,158825.0,159397.0,157413.0,158639.0,35866,31348,158274.0,1706923.91,SILVER,2024-08-05,163519.3,161609.7,158708.78,136270.06,161673.10604604683,160572.38132925658,41.75088428499243,1100.7247167902533,2036.404915266297,-935.6801984760436,170857.28984475715,152362.11015524287,161609.7,18495.179689514276,0.33937977084460386,1984.0,1123.0,861.0,1984.0,2145.5,0.2306127348775,186.0,572.0,1226.0,1984.0,1.2506382415421176,0.6179435483870968,-6829.0,-8040.0,-1.8381941182985992,-0.043967321782700894,34356.75,30772.78,79.30310453431986,4.555862080073185,1.0439287767323744,0,35866,3999.0,14.622106841200777,39233.0,352.6,1,0,0,0,1,0,0,0,163603.0,160085.0,0.9115034764465232,1
2024-07-12,161133.0,161951.0,160636.0,161266.0,26988,44296,158639.0,1305674.04,SILVER,2024-08-05,162920.0,161787.0,158896.6,136519.085,161610.474346655,160623.7604900524,46.88705868801475,986.7138566026115,1826.4667035335601,-839.7528469309486,170854.811991644,152719.188008356,161787.0,18135.62398328801,0.47127201134738445,1315.0,3312.0,1997.0,3312.0,2265.5714285714284,1.655961018412877,133.0,685.0,497.0,1315.0,0.81542296578324,0.4790874524714829,-1002.0,-5993.0,-0.32202834591159984,1.491158401123746,34520.85,30731.98,-24.753248201639433,6.255436202863349,0.7817883974467604,0,26988,12948.0,41.30407043511548,40765.5,4888.4,1,0,0,0,1,0,0,0,163088.0,158294.0,-1.8429179120211328,0
2024-07-15,163119.0,163852.0,162413.0,163035.0,29908,29455,161266.0,1462815.23,SILVER,2024-08-05,162473.9,162177.85,159061.5,136783.07,161829.63213947733,160802.3708241226,48.678279258723364,1027.2613153547281,1666.625625897794,-639.3643105430658,170711.62483637268,153644.07516362733,162177.85,17067.549672745343,0.5502210344446076,1439.0,2586.0,1147.0,2586.0,2357.0,1.096945419369244,84.0,733.0,622.0,1439.0,0.8826325635599718,0.4322446143154969,920.0,-4461.0,0.5285247029726896,2.4980903612753558,34538.1,30684.12,10.819623536386548,13.12216523244597,0.865942249284124,0,29908,-14841.0,-33.50415387393896,38969.7,-6524.2,0,0,0,0,0,0,0,0,163852.0,157913.0,-3.141656699481706,0
2024-07-16,160033.0,161067.0,159173.0,160110.0,10674,64021,163035.0,512704.24,SILVER,2024-08-05,161744.1,162568.3,159150.84,137032.61,161565.0733487885,160751.08409640982,36.819931342973064,813.9892523786693,1496.0983511939692,-682.1090988152998,169817.18449058937,155319.4155094106,162568.3,14497.768981178757,0.33043597927437013,1894.0,1968.0,3862.0,3862.0,2479.785714285714,-1.7940932928512288,77.0,957.0,860.0,1894.0,1.1829367309974392,0.4947201689545935,-180.0,-7298.0,-1.512164425659854,0.6026735391406062,34603.85,30362.8,-64.31055236057242,7.137011924375346,0.3084627866552421,0,0,34566.0,117.35189271770498,39529.95,-585.8,0,0,0,0,1,0,0,0,163852.0,158961.0,-0.7176316282555742,0
2024-07-17,158309.0,158611.0,158018.0,158306.0,10002,49293,160110.0,475012.98,SILVER,2024-08-05,160977.1,162775.65,159212.32,137273.025,161063.67744897486,160569.96675593502,28.562650417328086,493.71069303984405,1295.6208195631443,-801.9101265233003,169202.33850718883,156348.96149281116,162775.65,12853.377014377678,0.15225870251839016,593.0,1499.0,2092.0,2092.0,2473.8571428571427,-1.1267253763037943,3.0,302.0,288.0,593.0,0.3745909820221596,0.4856661045531197,32.0,-7670.0,-2.7458959617117142,-0.5692524297114739,33320.5,30037.2,-6.29567172568859,4.030135376086608,0.3001755675935235,0,0,-14728.0,-23.00495150028897,39289.0,4388.8,0,1,0,0,0,1,0,0,163852.0,157209.0,-0.692961732341162,0
2024-07-18,159980.0,160982.0,158814.0,160085.0,32567,56116,158306.0,1564046.46,SILVER,2024-08-05,160438.8,162848.0,159273.64,137529.6,160913.1116875941,160534.0432925324,32.694905441914315,379.06839506168035,1112.3103346628516,-733.2419396011712,169109.0038542689,156586.9961457311,162848.0,12522.0077085378,0.27934848274241825,2168.0,2676.0,508.0,2676.0,2573.8571428571427,1.1237729460664703,105.0,897.0,1166.0,2168.0,1.3542805384639411,0.5862546125461254,1446.0,-5383.0,-1.6966741992532914,0.5094126058775237,34058.4,30371.38,225.60487902419516,30.187108028524584,0.9562105090080567,0,32567,6823.0,13.841721948349672,39042.4,4953.6,1,0,0,0,1,0,0,0,163852.0,157435.0,-1.6553705843770496,0
2024-07-19,158242.0,158857.0,157692.0,158294.0,5910,50484,160085.0,280655.26,SILVER,2024-08-05,160041.4,162700.15,159254.66,137767.48,160510.17142796423,160368.11415975224,29.351045687101703,142.05726821199642,918.2597213726806,-776.2024531606842,169252.80504324785,156147.49495675214,162700.15,13105.310086495709,0.16378895494122753,1165.0,1228.0,2393.0,2393.0,2522.1428571428573,-1.1187806477808704,52.0,563.0,550.0,1165.0,0.7359723046988514,0.5167381974248927,-2972.0,-3974.0,-2.7081413262372496,-0.6032225367847971,30047.15,30085.86,-81.85279577486413,22.061221831271133,0.19669086751988124,0,0,-5632.0,-10.03635326823009,38321.05,1237.6,0,1,0,0,0,1,0,0,163852.0,155038.0,-2.0569320378536142,0
2024-07-22,157980.0,158232.0,157358.0,157913.0,34072,40215,158294.0,1614123.52,SILVER,2024-08-05,159621.2,162478.45,159272.66,137997.635,160110.60659289281,160186.25385162246,28.970099667774093,-75.64725872964482,719.4783253522156,-795.1255840818604,169372.5541317172,155584.34586828283,162478.45,13788.208263434353,0.16888736282673078,874.0,62.0,936.0,936.0,2537.3571428571427,-0.2406913717513004,67.0,252.0,555.0,874.0,0.5534693153825208,0.6350114416475973,-5122.0,-4202.0,-2.8098803256678107,-0.8536681687867858,30219.0,29983.6,476.51438240270727,58.090756248814316,1.127502564611668,0,0,-10269.0,-20.341098169717142,39742.9,2152.0,0,1,0,0,0,1,0,0,161067.0,153987.0,-2.486179098617593,0
2024-07-23,158645.0,159714.0,157959.0,158961.0,38717,13404,157913.0,1846347.91,SILVER,2024-08-05,159488.3,162251.0,159289.04,138234.34,159933.74404014007,160095.49430705782,34.19404262989501,-161.75026691774838,543.2326068982228,-704.9828738159712,169300.2236227987,155201.7763772013,162251.0,14098.447245597374,0.26664096813729665,1755.0,1801.0,46.0,1801.0,2487.3571428571427,0.6636565703900255,316.0,753.0,686.0,1755.0,1.1040443882461737,0.5709401709401709,-1149.0,-1329.0,-2.027722479368386,-0.20594009481129907,28431.75,30034.06,13.632895045785398,65.0490986052467,1.3617522663923254,0,38717,-26811.0,-66.66915330100709,37625.5,-10123.4,0,0,0,0,0,0,0,0,160982.0,154594.0,-2.747214725624524,0
2024-07-24,156890.0,157411.0,156890.0,157209.0,26809,47260,158961.0,1264384.82,SILVER,2024-08-05,159381.8,161852.55,159243.78,138461.985,159514.5526493493,159881.67991394244,32.37892041817794,-367.1272645931458,361.1606325999491,-728.287897193095,169103.1625614187,154601.93743858128,161852.55,14501.225122837408,0.17978222800727062,521.0,1550.0,2071.0,2071.0,2541.5714285714284,-1.1021571328816537,319.0,202.0,0.0,521.0,0.33140596276294615,0.6122840690978887,-1097.0,-1065.0,-2.86900021037666,-1.2777767520966903,28885.6,29965.64,-30.756515225869773,59.79061012547597,0.9281095078516631,0,0,33856.0,252.58131900925096,38124.05,-406.6,0,0,0,0,1,1,0,0,160982.0,151782.0,-3.452092437455871,0
2024-07-25,156998.0,158007.0,156309.0,157435.0,31651,75642,157209.0,1494892.56,SILVER,2024-08-05,159261.4,161390.35,159213.42,138689.275,159194.6214725263,159700.44436476153,38.18972679732173,-505.82289223521366,187.76392763291653,-693.5868198681302,168523.10053685927,154257.59946314074,161390.35,14265.501073718537,0.22273318830090144,1698.0,798.0,900.0,1698.0,2315.214285714286,0.14375767290677466,437.0,572.0,689.0,1698.0,1.0785403499857082,0.6631330977620731,-2650.0,-1204.0,-2.4507970891692135,-1.1170038304560084,25842.05,29958.3,18.061098884702908,53.666409560514275,1.2247867332506517,0,31651,28382.0,60.055014811680074,39166.75,3905.2,1,0,0,0,1,0,0,0,159714.0,152595.0,-3.074284625400959,0
2024-07-26,154542.0,155914.0,154443.0,155038.0,21484,56009,157435.0,999250.92,SILVER,2024-08-05,158638.6,160779.3,159083.08,138917.615,158555.1412459838,159355.07811551992,34.41532702048008,-799.936869536119,-9.7762318008906,-790.1606377352284,167889.04533854494,153669.55466145504,160779.3,14219.490677089896,0.09623729637164614,1471.0,1521.0,2992.0,2992.0,2370.785714285714,-1.522533108902091,496.0,876.0,99.0,1471.0,0.9487996491182806,0.4044867437117607,-3256.0,-6228.0,-3.57091988831895,-2.542746846490518,24221.5,29794.68,-32.12220782913652,52.92951359776457,0.8869805751088908,0,0,-19633.0,-25.95515718780572,41229.85,1105.0,0,0,0,0,0,1,0,0,159714.0,152592.0,-1.57767773062088,0
2024-07-29,153612.0,154841.0,152991.0,153987.0,9646,39605,155038.0,445607.58,SILVER,2024-08-05,157733.8,160103.85,158936.72,139142.15,157852.3502850632,158957.44269955548,35.629930235739366,-1105.0924144922756,-228.8394683391676,-876.2529461531079,167092.59133009388,153115.10866990613,160103.85,13977.482660187758,0.0623782802161717,1850.0,197.0,2047.0,2047.0,2344.0,-0.6778983217017753,375.0,854.0,621.0,1850.0,1.2014001181917955,0.5383783783783784,-3926.0,-9048.0,-3.820551473309359,-3.1142708871807603,23567.9,29457.28,-55.10147086203687,46.33740415792223,0.40928551122501367,0,0,-16404.0,-29.288150118730915,42707.85,-122.0,0,0,0,0,0,1,0,0,159714.0,153609.0,-0.24547526739270198,0
2024-07-30,154643.0,155276.0,153632.0,154594.0,7400,63205,153987.0,343198.68,SILVER,2024-08-05,157182.2,159463.15,158797.12,139373.91,157351.06562582272,158634.22472181063,41.03401227950492,-1283.1590959879104,-439.70339386891624,-843.4557021189942,165964.96853994182,152961.33146005817,159463.15,13003.637079883658,0.1255547605575318,1644.0,1289.0,355.0,1644.0,2292.4285714285716,0.3941891198607772,49.0,633.0,962.0,1644.0,1.06343066354451,0.5851581508515815,-4367.0,-5516.0,-3.0534640761831144,-2.64684901086367,22852.65,29011.82,-23.284262906904416,50.440033103289025,0.3238136496205035,0,7400,23600.0,59.588435803560145,44980.2,9960.2,1,0,0,0,1,1,0,0,158007.0,154043.0,-0.35641745475244835,0
2024-07-31,151511.0,153040.0,150984.0,151782.0,27185,47569,154594.0,1237858.1,SILVER,2024-08-05,156529.8,158753.45,158607.14,139597.765,156494.28629877308,158126.65252019506,35.073359745744256,-1632.3662214219803,-678.235959379529,-954.1302620424512,165359.81342276905,152147.08657723098,158753.45,13212.726845538069,-0.027631433049285104,2056.0,1554.0,3610.0,3610.0,2408.5714285714284,-1.8189580449435305,271.0,1258.0,527.0,2056.0,1.3545743237010976,0.38813229571984437,-5427.0,-6524.0,-4.3913691324503565,-4.3031732367155815,22857.8,29350.74,267.36486486486484,77.80608676234438,1.1893095573502261,0,0,-15636.0,-24.738549165414124,45686.8,61.8,0,0,0,0,0,1,0,0,158007.0,156544.0,3.1373944209458298,1
2024-08-01,152752.0,153236.0,151703.0,152595.0,23727,15580,151782.0,1086186.47,SILVER,2024-08-05,155780.8,158109.8,158432.18,139827.31,155894.39609896182,157716.9004816621,29.506026943984878,-1822.504382700281,-907.0896440436794,-915.4147386566016,164465.31641365416,151754.28358634582,158109.8,12711.032827308343,0.06614068463799344,1533.0,1454.0,79.0,1533.0,2281.5,0.5356366367553544,157.0,484.0,892.0,1533.0,1.0046200727415708,0.5818656229615133,-4840.0,-7490.0,-3.4879558382845266,-3.684339886000428,23177.05,29196.98,-12.720250137943722,53.97357384613048,1.0237282139012516,0,23727,-31989.0,-67.24757720364103,44986.55,-12012.4,0,1,0,0,0,1,0,0,155914.0,156805.0,2.7589370556047053,1
2024-08-02,152602.0,153517.0,150987.0,152592.0,38120,15400,152595.0,1745042.11,SILVER,2024-08-05,155210.6,157626.0,158297.48,140045.42,155386.33516066,157337.2782237612,23.06978183506112,-1950.9430631012074,-1115.860327855185,-835.0827352460224,164120.3544389697,151131.6455610303,157626.0,12988.708877939382,0.1124326099455523,2530.0,922.0,1608.0,2530.0,2277.5,-0.0019659884006650863,10.0,915.0,1605.0,2530.0,1.6580161476355246,0.6343873517786561,-2446.0,-5702.0,-3.1936355677362873,-3.604277212751593,24221.1,29315.48,60.66085050786025,68.22493847440293,1.5738343840700877,1,0,-180.0,-1.1553273427471145,44763.85,-8121.8,0,1,0,1,0,1,0,0,155276.0,156054.0,2.2687952186222082,1
2024-08-05,153005.0,154096.0,152835.0,153609.0,6018,49643,152592.0,277325.69,SILVER,2024-08-05,154780.2,157200.7,158235.52,140264.405,155112.89898209693,157061.10946644557,31.40552599965676,-1948.210484348645,-1282.330359153877,-665.880125194768,163570.14357150174,150831.25642849828,157200.7,12738.887143003463,0.21805229454657118,1261.0,1504.0,243.0,1504.0,2109.0714285714284,0.6664831708084407,604.0,487.0,170.0,1261.0,0.8209154411525366,0.6137985725614592,-378.0,-4304.0,-2.284786263674406,-2.9238188745485147,22658.3,28749.38,-84.21301154249737,12.152199079882454,0.26559803692245226,0,6018,34243.0,222.3571428571429,44142.2,2007.6,1,0,0,0,1,0,0,0,155276.0,156309.0,1.757709509208445,1
2024-08-06,154244.0,154522.0,153419.0,154043.0,22563,49015,153609.0,1042701.66,SILVER,2024-08-05,154288.4,156888.35,158122.8,140489.075,154948.2991386974,156837.54580226442,36.76990875799144,-1889.246663567028,-1403.7136200365073,-485.5330435305207,163232.55827543707,150544.14172456294,156888.35,12688.416550874128,0.2757521603588917,1103.0,913.0,190.0,1103.0,2038.4285714285713,0.28253552851720265,201.0,278.0,624.0,1103.0,0.7160338347084905,0.5657298277425205,-551.0,-4918.0,-1.8136145864240436,-2.5801465696281554,22965.5,28401.36,274.92522432701895,38.28143200800581,0.9824737105658488,0,22563,-628.0,-1.2650323308422085,43245.45,-2838.0,0,0,0,0,0,0,0,0,154522.0,157334.0,2.1364164551456413,1
2024-08-07,156798.0,156818.0,156238.0,156544.0,10193,24974,154043.0,478695.9,SILVER,2024-08-05,154221.9,156801.85,158090.82,140722.47,155193.7915788978,156815.80166876336,39.48196993999881,-1622.0100898655655,-1447.372914002319,-174.6371758632465,163113.60268927302,150490.097310727,156801.85,12623.505378546019,0.4795738194528575,580.0,2775.0,2195.0,2775.0,2045.5,1.6235726388086347,254.0,20.0,306.0,580.0,0.37050286181520853,0.5275862068965518,4762.0,-665.0,-0.16444321288301497,-0.9784375841683957,22475.0,27889.96,-54.824269822275404,35.87465654836524,0.45352614015572856,0,10193,-24041.0,-49.048250535550345,43126.7,-4519.0,0,0,0,0,0,0,0,0,156818.0,157456.0,0.5825838103025348,1
2024-08-08,156493.0,157278.0,156162.0,156805.0,20701,24037,156544.0,973806.09,SILVER,2024-08-05,154158.9,156710.15,158099.76,140948.01,155441.6697975289,156815.0015451513,45.13494086126903,-1373.3317476223747,-1432.5646807263302,59.232933103955475,162962.53087788358,150457.7691221164,156710.15,12504.761755767162,0.5075851105244977,1116.0,734.0,382.0,1116.0,1954.2857142857142,0.16672628781684296,312.0,473.0,331.0,1116.0,0.7117119989796244,0.5761648745519713,4210.0,-630.0,0.060525754075282184,-0.8189512748153502,21716.75,27510.5,103.09035612675363,44.377582272570315,0.9532273475543072,0,20701,-937.0,-3.7519019780571816,42761.15,1691.4,0,0,0,0,0,0,1,0,157278.0,157563.0,0.4834029527119671,0
2024-08-09,156185.0,157862.0,155044.0,156054.0,8536,26167,156805.0,399623.08,SILVER,2024-08-05,154260.5,156449.55,158170.56,141163.615,155535.8744440629,156758.63106032528,44.069418745613476,-1222.7566162623698,-1390.6030678335383,167.84645157116847,162325.5454668409,150573.55453315907,156449.55,11751.990933681838,0.46634187328494947,2818.0,1057.0,1761.0,2818.0,2088.714285714286,-0.4789388093491942,131.0,1677.0,1010.0,2818.0,1.8057851769259357,0.3584102200141945,3462.0,1016.0,-0.25282910689099997,-1.3381504118086185,20794.15,27219.12,-58.76527703975653,41.713275351508315,0.4105000685288891,0,0,2130.0,8.861338769397186,41854.7,2153.4,0,0,0,0,1,0,0,0,157862.0,156312.0,0.16532738667384367,0
2024-08-12,156041.0,158319.0,154464.0,156309.0,23886,53148,156054.0,1120079.03,SILVER,2024-08-05,154492.7,156113.25,158268.46,141379.97,155654.81683728402,156725.32505585672,41.08870967741936,-1070.5082185727078,-1326.5840979813722,256.0758794086644,161105.75874073702,151120.74125926298,156113.25,9985.017481474031,0.5196043722870981,3855.0,2265.0,1590.0,3855.0,2235.4285714285716,0.16340497520088704,268.0,2010.0,1577.0,3855.0,2.466268736924937,0.4785992217898833,2700.0,2322.0,0.12538974110141196,-1.238060950362436,20493.05,27002.06,179.82661668228678,65.20608410594068,1.1655658869714367,0,23886,26981.0,103.11078839760003,43039.35,701.0,1,0,0,0,1,0,0,0,158319.0,155141.0,-0.7472378429904868,0
2024-08-13,157365.0,157473.0,157065.0,157334.0,34410,31534,156309.0,1624158.88,SILVER,2024-08-05,154766.7,155974.45,158432.58,141605.565,155913.1527084711,156770.41208875622,50.44160248710521,-857.2593802851043,-1232.7191544421187,375.4597741570144,160642.94108836306,151305.95891163696,155974.45,9336.982176726102,0.6456091458960778,408.0,1164.0,756.0,1164.0,2170.6428571428573,0.6557523878983229,31.0,108.0,269.0,408.0,0.2593209350807835,0.6593137254901961,3291.0,2740.0,0.8716491707455858,-0.6934053589230115,21679.85,26950.88,44.05928158754082,71.94043855538521,1.5871881032387218,1,34410,-21614.0,-40.667569805072624,41415.0,-3496.2,0,0,0,1,0,0,0,0,158319.0,152657.0,-2.972656895521629,0
2024-08-14,157058.0,157627.0,157058.0,157456.0,38744,66879,157334.0,1830142.58,SILVER,2024-08-05,155334.1,155931.95,158540.88,141827.06,156150.51383024477,156821.196378478,50.07473841554559,-670.6825482332206,-1120.3118332003392,449.62928496711856,160525.95256513217,151337.94743486785,155931.95,9188.005130264326,0.6658738734243766,569.0,293.0,276.0,569.0,2090.0,0.0775420443133612,398.0,171.0,0.0,569.0,0.3613707956508485,0.6994727592267135,912.0,5674.0,0.9773814795492445,-0.6842903861767416,23116.95,27335.82,12.595175820982263,46.46346965099694,1.675999645281925,1,38744,35345.0,112.08536817403436,42294.3,8381.0,1,0,0,1,1,0,0,0,158319.0,155834.0,-1.0301290519256174,0
2024-08-15,156998.0,158090.0,156550.0,157563.0,20957,75839,157456.0,990614.34,SILVER,2024-08-05,155830.9,155805.85,158614.68,142046.36,156367.8193948225,156876.14479488705,60.736457181733144,-508.32540006455383,-997.9145465731822,489.58914650862835,160044.58264450578,151567.11735549424,155805.85,8477.46528901154,0.7072730397702254,1540.0,634.0,906.0,1540.0,1986.2857142857142,0.06795549232800902,565.0,527.0,448.0,1540.0,0.9773868230485584,0.6577922077922078,758.0,4968.0,1.127781787397581,-0.6630407727708388,22536.45,27618.64,-45.90904398100351,43.14459026669096,0.9299157586931394,0,20957,8960.0,13.397329505524901,43280.45,10360.4,1,0,0,0,1,0,0,0,158319.0,153623.0,-2.5005870667605974,0
2024-08-16,156192.0,157487.0,155090.0,156312.0,37875,39756,157563.0,1776095.1,SILVER,2024-08-05,156202.9,155706.75,158687.4,142253.31,156359.23179561904,156834.3562915621,59.720712434150016,-475.1244959430478,-893.3565364471553,418.23204050410754,159790.38717523575,151623.11282476425,155706.75,8167.274350471504,0.5741067305967331,2397.0,76.0,2473.0,2473.0,2016.7142857142858,-0.7939681270349053,120.0,1175.0,1102.0,2397.0,1.5334715185014587,0.5098039215686274,258.0,3720.0,0.3887114720460096,-1.4969052363325597,24134.7,27746.48,80.72720332108602,45.15122554801354,1.5693172071747317,1,0,-36083.0,-47.57842271126993,42744.05,2717.8,0,0,0,1,0,0,0,0,158319.0,152419.0,-2.490531756998823,0
2024-08-19,155102.0,155676.0,154652.0,155141.0,6626,22683,156312.0,308389.28,SILVER,2024-08-05,156356.1,155568.15,158654.84,142450.005,156171.81151936995,156708.92249218712,52.18398147408768,-537.1109728171723,-822.1074237211587,284.99645090398644,159522.62180717025,151613.67819282974,155568.15,7908.943614340504,0.4459915229101538,1024.0,636.0,1660.0,1660.0,2017.857142857143,-0.749142740160702,39.0,535.0,450.0,1024.0,0.6600447335004931,0.4775390625,-1168.0,1532.0,-0.2745741978676189,-2.2147701261430135,22762.4,27335.82,-82.5056105610561,45.321965646157665,0.2910940849822514,0,0,-17073.0,-42.94446121340175,41867.45,-6093.0,0,0,0,0,0,0,0,0,158090.0,151180.0,-2.553161317768997,0
2024-08-20,152536.0,153601.0,151687.0,152657.0,30279,59485,155141.0,1386690.39,SILVER,2024-08-05,156217.5,155252.95,158535.88,142627.02,155631.07128562074,156408.78008535845,53.58753587535876,-777.7087997377093,-813.2276989244689,35.51889918675954,159071.3574098227,151434.54259017733,155252.95,7636.814819645369,0.16007425067816955,1914.0,1540.0,3454.0,3454.0,2006.7142857142858,-1.601124138686738,121.0,944.0,849.0,1914.0,1.2537911789174425,0.5067920585161965,-4677.0,-1386.0,-1.6720777286357595,-3.7082331141694893,22340.5,27764.42,356.97253244793234,53.526696458249,1.355341196481726,0,0,36802.0,162.24485297359257,44171.5,5590.2,0,0,0,0,1,1,0,0,158090.0,152797.0,0.0917088636616729,0
2024-08-21,155465.0,156603.0,155118.0,155834.0,28072,21025,152657.0,1312371.61,SILVER,2024-08-05,156146.5,155184.2,158491.8,142823.435,155662.2910878329,156366.20378273932,61.12370355106807,-703.9126949064084,-791.3646981208569,87.4520032144485,158902.5208774108,151465.87912258922,155184.2,7436.641754821583,0.5873781501682109,1485.0,3946.0,2461.0,3946.0,2179.0714285714284,2.0811361418081153,369.0,769.0,347.0,1485.0,0.9529370997343326,0.48215488215488217,-1622.0,-710.0,0.41872819526729416,-1.6769321819803853,22403.65,27793.62,-7.2888800819049475,58.28023543228604,1.2530101121915402,0,28072,-38460.0,-64.65495503068,42859.75,-9170.8,0,0,0,0,0,0,0,0,158090.0,152304.0,-2.2652309508836326,0
2024-08-22,153500.0,154580.0,152851.0,153623.0,29692,28715,155834.0,1368412.23,SILVER,2024-08-05,155828.3,154993.6,158493.6,142999.645,155348.55399739707,156163.00350253642,53.074491560803956,-814.449505139346,-795.9816595245547,-18.46784561479126,158615.68869082897,151371.51130917104,154993.6,7244.177381657937,0.31079977369544703,1729.0,1254.0,2983.0,2983.0,2211.4285714285716,-1.418817459604449,123.0,957.0,649.0,1729.0,1.1254825123842132,0.44650086755349916,-3940.0,-3182.0,-0.8842945773244869,-3.0730578395594557,22305.7,27610.94,5.77087489313195,48.54828730892388,1.3311395741895569,0,0,7690.0,36.5755053507729,40513.4,-9424.8,0,0,0,0,1,0,0,0,157487.0,154568.0,0.6151422638537198,1
2024-08-23,152501.0,153301.0,151915.0,152419.0,96605,27116,153623.0,4417331.25,SILVER,2024-08-05,155464.8,154862.65,158387.58,143168.335,154897.85338241293,155885.66990975593,46.490503715937244,-987.8165273430059,-834.3486330882449,-153.46789425476095,158662.9654038108,151062.33459618918,154862.65,7600.630807621637,0.17849379060096032,1386.0,322.0,1708.0,1708.0,2226.0,-0.7837368102432629,82.0,800.0,504.0,1386.0,0.909335450304752,0.36363636363636365,-3893.0,-3635.0,-1.5779466514359624,-3.768338401281204,26061.75,29068.92,225.35699851811935,76.96051486471147,3.706773336402966,1,0,-1599.0,-5.568518196064776,39068.75,-2528.0,0,0,0,1,0,1,0,0,156603.0,153391.0,0.6377157703435924,1
2024-08-26,151166.0,151307.0,150996.0,151180.0,93390,46744,152419.0,4235610.06,SILVER,2024-08-05,154951.9,154722.3,158306.82,143316.165,154325.87593896477,155537.10176829252,41.939298383918015,-1211.225829327741,-909.7240723361442,-301.5017569915967,158851.84877616883,150592.75122383115,154722.3,8259.097552337684,0.07110326188151593,311.0,1112.0,1423.0,1423.0,2248.8571428571427,-0.812890781333031,14.0,127.0,170.0,311.0,0.20571504167217888,0.5916398713826366,-3961.0,-5129.0,-2.289456658800954,-4.50190332924381,30248.95,30345.46,-3.327985093939234,58.64505468708886,3.087379892525195,1,0,19628.0,72.38530756748783,39425.7,4812.2,0,0,0,1,1,1,0,0,156603.0,153922.0,1.8137319751289853,1
2024-08-27,152853.0,153271.0,152096.0,152797.0,22022,12124,151180.0,1009468.66,SILVER,2024-08-05,154498.2,154632.45,158316.74,143476.81,154090.6642560471,155334.1312669375,38.897777777777776,-1243.4670108903956,-976.4726600469946,-266.994350843401,158850.99130314458,150413.90869685545,154632.45,8437.082606289128,0.28245442344823796,1175.0,2091.0,916.0,2091.0,2200.0,1.0695859240640315,56.0,418.0,701.0,1175.0,0.7689941556444171,0.5965957446808511,140.0,-4537.0,-1.1869759549176202,-3.4865169659253916,30980.05,30598.72,-76.41931684334511,46.59719484400027,0.710844559644029,0,22022,-34620.0,-74.06298134519939,36871.65,-9472.2,0,0,0,0,0,0,0,0,156603.0,152463.0,-0.21859067913637045,0
2024-08-28,152100.0,152670.0,151897.0,152304.0,99687,48051,152797.0,4554818.65,SILVER,2024-08-05,153983.0,154658.55,158279.64,143622.525,153815.79283203985,155109.6770990162,36.844566551703984,-1293.8842669763544,-1039.9549814328666,-253.92928554348782,158808.7413957158,150508.35860428418,154658.55,8300.38279143162,0.2163323597038729,773.0,127.0,900.0,900.0,2184.5714285714284,-0.3226503138150649,204.0,366.0,203.0,773.0,0.5075375564660154,0.5265200517464425,-3530.0,-5152.0,-1.5224182562166713,-3.7753687081926732,34605.15,31879.08,352.6700572155118,80.60468298345322,2.8806983931582435,1,0,35927.0,296.32959419333554,36895.75,5405.2,0,0,0,1,1,0,0,0,154580.0,156355.0,2.6598119550372936,1
2024-08-29,154930.0,155530.0,153525.0,154568.0,36162,17176,152304.0,1676846.4,SILVER,2024-08-05,153683.5,154757.2,158198.24,143778.0,153931.517011726,155069.55286945947,46.00966702470462,-1138.0358577334555,-1059.5711566929845,-78.46470104047103,158793.0849600239,150721.31503997612,154757.2,8071.76992004778,0.4765602833239712,2005.0,3226.0,1221.0,3226.0,2213.714285714286,1.486500682844838,362.0,600.0,1043.0,2005.0,1.2971637078826148,0.5201995012468827,945.0,-2995.0,-0.12225602427545319,-2.294741079293923,35226.9,32246.14,-63.72445755213819,78.82314162633976,1.0265450550573567,0,36162,-30875.0,-64.25464610517992,36975.55,-2307.8,0,0,0,0,0,0,0,0,155530.0,154238.0,-0.2134982661352932,0
2024-08-30,153030.0,154758.0,151572.0,153391.0,13897,74818,154568.0,639502.42,SILVER,2024-08-05,153391.4,154797.15,158041.04,143932.125,153848.36054838356,154945.21561986988,42.53402927028963,-1096.8550714863231,-1067.027939651652,-29.827131834671036,158757.91113233165,150836.38886766834,154797.15,7921.522264663305,0.3224899264283314,3186.0,190.0,2996.0,3186.0,2165.9285714285716,-0.7614771492158834,361.0,1367.0,1458.0,3186.0,2.0770449374474382,0.5709353421217828,972.0,-2921.0,-0.9083823571687167,-2.9422990382751264,34015.75,30801.38,-61.570156517891704,64.59340564244198,0.4085460411721041,0,0,57642.0,335.59618071727994,39946.45,9540.4,0,0,0,0,1,0,0,0,155530.0,154828.0,0.9368215866641459,1
2024-09-02,154073.0,154478.0,152504.0,153922.0,13308,28676,153391.0,614518.19,SILVER,2024-10-05,153269.5,154812.8,157872.54,144092.215,153859.6896947861,154869.4218702499,41.04367912641747,-1009.7321754638106,-1055.5687868140838,45.83661135027319,158756.22958403357,150869.3704159664,154812.8,7886.859168067167,0.3870526300752627,1974.0,1087.0,887.0,1974.0,2223.785714285714,0.34617415624123016,151.0,405.0,1418.0,1974.0,1.2824677434025025,0.7183383991894631,2742.0,-1219.0,-0.575404617706022,-2.502360448498522,34380.25,30454.84,-4.238324818306105,72.42013421671699,0.38708270009671253,0,13308,-46142.0,-61.672324841615655,38898.1,-3613.6,0,0,0,0,0,0,1,0,155530.0,156008.0,1.3552318706877509,1
2024-09-03,152823.0,153470.0,151723.0,152463.0,26353,55177,153922.0,1205357.23,SILVER,2024-10-05,153250.1,154733.8,157651.6,144247.145,153644.8143571267,154691.16839837955,37.7532499386804,-1046.3540412528382,-1053.7258377018347,7.37179644899652,158803.4481989453,150664.1518010547,154733.8,8139.296397890605,0.22100782561641408,1747.0,452.0,2199.0,2199.0,2340.214285714286,-0.9478826938319362,360.0,647.0,740.0,1747.0,1.1458517804319737,0.42358328563251285,-334.0,-194.0,-1.4675526614094583,-3.2911813137323094,34569.75,29492.66,98.02374511571988,46.52525548349574,0.7623138726777023,0,0,26501.0,92.41526014785883,39206.2,8610.6,0,0,0,0,1,0,0,0,155530.0,156795.0,2.8413451132405894,1
2024-09-04,156506.0,156932.0,154774.0,156355.0,20250,10997,152463.0,949856.62,SILVER,2024-10-05,153302.2,154724.35,157475.14,144418.39,154061.76599449184,154814.41518368476,47.501034340091024,-752.6491891929181,-993.5105080000515,240.86131880713333,158777.1424758927,150671.5575241073,154724.35,8105.584951785393,0.7011761038468687,2158.0,4469.0,2311.0,4469.0,2549.4285714285716,2.5527505034008247,151.0,426.0,1581.0,2158.0,1.3801925106328548,0.7326227988878591,4051.0,521.0,1.053906511806315,-0.711312274432659,35072.6,29543.02,-23.158653663719498,44.938278125314284,0.5773737903662689,0,20250,-44180.0,-80.06959421498088,38507.35,-7410.8,0,0,0,0,0,0,0,0,156932.0,156489.0,0.0857024079818362,0
2024-09-05,154176.0,155558.0,153661.0,154238.0,21427,69330,156355.0,991457.29,SILVER,2024-10-05,153363.7,154596.0,157226.32,144575.185,154088.87891841616,154771.71776267106,45.857964531075254,-682.838844254904,-931.376175251022,248.53733099611804,158532.26352348732,150659.73647651268,154596.0,7872.527046974632,0.45452540234363786,1897.0,797.0,2694.0,2694.0,2565.214285714286,-1.3539701320712472,62.0,1320.0,515.0,1897.0,1.229917400381229,0.30416447021613074,-330.0,615.0,-0.23157132137959585,-1.9006486954601536,35108.9,28121.12,5.812345679012343,44.94242520390232,0.6103010917459675,0,0,58333.0,530.4446667272892,40772.0,10430.8,0,0,0,0,1,0,0,0,156932.0,156285.0,1.3271696987772146,1
2024-09-06,154665.0,156105.0,153962.0,154828.0,38276,53769,154238.0,1777858.96,SILVER,2024-10-05,153604.6,154534.7,156977.7,144738.885,154202.58985404443,154775.886817288,49.36004906971989,-573.2969632435706,-859.7603328495318,286.46336960596113,158413.12117091072,150656.2788290893,154534.7,7756.842341821408,0.5378117779213646,2143.0,1867.0,276.0,2143.0,2599.714285714286,0.3825257070242172,163.0,1277.0,703.0,2143.0,1.3841165680626244,0.4041063929071395,1437.0,2409.0,0.18979556047928933,-1.3694301802103175,36595.9,27808.74,78.6344331917674,30.27016867126713,1.0459095144538049,0,38276,-15561.0,-22.44482907832107,42152.1,-4209.8,0,0,0,0,0,0,0,0,156932.0,156397.0,1.0133825922959672,1
2024-09-09,156332.0,156835.0,155137.0,156008.0,11107,21231,154828.0,519834.26,SILVER,2024-10-05,154087.4,154519.65,156747.94,144908.525,154480.34526111453,154867.15446045186,57.237268368537,-386.80919933732366,-765.1701061470902,378.36090680976656,158371.325193993,150667.974806007,154519.65,7703.350387985993,0.6932081399700071,1698.0,2007.0,309.0,2007.0,2496.3571428571427,0.7621360477433115,324.0,503.0,871.0,1698.0,1.0884057227834472,0.5129564193168433,2086.0,4828.0,0.9632108278785292,-0.4720572404332729,35956.95,27576.52,-70.98181628174312,23.504785552486737,0.3088971673070158,0,11107,-32538.0,-60.51442280868158,40556.25,-1489.0,0,0,0,0,0,0,0,0,156932.0,156162.0,0.09871288651864008,0
2024-09-10,156349.0,157800.0,155017.0,156795.0,18476,65965,156008.0,869083.33,SILVER,2024-10-05,154487.2,154492.7,156535.68,145066.53,154836.44599017384,155009.95783375172,52.3144357208227,-173.51184357787133,-646.8384536332464,473.3266100553751,158268.25249913245,150717.14750086758,154492.7,7551.104998264869,0.8048957736025419,2783.0,1792.0,991.0,2783.0,2413.285714285714,0.5044613096764294,446.0,1005.0,1332.0,2783.0,1.7749290474823813,0.6388789076536112,4332.0,3998.0,1.4902322245646482,0.16566191171240127,35160.25,27511.94,66.3455478527055,37.7812720220918,0.5254797676353268,0,18476,44734.0,210.70133295652585,42277.8,2157.6,1,0,0,0,1,0,0,0,157800.0,157958.0,0.7417328358684907,1
2024-09-11,156185.0,156708.0,155998.0,156489.0,8439,71517,156795.0,396183.2,SILVER,2024-10-05,154905.7,154444.35,156345.94,145210.135,155090.68506860864,155119.51651273307,57.59970301230378,-28.831444124429254,-523.237051731483,494.40560760705375,158082.38291412152,150806.3170858785,154444.35,7276.065828243038,0.7810103767977754,710.0,87.0,797.0,797.0,2257.1428571428573,-0.19515928441595776,304.0,219.0,187.0,710.0,0.45370601128513827,0.6915492957746479,134.0,4185.0,1.3238749102832146,0.09150221617523147,33645.0,27139.08,-54.3245291188569,-2.9181866113450696,0.25082478823004906,0,0,5552.0,8.416584552414164,42509.7,12104.0,0,0,0,0,1,0,0,0,157800.0,162114.0,3.594501849970286,1
2024-09-12,156161.0,157504.0,155736.0,156285.0,25312,37387,156489.0,1186765.78,SILVER,2024-10-05,155077.4,154380.45,156162.28,145349.32,155274.42582728423,155205.848622901,60.82549283154122,68.57720438324031,-404.87420050853837,473.4514048917787,157827.73564312333,150933.1643568767,154380.45,6894.571286246646,0.7762390757782434,1768.0,1015.0,753.0,1768.0,2261.4285714285716,-0.13036060042559416,124.0,1219.0,425.0,1768.0,1.1312665962824326,0.31052036199095023,2047.0,1717.0,1.2336730460365857,0.07858491820175856,33862.75,27298.48,199.94075127384764,23.448334271253515,0.7474880214985493,0,0,-34130.0,-47.722919026245506,40587.1,-6388.6,0,0,0,0,0,0,0,0,157800.0,161097.0,3.0789903061714177,1
2024-09-13,156784.0,156901.0,156161.0,156397.0,26795,14090,156285.0,1257197.28,SILVER,2024-10-05,155378.0,154384.7,156044.86,145488.64,155447.12954616357,155294.08205824165,65.59268336421783,153.0474879219255,-293.2898628224456,446.3373507443711,157842.20668302738,150927.19331697264,154384.7,6915.0133660547435,0.7910044989758387,740.0,616.0,124.0,740.0,2212.6428571428573,0.07166394727580183,387.0,117.0,236.0,740.0,0.4731548559115584,0.31891891891891894,1569.0,3006.0,1.3034322701666605,0.22566587582571707,33308.75,27489.6,5.858881163084706,30.191238039351155,0.8044432769167261,0,26795,-23297.0,-62.31310348516864,39303.8,-7935.8,0,0,0,0,0,0,0,0,157800.0,158578.0,1.3945280280312282,1
2024-09-16,156280.0,157515.0,154733.0,156162.0,18136,34945,156397.0,849646.21,SILVER,2024-10-05,155602.0,154435.75,155925.8,145625.745,155557.10961598455,155358.3722761497,60.96305466866489,198.73733983485727,-194.88442229098507,393.62176212584234,157969.58220493738,150901.91779506262,154435.75,7067.664409874764,0.7442461752411627,2782.0,1118.0,1664.0,2782.0,2262.0,-0.15025863667461614,118.0,1235.0,1429.0,2782.0,1.7814833314122516,0.5136592379583034,154.0,2240.0,1.1177787526528022,0.15148230761042217,33884.25,27106.84,-32.315730546743794,27.38349746650739,0.5352339213646459,0,0,20855.0,148.01277501774308,39916.9,2742.8,0,0,0,0,1,0,0,0,157800.0,158448.0,1.4638644484573713,1
2024-09-17,157653.0,158612.0,157652.0,157958.0,19167,50239,156162.0,908274.3,SILVER,2024-10-05,156151.5,154700.8,155879.16,145767.07,155926.47736737155,155550.9372927312,66.97897897897897,375.5400746403611,-80.79952290471586,456.33959754507697,158460.84258654772,150940.75741345226,154700.8,7520.08517309546,0.9331333921128003,960.0,2450.0,1490.0,2450.0,2372.714285714286,1.1500877294092104,305.0,654.0,1.0,960.0,0.6077564922321124,0.31875,1163.0,5495.0,2.1054836174085794,1.3336227883188467,33328.65,27161.8,5.684825760917511,18.149605531027152,0.5750908002574362,0,19167,15294.0,43.765917870940044,39454.6,-3145.2,1,0,0,0,1,0,0,0,158612.0,163318.0,3.393307081629294,1
2024-09-18,162014.0,162919.0,161326.0,162114.0,22300,13743,157958.0,1084542.66,SILVER,2024-10-05,156727.4,155014.8,155955.96,145936.72,156878.40392623746,156037.0900858622,70.34839823104303,841.3138403752528,103.62314975127786,737.6906906239749,160017.00147745703,150012.59852254295,155014.8,10004.402954914083,1.2096075629893477,1593.0,4961.0,3368.0,4961.0,2496.6428571428573,2.631079147621529,100.0,805.0,688.0,1593.0,0.9826418446278545,0.49466415568110483,5625.0,5759.0,4.579691745562367,3.948576251911122,33040.05,27207.74,16.3458026816925,22.100051165568352,0.6749384459163953,0,22300,-36496.0,-72.64475805648998,39090.5,-11554.8,0,0,1,0,0,0,0,0,162919.0,161828.0,-0.17641906312841582,0
2024-09-19,160899.0,161547.0,160350.0,161097.0,22182,40924,162114.0,1072036.1,SILVER,2024-10-05,157413.3,155388.5,156005.12,146103.065,157527.4187068163,156411.8982276502,70.96072244587096,1115.5204791660944,306.00261563424124,809.5178635318532,161028.91075398814,149748.08924601186,155388.5,11280.821507976274,1.0060358410922219,1197.0,567.0,1764.0,1764.0,2395.0714285714284,-0.6273363188867065,198.0,450.0,549.0,1197.0,0.7430305964729325,0.6240601503759399,4812.0,6859.0,3.673695286330713,3.263918517546094,32664.55,26934.06,-0.5291479820627831,21.46590179946084,0.6790848182509786,0,0,27181.0,197.78068835043294,39700.95,707.4,0,0,1,0,1,0,0,0,162919.0,164983.0,2.412211276435936,1
2024-09-20,158353.0,159466.0,156911.0,158578.0,9971,20196,161097.0,474354.37,SILVER,2024-10-05,157788.3,155696.45,155951.36,146268.99,157689.0465980753,156572.35021078723,61.42857142857143,1116.6963872880733,468.1413699650077,648.5550173230656,161326.74259686712,150066.1574031329,155696.45,11260.585193734209,0.7558970027244575,2555.0,1631.0,4186.0,4186.0,2553.0714285714284,-1.5636541959192285,225.0,888.0,1442.0,2555.0,1.6111944910391103,0.6524461839530332,2181.0,3750.0,1.8507486843791159,1.684268736098239,28332.85,26593.72,-55.04913894148409,8.097544586135689,0.3519236504622726,0,0,-20728.0,-50.64998533867657,39354.95,1221.2,0,0,0,0,0,0,0,0,162919.0,168275.0,6.114971811978963,1
2024-09-23,158758.0,160093.0,157731.0,158448.0,31909,78860,158578.0,1516775.17,SILVER,2024-10-05,158032.3,156059.85,155859.62,146431.2,157805.80865990988,156711.2872322104,65.71608634000316,1094.5214276994811,593.4173815119025,501.10404618757866,161393.11088755814,150726.58911244187,156059.85,10666.52177511627,0.7238921037569402,2362.0,1515.0,847.0,2362.0,2564.714285714286,-0.08197858467126062,310.0,1335.0,717.0,2362.0,1.4907098858931636,0.3035563082133785,2286.0,2440.0,1.5302782874647094,1.6607123769453593,25258.8,26633.74,220.01805235182024,37.197531449492026,1.2632824995645082,0,0,58664.0,290.47336106159634,40960.75,8783.0,0,0,0,0,1,0,0,0,162919.0,167226.0,5.539987882459861,1
2024-09-24,162869.0,163538.0,162869.0,163318.0,24659,51400,158448.0,1208177.57,SILVER,2024-10-05,158684.6,156585.9,155923.78,146612.85,158653.83809684683,157200.67336315778,67.39097857035816,1453.1647336890455,765.366851947331,687.7978817417145,162596.5470410973,150575.25295890268,156585.9,12021.294082194625,1.060014583618853,669.0,5090.0,4421.0,5090.0,2609.0714285714284,3.0735635665959826,449.0,220.0,0.0,669.0,0.409630291823314,0.6711509715994021,5360.0,6523.0,4.299301533535271,4.742201606451563,25390.65,26913.44,-22.720862452599576,28.290890418961517,0.9711842745262527,0,24659,-27460.0,-34.8212021303576,42924.55,232.2,0,0,0,0,0,0,0,0,163538.0,168373.0,3.0951885279026192,1
2024-09-25,162349.0,162349.0,160910.0,161828.0,36403,58795,163318.0,1767307.41,SILVER,2024-10-05,159218.5,157062.1,155994.22,146790.48,159142.17069733192,157543.43829922017,69.56992574257426,1598.7323981117515,932.0399611802152,666.6924369315363,163152.93929572403,150971.26070427598,157062.1,12181.678591448057,0.8912350801428807,1439.0,969.0,2408.0,2408.0,2588.6428571428573,-0.9123305453164976,521.0,0.0,918.0,1439.0,0.8892157105074523,0.6379430159833217,-286.0,5339.0,3.034404862789937,3.739741126305833,22226.45,27441.46,47.625613366316564,38.48590466747886,1.6378234040973705,1,0,7395.0,14.387159533073923,43461.75,9010.4,0,0,0,1,1,0,0,0,163538.0,171633.0,6.058902044145635,1
2024-09-26,165256.0,165658.0,164163.0,164983.0,38586,61553,161828.0,1909810.21,SILVER,2024-10-05,160088.3,157582.85,156092.18,146972.05,160040.7598208193,158094.51694372238,73.1247438174614,1946.2428770969273,1134.8805443635576,811.3623327333696,164500.61578703203,150665.08421296798,157582.85,13835.53157406405,1.034865607467677,1495.0,3830.0,2335.0,3830.0,2709.1428571428573,1.9496008107373175,273.0,402.0,820.0,1495.0,0.9061539673784572,0.5484949832775919,3886.0,8698.0,4.696037671612103,5.695877910091337,22347.65,27561.84,5.996758508914102,19.09150539098551,1.7266244996677502,1,38586,2758.0,4.690875074411083,45680.6,4125.8,1,0,1,1,1,0,0,0,165658.0,170911.0,3.593097470648491,1
2024-09-27,168642.0,168642.0,167980.0,168275.0,15360,34111,164983.0,775411.2,SILVER,2024-10-05,161276.1,158327.05,156291.8,147179.07,161307.5660022317,158848.62679974292,75.48298641405958,2458.9392024887784,1399.692275988602,1059.2469265001764,166444.4431380656,150209.65686193437,158327.05,16234.786276131228,1.1127552177650608,662.0,3659.0,2997.0,3659.0,2827.1428571428573,1.9953570973979096,367.0,0.0,295.0,662.0,0.39340365473183775,0.44561933534743203,9697.0,11878.0,6.2831651319215585,7.667196871492946,22420.8,27750.84,-60.19281604727102,12.486335669949938,0.6850781417255406,0,15360,-27442.0,-44.582717333030075,43645.25,2783.0,0,0,1,0,0,0,0,0,168642.0,170540.0,1.34601099390878,1
2024-09-30,167071.0,168352.0,166595.0,167226.0,26424,73083,168275.0,1325633.95,SILVER,2024-10-05,162382.5,158992.25,156478.06,147391.44,162218.0943095807,159469.17296272493,71.43561711396984,2748.9213468557573,1669.5380901620333,1079.383256693724,167745.28693162184,150239.21306837816,158992.25,17506.073863243684,0.9703367565064287,1757.0,77.0,1680.0,1757.0,2753.8571428571427,-0.6233843411083018,155.0,1126.0,476.0,1757.0,1.0506739382631887,0.3591348890153671,8778.0,11064.0,5.178711540971337,6.8686562192808385,23076.6,27597.88,72.03124999999999,22.921033724624316,1.145056030784431,0,0,38972.0,114.25053501802935,45865.6,-1155.4,0,0,1,0,1,0,0,0,168642.0,169422.0,1.313192924545226,1
2024-10-01,168322.0,169233.0,167547.0,168373.0,37499,71600,167226.0,1894145.74,SILVER,2024-10-05,163424.0,159787.75,156666.3,147607.775,163165.0028773375,160128.7157062268,73.60559351660575,3036.2871711107146,1942.8879063517697,1093.3992647589448,168925.7023647846,150649.7976352154,159787.75,18275.904729569214,0.9697578657274148,1686.0,2007.0,321.0,2007.0,2840.285714285714,0.6858981258895058,51.0,860.0,775.0,1686.0,1.0013481971575013,0.48991696322657174,5055.0,10415.0,5.372908749262694,7.472379190674709,23633.9,27573.52,41.91265516197396,26.543816664729963,1.586661532798226,1,37499,-1483.0,-2.029199677079485,46686.75,4040.0,0,0,1,1,0,0,0,0,169233.0,167464.0,-0.5398727824532437,0
2024-10-02,171141.0,172737.0,168742.0,171633.0,8065,60022,168373.0,415266.04,SILVER,2024-10-05,164375.9,160551.65,156954.78,147832.59,164467.77166543945,160980.88491317295,77.1857729913561,3486.886752266495,2251.687675534715,1235.1990767317802,170948.9232715953,150154.3767284047,160551.65,20794.546543190605,1.0328969293455794,3995.0,4364.0,369.0,4364.0,3025.714285714286,1.9361774156188893,492.0,1104.0,2399.0,3995.0,2.327640954828034,0.7236545682102629,9805.0,9519.0,6.902046786812846,9.351878292588477,23024.65,27198.64,-78.49275980692818,17.05996041586789,0.35027676859365936,0,8065,-11578.0,-16.170391061452516,49138.0,245.4,0,0,1,0,0,0,0,0,172737.0,166235.0,-3.1450828220680176,0
2024-10-03,170732.0,172513.0,169438.0,170911.0,8259,13199,171633.0,423466.18,SILVER,2024-10-05,165357.3,161385.3,157224.3,148041.1,165459.03756306414,161716.44899367867,75.1647132256051,3742.5885693854652,2549.867854304865,1192.7207150806003,172311.32055163526,150459.27944836472,161385.3,21852.041103270545,0.9359180890692321,3075.0,880.0,2195.0,3075.0,3192.5,-0.4206650236259879,179.0,1602.0,1294.0,3075.0,1.79918203041349,0.4790243902439024,5928.0,9814.0,5.9024582784181785,8.705206510698419,22366.25,26730.8,2.40545567265964,17.353420781340134,0.36926172246129774,0,0,-46823.0,-78.00972976575255,46331.45,-9670.8,0,0,1,0,0,0,0,0,172737.0,163914.0,-4.0939436314807125,0
2024-10-04,170709.0,170744.0,170117.0,170540.0,17300,60897,170911.0,885102.6,SILVER,2024-10-05,166553.5,162170.9,157534.34,148251.06,166240.7240918235,162370.04536451728,74.81190032442879,3870.678727306222,2814.0300289051365,1056.6486984010853,173367.81823955043,150973.98176044956,162170.9,22393.836479100864,0.8737233683835506,627.0,167.0,794.0,794.0,3050.5,-0.21707204334420194,169.0,35.0,423.0,627.0,0.3676556819514483,0.6746411483253588,2265.0,11962.0,5.160666926063804,8.255761886582953,21317.45,26647.12,109.4684586511684,33.805180540605384,0.8115417181698561,0,0,47698.0,361.3758618077127,46687.85,5357.2,0,0,1,0,1,0,0,0,172737.0,164012.0,-3.8278409757241705,0
2024-10-07,169861.0,169943.0,169115.0,169422.0,38370,48038,170540.0,1950216.64,SILVER,2024-10-05,167650.9,162841.6,157843.04,148447.155,166730.15115461987,162892.41237455304,70.2572801809443,3837.7387800668366,3018.7717791374766,818.96700092936,174091.0443446411,151592.15565535892,162841.6,22498.888689282176,0.7924766681091545,828.0,597.0,1425.0,1425.0,2977.285714285714,-0.6555646769086376,439.0,82.0,307.0,828.0,0.48872047313808126,0.37077294685990336,2196.0,10974.0,4.040982156893567,7.335743153451676,22680.6,27221.6,121.79190751445086,23.982566056868443,1.6917541863971854,1,0,-12859.0,-21.115982724928983,48028.2,-5009.0,0,0,1,1,0,0,0,0,172737.0,162580.0,-4.038436566679652,0
2024-10-08,167093.0,168641.0,166697.0,167464.0,9295,65038,169422.0,466973.36,SILVER,2024-10-05,168065.5,163375.05,158100.44,148633.615,166843.05097698604,163231.0484949565,60.2498275729941,3612.002482029522,3137.417919715886,474.58456231363607,174427.33076438325,152322.76923561672,163375.05,22104.561528766528,0.684982180925811,1944.0,781.0,2725.0,2725.0,2817.5714285714284,-1.155694065705748,371.0,1177.0,396.0,1944.0,1.16084651029475,0.39454732510288065,-909.0,4146.0,2.502799540076659,5.922538862004431,22221.55,27259.5,-75.77534532186604,18.6771177699418,0.41828765320150935,0,0,17000.0,35.38865065156751,47981.85,-1312.4,0,0,0,0,1,0,0,0,172737.0,163057.0,-2.631610375961401,0
2024-10-09,166114.0,167148.0,164260.0,166235.0,32209,17897,167464.0,1606278.93,SILVER,2024-10-05,168506.2,163862.35,158389.5,148815.095,166749.50467283433,163453.56342125603,59.76434815659445,3295.941251578304,3169.1225860883696,126.81866548993457,174487.4318107076,153237.2681892924,163862.35,21250.16362141521,0.6116532579358079,2888.0,316.0,3204.0,3204.0,2920.4285714285716,-0.7338890746667937,121.0,913.0,1854.0,2888.0,1.737299605979487,0.6838642659279779,-5398.0,4407.0,1.4479531143059978,4.953295515169882,23410.05,27359.98,246.5196342119419,38.566519854504335,1.375862076330465,0,0,-47141.0,-72.4822411513269,45300.85,-8425.0,0,0,0,0,0,0,0,0,172513.0,160160.0,-3.6544650645170993,0
2024-10-10,163864.0,164126.0,163627.0,163914.0,25927,74541,166235.0,1274939.48,SILVER,2024-10-05,168399.3,164243.8,158615.88,148978.1,166313.27318470596,163487.66983449634,60.21752450980392,2825.603350209625,3100.418738912621,-274.81538870299573,174253.42777792714,154234.17222207284,164243.8,20019.255555854295,0.48352586093524624,499.0,2109.0,2608.0,2608.0,2807.714285714286,-1.3962161999578893,50.0,212.0,237.0,499.0,0.30442793172029237,0.5751503006012024,-6997.0,-1069.0,-0.2007990560374202,3.3402204117267424,23440.8,27403.98,-19.503865379241823,36.01645746568874,1.1060629330056995,0,0,56644.0,316.4999720623568,47158.55,12268.4,0,0,0,0,1,0,0,0,170744.0,160812.0,-1.8924557999926792,0
2024-10-11,163555.0,164139.0,163555.0,164012.0,39579,24892,163914.0,1947429.28,SILVER,2024-10-05,167973.0,164624.55,158844.28,149136.445,165959.23115628964,163526.50910601515,60.66717791411043,2432.7220502744894,2966.879401184995,-534.1573509105056,173932.12618909503,155316.97381090495,164624.55,18615.152378190076,0.46709401096723413,584.0,225.0,359.0,584.0,2680.714285714286,0.059787449516202074,457.0,127.0,0.0,584.0,0.3560715069629051,0.7825342465753424,-6528.0,-4263.0,-0.37208909606737783,3.2533245767490033,24080.0,27433.16,52.65553284221083,47.30129235463693,1.6436461794019934,1,39579,-49649.0,-66.60629720556473,47698.65,-7201.0,0,0,0,1,0,0,0,0,169943.0,162415.0,-0.9737092407872594,0
2024-10-14,162773.0,164042.0,161404.0,162580.0,14032,18271,164012.0,684396.77,SILVER,2024-10-05,167508.4,164945.45,159023.7,149299.535,165439.3494399374,163456.3973203844,48.37028531048494,1982.952119552996,2770.0939448585955,-787.1418253055995,173430.7688998174,156460.13110018263,164945.45,16970.637799634773,0.3606151384569106,2638.0,30.0,2608.0,2638.0,2505.5714285714284,-0.8731068458405433,193.0,1269.0,1176.0,2638.0,1.6225858039119203,0.44579226686884005,-6842.0,-4646.0,-1.4340801762037156,2.236333326416118,23874.8,27593.44,-64.54685565577705,33.64348178905922,0.5877326721061538,0,0,-6621.0,-26.598907279447214,46864.95,-5953.4,0,0,0,0,0,0,0,0,168641.0,158717.0,-2.3760610161151434,0
2024-10-15,162821.0,163908.0,161731.0,163057.0,32718,34815,162580.0,1600469.68,SILVER,2024-10-05,166976.8,165200.4,159203.98,149453.585,165072.83414148548,163426.81233368925,52.841092977021596,1646.0218077962345,2545.2795174461235,-899.257709649889,173087.02853455927,157313.77146544072,165200.4,15773.257069118554,0.3641117690146305,2177.0,1328.0,849.0,2177.0,2489.0714285714284,0.29339402140484694,236.0,851.0,1090.0,2177.0,1.335115941051289,0.6090950849793294,-4407.0,-5316.0,-1.297454485582356,2.4201781890126046,24552.35,27796.54,133.16704675028507,42.76892094789034,1.3325811989483696,0,32718,16544.0,90.5478627332932,46093.75,-6044.6,1,0,0,0,1,0,0,0,167148.0,159443.0,-2.2164028529900586,0
2024-10-16,160097.0,160770.0,159914.0,160160.0,17877,55612,163057.0,858954.1,SILVER,2024-10-05,165829.5,165102.7,159276.3,149582.285,164317.01350433385,163184.82623489745,38.716017032427125,1132.1872694363992,2262.6610678441784,-1130.4737984077792,173196.0199511448,157009.38004885524,165102.7,16186.63990228955,0.1946432348012584,856.0,2287.0,3143.0,3143.0,2440.0,-1.776679320728336,63.0,610.0,183.0,856.0,0.5344655344655345,0.28738317757009346,-6075.0,-11473.0,-2.993712398404152,0.5548220293916997,24331.2,27950.22,-45.360352099761606,46.082161718607,0.7347356480568159,0,0,20797.0,59.735746086457,48187.2,7543.0,0,0,0,0,1,1,0,0,164139.0,161774.0,1.0077422577422577,1
2024-10-17,160666.0,162218.0,159901.0,160812.0,31666,43357,160160.0,1527681.84,SILVER,2024-10-05,164819.6,165088.45,159356.44,149718.985,163777.78065751324,163009.06132860875,30.078479525919604,768.7193289044953,1963.8727200562419,-1195.1533911517465,173212.4118925496,156964.48810745042,165088.45,16247.923785099178,0.23680021788864464,2317.0,2058.0,259.0,2317.0,2344.1428571428573,0.4070929070929097,146.0,1406.0,765.0,2317.0,1.4408128746610949,0.39318083728959863,-3102.0,-10099.0,-2.590399267786457,0.9133989188011464,24805.4,28169.52,77.132628517089,53.554879003049926,1.2765768743902537,0,31666,-12255.0,-22.036610803423716,48308.85,-6236.8,0,0,0,0,0,0,0,0,164139.0,159543.0,-0.789120214909335,0
2024-10-18,162159.0,162583.0,162145.0,162415.0,11766,26267,160812.0,573292.47,SILVER,2024-10-05,164007.1,165280.3,159483.66,149860.47,163568.12209481891,162965.05678574883,37.5265750583355,603.0653090700798,1691.7112378590095,-1088.6459287889297,172923.93294995927,157636.6670500407,165280.3,15287.265899918566,0.31256949288654345,438.0,1771.0,1333.0,1771.0,2345.1428571428573,0.9968161579981594,256.0,168.0,14.0,438.0,0.2696795246744451,0.6164383561643836,-1597.0,-8125.0,-1.733600435139571,1.838019017120623,24895.15,28234.12,-62.843428282700685,36.32369030966302,0.4726221774120662,0,11766,-17090.0,-39.41693382844754,48612.4,275.0,0,0,0,0,0,0,0,0,164042.0,162717.0,0.18594341655635255,0
2024-10-21,158715.0,159425.0,157837.0,158717.0,69572,28268,162415.0,3312677.74,SILVER,2024-10-05,162936.6,165293.75,159531.82,149979.445,162821.79561869294,162650.3859127304,27.889723392562743,171.4097059625492,1387.6509314797174,-1216.2412255171682,172887.54674471336,157699.95325528664,165293.75,15187.593489426712,0.06696562858502915,1588.0,2990.0,4578.0,4578.0,2528.785714285714,-2.2768832927993143,2.0,708.0,878.0,1588.0,1.0005229433520038,0.5541561712846348,-3863.0,-10705.0,-3.9788255756796613,-0.5107570389405743,26778.3,29147.84,491.2969573346932,73.27419529168726,2.598073813498243,1,0,2001.0,7.617923630410783,46082.8,1999.4,0,1,0,1,1,1,0,1,163908.0,163547.0,3.04315227732379,1
2024-10-22,159375.0,160277.0,158241.0,159443.0,63052,24263,158717.0,3015960.01,SILVER,2024-10-05,162134.5,165100.0,159574.0,150099.855,162301.9809081248,162412.80177104665,18.422961351155323,-110.82086292185704,1087.9565725994025,-1198.7774355212596,173093.27630607638,157106.72369392362,165100.0,15986.552612152766,0.14614009428776886,2036.0,1560.0,476.0,2036.0,2362.5,0.45741791994555747,68.0,834.0,1134.0,2036.0,1.276945366055581,0.5903732809430255,-3614.0,-8021.0,-3.42640823743186,-0.08209357414115082,28697.95,29720.68,-9.37158627033864,79.91457119684,2.197090732961762,1,63052,-4005.0,-14.167963775293613,44725.95,-2110.4,0,1,0,1,0,1,0,0,162583.0,162241.0,1.7548591032532004,1
2024-10-23,161654.0,162543.0,160737.0,161774.0,75255,69660,159443.0,3652290.71,SILVER,2024-10-05,161688.4,165097.3,159660.36,150236.1,162220.75307610558,162365.4831213395,28.152646932236635,-144.73004523391137,841.4192490327398,-986.1492942666512,173095.26500696587,157099.3349930341,165097.3,15995.930013931764,0.29224090146021287,1806.0,3100.0,1294.0,3100.0,2364.285714285714,1.4619644637895668,120.0,769.0,917.0,1806.0,1.1163722229777344,0.5741971207087486,1614.0,-4461.0,-2.012934190928615,1.3238351711094816,30640.55,30450.9,19.353866649749406,57.19799444062075,2.4560590459374914,1,75255,45397.0,187.1038206322384,45269.2,2809.6,1,1,0,1,1,0,0,1,162583.0,162169.0,0.24416778963245023,0
2024-10-24,159310.0,160083.0,159084.0,159543.0,98582,75527,161774.0,4718420.41,SILVER,2024-10-05,161251.3,164825.3,159699.96,150366.295,161808.79106439705,162156.41029753658,25.853058715032276,-347.61923313952866,603.6115525982862,-951.2307857378148,173200.7385801906,156449.86141980937,164825.3,16750.877160381235,0.18465531987223002,999.0,1691.0,2690.0,2690.0,2499.714285714286,-1.3790844016961956,233.0,540.0,226.0,999.0,0.6261634794381452,0.4594594594594595,-1269.0,-4371.0,-3.204787129160383,-0.09828430764791166,33640.35,32003.4,30.997275928509737,62.2481085713959,2.930468916048733,1,0,5867.0,8.422337065747909,45967.9,6434.0,0,1,0,1,1,1,0,1,162583.0,163261.0,2.3304062227737976,1
2024-10-25,162821.0,163796.0,161753.0,162717.0,52330,73379,159543.0,2554494.18,SILVER,2024-10-05,161121.8,164547.4,159828.06,150512.415,161948.51551602827,162197.93546068203,36.49655616868732,-249.4199446537532,433.0052531478783,-682.4251978016315,172808.950699349,156285.849300651,164547.4,16523.101398697996,0.3892217655854713,2043.0,4253.0,2210.0,4253.0,2701.714285714286,1.9894323160527305,104.0,975.0,964.0,2043.0,1.2555541215730377,0.4718551150269212,302.0,-1295.0,-1.1123846381042752,1.8075299168368821,35488.85,32292.5,-46.91728713152502,52.29082657402231,1.474547639610751,0,52330,-2148.0,-2.8440160472413822,47931.3,9422.4,0,0,0,0,0,0,0,0,163796.0,163439.0,0.443715161906869,0
2024-10-28,164087.0,164087.0,163066.0,163547.0,76785,51271,162717.0,3767386.92,SILVER,2024-10-05,161218.5,164363.45,159996.18,150653.355,162194.4362058701,162297.86616729817,41.73593822524157,-103.42996142807533,325.7182102326876,-429.14817166076296,172537.24567758862,156189.6543224114,164363.45,16347.591355177225,0.4500568626740572,1021.0,1370.0,349.0,1370.0,2604.9285714285716,0.5100880670120489,540.0,0.0,481.0,1021.0,0.6242853736234844,0.47110675808031344,4830.0,967.0,-0.49673452339921775,2.2193154861572366,38006.9,33695.68,46.73227594114275,63.418739733714304,2.0202910524141666,1,76785,-22108.0,-30.12851088185994,46840.7,4600.6,0,0,0,1,0,0,0,0,164087.0,164503.0,0.5845414468012253,1
2024-10-29,162287.0,163056.0,161146.0,162241.0,18880,76612,163547.0,918933.02,SILVER,2024-10-05,161136.9,164056.85,160187.86,150783.315,162201.59986650545,162293.6538586094,41.600773889636606,-92.0539921039599,242.1637697653581,-334.217761869318,172055.5364257115,156058.1635742885,164056.85,15997.372851422988,0.38649073714385024,1910.0,491.0,2401.0,2401.0,2547.5714285714284,-0.798547206613387,46.0,769.0,1095.0,1910.0,1.177260988282863,0.5732984293193717,2798.0,-816.0,-1.1068419270515102,1.2817076150464923,37075.95,33467.7,-75.41186429641206,42.560848629044585,0.5092249827718508,0,0,25341.0,49.42560121706228,47091.3,10469.8,0,0,0,0,1,0,0,0,164087.0,162780.0,0.3322218181594048,0
2024-10-30,162492.0,162492.0,161824.0,162169.0,48185,17235,162241.0,2344233.98,SILVER,2024-10-05,161337.8,163583.65,160314.56,150915.705,162196.5845024277,162284.42023945315,45.946950341431695,-87.83573702545254,176.163868407196,-263.99960543264854,170774.1077198584,156393.19228014158,163583.65,14380.915439716831,0.40163004532430174,668.0,251.0,417.0,668.0,2409.0,-0.044378424689195395,323.0,0.0,345.0,668.0,0.4119159642101758,0.5164670658682635,395.0,2009.0,-0.8647869148291986,1.1567508278724044,39081.95,33869.96,155.21716101694915,62.61859994071566,1.232922103426262,0,0,-59377.0,-77.5035242520754,44951.95,-10485.0,0,0,0,0,0,0,0,0,164087.0,163135.0,0.5956748823757931,1
2024-10-31,162807.0,164030.0,162807.0,163261.0,85625,26417,162169.0,4193766.94,SILVER,2024-10-05,161582.7,163201.15,160507.32,151047.28,162360.34073282345,162356.75948097513,48.33266728830869,3.581251848314423,141.64734509541967,-138.06609324710524,169510.30225851078,156891.9977414892,163201.15,12618.304517021577,0.5047431094977357,1223.0,1861.0,638.0,1861.0,2500.214285714286,0.6733716061639416,454.0,769.0,0.0,1223.0,0.749107257703922,0.3712183156173344,3718.0,2449.0,0.036672535702111056,1.7156102288668162,42950.25,34988.62,77.70052921033516,62.67539001004027,1.993585601946438,1,85625,9182.0,53.27531186539019,45612.85,-9822.0,1,0,0,1,1,0,0,0,164087.0,160502.0,-1.689932071958398,0
2024-11-01,163491.0,163692.0,163188.0,163439.0,7808,44609,163261.0,382839.51,SILVER,2024-12-05,161685.1,162846.1,160727.72,151201.965,162526.28831238905,162436.92544534733,52.01956082193068,89.3628670417238,131.1904494846805,-41.8275824429567,168132.6729382652,157559.5270617348,162846.1,10573.145876530383,0.5560760257092524,504.0,431.0,73.0,504.0,2347.785714285714,0.10902787561022365,52.0,201.0,251.0,504.0,0.3083719308121073,0.498015873015873,722.0,1024.0,0.3640860911007351,1.6868776586888674,42475.65,33212.68,-90.88116788321167,59.87161604998918,0.1838229668056875,0,7808,18192.0,68.864746186168,44798.45,-5754.0,1,0,0,0,1,0,0,0,164087.0,160327.0,-1.9040743029509481,0
2024-11-04,164142.0,166230.0,163705.0,164503.0,20295,43902,163439.0,1001576.52,SILVER,2024-12-05,162263.7,162600.15,160994.18,151352.895,162830.39780279074,162589.96800495122,53.308318843232364,240.42979783951887,153.0383191556482,87.39147868387067,166978.21331973374,158222.08668026625,162600.15,8756.12663946749,0.7173164092240366,2525.0,2791.0,266.0,2791.0,2391.6428571428573,0.6510074094922214,361.0,1727.0,437.0,2525.0,1.534926414715841,0.31603960396039604,956.0,5786.0,1.1702633730657725,2.1794700901610278,41571.9,31750.78,159.92571721311478,26.734492037831338,0.48819034010954515,0,20295,-707.0,-1.5848819744894493,44591.65,-1473.8,0,0,0,0,0,0,1,0,166230.0,158680.0,-3.5397530744120163,0
2024-11-05,162299.0,164356.0,161570.0,162780.0,19669,33645,164503.0,960515.95,SILVER,2024-12-05,162597.4,162365.95,161193.84,151508.545,162822.6442946691,162604.0444490289,56.334622823984525,218.5998456401867,166.15062445255592,52.44922118763077,166102.6428510619,158629.25714893814,162365.95,7473.385702123749,0.5554032692146915,2786.0,147.0,2933.0,2933.0,2376.6428571428573,-1.047397311903131,481.0,1576.0,729.0,2786.0,1.7115124708195109,0.43431442928930364,539.0,3337.0,0.25501036393405657,0.984007825609219,42090.6,31703.72,-3.08450357230845,27.363200307634354,0.46730148774310654,0,0,-10257.0,-23.363400300669678,43022.0,-8593.4,0,0,0,0,0,0,0,0,166230.0,157358.0,-3.3308760289961907,0
2024-11-06,162894.0,163795.0,162112.0,163135.0,15523,72873,162780.0,759703.38,SILVER,2024-12-05,162733.5,162210.95,161410.46,151668.605,162870.69901856617,162643.37448984158,55.698376097728506,227.32452872459544,178.38540530696383,48.939123417631606,165502.56738999602,158919.332610004,162210.95,6583.234779992024,0.6403641265853666,1683.0,1015.0,668.0,1683.0,2331.3571428571427,0.21808575992137147,241.0,660.0,782.0,1683.0,1.0316608943513041,0.6078431372549019,966.0,1361.0,0.569659446541672,1.0684189859814588,41256.3,30020.44,-21.078855051095637,23.319928137549848,0.3762576867048184,0,15523,39228.0,116.59384752563531,45770.8,11127.6,1,0,0,0,1,0,0,0,166230.0,159674.0,-2.1215557666962948,0
2024-11-07,160885.0,161425.0,159467.0,160502.0,18769,74558,163135.0,903738.61,SILVER,2024-12-05,162829.4,162040.35,161529.14,151823.86,162506.2837849406,162484.7541572607,45.53308737682717,21.52962767990539,147.01424978155217,-125.48462210164678,165313.94717002535,158766.75282997466,162040.35,6547.194340050686,0.2650367592436402,1958.0,1710.0,3668.0,3668.0,2466.8571428571427,-1.614000674288163,383.0,540.0,1035.0,1958.0,1.219922493177655,0.5286006128702758,-2759.0,959.0,-0.9493623038952989,-0.6358852650363978,40898.4,29672.58,20.910906396959362,22.311291184394815,0.45891770827220624,0,0,1685.0,2.3122418454022853,45771.65,9628.2,0,0,0,0,1,0,0,0,166230.0,161752.0,0.7788064946231199,1
2024-11-08,160632.0,160659.0,160026.0,160327.0,30207,72233,160502.0,1452899.31,SILVER,2024-12-05,162590.4,161856.1,161667.86,151987.79,162171.0093564882,162324.92051598214,54.49972051425378,-153.91115949393134,86.82916792645547,-240.7403274203868,165076.83171810678,158635.36828189323,161856.1,6441.463436213555,0.26261605532005516,633.0,157.0,476.0,633.0,2185.0714285714284,-0.10903290924724196,305.0,27.0,301.0,633.0,0.39481809052748446,0.4755134281200632,-3112.0,-2390.0,-0.9447280640025343,-0.8293918160356586,40429.8,29998.78,60.94091320794928,33.09711121834225,0.7471469064897674,0,0,-2325.0,-3.1183776388851614,48138.7,5524.8,0,0,0,0,0,0,0,0,166230.0,162937.0,1.6279229325066895,1
2024-11-11,158757.0,159422.0,158091.0,158680.0,30557,33401,160327.0,1454635.43,SILVER,2024-12-05,162103.7,161661.1,161763.02,152134.66,161633.93099395157,162054.92640368716,47.97193131678274,-420.9954097355949,-14.7357476059546,-406.2596621296403,165157.72591651138,158164.47408348863,161661.1,6993.251833022747,0.0737176250506251,1331.0,905.0,2236.0,2236.0,2199.3571428571427,-1.0272755056852545,77.0,665.0,589.0,1331.0,0.8387950592387194,0.4425244177310293,-5823.0,-4867.0,-1.8440428773526876,-1.9058867718963146,41256.05,30343.76,1.1586718310325317,28.539750807331224,0.7406671263972192,0,0,-38832.0,-53.759362064430384,48895.2,-2100.2,0,0,0,0,0,1,0,0,164356.0,160909.0,1.4047138895891103,1
2024-11-12,156876.0,157876.0,156642.0,157358.0,19246,17771,158680.0,908553.62,SILVER,2024-12-05,161615.4,161376.15,161860.92,152278.29,160976.09545642056,161707.00592933997,37.59689922480621,-730.9104729194078,-157.97069266864526,-572.9397802507625,165296.93318035916,157455.36681964083,161376.15,7841.566360718338,-0.012416756444041091,1234.0,804.0,2038.0,2038.0,2123.5,-0.8331232669523625,482.0,518.0,234.0,1234.0,0.7841990874312078,0.580226904376013,-5422.0,-4883.0,-2.4899280345949473,-2.7819686184904993,40582.45,30201.62,-37.016068331315246,32.3793304038409,0.4742444086051976,0,0,-15630.0,-46.795006137540796,48043.0,-3174.8,0,0,0,0,0,1,0,0,163795.0,160350.0,1.9013968149061378,1
2024-11-13,159612.0,161342.0,157976.0,159674.0,17846,51335,157358.0,854862.66,SILVER,2024-12-05,161365.9,161351.85,161927.3,152430.76,160775.77307850972,161556.41289753703,50.36618773410858,-780.639819027303,-282.5045179403768,-498.13530108692623,165310.21363187168,157393.48636812833,161351.85,7916.727263743349,0.2880626748777688,3366.0,3984.0,618.0,3984.0,2215.9285714285716,1.4718031495062123,62.0,1668.0,1636.0,3366.0,2.1080451419767776,0.5044563279857398,-3461.0,-2495.0,-1.039870320668778,-1.3915504056449952,40580.9,30153.54,-7.274238802868127,16.130190421859176,0.4397635340763758,0,17846,33564.0,188.86950649935287,47829.15,-4307.6,1,0,0,0,1,0,0,0,161425.0,162667.0,1.8744441800167841,1
2024-11-14,161849.0,162263.0,161502.0,161752.0,18470,77449,159674.0,896267.83,SILVER,2024-12-05,161215.0,161398.85,162077.58,152593.83,160925.96183566208,161570.9008310528,47.12643678160919,-644.938995390723,-354.9914134304461,-289.9475819602769,165352.5439303335,157445.15606966653,161398.85,7907.3878606669605,0.5446607661370245,761.0,2589.0,1828.0,2589.0,2097.0714285714284,1.301401605771768,97.0,414.0,250.0,761.0,0.4704733171769128,0.328515111695138,1250.0,-1509.0,0.218805772160083,-0.20087910986824162,39921.1,30094.4,3.496581867085058,8.709795687534164,0.4626626019824103,0,18470,26114.0,50.869776955293666,49533.75,578.2,1,0,0,0,1,0,0,0,162263.0,162969.0,0.7523863692566398,1
2024-11-15,162995.0,164633.0,162163.0,162937.0,18176,11942,161752.0,888462.87,SILVER,2024-12-05,161164.8,161424.95,162239.76,152759.085,161235.35232248332,161672.09336208593,48.22115945410008,-436.7410396026098,-371.34133866487883,-65.39970093773098,165413.62541527764,157436.27458472239,161424.95,7977.350830555253,0.6895428735826006,2470.0,2881.0,411.0,2881.0,2205.0,0.7326029971808756,58.0,1638.0,774.0,2470.0,1.515923332330901,0.3133603238866397,2610.0,-502.0,0.9366891549292649,0.42975901838118513,40241.6,29692.4,-1.5917704385490006,17.638735432000434,0.45167190171364957,0,18176,-65507.0,-84.5808209273199,48817.5,-12058.2,0,0,0,0,0,0,0,0,164633.0,167469.0,2.7814431344630135,1
2024-11-18,160316.0,162367.0,159533.0,160909.0,18546,30388,162937.0,895265.49,SILVER,2024-12-05,160805.4,161534.55,162337.78,152913.475,161185.1442728705,161615.56792785737,46.27266621893889,-430.4236549868656,-383.1578019292762,-47.26585305758937,165325.487752341,157743.61224765898,161534.55,7581.875504682015,0.4174940290679141,2834.0,570.0,3404.0,3404.0,2276.6428571428573,-1.2446528412822122,593.0,1458.0,783.0,2834.0,1.7612439329061769,0.4855328158080452,2229.0,-3594.0,-0.3872546151891273,-0.8801278420833394,37690.3,29841.18,2.0356514084507005,1.8497288515340249,0.4920629445772519,0,0,18446.0,154.46323898844417,48923.5,-602.6,0,0,0,0,1,0,0,0,164633.0,168272.0,4.575878291456662,1
2024-11-19,160065.0,161677.0,158898.0,160350.0,11805,67042,160909.0,567879.52,SILVER,2024-12-05,160562.4,161579.9,162408.88,153074.58,161056.66053858274,161521.8221554235,45.04494688095886,-465.16161684074905,-399.55856491157084,-65.6030519291782,165286.2441428559,157873.5558571441,161579.9,7412.6882857118035,0.3340817861759186,2779.0,768.0,2011.0,2779.0,2427.4285714285716,-0.3474013262154352,285.0,1327.0,1167.0,2779.0,1.7330838790146554,0.5224901043540842,2992.0,-2430.0,-0.7611714080773625,-1.2677139328834757,35127.95,29707.76,-36.347460368812676,-1.476566828116398,0.33605718523284167,0,0,36654.0,120.61998157167304,51062.45,9854.2,0,0,0,0,1,0,0,0,164633.0,168683.0,5.196757093857187,1
2024-11-20,162646.0,164931.0,161647.0,162667.0,21788,63740,160350.0,1063256.58,SILVER,2024-12-05,160515.6,161624.55,162532.44,153239.645,161304.4050711085,161606.65014391064,48.483146067415724,-302.2450728021504,-380.0958664896868,77.8507936875364,165362.1238528198,157886.9761471802,161624.55,7475.147705639596,0.6394554383471968,3284.0,4581.0,1297.0,4581.0,2621.714285714286,1.4449641409416847,21.0,2264.0,999.0,3284.0,2.018848322032127,0.3105968331303289,2993.0,-468.0,0.6449824608947166,0.08278962648933202,32454.6,29974.74,84.56586192291402,9.087904869284568,0.6713378072753939,0,21788,-3302.0,-4.925270725813668,50766.45,2481.0,0,0,0,0,0,0,1,0,164931.0,168111.0,3.346714453453989,1
2024-11-21,163144.0,164429.0,162455.0,162969.0,34348,75873,162667.0,1679297.76,SILVER,2024-12-05,160762.3,161795.85,162666.12,153409.8,161560.49659863024,161707.5649480654,48.807348761672756,-147.06834943516878,-333.49036307878316,186.42201364361438,165444.72144918132,158146.9785508187,161795.85,7297.7428983626305,0.660755183669626,1974.0,1762.0,212.0,1974.0,2726.714285714286,0.18565535726360327,175.0,1285.0,514.0,1974.0,1.2112733096478472,0.26038500506585616,1217.0,2467.0,0.7250804022476436,0.186197347056661,29242.9,30155.46,57.6464108683679,12.761455316425423,1.174575708975512,0,34348,12133.0,19.035142767492943,50783.75,-315.2,1,0,0,0,1,0,0,0,164931.0,168407.0,3.336830931035964,1
2024-11-22,166733.0,168055.0,166115.0,167469.0,13080,57024,162969.0,657148.36,SILVER,2024-12-05,161476.5,162033.45,162887.56,153613.905,162469.4971219179,162134.3379148754,56.408815903197926,335.1592070425104,-199.76044905452443,534.9196560970348,166468.9476449,157597.95235510002,162033.45,8870.99528979999,1.1127328244948873,1940.0,5086.0,3146.0,5086.0,2890.6428571428573,2.76126134418202,736.0,586.0,618.0,1940.0,1.158423349993133,0.6979381443298969,4532.0,7142.0,3.354585118072835,2.812639590156549,27280.4,29881.16,-61.91918015604985,0.47544598002550986,0.479465110482251,0,13080,-18849.0,-24.842829465027084,49966.0,9016.4,0,0,0,0,0,0,0,0,168055.0,168142.0,0.40186541986875185,0
2024-11-25,168218.0,169164.0,167647.0,168272.0,28764,33450,167469.0,1452052.74,SILVER,2024-12-05,162435.7,162269.7,163129.76,153825.04,163362.18987239207,162588.97955081053,62.358235823582355,773.2103215815441,-5.166294927310702,778.3766165088548,167480.2596870826,157059.1403129174,162269.7,10421.119374165195,1.07597459394623,1517.0,1695.0,178.0,1695.0,2802.214285714286,0.47949172682706376,54.0,892.0,571.0,1517.0,0.901516592184083,0.4119973632168754,7363.0,9592.0,3.6989653644518894,3.152239051905667,24879.35,30093.72,119.90825688073397,12.350404484995654,1.1561395293687335,0,28764,-23574.0,-41.340488215488215,49074.95,612.4,0,0,0,0,0,0,0,0,169164.0,169570.0,0.7713701625938956,1
2024-11-26,168732.0,170463.0,166768.0,168683.0,11630,66965,168272.0,588534.99,SILVER,2024-12-05,163568.2,162591.8,163344.26,154026.965,164180.77604587024,163040.38847297273,62.45286406895313,1140.3875728975108,223.94447863765362,916.4430942598572,168539.23293938144,156644.36706061853,162591.8,11894.86587876291,1.0120864801742102,3695.0,2191.0,1504.0,3695.0,2945.9285714285716,0.24424740895692132,49.0,1731.0,1915.0,3695.0,2.190499338996817,0.5182679296346414,8333.0,11325.0,3.7463143897785813,3.268397677396188,24516.85,29942.98,-59.56751494924211,10.09525982320297,0.4743676287940743,0,11630,33515.0,100.19431988041853,48592.6,-15.4,1,0,0,0,1,0,0,0,170463.0,171506.0,1.673553351552913,1
2024-11-27,168397.0,169839.0,166460.0,168111.0,38333,20057,168683.0,1933259.69,SILVER,2024-12-05,164411.9,162888.9,163464.2,154219.5,164785.42588496715,163415.9893268266,68.82018303240167,1369.4365581405582,453.0428945382346,916.3936636023236,169321.2891575139,156456.51084248608,162888.9,12864.778315027826,0.905922268703214,3379.0,1156.0,2223.0,3379.0,2925.285714285714,-0.3390975972682453,286.0,1442.0,1651.0,3379.0,2.0099815003182417,0.488606096478248,5444.0,8437.0,3.2059274757211855,2.8427019494176635,24024.25,30263.64,229.60447119518489,33.78313082300827,1.59559611642403,1,0,-46908.0,-70.04853281564996,48733.7,-8736.6,0,0,0,1,0,0,0,0,170463.0,169976.0,1.1093860604005685,1
2024-11-28,168640.0,169078.0,167516.0,168407.0,20701,18983,168111.0,1045857.99,SILVER,2024-12-05,165077.4,163146.2,163610.4,154416.005,165342.5911334337,163785.69382113573,69.86624704956728,1556.8973122979805,673.8137780901839,883.0835342077967,170036.63803053548,156255.76196946454,163146.2,13780.876061070943,0.8817464126871452,1562.0,967.0,595.0,1562.0,2991.6428571428573,0.176074141489857,233.0,438.0,891.0,1562.0,0.9275148895235946,0.5704225352112676,5438.0,6655.0,3.2245924207857666,2.9317207219101022,20778.05,30234.02,-45.99692171236271,28.83378046506349,0.996291759813842,0,20701,-1074.0,-5.35473899386748,48362.0,-11378.0,0,0,0,0,0,0,0,0,170463.0,167393.0,-0.6021127387816421,0
2024-11-29,168338.0,168338.0,167874.0,168142.0,19859,29995,168407.0,1001739.59,SILVER,2024-12-05,165597.9,163381.35,163801.68,154613.665,165773.26942059776,164108.38316771825,74.96043051598608,1664.8862528795144,872.02827304805,792.8579798314644,170625.7674158282,156136.93258417182,163381.35,14488.834831656364,0.8285736952151974,464.0,69.0,533.0,533.0,2870.0,-0.15735687946463184,196.0,0.0,268.0,464.0,0.2759572266298724,0.5775862068965517,673.0,5205.0,2.913827067777316,2.6497408329389587,21380.6,30431.78,-4.067436355731601,28.586213873345237,0.9288326800931687,0,0,11012.0,58.009798240531005,47631.3,-5405.8,0,0,1,0,1,0,0,0,170463.0,163882.0,-2.5335728134552937,0
2024-12-02,169298.0,170616.0,168639.0,169570.0,26183,48886,168142.0,1331955.39,SILVER,2025-02-05,166464.0,163634.7,164024.12,154820.73,166357.3818174289,164512.9473775169,82.03567681007345,1844.4344399120018,1066.5095064208404,777.9249334911615,171381.27939045677,155888.12060954326,163634.7,15493.158780913509,0.8830916654202152,1977.0,2474.0,497.0,2474.0,2901.1428571428573,0.8492821543695239,272.0,1046.0,659.0,1977.0,1.1658901928407148,0.47091552857865454,1298.0,8661.0,3.6271646539517524,3.3811368718210497,21675.0,30317.26,31.844503751447718,31.567099107644935,1.2079815455594003,0,26183,18891.0,62.98049674945825,47880.5,3087.2,1,0,1,0,1,0,0,0,170616.0,164889.0,-2.760511882998172,0
2024-12-03,170851.0,172168.0,170851.0,171506.0,36749,12673,169570.0,1890802.2,SILVER,2025-02-05,167579.6,164071.0,164187.88,155021.635,167149.47692243985,165030.9512754786,81.67023554603854,2118.525646961236,1276.9127345289196,841.6129124323163,172562.04526452592,155579.95473547408,164071.0,16982.090529051842,0.9378141776644455,1317.0,2598.0,1281.0,2598.0,2802.1428571428573,1.1417113876275309,655.0,662.0,0.0,1317.0,0.7679031637377118,0.4973424449506454,2823.0,11156.0,4.531574745079874,4.457162124268852,22529.0,30559.06,40.3544284459382,39.23728798912002,1.6311864707710062,1,36749,-36213.0,-74.07642269770487,46831.9,-10858.4,0,0,1,1,0,0,0,0,172168.0,162816.0,-5.066878126712768,0
2024-12-04,169842.0,170450.0,169000.0,169976.0,36887,44890,171506.0,1880971.41,SILVER,2025-02-05,168310.5,164413.05,164350.84,155211.815,167584.32662667986,165397.2511809987,72.67813809838958,2187.07544568117,1458.9452767593698,728.1301689218003,173287.8250269494,155538.27497305057,164413.05,17749.550053898827,0.813413578547478,1450.0,1056.0,2506.0,2506.0,2796.214285714286,-0.892097069490283,134.0,474.0,842.0,1450.0,0.8530616086976984,0.6731034482758621,1865.0,7309.0,3.383520955301305,3.4226536353571446,23597.2,30568.74,0.37552042232442684,30.81825383906106,1.5631939382638618,1,0,32217.0,254.2176280280912,45432.75,4966.6,0,0,1,1,1,0,0,0,172168.0,158814.0,-6.5668094319198,0
2024-12-05,167728.0,168747.0,166061.0,167393.0,13776,33466,169976.0,691801.79,SILVER,2025-02-05,168752.9,164757.6,164399.04,155385.62,167554.8917610368,165545.08442685063,61.40809011776753,2009.80733418616,1569.117688244728,440.689645941432,173527.49163709185,155987.70836290816,164757.6,17539.78327418369,0.6502527117241502,2686.0,1229.0,3915.0,3915.0,2870.0714285714284,-1.519626300183552,335.0,1019.0,1332.0,2686.0,1.6046071221616196,0.4959046909903202,-1014.0,4424.0,1.5995620232389853,1.8211541867884335,23347.55,30072.54,-62.65350936644346,18.788261815579926,0.5900404967544775,0,0,-11424.0,-25.44887502784584,43378.15,2896.6,0,0,0,0,0,0,0,0,172168.0,159568.0,-4.67462797130107,0
2024-12-06,164339.0,164339.0,163445.0,163882.0,20021,60406,167393.0,984324.46,SILVER,2025-02-05,168394.2,164935.35,164311.18,155533.715,166989.83149010804,165421.89298782466,57.0741921667539,1567.9385022833885,1568.8818510524602,-0.9433487690716902,173468.03396782363,156402.66603217638,164935.35,17065.367935647257,0.4382755763618961,894.0,3054.0,3948.0,3948.0,2908.9285714285716,-2.0974592724904872,457.0,0.0,437.0,894.0,0.5455144555228763,0.4888143176733781,-4260.0,-3587.0,-0.6386441717921634,-0.26119951180436596,22838.25,30165.76,45.33246225319396,29.513426056504308,0.8766433505194137,0,0,26940.0,80.49961154604672,42786.8,6082.2,0,0,0,0,1,0,0,0,172168.0,164306.0,0.2587227395321024,0
2024-12-09,165123.0,165581.0,164043.0,164889.0,9327,13688,163882.0,461375.91,SILVER,2025-02-05,168055.9,165245.8,164264.44,155684.83,166666.62664547603,165382.419433171,60.57499650528866,1284.2072123050457,1511.9469233029774,-227.73971099793175,173256.01670250372,157235.58329749625,165245.8,16020.433405007469,0.4777284427343605,1538.0,1699.0,161.0,1699.0,2831.785714285714,0.6144665063887444,234.0,458.0,846.0,1538.0,0.9327486976086943,0.5500650195058517,-4681.0,-3383.0,-0.2159207677290366,0.38021619286559993,21776.75,29823.82,-53.413915388841716,12.181208829546737,0.4283008254216079,0,9327,-46718.0,-77.33999933781412,41801.15,-7039.6,0,0,0,0,0,0,0,0,172168.0,164328.0,-0.3402288812473846,0
2024-12-10,162955.0,163235.0,161918.0,162816.0,12614,79284,164889.0,616128.31,SILVER,2025-02-05,167469.2,165518.7,164153.3,155827.465,166074.222546172,165192.31428997312,50.351133525003526,881.9082561988907,1385.9391898821602,-504.0309336832695,172729.42324571765,158307.97675428237,165518.7,14421.446491435287,0.3125916147450874,1317.0,1654.0,2971.0,2971.0,2716.785714285714,-1.2572093954114627,139.0,280.0,898.0,1317.0,0.8088885613207548,0.6818526955201215,-8690.0,-5867.0,-1.6328668603608,-0.8146653158967797,21445.15,29326.12,35.24177120188698,21.662137444659646,0.5881982639431292,0,0,65596.0,479.2226767971946,44876.8,13322.2,0,0,0,0,1,0,0,0,170450.0,165976.0,1.9408411949685536,1
2024-12-11,158935.0,159864.0,157244.0,158814.0,6245,23665,162816.0,297538.03,SILVER,2025-02-05,166539.5,165475.7,163896.92,155951.48,164957.26523137634,164719.8465647899,41.662318898743834,237.4186665864254,1156.2350852230131,-918.8164186365877,172841.76043675398,158109.63956324605,165475.7,14732.120873507927,0.04781120402158591,2620.0,2952.0,5572.0,5572.0,2973.785714285714,-2.4579893867924474,121.0,929.0,1570.0,2620.0,1.6497286133464306,0.5992366412213741,-11162.0,-9297.0,-4.025787472118269,-3.1012907381053973,20865.1,29289.72,-50.49151736166164,-6.347461411025007,0.2993036218374223,0,0,-55619.0,-70.15160688159024,43493.3,-4245.0,0,0,0,0,0,1,0,0,168747.0,166168.0,4.630574130744141,1
2024-12-12,159390.0,159786.0,159308.0,159568.0,15355,30641,158814.0,735049.99,SILVER,2025-02-05,165655.6,165366.5,163670.06,156079.68,164128.14750347228,164338.2283007314,31.340040621605027,-210.08079725911375,882.9719087265878,-1093.0527059857016,173023.98350858345,157709.01649141655,165366.5,15314.967017166899,0.12138344839395815,478.0,972.0,494.0,972.0,2679.9285714285716,0.47476922689435597,178.0,218.0,82.0,478.0,0.29955880878371605,0.5439330543933054,-7825.0,-8839.0,-3.5064538464562047,-2.506298341920323,20709.35,29431.64,145.8767013610889,12.839900896320154,0.7414525323102851,0,15355,6976.0,29.478132262835423,41152.9,-565.0,1,0,0,0,1,1,0,0,165581.0,166010.0,4.03715030582573,1
2024-12-13,164263.0,164978.0,163606.0,164306.0,38305,42500,159568.0,1888122.4,SILVER,2025-02-05,165272.0,165434.95,163545.38,156231.715,164155.50942601502,164335.84101919574,42.10148968374094,-180.33159318071557,670.3112083451272,-850.6428015258427,173025.1720611033,157844.7279388967,165434.95,15180.444122206594,0.4256312930694474,1372.0,5410.0,4038.0,5410.0,2945.285714285714,2.9692670209565897,43.0,672.0,657.0,1372.0,0.8350273270604848,0.5102040816326531,424.0,-3836.0,-0.682413238556914,0.46508192405067955,21715.8,29851.74,149.46271572777596,28.19291610467091,1.7639230422088987,1,38305,11859.0,38.70304493978656,42680.8,-3581.2,1,0,0,1,1,0,0,0,165581.0,167832.0,2.145995885725415,1
2024-12-16,164877.0,165439.0,163777.0,164328.0,34714,45797,164306.0,1711344.66,SILVER,2025-02-05,164747.8,165605.9,163443.5,156378.015,164182.04643739734,164335.260202959,41.190273900554274,-153.21376556166797,505.60621356376816,-658.8199791254361,172915.7509423939,158296.04905760608,165605.9,14619.70188478782,0.41259055690255336,1662.0,1133.0,529.0,1662.0,2800.0714285714284,0.013389651017003956,549.0,562.0,551.0,1662.0,1.0113918504454507,0.3315282791817088,-561.0,-5242.0,-0.7716512515556476,0.5411656015687378,22524.2,29778.62,-9.374755253883304,24.070990204137807,1.541186812406212,1,34714,3297.0,7.757647058823536,43451.25,6421.8,1,0,0,1,1,0,0,0,165439.0,167300.0,1.808577966019181,1
2024-12-17,165663.0,167857.0,164267.0,165976.0,22198,55950,164328.0,1105300.57,SILVER,2025-02-05,164194.8,165887.2,163413.74,156532.0,164458.03929318234,164456.7964842213,45.861280192300235,1.2428089610475581,404.73353264322407,-403.4907236821765,172765.7099243197,159008.69007568032,165887.2,13757.019848639378,0.5064548863763376,3590.0,3529.0,61.0,3590.0,2815.1428571428573,1.0028723041721532,313.0,1881.0,1396.0,3590.0,2.162963319998072,0.47604456824512537,3160.0,-5530.0,0.05353035074435421,1.567958728562243,23043.85,30036.68,-36.05461773347929,16.43008558619606,0.9632938940324642,0,22198,10153.0,22.169574426272455,42896.65,-4666.8,1,0,0,0,1,0,0,0,167857.0,167856.0,1.1326938834530293,1
2024-12-18,166705.0,166705.0,165516.0,166168.0,6415,35046,165976.0,319790.32,SILVER,2025-02-05,163814.0,166062.25,163412.4,156681.0,164721.1101711543,164583.5523002049,45.64210362411927,137.5578709493857,351.29840030445644,-213.74052935507075,172771.82414524522,159352.67585475478,166062.25,13419.14829049044,0.5078805299495006,1189.0,729.0,460.0,1189.0,2788.5,0.11567937533136785,537.0,0.0,652.0,1189.0,0.7155408983679168,0.5483599663582843,7354.0,-3808.0,0.06368093892501156,1.6862857408617742,22275.2,29520.8,-71.10100009009821,9.282433534953796,0.2879884355696021,0,6415,-20904.0,-37.361930294906166,41461.95,2276.2,0,0,0,0,0,0,0,0,167857.0,168521.0,1.4160367820518993,1
2024-12-19,165904.0,166138.0,165703.0,166010.0,6652,19638,166168.0,331289.56,SILVER,2025-02-05,163675.7,166214.3,163454.32,156829.705,164919.40091405364,164689.21509278234,45.833007583457125,230.18582127129775,327.0758844978247,-96.89006322652693,172764.66327156674,159663.93672843324,166214.3,13100.726543133496,0.48440544504708644,435.0,30.0,465.0,465.0,2783.6428571428573,-0.09508449280246634,106.0,128.0,201.0,435.0,0.262032407686284,0.7057471264367816,6442.0,-1383.0,-0.12291361212602549,1.56354386962669,20890.4,29135.3,3.6944660950896324,15.917231081107104,0.31842377359935664,0,0,-15408.0,-43.96507447354905,38650.2,-2200.6,0,0,0,0,0,0,0,0,167857.0,167248.0,0.7457382085416542,1
2024-12-20,168277.0,169408.0,166172.0,167832.0,25446,31173,166010.0,1281195.92,SILVER,2025-02-05,164070.7,166232.45,163530.72,156986.75,165367.4930811223,164922.01397479846,46.654604250076986,445.47910632382263,350.7565288630243,94.72257746079833,172799.4419886478,159665.45801135222,166232.45,13133.983977295575,0.6217871137017599,3236.0,3398.0,162.0,3398.0,2849.6428571428573,1.0975242455273815,445.0,1131.0,1660.0,3236.0,1.9281185947852615,0.5129789864029666,3526.0,3950.0,0.9622369158368227,2.6302580946258898,21508.7,28852.64,282.53156945279613,39.63714180106732,1.1830561586706774,0,25446,11535.0,58.738160708829824,37357.65,-2265.4,1,0,0,0,1,0,1,0,169408.0,169227.0,0.8311883311883311,1
2024-12-23,166829.0,167674.0,166829.0,167300.0,59350,23222,167832.0,2978776.5,SILVER,2025-02-05,164311.8,166183.85,163625.12,157156.695,165664.80183787268,165098.16108777636,41.44147810516035,566.6407500963251,393.93337310968445,172.7073769866406,172701.48974957806,159666.21025042195,166183.85,13035.27949915611,0.585625321656682,845.0,158.0,1003.0,1003.0,2735.714285714286,-0.31698365031698206,471.0,374.0,0.0,845.0,0.5050806933652122,0.557396449704142,2972.0,2411.0,0.6716356613473536,2.24591431926834,23038.0,29759.0,133.23901595535642,58.302434935487135,2.5761784877159477,1,0,-7951.0,-25.50604689956052,36846.25,-4515.0,0,0,0,1,0,0,0,0,169408.0,168917.0,0.9665271966527197,1
2024-12-24,168053.0,168390.0,167380.0,167856.0,22025,60064,167300.0,1109108.52,SILVER,2025-02-05,164815.8,166142.5,163721.1,157322.115,166001.90924743074,165302.44545164477,45.50809390626324,699.4637957859668,455.03945764494097,244.42433814102583,172603.62864509274,159681.37135490726,166142.5,12922.257290185487,0.6326006719662989,1010.0,1090.0,80.0,1090.0,2634.5714285714284,0.33233711894800066,197.0,337.0,476.0,1010.0,0.6017062243828043,0.47128712871287126,1880.0,5040.0,1.0313435755450895,2.525575506150395,23557.75,29545.14,-62.88963774220724,48.48929404107771,0.9349364858698305,0,22025,36842.0,158.65127895960728,36501.2,822.8,1,0,0,0,1,0,0,0,169408.0,167469.0,-0.23055476122390622,0
2024-12-25,168272.0,169346.0,168218.0,168521.0,53922,47010,167856.0,2726096.81,SILVER,2025-02-05,165786.5,166163.0,163888.32,157487.99,166389.46167090294,165540.85689967108,52.601476014760145,848.6047712318541,533.7525203623236,314.8522508695305,172652.96368492118,159673.03631507882,166163.0,12979.927369842364,0.6816651151283474,1128.0,1490.0,362.0,1490.0,2461.3571428571427,0.3961729101134237,249.0,825.0,54.0,1128.0,0.6693527809590496,0.26861702127659576,2353.0,9707.0,1.4190884854028873,2.826729812106191,24337.2,30266.04,144.8217934165721,68.02062511890108,2.2156205315319757,1,53922,-13054.0,-21.733484283431004,37848.85,2392.8,0,0,0,1,0,0,0,0,169408.0,168011.02,-0.3026210383275737,0
2024-12-26,166774.0,168038.0,166571.0,167248.0,98297,28095,168521.0,4931993.0,SILVER,2025-02-05,166554.5,166105.05,164017.04,157639.435,166521.544490764,165667.3119441399,58.65651681925728,854.2325466241164,597.8485256146821,256.38402100943426,172531.02952312297,159679.070476877,166105.05,12851.95904624596,0.5889319671722628,1467.0,483.0,1950.0,1950.0,2318.6428571428573,-0.7553954700007748,474.0,790.0,203.0,1467.0,0.8771405338180426,0.4614860259032038,1238.0,7680.0,0.6880886523317694,1.9698928843003092,28217.0,31598.66,82.29479618708504,61.66243460150069,3.4836091717758797,1,0,-18915.0,-40.23611997447352,38304.45,1691.4,0,0,0,1,0,0,0,0,169408.0,166802.23,-0.2665323352147646,0
2024-12-27,169301.0,170159.0,168585.0,169227.0,46460,11439,167248.0,2358685.93,SILVER,2025-02-05,167046.6,166159.3,164153.28,157823.36,166937.76841526187,165930.99254087027,60.625061232487504,1006.7758743916056,679.6339953700668,327.1418790215388,172675.37415227233,159643.22584772765,166159.3,13032.14830454468,0.7353948043186569,1574.0,2911.0,1337.0,2911.0,2405.214285714286,1.183272744666608,74.0,858.0,642.0,1574.0,0.9301116252134707,0.4078780177890724,1395.0,4921.0,1.8462403247967534,3.090842900001755,29547.05,32292.54,-52.73507838489475,41.44265519023363,1.5724073976928323,1,46460,-16656.0,-59.28457020822211,37376.65,-3946.8,0,0,0,1,0,0,0,0,170159.0,167704.53,-0.8996614015493988,0
2024-12-30,169258.0,169258.0,168780.0,168917.0,79457,15375,169227.0,4026491.42,SILVER,2025-02-05,167505.5,166126.65,164357.28,157989.275,167242.26558214467,166152.17827858357,66.35569138384001,1090.0873035611003,761.7246570082735,328.36264655282673,172576.97876436837,159676.32123563162,166126.65,12900.657528736745,0.7162951767213714,478.0,31.0,447.0,478.0,2227.1428571428573,-0.183185898231375,341.0,0.0,137.0,478.0,0.2829792146438784,0.28661087866108786,1617.0,4589.0,1.6796522412268027,2.7742732174686764,32210.75,32490.24,71.02238484718038,49.482369200339996,2.466785157129219,1,0,3936.0,34.408602150537625,35701.1,-1569.4,0,0,0,1,1,0,0,0,170159.0,166577.13,-1.3852187760852936,0
2024-12-31,167186.0,168463.0,165873.0,167469.0,96322,30600,168917.0,4839284.71,SILVER,2025-02-05,167654.8,165924.8,164517.8,158148.905,167277.14780027626,166249.72062831814,76.88389140833695,1027.4271719581157,814.865159998242,212.56201195987364,171901.62628684947,159947.9737131505,165924.8,11953.652573698957,0.6291822721531694,2590.0,454.0,3044.0,3044.0,2046.5714285714287,-0.8572257380843884,283.0,994.0,1313.0,2590.0,1.5465548847846466,0.6162162162162163,-387.0,1493.0,0.9306625652102709,1.7938484467942144,35189.4,33155.64,21.22531683803819,55.21036265749175,2.7372447384723806,1,0,15225.0,99.02439024390245,36597.45,-5892.8,0,0,1,1,1,0,0,0,170159.0,167637.99,0.10090822779140658,0
2025-01-01,167400.92,168544.7,167096.11,168011.02,84793,31461,167469.0,142461.58,SILVER,2025-01-31,167839.102,165826.551,164642.5404,158302.29009999998,167390.05121561838,166380.18724844273,76.57541507659417,1009.8639671756537,853.8649214337244,155.9990457419293,171583.53640134115,160069.56559865887,165826.551,11513.970802682277,0.6897233402303827,1448.5900000000256,1075.7000000000116,372.89000000001397,1448.5900000000256,2080.6135714285733,0.32365392998106035,610.0999999999767,533.6800000000221,304.8100000000268,1448.5900000000256,0.862199396206288,0.6315865772923929,-509.9800000000105,1843.0199999999895,1.3173216151616052,2.045935146418569,37584.7,33346.4,-11.969228213699878,61.123539845131575,2.2560509994758506,1,84793,861.0,2.813725490196073,35926.0,-3109.8,1,0,1,1,1,0,0,0,170159.0,167192.72,-0.4870513850817573,0
2025-01-02,168273.64,168415.58,166183.6,166802.23,60739,31886,168011.02,101314.0,SILVER,2025-02-01,167918.325,165797.0125,164787.725,158457.75625,167299.61718244632,166411.449674484,60.1014421555528,888.1675079623237,860.7254387394443,27.442069222879468,171526.15170070954,160067.87329929048,165797.0125,11458.278401419055,0.5877284933027555,2231.9799999999814,404.5599999999977,1827.4199999999837,2231.9799999999814,1853.6121428571435,-0.7194706632933867,1471.4100000000035,141.93999999997322,618.6300000000047,2231.9799999999814,1.3380996165338923,0.27716646206507667,-445.7699999999895,792.2300000000105,0.6062940971267494,1.222484866515394,39932.85,32589.54,-28.36790772823228,57.9173024627994,1.5210284264709382,1,0,425.0,1.3508788658974646,35847.0,758.2,0,0,0,1,1,0,0,0,170159.0,166864.95,0.03760141576044946,0
2025-01-03,166695.93,168175.57,166206.1,167704.53,58018,30801,166802.23,97298.81,SILVER,2025-02-02,167905.578,165988.139,164887.4756,158612.7239,167361.91146206998,166507.23340230001,62.75499372549793,854.678059769969,859.5159629455492,-4.837903175580209,171703.3114985315,160272.9665014685,165988.139,11430.344997062988,0.6501609094424559,1969.4700000000012,1373.3399999999965,596.1300000000047,1969.4700000000012,1875.5742857142864,0.5409400102144746,1008.6000000000058,471.04000000000815,489.8299999999872,1969.4700000000012,1.1743689928948258,0.7608290555327027,-1522.4700000000012,-127.47000000000116,1.0340443662664374,1.7084708160817967,41832.7,32703.3,-4.479823507137093,29.216163166806062,1.386905459126473,0,58018,-1085.0,-3.4027472872106834,34366.75,3872.4,0,0,0,0,0,0,0,0,169258.0,167866.18,0.09638976359195198,0
2025-01-06,167960.15,168003.69,166172.01,166577.13,108427,29965,167704.53,180614.58,SILVER,2025-02-05,167833.291,166072.5455,164948.0782,158770.24955,167241.17585252074,166512.41092805556,52.36376676987399,728.7649244651839,833.3657552494761,-104.60083078429227,171769.20193356328,160375.88906643674,166072.5455,11393.312867126544,0.54428777703945,1831.679999999993,299.1600000000035,1532.5199999999895,1831.679999999993,1749.98,-0.6722537548627949,1383.0199999999895,43.54000000000815,405.11999999999534,1831.679999999993,1.0995987264278073,0.22117400419287042,-2339.8699999999953,-722.8699999999953,0.3038337844951002,0.987614901475109,46787.7,33336.14,86.8851046227033,24.58077203354075,2.3174253062236443,1,0,-836.0,-2.7141975909873106,35180.6,2918.0,0,0,0,1,0,0,0,0,168544.7,166674.28,0.05832133138564351,0
2025-01-07,166494.35,167859.24,165763.62,167637.99,110997,30187,166577.13,186073.14,SILVER,2025-02-06,167811.49,166313.645,165056.018,158937.8245,167302.22418290217,166595.78715560702,55.41059320380702,706.4370272951492,807.9800096586108,-101.54298236346165,171835.4572023534,160791.83279764658,166313.645,11043.624404706818,0.6199194169837542,2095.6199999999953,1282.109999999986,813.5100000000093,2095.6199999999953,1814.7385714285713,0.6368581329261547,1143.6399999999849,221.25,730.7300000000105,2095.6199999999953,1.2500865704724777,0.8944226529618917,168.9899999999907,-218.0100000000093,0.7962936534762384,1.5643004304150725,51706.85,35178.48,2.3702583304896274,31.10676164081044,2.146659485155255,1,110997,222.0,0.7408643417320171,32725.75,-82.6,1,0,0,1,1,0,0,0,168544.7,165152.48,-1.4826651166600007,0
2025-01-08,167537.62,168332.06,166462.93,167192.72,106393,32797,167637.99,177881.35,SILVER,2025-02-07,167678.662,166732.581,165156.4924,159087.8981,167285.3773855326,166640.00440333984,54.26308641227716,645.3729821927554,775.4586041654399,-130.0856219726844,170983.8321540031,162481.32984599692,166732.581,8502.502308006166,0.5541180682264228,1869.1300000000047,694.070000000007,1175.0599999999977,1869.1300000000047,1915.0335714285716,-0.26561401744317203,344.8999999999942,794.4400000000023,729.7900000000081,1869.1300000000047,1.117949393968831,0.3904436823548958,-818.2999999999884,-1328.2799999999988,0.27597425604537096,1.232907995568458,56714.25,36342.64,-4.14785985206807,16.209796313946423,1.8759482846021944,1,0,2610.0,8.6461059396429,33182.35,267.2,0,0,0,1,1,0,0,0,168415.58,165542.16,-0.9872200177136886,0
2025-01-09,167340.35,167963.08,166243.15,166864.95,72654,32006,167192.72,121234.06,SILVER,2025-02-08,167640.35700000002,167097.42849999998,165228.57140000002,159237.70785,167220.6962492968,166656.66704012948,46.09348805606344,564.0292091673182,733.1727251658156,-169.14351599849738,169687.75156296187,164507.1054370381,167097.42849999998,5180.646125923784,0.45512557809408105,1719.929999999993,770.359999999986,949.570000000007,1719.929999999993,1795.1714285714281,-0.1960432248485411,475.3999999999942,622.7299999999814,621.8000000000175,1719.929999999993,1.0307317384507608,0.3615263411883158,62.720000000001164,-383.04999999998836,-0.1391275150592568,0.9903726614197405,59579.2,36083.22,-31.71167276042597,4.809149419195322,1.2194524263501356,0,0,-791.0,-2.411805957862001,33250.6,24.0,0,0,0,0,0,0,0,0,168332.06,165735.18,-0.6770565058749717,0
2025-01-10,166563.3,168584.82,166120.47,167866.18,60183,31880,166864.95,101026.9,SILVER,2025-02-09,167504.275,167275.4375,165317.115,159390.64375,167320.00144171267,166746.26059271247,52.2036112166294,573.7408490001981,701.286349932692,-127.54550093249395,169524.9561000309,165025.9188999691,167275.4375,4499.037200061779,0.6313042043733004,2464.350000000006,1719.8699999999953,744.4800000000105,2464.350000000006,1899.5535714285713,0.6000241512672311,1302.8800000000047,718.640000000014,442.8299999999872,2464.350000000006,1.4680443672453891,0.7083855783472266,161.64999999999418,-1360.820000000007,0.35315555519021913,1.5419244401887866,60673.1,37130.72,-17.164918655545456,8.366165392130252,0.9919222851642656,0,60183,-126.0,-0.39367618571517493,32719.6,215.8,0,0,0,0,0,0,0,0,168584.82,166800.51,-0.6348330557113909,0
2025-01-13,167774.57,168471.3,165923.71,166674.28,66288,31671,167866.18,110485.05,SILVER,2025-02-12,167280.003,167392.75149999998,165360.5406,159530.47515,167220.65968144918,166740.92869695596,45.6175913440642,479.73098449321697,656.975276844797,-177.24429235158004,169195.4008489734,165590.10215102657,167392.75149999998,3605.298697946826,0.30071789879458644,2547.5899999999965,605.1199999999953,1942.4700000000012,2547.5899999999965,2003.6671428571426,-0.7100298583073705,1100.2900000000081,696.7299999999814,750.570000000007,2547.5899999999965,1.5284841788427084,0.29461962089661525,97.14999999999418,-2242.720000000001,-0.4292130295737358,0.7944697055495664,62251.8,38050.58,10.144060615123873,2.278332968924601,1.064836679421318,0,0,-209.0,-0.6555834378920933,32013.3,341.2,0,0,0,0,0,0,0,0,168584.82,167451.7,0.46643069344593113,0
2025-01-14,166539.97,166853.71,165061.78,165152.48,69753,30263,166674.28,115198.81,SILVER,2025-02-13,167048.351,167351.57549999998,165407.9902,159658.52755,166902.47819199547,166623.26583051478,38.254271117080634,279.21236148069147,581.422693771976,-302.21033229128454,169320.44156581836,165382.7094341816,167351.57549999998,3937.7321316367597,-0.058467520513105484,1791.929999999993,179.42999999999302,1612.5,1791.929999999993,2025.2335714285707,-0.9130382924107949,1387.4899999999907,313.7399999999907,90.70000000001164,1791.929999999993,1.0850154959828595,0.050615816466051684,-2485.50999999998,-2316.5199999999895,-1.3140572435184317,-0.1544727069659962,64629.55,39052.26,5.227190441708918,0.6785203292916738,1.0792741091342892,0,0,-1408.0,-4.445707429509649,30728.95,15.2,0,0,0,0,0,1,0,0,168584.82,169459.32,2.6077961408753874,1
2025-01-15,165005.77,165893.78,164382.61,165542.16,76490,32093,165152.48,126623.2,SILVER,2025-02-14,166801.465,167320.2835,165456.1334,159787.15835,166693.19847015,166543.18391714332,43.661424403352505,150.01455300668022,495.1410656189169,-345.1265126122367,169385.87169106316,165254.69530893682,167320.2835,4131.176382126345,0.06958422116927997,1511.1700000000128,741.2999999999884,769.8700000000244,1511.1700000000128,1993.8885714285716,0.2359516490457736,536.390000000014,351.61999999999534,623.1600000000035,1511.1700000000128,0.9128611104264996,0.767319361818993,-1650.5599999999977,-2468.859999999986,-1.0627064829232058,0.051993599893959554,68133.3,40271.6,9.65836594841798,2.8412797455034595,1.1226522126478535,0,76490,1830.0,6.04698807124211,30581.3,-140.8,1,0,0,0,1,1,0,0,168584.82,167973.23,1.468550368075424,1
2025-01-16,165324.27,165930.66,164677.84,165735.18,78478,32763,165542.16,130065.66,SILVER,2025-02-15,166694.76,167306.5425,165560.797,159913.62425,166545.81101320384,166483.3317751327,35.039382898430304,62.47923807112966,408.60870010935946,-346.1294620382298,169412.10121746312,165200.9837825369,167306.5425,4211.117434926215,0.12685379254270304,1252.820000000007,388.5,864.320000000007,1252.820000000007,1875.4471428571435,0.11659869606630568,410.9100000000035,195.48000000001048,646.429999999993,1252.820000000007,0.7559167582887393,0.843968008173553,-1129.7700000000186,-1067.0500000000175,-0.9392116270647439,0.10532867874512687,71724.6,41465.78,2.599032553274938,5.937973773654181,1.0941573741784547,0,78478,670.0,2.087682672233826,31237.55,151.4,1,0,0,0,1,1,0,0,168584.82,167082.01,0.8126397787120491,1
2025-01-17,166056.93,167175.73,165525.29,166800.51,62721,32836,165735.18,104618.95,SILVER,2025-02-16,166604.358,167254.968,165690.2672,160025.3168,166584.99547271093,166506.8264584562,41.48319124500915,78.16901425473043,342.5207629384337,-264.35174868370325,169356.86227902788,165153.0737209721,167254.968,4203.788558055763,0.3918932306599718,1650.4400000000023,1440.5500000000175,209.88999999998487,1650.4400000000023,1959.192857142858,0.642790504707591,743.5800000000163,375.22000000000116,531.6399999999849,1650.4400000000023,0.9894693967062823,0.7726545648433141,-1065.6699999999837,-904.0199999999895,-0.27171569576335947,0.6700712231092396,73588.35,42116.06,-20.078238487219345,4.378132275645956,0.8523224124470788,0,62721,73.0,0.2228123187742348,31320.7,191.2,1,0,0,0,1,0,0,0,168471.3,165738.74,-0.6365508115053237,0
2025-01-20,166627.68,167983.88,166353.56,167451.7,102753,28169,166800.51,172061.65,SILVER,2025-02-19,166691.815,167262.553,165865.70119999998,160140.5953,166718.33463075542,166576.81709116313,49.92561417750784,141.51753959228517,302.320118269204,-160.8025786769188,169366.22562138326,165158.88037861677,167262.553,4207.345242766489,0.5449563772607418,1630.320000000007,1183.3699999999953,446.95000000001164,1630.320000000007,1858.2157142857156,0.39040048498653057,824.0200000000186,532.179999999993,274.11999999999534,1630.320000000007,0.9736061204514537,0.6735732862260226,777.4200000000128,874.570000000007,0.11308388913566159,0.9561945528977335,75758.5,43559.98,63.825512986081215,2.072173111983748,1.356323052858755,0,102753,-4667.0,-14.213058837860881,31568.05,-700.4,0,0,0,0,0,0,0,0,167983.88,167306.45,-0.08674143051399298,0
2025-01-21,167428.46,169645.38,167329.35,169459.32,90819,29739,167451.7,153901.26,SILVER,2025-02-20,166873.94800000003,167342.71899999998,166107.72759999998,160264.0669,167140.02468756228,166790.33582515107,55.530328024096356,349.688862411218,311.7938670976068,37.89499531361122,169653.60431791595,165031.83368208402,167342.71899999998,4621.7706358319265,0.9579632281165836,2316.029999999999,2193.679999999993,122.35000000000582,2316.029999999999,1920.1757142857136,1.1989248242926243,2030.8600000000151,186.05999999999767,99.10999999998603,2316.029999999999,1.3667173927052219,0.9196642530537179,4306.8399999999965,1821.3300000000163,1.2648300521518503,2.0177221423863627,79198.2,44991.44,-11.614259437680651,0.6737213351667201,1.146730607513807,0,90819,1570.0,5.573502786751394,30051.8,-104.8,1,0,0,0,1,0,1,0,169645.38,166404.37,-1.8027630466120197,0
2025-01-22,169486.79,169573.35,167831.41,167973.23,130840,32681,169459.32,219776.17,SILVER,2025-02-21,166951.999,167315.33049999998,166273.7122,160371.03805,167268.210120245,166877.95761588062,54.37872902435489,390.25250436438364,327.48559455096216,62.76690981342148,169579.93700385437,165050.7239961456,167315.33049999998,4529.213007708779,0.64525691303992,1741.9400000000023,114.02999999999884,1627.9100000000035,1741.9400000000023,1885.172857142858,-0.8769597328727619,1513.5599999999977,86.55999999999767,141.82000000000698,1741.9400000000023,1.0370342940955546,0.08141497410933028,2431.070000000007,780.5100000000093,0.39320933594906216,1.022120561039595,83044.1,47251.32,44.06677016923772,5.495184337297299,1.5755484134333444,1,0,2942.0,9.892733447661328,29335.35,117.6,0,0,0,1,1,0,0,0,169645.38,164940.74,-1.805341243958945,0
2025-01-23,168239.38,168338.59,166951.07,167082.01,79587,30799,167973.23,132975.56,SILVER,2025-02-22,166973.70500000002,167307.03100000002,166380.3124,160463.89310000002,167239.56394789962,166893.07260729687,47.67027584544754,346.4913406027481,331.28674376131937,15.204596841428724,169573.89202736842,165040.16997263161,167307.03100000002,4533.722054736805,0.45036727058181536,1387.5199999999895,365.35999999998603,1022.1600000000035,1387.5199999999895,1843.605,-0.5305726394616572,1157.3699999999953,99.20999999999185,130.94000000000233,1387.5199999999895,0.8304424874946079,0.09436981088561125,1346.8300000000163,217.05999999999767,-0.13449584195897177,0.4217431677331158,82108.6,48473.66,-39.17227147661265,4.749124465678632,0.9692894532363235,0,0,-1882.0,-5.758697714268224,29470.55,-392.8,0,0,0,0,0,0,0,0,169645.38,165062.95,-1.2084245335569028,0
2025-01-24,167342.19,167661.19,165559.68,165738.74,130483,32021,167082.01,216260.88,SILVER,2025-02-23,166760.961,167132.618,166436.34720000002,160539.5318,167008.66795591504,166807.56648823785,46.91229168584839,201.10146767718834,305.2496885444932,-104.14822086730487,169312.59809001038,164952.6379099896,167132.618,4359.960180020775,0.18030029118445864,2101.5100000000093,579.179999999993,1522.3300000000163,2101.5100000000093,1862.8785714285727,-0.803958487212364,1603.4500000000116,319.0,179.05999999999767,2101.5100000000093,1.2679654738536141,0.08520539992671787,-1061.7700000000186,-2127.4400000000023,-0.8339951929670587,-0.41914354150162914,86309.75,50719.8,63.95014261123049,12.860630592356227,1.5117990725265686,1,0,1222.0,3.9676612877041384,30499.65,-163.0,0,0,0,1,1,1,0,0,169645.38,166072.95,0.2016486911871183,0
2025-01-27,165965.96,167987.55,165748.61,167306.45,89732,30984,165738.74,150127.43,SILVER,2025-02-26,166824.178,167052.0905,166564.2962,160617.22405,167054.48057808197,166844.52082244246,48.822915409249454,209.95975563951652,286.1917019634979,-76.23194632398139,169067.29546766973,165036.88553233026,167052.0905,4030.4099353394704,0.5631100816246366,2238.9400000000023,2248.8099999999977,9.869999999995343,2248.8099999999977,1873.8207142857157,0.9458923122017238,1340.4900000000198,681.0999999999767,217.35000000000582,2238.9400000000023,1.3382269482138927,0.6957935451597738,-145.25,632.1700000000128,0.15226358391487504,0.44556595676955163,86823.5,52143.52,-31.23088831495291,8.723135699348548,1.0334989950877356,0,89732,-1037.0,-3.238499734549205,31280.1,563.0,0,0,0,0,0,0,0,0,169645.38,167477.06,0.10197455029377889,0
2025-01-28,167545.1,167675.65,165911.24,166404.37,134418,29841,167306.45,223677.42,SILVER,2025-02-27,166949.367,166998.859,166685.3836,160700.2909,166954.46356606937,166811.9170578171,47.2890134808262,142.54650825227145,257.4626632212526,-114.91615496898117,169023.9151528931,164973.80284710688,166998.859,4050.112305786228,0.3532166628686618,1764.4100000000035,369.19999999998254,1395.210000000021,1764.4100000000035,1866.3407142857156,-0.5391782564270642,1140.7300000000105,130.54999999998836,493.13000000000466,1764.4100000000035,1.0603147020718287,0.2794871940195327,-3054.9500000000116,1251.8899999999849,-0.35598386932691645,-0.1685892271600506,88728.3,54595.78,49.7994026657157,13.180356921749226,1.5149394274431043,1,0,-1143.0,-3.689000774593343,31242.15,20.4,0,0,0,1,0,0,0,0,169573.35,170923.17,2.715553684076937,1
2025-01-29,166262.93,166662.04,164309.81,164940.74,78574,31883,166404.37,129600.53,SILVER,2025-02-28,166889.225,166845.345,166730.8584,160761.4896,166644.65994052024,166673.31134983068,43.86247055168576,-28.651409310434246,200.23984871491527,-228.89125802534952,169008.14542491594,164682.54457508406,166845.345,4325.600849831884,0.05969007171014554,2352.2300000000105,257.6700000000128,2094.5599999999977,2352.2300000000105,1911.5050000000026,-0.8795622374580647,1322.1900000000023,399.11000000001513,630.929999999993,2352.2300000000105,1.4261061275704296,0.2682263214056407,-3032.49000000002,-601.4200000000128,-1.1415391900804968,-1.073657520376568,88417.35,55731.5,-41.5450311714205,8.060017209765377,0.8886717369385081,0,0,2042.0,6.842934218022179,31263.25,-159.6,0,0,0,0,1,1,0,0,168338.59,170174.16,3.1729092521350477,1
2025-01-30,164747.35,165379.68,164532.12,165062.95,105439,28923,164940.74,174040.73,SILVER,2025-03-01,166822.002,166758.381,166772.7374,160833.27435,166401.319949671,166554.0253239173,40.52754827918303,-152.70537424631766,129.6508041226687,-282.3561783689863,169063.65733952424,164453.10466047574,166758.381,4610.552679048502,0.13227163465576644,847.5599999999977,438.9400000000023,408.61999999999534,847.5599999999977,1796.020000000002,0.07409327737950555,315.6000000000058,316.7299999999814,215.23000000001048,847.5599999999977,0.5134768280828603,0.626303742507926,-2019.0599999999977,-672.2299999999814,-1.0166991247054518,-1.0252199649989082,90652.35,57153.32,34.19069921348028,11.219183875785912,1.163113807860469,0,105439,-2960.0,-9.283944421792178,31115.1,-375.2,0,0,0,0,0,1,0,0,167987.55,172428.81,4.462455081531007,1
2025-01-31,164852.97,166435.32,164383.08,166072.95,130564,30410,165062.95,216831.49,SILVER,2025-03-02,166749.24599999998,166676.802,166744.8164,160907.2891,166350.80149587544,166518.39011473826,47.94274316876333,-167.58861886282102,70.20291952557076,-237.79153838839179,168956.43425650193,164397.16974349806,166676.802,4559.264513003873,0.367554953594448,2052.24000000002,1372.3699999999953,679.8700000000244,2052.24000000002,1760.6378571428609,0.61188776766683,1219.9800000000105,362.36999999999534,469.89000000001397,2052.24000000002,1.2357460983260788,0.8234270845515184,334.21000000002095,-727.5599999999977,-0.3622891684710776,-0.40293090634270473,94279.65,59503.0,23.828943749466514,15.609902099454496,1.3848587685677662,0,130564,1487.0,5.141237077758176,31095.55,-322.2,1,0,0,0,1,0,0,0,167987.55,172515.18,3.879156719983586,1
2025-02-03,165938.95,167968.16,165370.1,167477.06,62045,30084,166072.95,103911.14,SILVER,2025-03-05,166751.782,166721.79849999998,166728.9176,160994.7894,166524.07203497153,166589.40269883172,58.017363400831535,-65.33066386019345,43.096202848417924,-108.42686670861139,169028.51272622304,164415.0842737769,166721.79849999998,4613.428452446125,0.6637093774803354,2598.0599999999977,1895.2099999999919,702.8500000000058,2598.0599999999977,1818.2185714285754,0.8454778457298362,1538.109999999986,491.1000000000058,568.8500000000058,2598.0599999999977,1.5512930547025352,0.8109743423939377,170.60999999998603,25.35999999998603,0.45300704934515357,0.44871784137343407,91960.55,60168.62,-52.47924389571398,3.9794264112749786,0.6746914845550619,0,62045,-326.0,-1.0720157842814881,31101.5,-180.0,0,0,0,0,0,0,0,0,167968.16,173975.08,3.879946304287876,1
2025-02-04,167313.14,171635.29,167152.02,170923.17,67248,30104,167477.06,114942.41,SILVER,2025-03-06,166898.167,166886.05750000002,166773.721,161099.92525,167200.8563372836,166910.42249891825,65.32737747663009,290.4338383653376,92.56372995180186,197.87010841353572,169843.54274796444,163928.5722520356,166886.05750000002,5914.970495928836,1.1825245371517334,4483.270000000019,4158.2300000000105,325.04000000000815,4483.270000000019,2030.511428571433,2.0576609118884814,3610.029999999999,712.1199999999953,161.12000000002445,4483.270000000019,2.6229738191726835,0.8411605814505947,4518.8000000000175,1463.8500000000058,2.4190831519882887,2.488071247148118,89773.1,61280.98,8.385848980578615,5.9794372531009055,0.7490885354298782,0,67248,20.0,0.06648052120727943,31097.35,52.6,1,0,0,0,1,0,1,0,171635.29,172576.83,0.9674873219353317,1
2025-02-05,171198.2,171199.65,169791.39,170174.16,125810,30534,170923.17,214096.11,SILVER,2025-03-07,167118.26,167035.12949999998,166814.9842,161198.28105,167658.28767000922,167152.18083233174,62.25588887207761,506.1068376774783,175.27235149693718,330.83448618054115,170338.08008361532,163732.17891638464,167035.12949999998,6605.901167230681,0.9751858104646703,1408.2599999999802,276.4799999999814,1131.7799999999988,1408.2599999999802,2041.6142857142881,-0.4382144328355264,1024.0400000000081,1.4499999999825377,382.7699999999895,1408.2599999999802,0.8275404444481935,0.27180350219419347,5233.420000000013,2200.929999999993,1.879263667107836,2.01371346591537,90743.95,63030.52,87.08363073994765,10.281123310171898,1.3864285167220516,0,0,430.0,1.4283816104172287,30984.2,-269.8,0,0,0,0,1,0,0,0,171635.29,174451.08,2.5132605326213944,1
2025-02-06,170043.44,172916.69,170035.93,172428.81,81814,28962,170174.16,141070.9,SILVER,2025-03-08,167652.94,167313.3225,166895.4204,161304.9301,168392.2141823155,167543.042252159,64.58191917674054,849.1719301565026,310.05226722885027,539.1196629276524,171400.14454468674,163226.50045531327,167313.3225,8173.644089373469,1.1258515105460267,2880.7600000000093,2742.529999999999,138.23000000001048,2880.7600000000093,2129.4942857142887,1.3249073772422237,2385.3699999999953,487.88000000000466,7.510000000009313,2880.7600000000093,1.6706952857820045,0.830641913939376,7365.859999999986,5346.799999999988,3.057429870834098,3.3154831850616766,91201.95,64252.78,-34.97019314839838,10.701331142993325,0.8970641526853319,0,81814,-1572.0,-5.14835920613087,30832.0,7.8,0,0,0,0,0,0,0,0,172916.69,175555.28,1.8131946743702523,1
2025-02-07,172514.05,173244.12,172456.65,172515.18,131306,32989,172428.81,226522.78,SILVER,2025-03-09,168330.58399999997,167545.77250000002,166982.884,161408.131,169026.51661580545,167911.34875199906,63.514087694725234,1115.1678638063895,471.07538654435814,644.0924772620314,172247.576263696,162843.96873630403,167545.77250000002,9403.607527391985,1.0284575611566593,787.4700000000012,815.3099999999977,27.839999999996508,815.3099999999977,2071.279285714288,0.050090237240518753,1.1300000000046566,728.9400000000023,57.39999999999418,787.4700000000012,0.4564641789783375,0.07432664101489422,6442.229999999981,6776.440000000002,2.9659999329436806,3.313091657945016,94758.1,66481.72,60.49331410272081,10.355648292142357,1.3856968428028844,0,131306,4027.0,13.904426489883303,30887.45,515.8,1,0,0,0,1,0,0,0,173244.12,176187.22,2.128531529805092,1
2025-02-10,172480.9,174517.66,172126.72,173975.08,85457,28363,172515.18,148673.89,SILVER,2025-03-12,168997.447,167910.81250000003,167070.9856,161504.0564,169787.83405952767,168360.51402962877,62.415238673379285,1427.3200298988959,662.3243152152656,764.9957146836302,173396.0935746666,162425.53142533347,167910.81250000003,10970.562149333127,1.0527763680157984,2390.9400000000023,2002.4800000000105,388.45999999999185,2390.9400000000023,2076.6300000000024,0.8462443710750556,1494.179999999993,542.5800000000163,354.179999999993,2390.9400000000023,1.374300273349495,0.7730683329569058,6498.0199999999895,6668.629999999976,3.611600354801426,4.132431717694955,95716.55,67667.2,-34.917673221330325,9.986969801504618,0.892813207329349,0,85457,-4626.0,-14.022856103549664,30722.05,-344.2,0,0,0,0,0,0,0,0,174517.66,175812.06,1.0558868546001017,1
2025-02-11,174106.87,174882.55,172260.0,172576.83,131527,29499,173975.08,226985.13,SILVER,2025-03-13,169614.69300000003,168282.03,167092.4022,161588.72555,170216.91035806187,168672.83373113777,62.718167010341055,1544.0766269240994,838.6747775570325,705.4018493670669,173982.01592255096,162582.04407744904,168282.03,11399.971845101914,0.8767377725450508,2622.5499999999884,907.4700000000012,1715.0799999999872,2622.5499999999884,2139.530714285716,-0.8037070596547458,1530.0400000000081,775.679999999993,316.8299999999872,2622.5499999999884,1.5196420052448458,0.12080989876265032,1653.6599999999744,6172.459999999992,2.5521441594209366,3.2822724000552883,98805.25,69562.76,53.910153644522985,10.398044899385345,1.3311742037998993,0,0,1136.0,4.005218065789928,30683.85,-121.0,0,0,0,0,1,0,0,0,174882.55,177690.9,2.963358406803513,1
2025-02-12,172919.37,174820.17,172780.91,174451.08,90781,28518,172576.83,158368.43,SILVER,2025-03-14,170565.72699999998,168727.476,167181.9038,161684.82095,170868.3210722062,169100.8519732757,69.30941144718314,1767.46909893048,1024.433641831722,743.0354570987579,174898.86303533203,162556.08896466796,168727.476,12342.774070664076,0.9637210376882517,2039.2600000000093,2243.3400000000256,204.0800000000163,2243.3400000000256,2200.6607142857183,1.086038027236902,1531.7099999999919,369.0900000000256,138.45999999999185,2039.2600000000093,1.1689580826900066,0.8190078754057727,4276.919999999984,9510.339999999997,3.392218111530331,4.348064015765794,99519.8,70640.64,-30.97919058444274,11.454628958083122,0.9121903380030908,0,90781,-981.0,-3.32553645886301,30505.1,-403.2,0,0,0,0,0,0,0,0,174882.55,179370.2,2.819770447967433,1
2025-02-13,174621.63,175580.99,174369.22,175555.28,126632,30395,174451.08,222309.16,SILVER,2025-03-15,171614.96,169218.481,167345.1494,161777.50235,171589.39167648216,169578.95775303306,76.04895958493779,2010.4339234491054,1221.6336981551988,788.8002252939066,175926.7153606026,162510.2466393974,169218.481,13416.468721205194,0.9723149683928729,1211.7699999999895,1129.9100000000035,81.85999999998603,1211.7699999999895,2137.1078571428598,0.6329568151713483,933.6499999999942,25.70999999999185,252.4100000000035,1211.7699999999895,0.6902498176073026,0.9787831024039281,3126.470000000001,10492.329999999987,3.744744050739942,4.906106110297574,101927.5,72897.76,39.49174386710877,11.98473342344597,1.242373255500233,0,126632,1877.0,6.581807980924337,30386.7,286.6,1,0,1,0,1,0,0,0,175580.99,180112.65,2.595974327858436,1
2025-02-14,175211.47,176633.62,174522.57,176187.22,89144,30720,175555.28,157060.34,SILVER,2025-03-16,172626.387,169687.81650000002,167591.2538,161862.22345000002,172296.7498801003,170068.45866021578,74.79732457832836,2228.2912198845297,1422.965202501065,805.3260173834647,176972.45299906583,162403.1800009342,169687.81650000002,14569.272998131637,0.9461034878564956,2111.0499999999884,1078.3399999999965,1032.7099999999919,2111.0499999999884,2127.267857142859,0.35996638779534074,975.75,446.3999999999942,688.8999999999942,2111.0499999999884,1.1981856572797893,0.7885412472466324,3672.040000000008,10114.26999999999,3.830212229762521,5.129125777803564,103248.65,74280.22,-29.603891591382904,6.641449889361027,0.8633914341737157,0,89144,325.0,1.0692548116466583,30280.9,-453.8,1,0,1,0,1,0,0,0,176633.62,178531.09,1.3303291805160415,1
2025-02-17,176473.14,177156.43,175416.43,175812.06,91916,30515,176187.22,161599.42,SILVER,2025-03-19,173459.887,170105.8345,167809.715,161956.21875,172837.56682162333,170493.91061131092,77.06502782829936,2343.656210312416,1607.1034040633353,736.5528062490807,177798.2712895522,162413.39771044778,170105.8345,15384.873579104431,0.8708984328444619,1740.0,969.2099999999919,770.7900000000081,1740.0,2125.5242857142875,-0.2129325838729934,661.0800000000163,683.289999999979,395.63000000000466,1740.0,0.9896931985211935,0.22737356321839347,1836.9800000000105,8335.0,3.354514862334131,4.768701859722484,102706.8,75932.0,3.109575518262586,12.200331830758683,0.8949358757161161,0,0,-205.0,-0.667317708333337,30398.2,430.4,0,0,1,0,0,0,0,0,177156.43,180660.69,2.7578483523826547,1
2025-02-18,175917.24,178036.79,175682.66,177690.9,77335,31599,175812.06,137417.26,SILVER,2025-03-20,174136.66,170517.4135,168107.21300000002,162053.96325,173584.23346445052,171027.020936399,85.82511941556612,2557.2125280515174,1797.125228860972,760.0872991905455,178912.923766825,162121.903233175,170517.4135,16791.020533650008,0.9272215905890884,2354.1300000000047,2224.7300000000105,129.39999999999418,2354.1300000000047,2125.660000000001,1.0686638902928536,1773.6600000000035,345.89000000001397,234.5799999999872,2354.1300000000047,1.3248455604648324,0.8530709858843762,5114.070000000007,6767.729999999981,4.206893802080805,5.70093741307815,102032.6,77226.42,-15.863397014665559,9.775407231234265,0.7579440296532677,0,77335,1084.0,3.552351302638046,30491.2,420.0,1,0,1,0,1,0,0,0,178036.79,181560.8,2.1778830542250582,1
2025-02-19,177790.88,179565.44,177030.19,179370.2,73119,29965,177690.9,131153.69,SILVER,2025-03-21,175056.264,171087.26200000002,168518.337,162153.45425,174474.38216222735,171645.03420036944,86.96564557109848,2829.347961857915,2003.5697754603607,825.7781863975542,180266.25664642357,161908.26735357646,171087.26200000002,18357.98929284711,0.9511898262860032,2535.25,1874.5400000000081,660.7099999999919,2535.25,2246.2092857142875,0.9450680929636857,1579.320000000007,195.2399999999907,760.6900000000023,2535.25,1.413417613405125,0.9229898432107324,4919.120000000024,9196.040000000008,4.841352829645491,6.43957399128619,99146.55,78563.9,-5.4516066464084805,0.5218834925986531,0.7374840576903583,0,73119,-1634.0,-5.1710497167631875,30355.4,289.4,0,0,1,0,0,0,0,0,179565.44,183943.26,2.549509338786486,1
2025-02-20,179683.59,180830.74,179221.88,180112.65,115823,31349,179370.2,208611.87,SILVER,2025-03-22,175824.648,171738.794,168929.23,162259.2525,175341.80798342315,172272.26500034207,86.78291433799289,3069.5429830810754,2216.764416984504,852.7785660965715,181548.90622578817,161928.68177421181,171738.794,19620.22445157636,0.9267971562031347,1608.859999999986,1460.539999999979,148.32000000000698,1608.859999999986,2214.5392857142847,0.4139204840045707,429.0599999999977,718.0899999999965,461.70999999999185,1608.859999999986,0.893252084181753,0.5536653282448425,4557.369999999995,7683.8399999999965,4.875925703775468,6.620180533587932,100958.35,80573.26,58.40342455449337,9.859245262887828,1.1472354688839506,0,115823,1384.0,4.618721842149176,30382.9,190.8,1,0,1,0,1,0,0,0,180830.74,185187.97,2.8178587123114376,1
2025-02-21,180359.86,180484.47,177771.06,178531.09,74680,28174,180112.65,133327.02,SILVER,2025-03-23,176426.239,172378.4115,169213.7318,162344.13295,175832.4667552042,172735.88166698342,78.69389403690893,3096.585088220774,2392.728551231758,703.8565369890161,182209.45106557713,162547.37193442284,172378.4115,19662.079131154285,0.8129210527004328,2713.4100000000035,371.820000000007,2341.5899999999965,2713.4100000000035,2222.778571428571,-0.8780949033840746,1828.7699999999895,124.61000000001513,760.0299999999988,2713.4100000000035,1.519852928697183,0.28010142219568657,2343.8699999999953,6015.9100000000035,3.5692859949576743,5.506266010971568,98168.2,81300.76,-35.522305586973225,0.25768329391842426,0.7607351464119746,0,0,-3175.0,-10.12791476602124,30190.55,-509.2,0,0,1,0,0,0,0,0,180830.74,185617.31,3.969179821845036,1
2025-02-24,178820.38,180697.74,178464.71,180660.69,130340,31986,178531.09,235473.14,SILVER,2025-03-26,177094.8,173046.1235,169540.38559999998,162440.9114,176575.27033132664,173322.90450646615,77.13084297550131,3252.3658248604916,2564.656005957505,687.7098189029866,183234.23749684048,162858.0095031595,173046.1235,20376.22799368098,0.873698532542992,2233.029999999999,2166.649999999994,66.38000000000466,2233.029999999999,2062.047142857141,1.1928454590178106,1840.3099999999977,37.04999999998836,355.6700000000128,2233.029999999999,1.2360353544536993,0.9834081942472835,4848.630000000005,6685.610000000015,4.400310360029542,6.559088774421204,100198.6,83213.28,74.53133369041242,11.202583985092698,1.3008165782755448,0,130340,3812.0,13.530205153687792,30240.65,294.2,1,0,1,0,1,0,0,0,180830.74,185065.56821715937,2.4382051331473176,1
2025-02-25,180542.03,181810.21,180417.74,181560.8,100706,29551,180660.69,182842.62,SILVER,2025-03-27,177993.197,173803.945,169852.0816,162540.8454,177342.2748957379,173933.11898746865,81.46075114745436,3409.1559082692547,2733.555986419855,675.5999218493998,184165.20762563517,163442.68237436484,173803.945,20722.52525127033,0.8743199685339735,1392.4700000000012,1149.5199999999895,242.95000000001164,1392.4700000000012,2060.9192857142853,0.4982323492730867,1018.7699999999895,249.4100000000035,124.29000000000815,1392.4700000000012,0.7669441861899712,0.820886625923716,3869.899999999994,8983.970000000001,4.462991331986153,6.893479485034455,98513.0,84783.44,-22.735921436243668,3.5379764770160333,1.02226102138804,0,100706,-2435.0,-7.61270555868192,30226.15,-409.6,0,0,1,0,0,0,0,0,181810.21,,,0
2025-02-26,181846.33,184345.76,181604.94,183943.26,95337,29369,181560.8,175365.99,SILVER,2025-03-28,178942.415,174754.071,170207.5868,162654.1567,178357.81106562438,174674.61091432284,81.59076929323835,3683.200151301542,2923.4848193961925,759.7153319053496,185178.07561149527,164330.06638850473,174754.071,20848.009222990542,0.9407705743849374,2740.820000000007,2784.960000000021,44.14000000001397,2784.960000000021,2054.076428571429,1.3122105652762173,2096.930000000022,402.5,241.38999999998487,2740.820000000007,1.490035568576966,0.8531461387467988,4573.059999999998,9492.180000000022,5.258354753864368,8.069953553915271,99351.15,86561.88,-5.331360594204915,6.102759476039815,0.959596340857655,0,95337,-182.0,-0.6158844032350896,30100.45,-119.2,0,0,1,0,0,0,0,0,184345.76,,,0
2025-02-27,184208.83,186107.81,184208.82,185187.97,96566,30501,183943.26,178828.62,SILVER,2025-03-29,179905.684,175760.322,170591.14620000002,162773.38155,179408.604747836,175453.37825400263,82.69093156639957,3955.226493833383,3129.833154283631,825.393339549752,186130.64395889375,165390.00004110622,175760.322,20740.64391778753,0.954549436235907,1898.9899999999907,2164.5499999999884,265.5599999999977,2164.5499999999884,2150.450714285714,0.6766814940650567,979.140000000014,919.8399999999965,0.009999999980209395,1898.9899999999907,1.0254391794456146,0.5156161959778613,5075.320000000007,9632.690000000002,5.363922808470968,8.556612769860141,98907.5,88360.16,1.2891112579586084,2.2824962151248,0.9763263655435634,0,96566,1132.0,3.854404303857817,30179.35,-169.6,1,0,1,0,1,0,0,0,186107.81,,,0
2025-02-28,185298.84,185910.45,184935.55,185617.31,92534,31535,185187.97,171759.12,SILVER,2025-03-30,180848.69300000003,176737.54,170946.85239999997,162904.83310000002,180363.79017124587,176206.26208703947,81.71894658778771,4157.528084206395,3335.3721402681836,822.1559439382113,186946.38991767925,166528.69008232077,176737.54,20417.69983535848,0.9349055021674083,974.9000000000233,722.4800000000105,252.4200000000128,974.9000000000233,2049.305000000001,0.23184011358836631,318.47000000000116,293.14000000001397,363.29000000000815,974.9000000000233,0.5252204118247502,0.6993127500256365,7086.220000000001,9430.089999999997,5.024269320485048,8.581882259915789,97006.0,89701.92,-4.175382639852532,4.825347110277837,0.9538997587778075,0,92534,1034.0,3.3900527851545847,30235.6,672.2,1,0,1,0,1,0,0,0,186107.81,,,0
2025-03-03,185550.2255247845,185683.766665173,184960.48947712095,185065.56821715937,86147,248248,185617.31,159428.43505203628,SILVER,2025-04-02,181774.04382171592,177616.96541085799,171302.1637643432,163046.6259410858,181087.14063984796,176862.50698556687,85.67056867681819,4224.63365428109,3513.224443070765,711.4092112103244,187491.75747676438,167742.1733449516,177616.96541085799,19749.584131812793,0.8771523874420782,723.277188052045,66.45666517299833,656.8205228790466,723.277188052045,1913.642656289434,-0.29724694471686686,484.65730762513704,133.54114038849366,105.07874003841425,723.277188052045,0.3908221259199,0.1452814242924154,4404.878217159363,9253.508217159368,4.193632510876146,8.034577118214457,98211.1,90237.86,-6.90232779302743,3.8241567791488356,0.8771615428398623,0,0,216713.0,687.2142064372919,41143.8,43252.4,0,0,1,0,1,0,0,0,186107.81,,,0
