trade_date,open,high,low,close,volume_lots,open_interest,prev_close,value_lakh,symbol,expiry_date
2020-01-01,68173.0,68440.0,67485.0,68000.0,15559,19471,68000.0,317403.6,SILVER,2020-02-05
2020-01-02,68501.0,68548.0,68248.0,68412.0,25157,16163,68000.0,516312.21,SILVER,2020-02-05
2020-01-03,68163.0,68860.0,67792.0,68319.0,11618,73087,68412.0,238119.04,SILVER,2020-02-05
2020-01-06,68826.0,69292.0,68664.0,68853.0,11780,72071,68319.0,243326.5,SILVER,2020-02-05
2020-01-07,70103.0,70943.0,69511.0,70104.0,32050,26065,68853.0,674049.96,SILVER,2020-02-05
2020-01-08,70014.0,70345.0,69436.0,69930.0,13015,58348,70104.0,273041.68,SILVER,2020-02-05
2020-01-09,69850.0,70105.0,69340.0,69757.0,8130,29154,69930.0,170137.32,SILVER,2020-02-05
2020-01-10,70966.0,71814.0,70686.0,71070.0,33083,30229,69757.0,705362.64,SILVER,2020-02-05
2020-01-13,71738.0,72375.0,71186.0,71726.0,21480,62587,71070.0,462202.34,SILVER,2020-02-05
2020-01-14,71417.0,71932.0,70702.0,71352.0,16528,59713,71726.0,353791.76,SILVER,2020-02-05
2020-01-15,72031.0,72097.0,71570.0,71822.0,10914,36997,71352.0,235159.59,SILVER,2020-02-05
2020-01-16,71553.0,71573.0,71280.0,71453.0,16179,31101,71822.0,346811.43,SILVER,2020-02-05
2020-01-17,71195.0,71195.0,70899.0,71083.0,25472,50391,71453.0,543187.85,SILVER,2020-02-05
2020-01-20,71313.0,71516.0,70899.0,71301.0,17076,69405,71083.0,365260.76,SILVER,2020-02-05
2020-01-21,69943.0,69943.0,69436.0,69746.0,29783,44948,71301.0,623173.54,SILVER,2020-02-05
2020-01-22,68431.0,68538.0,68154.0,68375.0,18824,63031,69746.0,386127.3,SILVER,2020-02-05
2020-01-23,67828.0,68496.0,67555.0,67945.0,9299,47921,68375.0,189546.17,SILVER,2020-02-05
2020-01-24,67354.0,67484.0,66548.0,67165.0,13118,38460,67945.0,264321.14,SILVER,2020-02-05
2020-01-27,67523.0,67826.0,67115.0,67428.0,15756,31071,67165.0,318718.67,SILVER,2020-02-05
2020-01-28,66676.0,67324.0,66087.0,66735.0,12953,76118,67428.0,259325.54,SILVER,2020-02-05
2020-01-29,65600.0,66034.0,65328.0,65663.0,20185,58282,66735.0,397622.3,SILVER,2020-02-05
2020-01-30,66850.0,66865.0,66757.0,66811.0,19674,68445,65663.0,394331.88,SILVER,2020-02-05
2020-01-31,66714.0,66881.0,66490.0,66652.0,38927,64816,66811.0,778368.72,SILVER,2020-02-05
2020-02-03,66748.0,67078.0,66243.0,66721.0,5386,13060,66652.0,107807.79,SILVER,2020-02-05
2020-02-04,65680.0,65808.0,65531.0,65639.0,31617,23731,66721.0,622592.48,SILVER,2020-02-05
2020-02-05,65463.0,65810.0,64625.0,65241.0,12192,30719,65639.0,238625.48,SILVER,2020-02-05
2020-02-06,65482.0,66249.0,64496.0,65342.0,15745,57042,65241.0,308642.94,SILVER,2020-02-05
2020-02-07,64512.0,65070.0,64035.0,64488.0,35020,59116,65342.0,677510.93,SILVER,2020-02-05
2020-02-10,64909.0,65037.0,64622.0,64787.0,26159,36325,64488.0,508428.94,SILVER,2020-02-05
2020-02-11,64219.0,65029.0,63627.0,64352.0,8409,32597,64787.0,162340.79,SILVER,2020-02-05
2020-02-12,64201.0,64342.0,63864.0,64150.0,30745,77439,64352.0,591687.52,SILVER,2020-02-05
2020-02-13,63949.0,64112.0,63359.0,63718.0,34455,24551,64150.0,658621.11,SILVER,2020-02-05
2020-02-14,65097.0,65264.0,64905.0,65126.0,34166,34278,63718.0,667528.47,SILVER,2020-02-05
2020-02-17,65022.0,65366.0,64849.0,65132.0,33072,25141,65126.0,646213.65,SILVER,2020-02-05
2020-02-18,64267.0,64712.0,64000.0,64351.0,17109,77913,65132.0,330294.38,SILVER,2020-02-05
2020-02-19,64845.0,65392.0,64667.0,64987.0,7484,43615,64351.0,145908.81,SILVER,2020-02-05
2020-02-20,63985.0,64404.0,63748.0,64085.0,39622,72751,64987.0,761752.76,SILVER,2020-02-05
2020-02-21,64211.0,64583.0,63968.0,64258.0,18992,37452,64085.0,366116.38,SILVER,2020-02-05
2020-02-24,62647.0,63374.0,62482.0,62824.0,22457,32725,64258.0,423251.57,SILVER,2020-02-05
2020-02-25,61877.0,62300.0,61347.0,61875.0,55100,60391,62824.0,1022793.75,SILVER,2020-02-05
2020-02-26,62145.0,62698.0,61399.0,62033.0,88885,21698,61875.0,1654140.96,SILVER,2020-02-05
2020-02-27,62472.0,62632.0,62472.0,62586.0,82290,12365,62033.0,1545060.58,SILVER,2020-02-05
2020-02-28,62918.0,62918.0,62635.0,62727.0,78430,53372,62586.0,1475903.58,SILVER,2020-02-05
2020-03-02,62723.0,63316.0,62093.0,62659.0,34048,54134,62727.0,640024.09,SILVER,2020-04-05
2020-03-03,62585.0,62585.0,62379.0,62456.0,24669,47823,62659.0,462218.12,SILVER,2020-04-05
2020-03-04,61324.0,61667.0,61190.0,61405.0,14777,11949,62456.0,272214.51,SILVER,2020-04-05
2020-03-05,61012.0,61012.0,60716.0,60908.0,25968,59396,61405.0,474497.68,SILVER,2020-04-05
2020-03-06,60466.0,60695.0,60466.0,60598.0,16292,41912,60908.0,296178.78,SILVER,2020-04-05
2020-03-09,61475.0,61787.0,60927.0,61366.0,18923,66947,60598.0,348368.65,SILVER,2020-04-05
2020-03-10,61650.0,62135.0,61116.0,61628.0,32703,54387,61366.0,604626.15,SILVER,2020-04-05
2020-03-11,60458.0,60541.0,60281.0,60391.0,23657,73965,61628.0,428600.97,SILVER,2020-04-05
2020-03-12,60493.0,60700.0,60493.0,60636.0,8629,26508,60391.0,156968.41,SILVER,2020-04-05
2020-03-13,60272.0,60496.0,60150.0,60380.0,7114,55592,60636.0,128863.0,SILVER,2020-04-05
2020-03-16,59993.0,60223.0,59531.0,59922.0,39445,11919,60380.0,709086.99,SILVER,2020-04-05
2020-03-17,60252.0,60454.0,60252.0,60367.0,30574,52595,59922.0,553698.2,SILVER,2020-04-05
2020-03-18,61169.0,61593.0,60922.0,61113.0,37349,19617,60367.0,684752.83,SILVER,2020-04-05
2020-03-19,61627.0,62172.0,61582.0,61796.0,27257,43298,61113.0,505312.07,SILVER,2020-04-05
2020-03-20,61314.0,61593.0,60601.0,61211.0,22973,16929,61796.0,421860.09,SILVER,2020-04-05
2020-03-23,60856.0,61507.0,60704.0,61007.0,30737,24456,61211.0,562551.65,SILVER,2020-04-05
2020-03-24,61327.0,61461.0,61101.0,61259.0,17047,47924,61007.0,313284.65,SILVER,2020-04-05
2020-03-25,62053.0,62729.0,61709.0,61976.0,27113,34240,61259.0,504106.59,SILVER,2020-04-05
2020-03-26,61561.0,61951.0,61499.0,61647.0,5694,19228,61976.0,105305.41,SILVER,2020-04-05
2020-03-27,61602.0,61764.0,61141.0,61530.0,20588,31686,61647.0,380033.89,SILVER,2020-04-05
2020-03-30,60789.0,60845.0,60582.0,60758.0,25067,21920,61530.0,456906.24,SILVER,2020-04-05
2020-03-31,59868.0,60234.0,59688.0,59933.0,11704,17432,60758.0,210436.75,SILVER,2020-04-05
2020-04-01,60397.0,60623.0,60392.0,60519.0,6971,73575,59933.0,126563.38,SILVER,2020-04-05
2020-04-02,61258.0,61730.0,61130.0,61500.0,16441,43910,60519.0,303336.45,SILVER,2020-04-05
2020-04-03,61507.0,62078.0,61083.0,61464.0,36476,40226,61500.0,672588.26,SILVER,2020-04-05
2020-04-06,62009.0,62312.0,62009.0,62204.0,19677,69099,61464.0,367196.43,SILVER,2020-04-05
2020-04-07,62495.0,62573.0,62405.0,62483.0,32818,28013,62204.0,615170.13,SILVER,2020-04-05
2020-04-08,61999.0,62390.0,61600.0,62031.0,6868,31446,62483.0,127808.67,SILVER,2020-04-05
2020-04-09,62394.0,62562.0,62098.0,62310.0,23055,72509,62031.0,430967.12,SILVER,2020-04-05
2020-04-10,63415.0,63700.0,63199.0,63453.0,6728,10557,62310.0,128073.54,SILVER,2020-04-05
2020-04-13,63401.0,64198.0,62860.0,63443.0,12632,40666,63453.0,240423.59,SILVER,2020-04-05
2020-04-14,64722.0,64919.0,64311.0,64628.0,17043,47389,63443.0,330436.5,SILVER,2020-04-05
2020-04-15,62743.0,63608.0,62132.0,62701.0,11403,57700,64628.0,214493.85,SILVER,2020-04-05
2020-04-16,63361.0,63886.0,63082.0,63321.0,20732,34578,62701.0,393831.29,SILVER,2020-04-05
2020-04-17,63461.0,63675.0,63213.0,63401.0,23526,19596,63321.0,447471.58,SILVER,2020-04-05
2020-04-20,63003.0,63654.0,62161.0,63197.0,14340,67500,63401.0,271873.49,SILVER,2020-04-05
2020-04-21,63377.0,63552.0,63028.0,63282.0,68485,20129,63197.0,1300160.33,SILVER,2020-04-05
2020-04-22,61925.0,62348.0,61308.0,61849.0,95052,73394,63282.0,1763661.34,SILVER,2020-04-05
2020-04-23,61582.0,62117.0,61534.0,61707.0,22755,76046,61849.0,421242.84,SILVER,2020-04-05
2020-04-24,61951.0,62507.0,61438.0,61981.0,60397,21596,61707.0,1123039.94,SILVER,2020-04-05
2020-04-27,63069.0,63676.0,62781.0,63074.0,28030,75355,61981.0,530389.27,SILVER,2020-04-05
2020-04-28,62694.0,62983.0,62355.0,62711.0,92060,22974,63074.0,1731952.4,SILVER,2020-04-05
2020-04-29,62181.0,62345.0,61847.0,62139.0,41312,76673,62711.0,770125.91,SILVER,2020-04-05
2020-04-30,61970.0,62060.0,61199.0,61793.0,84400,31818,62139.0,1564598.76,SILVER,2020-04-05
2020-05-01,62608.0,62758.0,62248.0,62473.0,32457,53246,61793.0,608305.85,SILVER,2020-06-05
2020-05-04,62564.0,63162.0,62104.0,62729.0,15532,65598,62473.0,292292.05,SILVER,2020-06-05
2020-05-05,62437.0,62551.0,61847.0,62359.0,18518,12654,62729.0,346429.19,SILVER,2020-06-05
2020-05-06,62917.0,62998.0,62433.0,62750.0,11476,43758,62359.0,216035.7,SILVER,2020-06-05
2020-05-07,62886.0,63255.0,62648.0,62837.0,24743,34204,62750.0,466432.77,SILVER,2020-06-05
2020-05-08,63706.0,63706.0,63464.0,63568.0,6004,44928,62837.0,114498.68,SILVER,2020-06-05
2020-05-11,63320.0,63320.0,62945.0,63066.0,8271,63609,63568.0,156485.67,SILVER,2020-06-05
2020-05-12,62971.0,63398.0,62336.0,62842.0,5209,40552,63066.0,98203.19,SILVER,2020-06-05
2020-05-13,62603.0,62755.0,62364.0,62572.0,30463,20336,62842.0,571839.25,SILVER,2020-06-05
2020-05-14,61659.0,61754.0,61364.0,61530.0,10539,57037,62572.0,194539.4,SILVER,2020-06-05
2020-05-15,61777.0,62352.0,61415.0,61759.0,24977,26206,61530.0,462766.36,SILVER,2020-06-05
2020-05-18,61967.0,62479.0,61636.0,61964.0,13606,44831,61759.0,252924.66,SILVER,2020-06-05
2020-05-19,61941.0,62341.0,61544.0,61984.0,39052,53563,61964.0,726179.75,SILVER,2020-06-05
2020-05-20,62025.0,62436.0,61178.0,61831.0,8148,28361,61984.0,151139.7,SILVER,2020-06-05
2020-05-21,60736.0,60935.0,60605.0,60836.0,38536,51335,61831.0,703312.83,SILVER,2020-06-05
2020-05-22,60740.0,60740.0,60480.0,60555.0,10607,35816,60836.0,192692.07,SILVER,2020-06-05
2020-05-25,60390.0,60782.0,59523.0,60330.0,24586,25619,60555.0,444982.01,SILVER,2020-06-05
2020-05-26,59617.0,60163.0,59408.0,59784.0,34250,36819,60330.0,614280.6,SILVER,2020-06-05
2020-05-27,59732.0,59817.0,59502.0,59688.0,23594,21741,59784.0,422483.6,SILVER,2020-06-05
2020-05-28,59734.0,60535.0,59725.0,59986.0,12399,18798,59688.0,223129.92,SILVER,2020-06-05
2020-05-29,61413.0,61849.0,60822.0,61336.0,30117,35143,59986.0,554176.89,SILVER,2020-06-05
2020-06-01,61586.0,61863.0,60946.0,61477.0,38126,59695,61336.0,703161.63,SILVER,2020-06-05
2020-06-02,61605.0,62048.0,60674.0,61678.0,38617,42747,61477.0,714545.8,SILVER,2020-06-05
2020-06-03,61657.0,61969.0,61333.0,61641.0,12498,31182,61678.0,231116.77,SILVER,2020-06-05
2020-06-04,60530.0,60762.0,59786.0,60294.0,14628,19415,61641.0,264594.19,SILVER,2020-06-05
2020-06-05,60231.0,60654.0,59959.0,60292.0,5329,21085,60294.0,96388.82,SILVER,2020-06-05
2020-06-08,60223.0,60606.0,60176.0,60351.0,12032,25008,60292.0,217842.97,SILVER,2020-06-05
2020-06-09,62309.0,62685.0,61710.0,62125.0,25622,28452,60351.0,477530.02,SILVER,2020-06-05
2020-06-10,62246.0,62376.0,61616.0,62002.0,33584,74075,62125.0,624682.55,SILVER,2020-06-05
2020-06-11,62237.0,62460.0,61769.0,62237.0,9722,18120,62002.0,181520.43,SILVER,2020-06-05
2020-06-12,62354.0,62515.0,61701.0,62228.0,22772,74385,62237.0,425116.8,SILVER,2020-06-05
2020-06-15,61568.0,61759.0,61074.0,61403.0,25569,28170,62228.0,471003.99,SILVER,2020-06-05
2020-06-16,62150.0,62378.0,62100.0,62243.0,8235,26259,61403.0,153771.33,SILVER,2020-06-05
2020-06-17,62746.0,62912.0,62640.0,62807.0,9576,32099,62243.0,180431.95,SILVER,2020-06-05
2020-06-18,63562.0,63562.0,63360.0,63406.0,31707,19649,62807.0,603124.21,SILVER,2020-06-05
2020-06-19,62965.0,63607.0,62154.0,62754.0,38868,69258,63406.0,731736.74,SILVER,2020-06-05
2020-06-22,63877.0,63884.0,63616.0,63805.0,88212,51037,62754.0,1688510.0,SILVER,2020-06-05
2020-06-23,62677.0,63102.0,62437.0,62788.0,72885,21805,63805.0,1372891.01,SILVER,2020-06-05
2020-06-24,63487.0,63487.0,62802.0,63235.0,62635,53147,62788.0,1188217.27,SILVER,2020-06-05
2020-06-25,64818.0,65082.0,64591.0,64887.0,55412,56053,63235.0,1078655.53,SILVER,2020-06-05
2020-06-26,64116.0,64403.0,63691.0,64159.0,48597,20985,64887.0,935380.48,SILVER,2020-06-05
2020-06-29,63798.0,64399.0,63367.0,63754.0,68787,22391,64159.0,1315633.92,SILVER,2020-06-05
2020-06-30,64043.0,64043.0,63625.0,63845.0,79905,14861,63754.0,1530460.42,SILVER,2020-06-05
2020-07-01,63596.0,63642.0,63069.0,63488.0,24464,73582,63845.0,465951.13,SILVER,2020-08-05
2020-07-02,62419.0,62713.0,61924.0,62367.0,35413,61928,63488.0,662580.77,SILVER,2020-08-05
2020-07-03,62492.0,62823.0,62033.0,62434.0,38270,44364,62367.0,716804.75,SILVER,2020-08-05
2020-07-06,61687.0,62113.0,61288.0,61682.0,25269,52923,62434.0,467592.74,SILVER,2020-08-05
2020-07-07,62109.0,62408.0,61477.0,62040.0,36541,17919,61682.0,680101.09,SILVER,2020-08-05
2020-07-08,61085.0,61616.0,61085.0,61395.0,13009,65896,62040.0,239606.27,SILVER,2020-08-05
2020-07-09,62494.0,62940.0,61917.0,62531.0,22007,57396,61395.0,412835.92,SILVER,2020-08-05
2020-07-10,62009.0,62533.0,61562.0,61979.0,31462,44840,62531.0,584994.99,SILVER,2020-08-05
2020-07-13,61621.0,62141.0,61483.0,61764.0,16542,52255,61979.0,306510.03,SILVER,2020-08-05
2020-07-14,62417.0,62462.0,62253.0,62369.0,22434,18176,61764.0,419755.84,SILVER,2020-08-05
2020-07-15,61472.0,61804.0,60931.0,61497.0,34765,43529,62369.0,641382.96,SILVER,2020-08-05
2020-07-16,61893.0,61893.0,61566.0,61677.0,28769,66406,61497.0,532315.68,SILVER,2020-08-05
2020-07-17,62837.0,62845.0,62439.0,62640.0,27465,22941,61677.0,516122.28,SILVER,2020-08-05
2020-07-20,61437.0,61729.0,60922.0,61494.0,26868,11669,62640.0,495666.24,SILVER,2020-08-05
2020-07-21,61624.0,62311.0,61182.0,61643.0,25156,54859,61494.0,465207.39,SILVER,2020-08-05
2020-07-22,61837.0,62335.0,61627.0,61846.0,25300,65786,61643.0,469411.14,SILVER,2020-08-05
2020-07-23,62373.0,62994.0,62085.0,62429.0,18435,61083,61846.0,345263.58,SILVER,2020-08-05
2020-07-24,61576.0,62378.0,61033.0,61552.0,9114,50076,62429.0,168295.48,SILVER,2020-08-05
2020-07-27,60536.0,61020.0,60117.0,60628.0,13095,30323,61552.0,238177.1,SILVER,2020-08-05
2020-07-28,60877.0,61903.0,60079.0,61015.0,8951,16021,60628.0,163843.58,SILVER,2020-08-05
2020-07-29,61319.0,61557.0,60832.0,61243.0,26468,49807,61015.0,486293.92,SILVER,2020-08-05
2020-07-30,61516.0,61530.0,61317.0,61438.0,32073,60355,61243.0,591150.29,SILVER,2020-08-05
2020-07-31,61604.0,62124.0,61278.0,61704.0,39341,54732,61438.0,728249.12,SILVER,2020-08-05
2020-08-03,61343.0,61605.0,61034.0,61233.0,7768,18711,61704.0,142697.38,SILVER,2020-08-05
2020-08-04,61338.0,62087.0,61025.0,61415.0,38979,73079,61233.0,718168.59,SILVER,2020-08-05
2020-08-05,61673.0,61970.0,61243.0,61642.0,30351,17904,61415.0,561268.9,SILVER,2020-08-05
2020-08-06,61248.0,61386.0,60961.0,61148.0,20445,74033,61642.0,375051.26,SILVER,2020-08-05
2020-08-07,62504.0,62692.0,62322.0,62508.0,6160,65096,61148.0,115514.78,SILVER,2020-08-05
2020-08-10,62929.0,63024.0,62494.0,62871.0,27361,13093,62508.0,516064.03,SILVER,2020-08-05
2020-08-11,61957.0,62204.0,61882.0,62021.0,12041,34918,62871.0,224038.46,SILVER,2020-08-05
2020-08-12,62490.0,62847.0,62261.0,62514.0,23767,72636,62021.0,445731.07,SILVER,2020-08-05
2020-08-13,61799.0,62290.0,61309.0,61825.0,15846,68806,62514.0,293903.68,SILVER,2020-08-05
2020-08-14,62318.0,63036.0,61533.0,62411.0,24924,19394,61825.0,466659.53,SILVER,2020-08-05
2020-08-17,63254.0,63564.0,62720.0,63276.0,18882,23280,62411.0,358433.23,SILVER,2020-08-05
2020-08-18,62496.0,62800.0,62496.0,62691.0,19738,46303,63276.0,371218.49,SILVER,2020-08-05
2020-08-19,63353.0,63971.0,62893.0,63415.0,26019,37453,62691.0,494998.47,SILVER,2020-08-05
2020-08-20,63702.0,64302.0,63173.0,63738.0,6095,70695,63415.0,116544.93,SILVER,2020-08-05
2020-08-21,64336.0,64605.0,64123.0,64369.0,47807,78449,63738.0,923186.63,SILVER,2020-08-05
2020-08-24,65793.0,66006.0,65638.0,65825.0,82830,35765,64369.0,1635685.42,SILVER,2020-08-05
2020-08-25,65646.0,65818.0,65448.0,65654.0,15197,12340,65825.0,299323.15,SILVER,2020-08-05
2020-08-26,65159.0,65405.0,64884.0,65097.0,86642,48057,65654.0,1692040.28,SILVER,2020-08-05
2020-08-27,64555.0,64827.0,64109.0,64442.0,93437,10597,65097.0,1806380.15,SILVER,2020-08-05
2020-08-28,63766.0,64196.0,63698.0,63849.0,74385,67988,64442.0,1424822.36,SILVER,2020-08-05
2020-08-31,63655.0,64028.0,63311.0,63809.0,90382,25025,63849.0,1730155.51,SILVER,2020-08-05
2020-09-01,63946.0,64302.0,63946.0,64080.0,23344,17145,63809.0,448765.06,SILVER,2020-10-05
2020-09-02,64241.0,64687.0,64016.0,64304.0,39241,65797,64080.0,757005.98,SILVER,2020-10-05
2020-09-03,64898.0,65441.0,64465.0,64944.0,9979,51723,64304.0,194422.85,SILVER,2020-10-05
2020-09-04,64871.0,65135.0,64557.0,64971.0,6212,14830,64944.0,121079.96,SILVER,2020-10-05
2020-09-07,65926.0,66795.0,65468.0,66098.0,14001,33930,64971.0,277631.43,SILVER,2020-10-05
2020-09-08,65851.0,66264.0,65766.0,65911.0,18248,33752,66098.0,360823.18,SILVER,2020-10-05
2020-09-09,68077.0,68406.0,67636.0,68052.0,38187,72040,65911.0,779610.52,SILVER,2020-10-05
2020-09-10,68649.0,69304.0,67853.0,68568.0,20608,77696,68052.0,423914.8,SILVER,2020-10-05
2020-09-11,67828.0,68023.0,67746.0,67903.0,36368,74648,68568.0,740848.89,SILVER,2020-10-05
2020-09-14,67023.0,67203.0,66998.0,67079.0,10283,65030,67903.0,206932.01,SILVER,2020-10-05
2020-09-15,67349.0,67574.0,67349.0,67474.0,30854,66815,67079.0,624552.84,SILVER,2020-10-05
2020-09-16,67312.0,67660.0,66495.0,67316.0,15715,45690,67474.0,317361.28,SILVER,2020-10-05
2020-09-17,67781.0,68099.0,67725.0,67896.0,21165,67923,67316.0,431105.65,SILVER,2020-10-05
2020-09-18,68367.0,68838.0,67379.0,68289.0,39108,46572,67896.0,801193.86,SILVER,2020-10-05
2020-09-21,68005.0,68616.0,68005.0,68249.0,31797,64030,68289.0,651034.04,SILVER,2020-10-05
2020-09-22,67547.0,68087.0,67402.0,67596.0,15584,77904,68249.0,316024.82,SILVER,2020-10-05
2020-09-23,66470.0,67158.0,65919.0,66430.0,19780,39203,67596.0,394195.62,SILVER,2020-10-05
2020-09-24,66127.0,66643.0,65588.0,66102.0,26573,15608,66430.0,526958.53,SILVER,2020-10-05
2020-09-25,67143.0,67248.0,65936.0,66783.0,38359,55667,66102.0,768518.73,SILVER,2020-10-05
2020-09-28,67014.0,67680.0,66138.0,66967.0,5526,65547,66783.0,111017.89,SILVER,2020-10-05
2020-09-29,65886.0,66524.0,65630.0,66019.0,12855,32485,66967.0,254602.27,SILVER,2020-10-05
2020-09-30,66157.0,66484.0,65574.0,66170.0,39060,19862,66019.0,775380.06,SILVER,2020-10-05
2020-10-01,66249.0,67025.0,66234.0,66485.0,34482,67560,66170.0,687760.73,SILVER,2020-10-05
2020-10-02,65810.0,65946.0,65562.0,65821.0,21571,38415,66485.0,425947.44,SILVER,2020-10-05
2020-10-05,65846.0,66121.0,65846.0,65956.0,36740,74523,65821.0,726967.03,SILVER,2020-10-05
2020-10-06,66139.0,66349.0,65515.0,66018.0,24142,29323,65956.0,478141.97,SILVER,2020-10-05
2020-10-07,65090.0,65354.0,64762.0,65161.0,30104,63214,66018.0,588482.02,SILVER,2020-10-05
2020-10-08,65436.0,65851.0,65143.0,65451.0,13625,27997,65161.0,267530.96,SILVER,2020-10-05
2020-10-09,65813.0,66214.0,65274.0,65897.0,20926,67003,65451.0,413688.19,SILVER,2020-10-05
2020-10-12,66984.0,67060.0,66157.0,66752.0,36218,13679,65897.0,725287.18,SILVER,2020-10-05
2020-10-13,67551.0,67844.0,67042.0,67594.0,31380,50308,66752.0,636329.92,SILVER,2020-10-05
2020-10-14,66779.0,67311.0,65794.0,66535.0,25566,49842,67594.0,510310.14,SILVER,2020-10-05
2020-10-15,65936.0,65964.0,65615.0,65829.0,38205,75408,66535.0,754499.08,SILVER,2020-10-05
2020-10-16,66306.0,66575.0,65925.0,66242.0,34717,79532,65829.0,689917.05,SILVER,2020-10-05
2020-10-19,66707.0,66765.0,66527.0,66657.0,30135,63938,66242.0,602612.61,SILVER,2020-10-05
2020-10-20,67129.0,67129.0,66986.0,67076.0,33164,15695,66657.0,667352.54,SILVER,2020-10-05
2020-10-21,69904.0,70504.0,69904.0,70175.0,34882,68499,67076.0,734353.3,SILVER,2020-10-05
2020-10-22,70622.0,71124.0,70282.0,70661.0,21435,33382,70175.0,454385.56,SILVER,2020-10-05
2020-10-23,71742.0,72546.0,70979.0,71621.0,62922,24235,70661.0,1351960.97,SILVER,2020-10-05
2020-10-26,72432.0,72714.0,71879.0,72439.0,66510,72223,71621.0,1445375.37,SILVER,2020-10-05
2020-10-27,72805.0,73203.0,72805.0,73010.0,72835,12366,72439.0,1595305.0,SILVER,2020-10-05
2020-10-28,72752.0,73814.0,72271.0,72760.0,70505,37467,73010.0,1538983.14,SILVER,2020-10-05
2020-10-29,73675.0,73966.0,72816.0,73425.0,14210,69316,72760.0,313010.78,SILVER,2020-10-05
2020-10-30,72966.0,73447.0,72059.0,72785.0,32517,16764,73425.0,710024.95,SILVER,2020-10-05
2020-11-02,72593.0,72805.0,72309.0,72602.0,14255,71836,72785.0,310482.45,SILVER,2020-12-05
2020-11-03,72348.0,72498.0,72031.0,72211.0,37262,41923,72602.0,807217.88,SILVER,2020-12-05
2020-11-04,72245.0,72687.0,71921.0,72298.0,23093,26292,72211.0,500873.31,SILVER,2020-12-05
2020-11-05,74040.0,75173.0,73630.0,74293.0,10782,11614,72298.0,240308.14,SILVER,2020-12-05
2020-11-06,72577.0,73586.0,72136.0,72712.0,6234,30939,74293.0,135985.98,SILVER,2020-12-05
2020-11-09,73543.0,73890.0,72703.0,73314.0,39188,28800,72712.0,861908.71,SILVER,2020-12-05
2020-11-10,71927.0,72383.0,71770.0,71967.0,36996,66440,73314.0,798747.34,SILVER,2020-12-05
2020-11-11,71555.0,71714.0,71344.0,71590.0,34204,33246,71967.0,734599.31,SILVER,2020-12-05
2020-11-12,72479.0,72853.0,72280.0,72523.0,22152,62805,71590.0,481958.85,SILVER,2020-12-05
2020-11-13,72872.0,72872.0,72514.0,72595.0,30019,59648,72523.0,653768.79,SILVER,2020-12-05
2020-11-16,71940.0,72264.0,71495.0,71707.0,24488,66851,72595.0,526788.3,SILVER,2020-12-05
2020-11-17,71445.0,71631.0,70890.0,71130.0,24689,41688,71707.0,526838.57,SILVER,2020-12-05
2020-11-18,71691.0,71909.0,71341.0,71714.0,33506,39764,71130.0,720854.79,SILVER,2020-12-05
2020-11-19,71166.0,71246.0,71061.0,71124.0,22715,42470,71714.0,484674.5,SILVER,2020-12-05
2020-11-20,71105.0,71907.0,71066.0,71321.0,18765,48501,71124.0,401501.57,SILVER,2020-12-05
2020-11-23,71588.0,71588.0,71112.0,71377.0,26942,67207,71321.0,576911.74,SILVER,2020-12-05
2020-11-24,70690.0,70990.0,70690.0,70855.0,25478,72157,71377.0,541573.11,SILVER,2020-12-05
2020-11-25,72698.0,72792.0,72575.0,72666.0,27551,13216,70855.0,600606.29,SILVER,2020-12-05
2020-11-26,73063.0,73520.0,72723.0,73223.0,33072,32072,72666.0,726489.32,SILVER,2020-12-05
2020-11-27,71449.0,72600.0,70627.0,71533.0,7892,47132,73223.0,169361.53,SILVER,2020-12-05
2020-11-30,71587.0,72495.0,70719.0,71707.0,38966,27861,71533.0,838240.49,SILVER,2020-12-05
2020-12-01,71088.0,71527.0,70780.0,71174.0,29395,74186,71707.0,627647.92,SILVER,2021-02-05
2020-12-02,71825.0,72298.0,71590.0,71903.0,23756,14960,71174.0,512438.3,SILVER,2021-02-05
2020-12-03,71182.0,71657.0,71023.0,71260.0,27174,28781,71903.0,580925.77,SILVER,2021-02-05
2020-12-04,71301.0,71428.0,70941.0,71183.0,39651,41126,71260.0,846743.14,SILVER,2021-02-05
2020-12-07,71463.0,72019.0,71033.0,71621.0,5797,32578,71183.0,124556.08,SILVER,2021-02-05
2020-12-08,72397.0,73093.0,71677.0,72365.0,13209,27883,71621.0,286760.79,SILVER,2021-02-05
2020-12-09,71552.0,71771.0,70774.0,71378.0,26346,39782,72365.0,564157.44,SILVER,2021-02-05
2020-12-10,71046.0,71639.0,70868.0,71119.0,33024,66387,71378.0,704590.16,SILVER,2021-02-05
2020-12-11,70642.0,70974.0,70291.0,70744.0,34414,26979,71119.0,730375.2,SILVER,2021-02-05
2020-12-14,70193.0,70392.0,69970.0,70225.0,10947,43746,70744.0,230625.92,SILVER,2021-02-05
2020-12-15,71872.0,71982.0,71371.0,71703.0,14617,76266,70225.0,314424.83,SILVER,2021-02-05
2020-12-16,72089.0,72355.0,71852.0,72061.0,25704,10056,71703.0,555676.78,SILVER,2021-02-05
2020-12-17,70952.0,71516.0,70719.0,71027.0,33702,41457,72061.0,718125.59,SILVER,2021-02-05
2020-12-18,71879.0,72321.0,71434.0,71810.0,6892,12243,71027.0,148474.36,SILVER,2021-02-05
2020-12-21,73464.0,73915.0,73325.0,73626.0,86885,65031,71810.0,1919098.5,SILVER,2021-02-05
2020-12-22,74638.0,75015.0,74087.0,74536.0,21060,11701,73626.0,470918.45,SILVER,2021-02-05
2020-12-23,73306.0,73419.0,73070.0,73246.0,46045,66381,74536.0,1011783.62,SILVER,2021-02-05
2020-12-24,72807.0,73146.0,72276.0,72852.0,87215,60438,73246.0,1906136.15,SILVER,2021-02-05
2020-12-25,73830.0,74189.0,73830.0,73954.0,99457,76483,72852.0,2206572.89,SILVER,2021-02-05
2020-12-28,73235.0,73426.0,73235.0,73365.0,70142,30505,73954.0,1543790.35,SILVER,2021-02-05
2020-12-29,73843.0,74231.0,73291.0,73764.0,24582,16553,73365.0,543979.99,SILVER,2021-02-05
2020-12-30,74635.0,74924.0,73727.0,74452.0,37235,43525,73764.0,831666.07,SILVER,2021-02-05
2020-12-31,73576.0,73842.0,73321.0,73670.0,13912,54348,74452.0,307469.11,SILVER,2021-02-05
2021-01-01,73705.0,74069.0,73070.0,73637.0,23402,17273,73670.0,516975.92,SILVER,2021-02-05
2021-01-04,70629.0,71581.0,70249.0,70925.0,15315,74236,73637.0,325864.91,SILVER,2021-02-05
2021-01-05,70020.0,70159.0,70020.0,70102.0,17834,13535,70925.0,375059.72,SILVER,2021-02-05
2021-01-06,69909.0,70209.0,69768.0,69913.0,7314,28677,70102.0,153403.1,SILVER,2021-02-05
2021-01-07,68796.0,69511.0,68556.0,68922.0,8883,10908,69913.0,183670.24,SILVER,2021-02-05
2021-01-08,70132.0,70388.0,70103.0,70264.0,15051,45079,68922.0,317263.04,SILVER,2021-02-05
2021-01-11,69028.0,69621.0,68535.0,69120.0,16695,59323,70264.0,346187.52,SILVER,2021-02-05
2021-01-12,68824.0,68888.0,68674.0,68784.0,28123,55320,69120.0,580323.73,SILVER,2021-02-05
2021-01-13,68881.0,69351.0,68414.0,68907.0,12902,56105,68784.0,266711.43,SILVER,2021-02-05
2021-01-14,69778.0,70260.0,69778.0,70092.0,22573,40164,68907.0,474656.01,SILVER,2021-02-05
2021-01-15,68654.0,69055.0,68654.0,68947.0,34374,11885,70092.0,710995.25,SILVER,2021-02-05
2021-01-18,69821.0,70581.0,69041.0,69906.0,17288,67819,68947.0,362560.48,SILVER,2021-02-05
2021-01-19,69996.0,70048.0,69759.0,69932.0,11884,11049,69906.0,249321.57,SILVER,2021-02-05
2021-01-20,68774.0,69338.0,68774.0,69154.0,15559,63281,69932.0,322790.13,SILVER,2021-02-05
2021-01-21,69476.0,70149.0,69325.0,69546.0,23125,53271,69154.0,482475.38,SILVER,2021-02-05
2021-01-22,69652.0,70247.0,69118.0,69725.0,8688,76697,69546.0,181731.24,SILVER,2021-02-05
2021-01-25,69449.0,69449.0,69079.0,69257.0,28869,76351,69725.0,599814.1,SILVER,2021-02-05
2021-01-26,69278.0,69867.0,69102.0,69331.0,9023,46534,69257.0,187672.08,SILVER,2021-02-05
2021-01-27,69091.0,69577.0,68630.0,69039.0,22100,68097,69331.0,457728.57,SILVER,2021-02-05
2021-01-28,69167.0,69675.0,68750.0,69148.0,12423,63813,69039.0,257707.68,SILVER,2021-02-05
2021-01-29,69405.0,70222.0,69298.0,69702.0,17213,35037,69148.0,359934.16,SILVER,2021-02-05
2021-02-01,71129.0,71440.0,70691.0,71020.0,38158,46007,69702.0,812994.35,SILVER,2021-02-05
2021-02-02,70051.0,70224.0,69920.0,70021.0,33460,37278,71020.0,702870.8,SILVER,2021-02-05
2021-02-03,71875.0,72181.0,71303.0,71802.0,36017,18272,70021.0,775827.79,SILVER,2021-02-05
2021-02-04,70756.0,70756.0,69996.0,70205.0,38000,67183,71802.0,800337.0,SILVER,2021-02-05
2021-02-05,69806.0,70351.0,69806.0,70098.0,31502,48294,70205.0,662468.16,SILVER,2021-02-05
2021-02-08,70842.0,71141.0,70367.0,70599.0,35990,72509,70098.0,762257.4,SILVER,2021-02-05
2021-02-09,70808.0,71143.0,70167.0,70849.0,24515,14694,70599.0,521058.97,SILVER,2021-02-05
2021-02-10,70395.0,70481.0,70218.0,70354.0,34991,68150,70849.0,738527.04,SILVER,2021-02-05
2021-02-11,70195.0,70379.0,70072.0,70202.0,12634,77470,70354.0,266079.62,SILVER,2021-02-05
2021-02-12,69758.0,70072.0,69433.0,69818.0,16498,31556,70202.0,345557.21,SILVER,2021-02-05
2021-02-15,69279.0,70128.0,68875.0,69358.0,15916,74471,69818.0,331170.58,SILVER,2021-02-05
2021-02-16,70112.0,70401.0,69667.0,70066.0,34377,59855,69358.0,722597.66,SILVER,2021-02-05
2021-02-17,70163.0,70704.0,70163.0,70376.0,38001,59086,70066.0,802307.51,SILVER,2021-02-05
2021-02-18,69933.0,70053.0,69549.0,69828.0,6391,28907,70376.0,133881.22,SILVER,2021-02-05
2021-02-19,70523.0,71419.0,69831.0,70582.0,19184,58487,69828.0,406213.53,SILVER,2021-02-05
2021-02-22,70693.0,71118.0,70588.0,70854.0,80285,39158,70582.0,1706554.02,SILVER,2021-02-05
2021-02-23,71482.0,71662.0,71350.0,71546.0,42205,30293,70854.0,905879.68,SILVER,2021-02-05
2021-02-24,72273.0,72520.0,71832.0,72092.0,55682,55761,71546.0,1204268.02,SILVER,2021-02-05
2021-02-25,71340.0,71614.0,71209.0,71417.0,55322,43387,72092.0,1185279.38,SILVER,2021-02-05
2021-02-26,71021.0,71273.0,70787.0,70970.0,13567,50750,71417.0,288855.0,SILVER,2021-02-05
2021-03-01,71504.0,72262.0,71241.0,71609.0,36416,78602,70970.0,782314.0,SILVER,2021-04-05
2021-03-02,72248.0,72742.0,71524.0,72139.0,5731,31256,71609.0,124028.58,SILVER,2021-04-05
2021-03-03,72238.0,72398.0,71961.0,72139.0,5799,15594,72139.0,125500.22,SILVER,2021-04-05
2021-03-04,72524.0,72524.0,71864.0,72256.0,33873,12460,72139.0,734258.25,SILVER,2021-04-05
2021-03-05,73333.0,73416.0,73221.0,73359.0,12025,64698,72256.0,264642.59,SILVER,2021-04-05
2021-03-08,72971.0,73301.0,72462.0,72873.0,19481,26191,73359.0,425891.67,SILVER,2021-04-05
2021-03-09,73372.0,73835.0,73043.0,73358.0,30411,20529,72873.0,669267.04,SILVER,2021-04-05
2021-03-10,73394.0,73540.0,72832.0,73204.0,36358,42175,73358.0,798465.31,SILVER,2021-04-05
2021-03-11,72932.0,73734.0,71645.0,73037.0,19961,27675,73204.0,437367.47,SILVER,2021-04-05
2021-03-12,74107.0,74280.0,73344.0,73997.0,26767,53158,73037.0,594203.31,SILVER,2021-04-05
2021-03-15,74702.0,74930.0,74426.0,74731.0,26392,56798,73997.0,591690.17,SILVER,2021-04-05
2021-03-16,75452.0,75917.0,75290.0,75462.0,18262,35976,74731.0,413426.11,SILVER,2021-04-05
2021-03-17,76652.0,77159.0,75896.0,76637.0,10229,73116,75462.0,235175.96,SILVER,2021-04-05
2021-03-18,76714.0,77318.0,76295.0,76675.0,28772,72821,76637.0,661827.93,SILVER,2021-04-05
2021-03-19,77288.0,77417.0,77197.0,77306.0,23799,22204,76675.0,551941.65,SILVER,2021-04-05
2021-03-22,77079.0,77429.0,76745.0,77046.0,28555,65665,77306.0,660014.56,SILVER,2021-04-05
2021-03-23,77601.0,77737.0,77178.0,77357.0,31616,17394,77046.0,733715.67,SILVER,2021-04-05
2021-03-24,77411.0,78003.0,76237.0,77259.0,24333,74814,77357.0,563982.97,SILVER,2021-04-05
2021-03-25,77500.0,78124.0,76776.0,77365.0,9261,43593,77259.0,214943.18,SILVER,2021-04-05
2021-03-26,77852.0,78401.0,77675.0,77923.0,8466,51964,77365.0,197908.84,SILVER,2021-04-05
2021-03-29,77065.0,77542.0,76626.0,77202.0,8088,63365,77923.0,187322.93,SILVER,2021-04-05
2021-03-30,79279.0,79368.0,78540.0,79127.0,6115,10443,77202.0,145158.48,SILVER,2021-04-05
2021-03-31,78361.0,78942.0,77488.0,78224.0,9578,38180,79127.0,224768.84,SILVER,2021-04-05
2021-04-01,77371.0,77525.0,76768.0,77144.0,7590,58791,78224.0,175656.89,SILVER,2021-04-05
2021-04-02,78117.0,78366.0,78074.0,78212.0,12372,53665,77144.0,290291.66,SILVER,2021-04-05
2021-04-05,78920.0,79096.0,78752.0,78956.0,8573,13465,78212.0,203066.94,SILVER,2021-04-05
2021-04-06,79291.0,79856.0,78641.0,79552.0,7978,78247,78956.0,190399.76,SILVER,2021-04-05
2021-04-07,80093.0,80605.0,79778.0,80156.0,14422,61559,79552.0,346802.95,SILVER,2021-04-05
2021-04-08,80324.0,80366.0,79819.0,80164.0,28697,35198,80156.0,690139.89,SILVER,2021-04-05
2021-04-09,79275.0,79557.0,79111.0,79349.0,35820,64740,80164.0,852684.35,SILVER,2021-04-05
2021-04-12,79540.0,79996.0,79010.0,79439.0,9925,32488,79349.0,236529.62,SILVER,2021-04-05
2021-04-13,78803.0,79602.0,77725.0,78834.0,34430,48515,79439.0,814276.39,SILVER,2021-04-05
2021-04-14,79806.0,79849.0,79556.0,79754.0,33834,37898,78834.0,809519.05,SILVER,2021-04-05
2021-04-15,79454.0,80184.0,79391.0,79637.0,29435,11919,79754.0,703234.53,SILVER,2021-04-05
2021-04-16,78907.0,79225.0,78473.0,78894.0,26676,60070,79637.0,631372.9,SILVER,2021-04-05
2021-04-19,78148.0,79121.0,78148.0,78618.0,24814,72613,78894.0,585248.12,SILVER,2021-04-05
2021-04-20,78987.0,79734.0,78276.0,79016.0,19716,57003,78618.0,467363.84,SILVER,2021-04-05
2021-04-21,78262.0,78696.0,78262.0,78518.0,81320,58478,79016.0,1915525.13,SILVER,2021-04-05
2021-04-22,77976.0,78299.0,77102.0,77789.0,17487,24434,78518.0,408088.87,SILVER,2021-04-05
2021-04-23,78150.0,78388.0,77557.0,78029.0,68535,56246,77789.0,1604315.25,SILVER,2021-04-05
2021-04-26,78344.0,78807.0,77829.0,78271.0,47110,46649,78029.0,1106204.04,SILVER,2021-04-05
2021-04-27,78066.0,78744.0,77507.0,77829.0,51305,69030,78271.0,1197905.05,SILVER,2021-04-05
2021-04-28,77276.0,78738.0,76895.0,77422.0,33745,63061,77829.0,783781.62,SILVER,2021-04-05
2021-04-29,77923.0,78080.0,77002.0,77651.0,17755,11999,77422.0,413608.05,SILVER,2021-04-05
2021-04-30,76513.0,76890.0,76058.0,76371.0,33810,24849,77651.0,774631.05,SILVER,2021-04-05
2021-05-03,75111.0,75773.0,74778.0,75147.0,35846,62800,76371.0,808115.81,SILVER,2021-06-05
2021-05-04,74708.0,75017.0,74219.0,74539.0,13107,15445,75147.0,293094.8,SILVER,2021-06-05
2021-05-05,74208.0,74829.0,73811.0,74373.0,23268,28040,74539.0,519153.29,SILVER,2021-06-05
2021-05-06,74538.0,74976.0,74468.0,74661.0,29399,74315,74373.0,658487.62,SILVER,2021-06-05
2021-05-07,75883.0,76302.0,75590.0,75975.0,14624,10246,74661.0,333317.52,SILVER,2021-06-05
2021-05-10,76677.0,77747.0,76106.0,76758.0,32126,41153,75975.0,739778.25,SILVER,2021-06-05
2021-05-11,76472.0,76756.0,76427.0,76634.0,28131,15212,76758.0,646737.32,SILVER,2021-06-05
2021-05-12,76823.0,77315.0,75796.0,76636.0,25714,13339,76634.0,591185.43,SILVER,2021-06-05
2021-05-13,75725.0,76265.0,75342.0,75765.0,23570,66238,76636.0,535734.31,SILVER,2021-06-05
2021-05-14,75821.0,76050.0,75274.0,75767.0,17482,29394,75765.0,397367.61,SILVER,2021-06-05
2021-05-17,75446.0,75620.0,75413.0,75532.0,39318,63871,75767.0,890930.15,SILVER,2021-06-05
2021-05-18,75559.0,76257.0,75544.0,75835.0,38414,44607,75532.0,873937.71,SILVER,2021-06-05
2021-05-19,75167.0,75462.0,74344.0,75127.0,26040,62055,75835.0,586892.12,SILVER,2021-06-05
2021-05-20,75312.0,76023.0,75250.0,75602.0,18407,14395,75127.0,417481.8,SILVER,2021-06-05
2021-05-21,76973.0,77094.0,76861.0,76983.0,38305,25290,75602.0,884650.14,SILVER,2021-06-05
2021-05-24,76695.0,77093.0,76553.0,76905.0,19166,75078,76983.0,442188.37,SILVER,2021-06-05
2021-05-25,77592.0,77819.0,76699.0,77285.0,11572,13691,76905.0,268302.61,SILVER,2021-06-05
2021-05-26,78071.0,78450.0,77335.0,77929.0,38002,17470,77285.0,888437.36,SILVER,2021-06-05
2021-05-27,77601.0,77847.0,77291.0,77584.0,31972,13841,77929.0,744154.69,SILVER,2021-06-05
2021-05-28,78003.0,78071.0,77331.0,77806.0,27923,73197,77584.0,651773.08,SILVER,2021-06-05
2021-05-31,77705.0,78018.0,77481.0,77837.0,6909,65773,77806.0,161332.75,SILVER,2021-06-05
2021-06-01,78030.0,78117.0,77824.0,77945.0,37848,27776,77837.0,885018.71,SILVER,2021-06-05
2021-06-02,77296.0,78356.0,76578.0,77265.0,7083,37584,77945.0,164180.4,SILVER,2021-06-05
2021-06-03,77347.0,77805.0,76876.0,77306.0,22140,14300,77265.0,513466.45,SILVER,2021-06-05
2021-06-04,77974.0,78310.0,76919.0,77776.0,7670,13338,77306.0,178962.58,SILVER,2021-06-05
2021-06-07,79238.0,79901.0,78402.0,79122.0,19691,72601,77776.0,467397.39,SILVER,2021-06-05
2021-06-08,80077.0,80930.0,79142.0,80031.0,39262,15487,79122.0,942653.14,SILVER,2021-06-05
2021-06-09,81813.0,82241.0,81813.0,82085.0,30595,46282,80031.0,753417.17,SILVER,2021-06-05
2021-06-10,81217.0,82052.0,80914.0,81373.0,38440,38804,82085.0,938393.44,SILVER,2021-06-05
2021-06-11,82205.0,82851.0,81621.0,82225.0,13630,19915,81373.0,336218.02,SILVER,2021-06-05
2021-06-14,82436.0,82552.0,82085.0,82421.0,36250,21158,82225.0,896328.38,SILVER,2021-06-05
2021-06-15,84380.0,84896.0,83958.0,84571.0,33798,20547,82421.0,857499.2,SILVER,2021-06-05
2021-06-16,84203.0,84203.0,83550.0,83798.0,38212,12459,84571.0,960626.75,SILVER,2021-06-05
2021-06-17,83254.0,83718.0,82619.0,83002.0,16982,38768,83798.0,422861.99,SILVER,2021-06-05
2021-06-18,82544.0,82601.0,81986.0,82444.0,13655,73146,83002.0,337731.85,SILVER,2021-06-05
2021-06-21,80460.0,80788.0,80077.0,80448.0,58955,60870,82444.0,1422843.55,SILVER,2021-06-05
2021-06-22,79942.0,80425.0,79666.0,79976.0,22520,60460,80448.0,540317.86,SILVER,2021-06-05
2021-06-23,79140.0,79725.0,79033.0,79291.0,13740,70817,79976.0,326837.5,SILVER,2021-06-05
2021-06-24,79462.0,80118.0,78963.0,79450.0,98077,48247,79291.0,2337665.3,SILVER,2021-06-05
2021-06-25,79828.0,80272.0,79555.0,79787.0,70530,25419,79450.0,1688213.13,SILVER,2021-06-05
2021-06-28,81368.0,82040.0,81079.0,81570.0,64092,45577,79787.0,1568395.33,SILVER,2021-06-05
2021-06-29,82554.0,82645.0,82414.0,82499.0,54692,12921,81570.0,1353610.59,SILVER,2021-06-05
2021-06-30,81940.0,82435.0,81612.0,81966.0,57025,14676,82499.0,1402233.34,SILVER,2021-06-05
2021-07-01,80822.0,81878.0,80236.0,81132.0,14884,59684,81966.0,362270.61,SILVER,2021-08-05
2021-07-02,81478.0,81755.0,81419.0,81618.0,7723,23463,81132.0,189100.74,SILVER,2021-08-05
2021-07-05,80325.0,80810.0,80161.0,80391.0,9761,35474,81618.0,235408.97,SILVER,2021-08-05
2021-07-06,82456.0,82887.0,81466.0,82146.0,12630,50935,80391.0,311251.19,SILVER,2021-08-05
2021-07-07,83396.0,83774.0,82631.0,83303.0,21375,77005,82146.0,534180.49,SILVER,2021-08-05
2021-07-08,82647.0,83431.0,82222.0,82869.0,30218,68596,83303.0,751240.63,SILVER,2021-08-05
2021-07-09,81329.0,81622.0,80820.0,81250.0,35565,65152,82869.0,866896.88,SILVER,2021-08-05
2021-07-12,82307.0,83155.0,81848.0,82562.0,37975,62576,81250.0,940587.58,SILVER,2021-08-05
2021-07-13,82651.0,83279.0,82055.0,82472.0,32073,76627,82562.0,793537.34,SILVER,2021-08-05
2021-07-14,83612.0,84224.0,83375.0,83691.0,9190,35772,82472.0,230736.09,SILVER,2021-08-05
2021-07-15,82154.0,82744.0,81857.0,82170.0,6883,26363,83691.0,169672.83,SILVER,2021-08-05
2021-07-16,81834.0,82253.0,80863.0,81618.0,7886,38490,82170.0,193091.86,SILVER,2021-08-05
2021-07-19,81432.0,82355.0,81041.0,81642.0,13953,69004,81618.0,341745.25,SILVER,2021-08-05
2021-07-20,81479.0,82220.0,81479.0,81707.0,13381,63806,81642.0,327996.41,SILVER,2021-08-05
2021-07-21,81205.0,81439.0,81169.0,81299.0,28238,10260,81707.0,688716.35,SILVER,2021-08-05
2021-07-22,82082.0,82491.0,80994.0,81912.0,18795,32320,81299.0,461860.81,SILVER,2021-08-05
2021-07-23,80673.0,81249.0,80466.0,80918.0,35428,52145,81912.0,860028.87,SILVER,2021-08-05
2021-07-26,80346.0,80901.0,80346.0,80804.0,14638,73688,80918.0,354842.69,SILVER,2021-08-05
2021-07-27,80864.0,81718.0,80302.0,80937.0,9931,58581,80804.0,241135.6,SILVER,2021-08-05
2021-07-28,81534.0,81749.0,81124.0,81444.0,31411,30754,80937.0,767471.25,SILVER,2021-08-05
2021-07-29,82339.0,82679.0,81666.0,82142.0,25534,79837,81444.0,629224.15,SILVER,2021-08-05
2021-07-30,81017.0,81624.0,80742.0,81092.0,34181,17207,82142.0,831541.7,SILVER,2021-08-05
2021-08-02,79609.0,80051.0,79043.0,79675.0,24996,37920,81092.0,597466.89,SILVER,2021-08-05
2021-08-03,81077.0,81650.0,80437.0,80890.0,11553,34016,79675.0,280356.65,SILVER,2021-08-05
2021-08-04,80920.0,81461.0,80824.0,81224.0,23073,70522,80890.0,562224.41,SILVER,2021-08-05
2021-08-05,80475.0,80908.0,80286.0,80538.0,12130,64068,81224.0,293077.78,SILVER,2021-08-05
2021-08-06,82058.0,82400.0,81707.0,82027.0,34405,30102,80538.0,846641.68,SILVER,2021-08-05
2021-08-09,82232.0,82592.0,81666.0,82158.0,10789,11924,82027.0,265920.8,SILVER,2021-08-05
2021-08-10,83230.0,83582.0,82722.0,83315.0,33930,64333,82158.0,848063.38,SILVER,2021-08-05
2021-08-11,83406.0,83668.0,83276.0,83401.0,22529,56099,83315.0,563682.34,SILVER,2021-08-05
2021-08-12,85023.0,86142.0,84549.0,85448.0,12942,67346,83401.0,331760.4,SILVER,2021-08-05
2021-08-13,87120.0,87548.0,87004.0,87235.0,12548,60062,85448.0,328387.43,SILVER,2021-08-05
2021-08-16,87082.0,87958.0,86247.0,87003.0,23296,10306,87235.0,608046.57,SILVER,2021-08-05
2021-08-17,87842.0,88598.0,87296.0,88015.0,37244,79767,87003.0,983409.2,SILVER,2021-08-05
2021-08-18,88711.0,89932.0,87756.0,88700.0,5296,22207,88015.0,140926.56,SILVER,2021-08-05
2021-08-19,90228.0,90402.0,89623.0,90147.0,7409,49426,88700.0,200369.74,SILVER,2021-08-05
2021-08-20,89099.0,89571.0,88711.0,89160.0,39229,16336,90147.0,1049297.29,SILVER,2021-08-05
2021-08-23,89928.0,90543.0,89506.0,89897.0,89615,27256,89160.0,2416835.9,SILVER,2021-08-05
2021-08-24,90859.0,91472.0,90499.0,91034.0,80417,59817,89897.0,2196204.35,SILVER,2021-08-05
2021-08-25,89171.0,90010.0,88702.0,89208.0,84977,43719,91034.0,2274188.46,SILVER,2021-08-05
2021-08-26,88114.0,88114.0,87884.0,88007.0,57002,52017,89208.0,1504972.5,SILVER,2021-08-05
2021-08-27,85987.0,86079.0,85693.0,85960.0,30895,55704,88007.0,796720.26,SILVER,2021-08-05
2021-08-30,85611.0,85909.0,85531.0,85711.0,68970,40013,85960.0,1773446.3,SILVER,2021-08-05
2021-08-31,86490.0,87039.0,85929.0,86452.0,56677,46776,85711.0,1469952.0,SILVER,2021-08-05
2021-09-01,88125.0,89184.0,87188.0,87999.0,22502,20060,86452.0,594046.05,SILVER,2021-10-05
2021-09-02,87735.0,88411.0,87513.0,88096.0,30128,16655,87999.0,796246.89,SILVER,2021-10-05
2021-09-03,90014.0,90448.0,89180.0,89806.0,36645,59923,88096.0,987282.26,SILVER,2021-10-05
2021-09-06,88334.0,89104.0,87895.0,88393.0,12637,14030,89806.0,335106.7,SILVER,2021-10-05
2021-09-07,86750.0,87195.0,85840.0,86676.0,5660,43289,88393.0,147175.85,SILVER,2021-10-05
2021-09-08,86848.0,86848.0,86294.0,86641.0,11922,29739,86676.0,309880.2,SILVER,2021-10-05
2021-09-09,86811.0,87773.0,86763.0,87050.0,33161,71687,86641.0,865999.52,SILVER,2021-10-05
2021-09-10,86914.0,88049.0,86559.0,87038.0,8970,46491,87050.0,234219.26,SILVER,2021-10-05
2021-09-13,84937.0,85505.0,84309.0,84986.0,8407,14781,87038.0,214343.19,SILVER,2021-10-05
2021-09-14,84785.0,85308.0,84266.0,84918.0,32843,30448,84986.0,836688.56,SILVER,2021-10-05
2021-09-15,83947.0,84328.0,82753.0,83657.0,14046,61550,84918.0,352513.87,SILVER,2021-10-05
2021-09-16,84188.0,84518.0,84188.0,84333.0,28800,59294,83657.0,728637.12,SILVER,2021-10-05
2021-09-17,84620.0,85160.0,84385.0,84714.0,19547,31446,84333.0,496771.37,SILVER,2021-10-05
2021-09-20,83846.0,84180.0,83538.0,83812.0,36389,27101,84714.0,914950.46,SILVER,2021-10-05
2021-09-21,83131.0,83387.0,83131.0,83331.0,35346,76178,83812.0,883625.26,SILVER,2021-10-05
2021-09-22,82264.0,82606.0,81912.0,82329.0,27748,38016,83331.0,685339.53,SILVER,2021-10-05
2021-09-23,82341.0,82922.0,81356.0,82289.0,30848,28932,82329.0,761535.32,SILVER,2021-10-05
2021-09-24,83175.0,83570.0,83012.0,83230.0,12607,54653,82289.0,314784.18,SILVER,2021-10-05
2021-09-27,82284.0,82806.0,81445.0,82300.0,38583,62802,83230.0,952614.27,SILVER,2021-10-05
2021-09-28,82717.0,83575.0,82088.0,82805.0,17563,17549,82300.0,436291.26,SILVER,2021-10-05
2021-09-29,82065.0,82887.0,81532.0,82315.0,38690,35362,82805.0,955430.2,SILVER,2021-10-05
2021-09-30,81630.0,82094.0,81147.0,81578.0,34176,57842,82315.0,836402.92,SILVER,2021-10-05
2021-10-01,81782.0,81958.0,81017.0,81496.0,19925,56539,81578.0,487142.34,SILVER,2021-10-05
2021-10-04,80541.0,81195.0,80296.0,80538.0,26251,43717,81496.0,634260.91,SILVER,2021-10-05
2021-10-05,80076.0,80134.0,79884.0,80040.0,22648,64596,80538.0,543823.78,SILVER,2021-10-05
2021-10-06,79059.0,79289.0,78471.0,78950.0,25108,33016,80040.0,594682.98,SILVER,2021-10-05
2021-10-07,80594.0,81062.0,80566.0,80799.0,15979,65200,78950.0,387326.17,SILVER,2021-10-05
2021-10-08,81127.0,82185.0,80236.0,80852.0,7722,70287,80799.0,187301.74,SILVER,2021-10-05
2021-10-11,80247.0,80490.0,79657.0,80215.0,10355,52607,80852.0,249187.9,SILVER,2021-10-05
2021-10-12,80698.0,80966.0,80065.0,80435.0,33799,37621,80215.0,815586.77,SILVER,2021-10-05
2021-10-13,80232.0,81007.0,80011.0,80350.0,37705,22823,80435.0,908879.02,SILVER,2021-10-05
2021-10-14,80454.0,80638.0,79708.0,80163.0,28070,39986,80350.0,675052.62,SILVER,2021-10-05
2021-10-15,80884.0,81191.0,79612.0,80759.0,16284,74325,80163.0,394523.87,SILVER,2021-10-05
2021-10-18,81585.0,81842.0,81359.0,81495.0,26737,67771,80759.0,653679.54,SILVER,2021-10-05
2021-10-19,81051.0,81258.0,80681.0,81013.0,28241,64973,81495.0,686366.44,SILVER,2021-10-05
2021-10-20,80451.0,80781.0,80103.0,80491.0,32414,24690,81013.0,782710.58,SILVER,2021-10-05
2021-10-21,80446.0,80446.0,80161.0,80253.0,64737,49107,80491.0,1558601.54,SILVER,2021-10-05
2021-10-22,78170.0,78342.0,77983.0,78148.0,79427,67888,80253.0,1862118.36,SILVER,2021-10-05
2021-10-25,76497.0,77336.0,76378.0,76799.0,15960,20956,78148.0,367713.61,SILVER,2021-10-05
2021-10-26,77878.0,78210.0,77609.0,78052.0,69222,66227,76799.0,1620874.66,SILVER,2021-10-05
2021-10-27,79553.0,79954.0,79319.0,79583.0,81187,46533,78052.0,1938331.51,SILVER,2021-10-05
2021-10-28,79421.0,79489.0,79184.0,79372.0,33130,66234,79583.0,788878.31,SILVER,2021-10-05
2021-10-29,79918.0,80204.0,79452.0,79927.0,89610,77594,79372.0,2148677.54,SILVER,2021-10-05
2021-11-01,80433.0,80433.0,80181.0,80238.0,35151,66901,79927.0,846133.78,SILVER,2021-12-05
2021-11-02,82865.0,84078.0,82276.0,83189.0,28365,21519,80238.0,707896.8,SILVER,2021-12-05
2021-11-03,84327.0,84549.0,83891.0,84303.0,11026,41115,83189.0,278857.46,SILVER,2021-12-05
2021-11-04,83891.0,84278.0,83891.0,84197.0,37767,76266,84303.0,953960.43,SILVER,2021-12-05
2021-11-05,83412.0,83591.0,82896.0,83285.0,33523,11832,84197.0,837588.92,SILVER,2021-12-05
2021-11-08,81745.0,82060.0,81551.0,81760.0,15482,51368,83285.0,379742.5,SILVER,2021-12-05
2021-11-09,82043.0,82493.0,81700.0,81975.0,30108,79715,81760.0,740430.99,SILVER,2021-12-05
2021-11-10,81135.0,81696.0,80948.0,81275.0,5493,47570,81975.0,133933.07,SILVER,2021-12-05
2021-11-11,80163.0,80163.0,79861.0,79959.0,21465,16615,81275.0,514895.98,SILVER,2021-12-05
2021-11-12,79544.0,79692.0,78784.0,79378.0,34550,48311,79959.0,822752.97,SILVER,2021-12-05
2021-11-15,78495.0,78663.0,77999.0,78404.0,18833,33434,79378.0,442974.76,SILVER,2021-12-05
2021-11-16,79960.0,80483.0,79126.0,79981.0,7970,25739,78404.0,191234.57,SILVER,2021-12-05
2021-11-17,80920.0,81394.0,80468.0,80827.0,37779,76202,79981.0,916068.97,SILVER,2021-12-05
2021-11-18,80725.0,81022.0,80639.0,80839.0,34958,43649,80827.0,847790.93,SILVER,2021-12-05
2021-11-19,82407.0,82574.0,82038.0,82266.0,22145,57445,80839.0,546534.17,SILVER,2021-12-05
2021-11-22,82632.0,82632.0,82196.0,82360.0,6806,49470,82266.0,168162.65,SILVER,2021-12-05
2021-11-23,81732.0,82545.0,81056.0,81558.0,10664,58621,82360.0,260920.35,SILVER,2021-12-05
2021-11-24,82918.0,83689.0,82465.0,83039.0,33900,42926,81558.0,844506.63,SILVER,2021-12-05
2021-11-25,83643.0,84704.0,82364.0,83583.0,19126,47997,83039.0,479582.54,SILVER,2021-12-05
2021-11-26,82385.0,82899.0,81969.0,82598.0,10154,69940,83583.0,251610.03,SILVER,2021-12-05
2021-11-29,82530.0,82584.0,82239.0,82436.0,27208,50724,82598.0,672875.61,SILVER,2021-12-05
2021-11-30,81692.0,81704.0,81469.0,81619.0,18767,41704,82436.0,459523.13,SILVER,2021-12-05
2021-12-01,80033.0,80412.0,80033.0,80334.0,25043,38391,81619.0,603541.31,SILVER,2022-02-05
2021-12-02,81037.0,81332.0,81037.0,81226.0,6525,73291,80334.0,158999.89,SILVER,2022-02-05
2021-12-03,83027.0,83710.0,82389.0,83074.0,38528,12526,81226.0,960202.52,SILVER,2022-02-05
2021-12-06,81702.0,82490.0,81140.0,81751.0,21978,34686,83074.0,539017.04,SILVER,2022-02-05
2021-12-07,82110.0,82456.0,82110.0,82309.0,6055,16574,81751.0,149514.3,SILVER,2022-02-05
2021-12-08,81771.0,82230.0,81139.0,81708.0,15046,18733,82309.0,368813.57,SILVER,2022-02-05
2021-12-09,81306.0,81650.0,81018.0,81265.0,20678,60290,81708.0,504119.3,SILVER,2022-02-05
2021-12-10,80695.0,81086.0,80161.0,80726.0,31624,46051,81265.0,765863.71,SILVER,2022-02-05
2021-12-13,79816.0,80333.0,79224.0,79937.0,10255,25909,80726.0,245926.18,SILVER,2022-02-05
2021-12-14,80170.0,80736.0,79082.0,80002.0,14411,38133,79937.0,345872.65,SILVER,2022-02-05
2021-12-15,79514.0,79514.0,79066.0,79251.0,38971,61571,80002.0,926547.22,SILVER,2022-02-05
2021-12-16,79444.0,79728.0,79328.0,79521.0,36235,60908,79251.0,864433.03,SILVER,2022-02-05
2021-12-17,79397.0,79579.0,79393.0,79495.0,24194,21278,79521.0,576990.61,SILVER,2022-02-05
2021-12-20,79371.0,79613.0,79029.0,79293.0,24476,61458,79495.0,582232.64,SILVER,2022-02-05
2021-12-21,78423.0,78949.0,78186.0,78479.0,20110,74265,79293.0,473463.81,SILVER,2022-02-05
2021-12-22,77951.0,78135.0,77717.0,77973.0,65142,66782,78479.0,1523795.15,SILVER,2022-02-05
2021-12-23,78799.0,79193.0,78146.0,78682.0,21285,65415,77973.0,502423.91,SILVER,2022-02-05
2021-12-24,78860.0,79495.0,78533.0,79163.0,37475,64160,78682.0,889990.03,SILVER,2022-02-05
2021-12-27,78492.0,78626.0,77806.0,78286.0,31267,64399,79163.0,734330.51,SILVER,2022-02-05
2021-12-28,78408.0,78739.0,78017.0,78396.0,24642,35298,78286.0,579550.27,SILVER,2022-02-05
2021-12-29,79040.0,79644.0,78635.0,79106.0,42795,32191,78396.0,1015602.38,SILVER,2022-02-05
2021-12-30,77587.0,78352.0,76935.0,77601.0,20365,66964,79106.0,474103.31,SILVER,2022-02-05
2021-12-31,78108.0,78244.0,77968.0,78114.0,78502,43092,77601.0,1839631.57,SILVER,2022-02-05
2022-01-03,77264.0,78340.0,76920.0,77532.0,31177,72513,78114.0,725164.55,SILVER,2022-02-05
2022-01-04,78303.0,78501.0,77760.0,78070.0,9414,61097,77532.0,220485.29,SILVER,2022-02-05
2022-01-05,77404.0,77986.0,77006.0,77398.0,22494,40279,78070.0,522297.18,SILVER,2022-02-05
2022-01-06,75873.0,76142.0,75396.0,75806.0,25437,24404,77398.0,578483.17,SILVER,2022-02-05
2022-01-07,74542.0,74950.0,73754.0,74401.0,8937,45198,75806.0,199476.52,SILVER,2022-02-05
2022-01-10,74310.0,75076.0,74005.0,74462.0,26326,59997,74401.0,588085.98,SILVER,2022-02-05
2022-01-11,74778.0,75043.0,74455.0,74707.0,13974,10567,74462.0,313186.69,SILVER,2022-02-05
2022-01-12,73903.0,74202.0,73668.0,73943.0,22500,71032,74707.0,499115.25,SILVER,2022-02-05
2022-01-13,74641.0,74890.0,74275.0,74515.0,6750,12179,73943.0,150892.88,SILVER,2022-02-05
2022-01-14,72794.0,73281.0,72794.0,73105.0,9027,12019,74515.0,197975.65,SILVER,2022-02-05
2022-01-17,73053.0,73636.0,72788.0,73067.0,10745,28704,73105.0,235531.47,SILVER,2022-02-05
2022-01-18,71975.0,72458.0,71708.0,72062.0,26448,28030,73067.0,571768.73,SILVER,2022-02-05
2022-01-19,71598.0,71916.0,71227.0,71536.0,33451,79445,72062.0,717885.22,SILVER,2022-02-05
2022-01-20,71662.0,71950.0,71134.0,71594.0,33207,13420,71536.0,713226.59,SILVER,2022-02-05
2022-01-21,70798.0,70946.0,70783.0,70899.0,10938,69875,71594.0,232647.98,SILVER,2022-02-05
2022-01-24,70500.0,70790.0,70355.0,70601.0,17150,57653,70899.0,363242.14,SILVER,2022-02-05
2022-01-25,71437.0,71838.0,71133.0,71452.0,18406,26740,70601.0,394543.65,SILVER,2022-02-05
2022-01-26,70865.0,71310.0,70673.0,70992.0,24781,75263,71452.0,527775.83,SILVER,2022-02-05
2022-01-27,71827.0,71827.0,71472.0,71706.0,23325,74559,70992.0,501762.74,SILVER,2022-02-05
2022-01-28,70735.0,71391.0,70476.0,70787.0,8148,29465,71706.0,173031.74,SILVER,2022-02-05
2022-01-31,70830.0,71414.0,70830.0,71245.0,33879,61432,70787.0,724112.81,SILVER,2022-02-05
2022-02-01,72416.0,72885.0,71733.0,72471.0,12933,14131,71245.0,281180.23,SILVER,2022-02-05
2022-02-02,70285.0,70859.0,69998.0,70432.0,14436,20652,72471.0,305026.91,SILVER,2022-02-05
2022-02-03,69572.0,69948.0,69572.0,69799.0,22669,74973,70432.0,474682.06,SILVER,2022-02-05
2022-02-04,70115.0,71297.0,69796.0,70289.0,11474,57147,69799.0,241948.8,SILVER,2022-02-05
2022-02-07,70157.0,70347.0,69926.0,70142.0,16228,57671,70289.0,341479.31,SILVER,2022-02-05
2022-02-08,70652.0,71119.0,69723.0,70465.0,38538,29171,70142.0,814674.05,SILVER,2022-02-05
2022-02-09,70033.0,70304.0,69320.0,69989.0,6843,65692,70465.0,143680.42,SILVER,2022-02-05
2022-02-10,69994.0,70393.0,69841.0,70079.0,5073,68541,69989.0,106653.23,SILVER,2022-02-05
2022-02-11,70034.0,70792.0,69340.0,69970.0,21059,19470,70079.0,442049.47,SILVER,2022-02-05
2022-02-14,70883.0,71364.0,70460.0,70948.0,25733,71344,69970.0,547711.47,SILVER,2022-02-05
2022-02-15,71079.0,71425.0,70542.0,71178.0,30395,54308,70948.0,649036.59,SILVER,2022-02-05
2022-02-16,71312.0,71963.0,71186.0,71477.0,25202,60639,71178.0,540409.01,SILVER,2022-02-05
2022-02-17,70905.0,71623.0,70693.0,71154.0,18273,31326,71477.0,390059.11,SILVER,2022-02-05
2022-02-18,70714.0,71330.0,70421.0,70770.0,38099,14597,71154.0,808879.87,SILVER,2022-02-05
2022-02-21,70455.0,71025.0,70079.0,70433.0,31280,40788,70770.0,660943.27,SILVER,2022-02-05
2022-02-22,70762.0,70864.0,70667.0,70776.0,83077,75020,70433.0,1763957.33,SILVER,2022-02-05
2022-02-23,70390.0,71072.0,69905.0,70448.0,70685,59477,70776.0,1493885.06,SILVER,2022-02-05
2022-02-24,70572.0,70752.0,70571.0,70706.0,68522,43071,70448.0,1453474.96,SILVER,2022-02-05
2022-02-25,72544.0,73113.0,72138.0,72456.0,25282,71923,70706.0,549549.78,SILVER,2022-02-05
2022-02-28,73022.0,73542.0,72612.0,73215.0,19702,67492,72456.0,432744.58,SILVER,2022-02-05
2022-03-01,73069.0,73117.0,72706.0,72956.0,24249,41770,73215.0,530733.01,SILVER,2022-04-05
2022-03-02,73856.0,74242.0,73565.0,74004.0,17714,45399,72956.0,393272.06,SILVER,2022-04-05
2022-03-03,73561.0,73852.0,73561.0,73672.0,13656,67439,74004.0,301819.45,SILVER,2022-04-05
2022-03-04,71751.0,72164.0,71676.0,71962.0,10741,54415,73672.0,231883.15,SILVER,2022-04-05
2022-03-07,71069.0,71518.0,70787.0,71140.0,21661,22569,71962.0,462289.06,SILVER,2022-04-05
2022-03-08,69761.0,70288.0,69306.0,69625.0,36555,12369,71140.0,763542.56,SILVER,2022-04-05
2022-03-09,69430.0,69739.0,68461.0,69359.0,33690,10528,69625.0,701011.41,SILVER,2022-04-05
2022-03-10,69528.0,69744.0,68506.0,69392.0,37833,40314,69359.0,787592.26,SILVER,2022-04-05
2022-03-11,70855.0,70944.0,70611.0,70781.0,10704,28047,69392.0,227291.95,SILVER,2022-04-05
2022-03-14,70913.0,71535.0,70874.0,71070.0,17175,29748,70781.0,366188.18,SILVER,2022-04-05
2022-03-15,70861.0,71003.0,70857.0,70908.0,17696,45109,71070.0,376436.39,SILVER,2022-04-05
2022-03-16,71504.0,71830.0,71295.0,71615.0,33054,23919,70908.0,710148.66,SILVER,2022-04-05
2022-03-17,69998.0,70122.0,69452.0,69812.0,26076,57498,71615.0,546125.31,SILVER,2022-04-05
2022-03-18,69855.0,70787.0,69424.0,70023.0,19986,65808,69812.0,419843.9,SILVER,2022-04-05
2022-03-21,70800.0,70870.0,70541.0,70674.0,19440,38906,70023.0,412170.77,SILVER,2022-04-05
2022-03-22,69609.0,69829.0,69204.0,69485.0,12960,76896,70674.0,270157.68,SILVER,2022-04-05
2022-03-23,70694.0,70847.0,70242.0,70437.0,27462,31946,69485.0,580302.27,SILVER,2022-04-05
2022-03-24,70676.0,70962.0,70438.0,70734.0,22821,57020,70437.0,484266.18,SILVER,2022-04-05
2022-03-25,70512.0,70538.0,70092.0,70411.0,32258,32161,70734.0,681395.41,SILVER,2022-04-05
2022-03-28,71275.0,71275.0,70308.0,70952.0,32353,37738,70411.0,688653.02,SILVER,2022-04-05
2022-03-29,72784.0,73087.0,72497.0,72874.0,28416,13925,70952.0,621236.28,SILVER,2022-04-05
2022-03-30,72823.0,73277.0,72823.0,73048.0,27115,18463,72874.0,594208.96,SILVER,2022-04-05
2022-03-31,73003.0,73638.0,72884.0,73279.0,29968,67153,73048.0,658807.52,SILVER,2022-04-05
2022-04-01,73010.0,73240.0,72474.0,72907.0,27731,71009,73279.0,606535.21,SILVER,2022-04-05
2022-04-04,71935.0,72641.0,71935.0,72207.0,27785,51552,72907.0,601881.45,SILVER,2022-04-05
2022-04-05,72874.0,73330.0,72412.0,72929.0,18828,66271,72207.0,411932.16,SILVER,2022-04-05
2022-04-06,72287.0,72712.0,71813.0,72224.0,9541,19797,72929.0,206726.76,SILVER,2022-04-05
2022-04-07,72330.0,72679.0,72138.0,72303.0,18311,23965,72224.0,397182.07,SILVER,2022-04-05
2022-04-08,71982.0,72111.0,71452.0,71921.0,35531,23733,72303.0,766627.52,SILVER,2022-04-05
2022-04-11,72375.0,73192.0,71332.0,72343.0,19588,63223,71921.0,425116.41,SILVER,2022-04-05
2022-04-12,72830.0,73011.0,72380.0,72644.0,17380,36926,72343.0,378765.82,SILVER,2022-04-05
2022-04-13,73407.0,73922.0,73210.0,73547.0,22818,38783,72644.0,503458.63,SILVER,2022-04-05
2022-04-14,73032.0,73556.0,72726.0,73131.0,35857,46394,73547.0,786677.48,SILVER,2022-04-05
2022-04-15,72808.0,73405.0,72641.0,72920.0,26711,74796,73131.0,584329.84,SILVER,2022-04-05
2022-04-18,72232.0,72556.0,71723.0,72112.0,10097,38287,72920.0,218434.46,SILVER,2022-04-05
2022-04-19,71888.0,72096.0,71280.0,71759.0,33393,40436,72112.0,718874.49,SILVER,2022-04-05
2022-04-20,72159.0,72614.0,71565.0,72094.0,27076,13188,71759.0,585605.14,SILVER,2022-04-05
2022-04-21,72925.0,72979.0,72288.0,72753.0,59345,16765,72094.0,1295258.04,SILVER,2022-04-05
2022-04-22,71824.0,72107.0,71824.0,71994.0,85792,61626,72753.0,1852952.77,SILVER,2022-04-05
2022-04-25,72989.0,72989.0,72560.0,72747.0,30110,20807,71994.0,657123.65,SILVER,2022-04-05
2022-04-26,74150.0,74150.0,73796.0,73925.0,26242,20204,72747.0,581981.95,SILVER,2022-04-05
2022-04-27,74411.0,74927.0,73729.0,74301.0,46877,67944,73925.0,1044902.39,SILVER,2022-04-05
2022-04-28,76235.0,77079.0,75279.0,75964.0,87205,52120,74301.0,1987332.19,SILVER,2022-04-05
2022-04-29,75052.0,75742.0,74748.0,75302.0,68622,32658,75964.0,1550212.15,SILVER,2022-04-05
2022-05-02,74159.0,74923.0,73897.0,74237.0,38402,47081,75302.0,855254.78,SILVER,2022-06-05
2022-05-03,72626.0,73280.0,72123.0,72733.0,37543,44986,74237.0,819184.51,SILVER,2022-06-05
2022-05-04,74139.0,74143.0,73960.0,74032.0,34362,60304,72733.0,763166.28,SILVER,2022-06-05
2022-05-05,74461.0,74788.0,74254.0,74618.0,32315,75592,74032.0,723384.2,SILVER,2022-06-05
2022-05-06,74702.0,74863.0,74429.0,74589.0,32746,68548,74618.0,732747.42,SILVER,2022-06-05
2022-05-09,75058.0,75261.0,74636.0,74853.0,15057,49986,74589.0,338118.49,SILVER,2022-06-05
2022-05-10,74000.0,74405.0,73558.0,73897.0,26061,76151,74853.0,577748.92,SILVER,2022-06-05
2022-05-11,76097.0,76336.0,75607.0,76053.0,39157,38214,73897.0,893402.2,SILVER,2022-06-05
2022-05-12,76037.0,76238.0,76037.0,76188.0,16322,48745,76053.0,373062.16,SILVER,2022-06-05
2022-05-13,76176.0,76769.0,75932.0,76305.0,9276,52548,76188.0,212341.55,SILVER,2022-06-05
2022-05-16,77165.0,77224.0,76816.0,76973.0,17306,20681,76305.0,399628.42,SILVER,2022-06-05
2022-05-17,77546.0,77974.0,77145.0,77426.0,39017,16984,76973.0,906279.07,SILVER,2022-06-05
2022-05-18,77642.0,78434.0,76817.0,77648.0,32742,37579,77426.0,762705.24,SILVER,2022-06-05
2022-05-19,76891.0,77068.0,76749.0,76956.0,36600,64933,77648.0,844976.88,SILVER,2022-06-05
2022-05-20,77086.0,77498.0,77086.0,77400.0,22629,37399,76956.0,525445.38,SILVER,2022-06-05
2022-05-23,78967.0,79477.0,78621.0,79136.0,13245,41481,77400.0,314446.9,SILVER,2022-06-05
2022-05-24,80715.0,81355.0,79841.0,80408.0,36414,10944,79136.0,878393.07,SILVER,2022-06-05
2022-05-25,81725.0,82907.0,81099.0,81935.0,35098,19114,80408.0,862726.39,SILVER,2022-06-05
2022-05-26,81500.0,81599.0,81236.0,81469.0,15588,49846,81935.0,380981.63,SILVER,2022-06-05
2022-05-27,80717.0,81092.0,79859.0,80555.0,5442,42596,81469.0,131514.09,SILVER,2022-06-05
2022-05-30,80255.0,80628.0,80255.0,80457.0,16803,16907,80555.0,405575.69,SILVER,2022-06-05
2022-05-31,80560.0,81128.0,80210.0,80530.0,15599,38114,80457.0,376856.24,SILVER,2022-06-05
2022-06-01,81737.0,82421.0,80682.0,81584.0,12058,35009,80530.0,295121.96,SILVER,2022-06-05
2022-06-02,80013.0,80113.0,79937.0,80011.0,22206,60241,81584.0,533017.28,SILVER,2022-06-05
2022-06-03,81938.0,81938.0,81148.0,81471.0,16894,45725,80011.0,412911.32,SILVER,2022-06-05
2022-06-06,81070.0,81966.0,81070.0,81341.0,7939,28996,81471.0,193729.86,SILVER,2022-06-05
2022-06-07,81129.0,81721.0,80208.0,80958.0,27149,16047,81341.0,659378.62,SILVER,2022-06-05
2022-06-08,80001.0,80567.0,79704.0,80029.0,6031,38767,80958.0,144796.47,SILVER,2022-06-05
2022-06-09,78642.0,78874.0,78276.0,78520.0,15208,26347,80029.0,358239.65,SILVER,2022-06-05
2022-06-10,79368.0,79563.0,79062.0,79298.0,5562,34102,78520.0,132316.64,SILVER,2022-06-05
2022-06-13,79269.0,79665.0,78765.0,79386.0,25951,14263,79298.0,618043.83,SILVER,2022-06-05
2022-06-14,78257.0,78615.0,77757.0,78221.0,33351,77438,79386.0,782624.57,SILVER,2022-06-05
2022-06-15,76783.0,77334.0,76554.0,77069.0,23680,40540,78221.0,547498.18,SILVER,2022-06-05
2022-06-16,76881.0,77148.0,76492.0,76788.0,26586,73769,77069.0,612445.73,SILVER,2022-06-05
2022-06-17,78363.0,78993.0,77584.0,78317.0,14308,50843,76788.0,336167.89,SILVER,2022-06-05
2022-06-20,78200.0,78669.0,77829.0,78100.0,14609,37690,78317.0,342288.87,SILVER,2022-06-05
2022-06-21,76926.0,77353.0,76331.0,76764.0,86237,12994,78100.0,1985969.12,SILVER,2022-06-05
2022-06-22,76620.0,76935.0,76263.0,76564.0,56687,77546,76764.0,1302055.04,SILVER,2022-06-05
2022-06-23,76364.0,76395.0,76277.0,76341.0,82660,17377,76564.0,1893104.12,SILVER,2022-06-05
2022-06-24,73868.0,74741.0,73452.0,73998.0,34300,36467,76341.0,761439.42,SILVER,2022-06-05
2022-06-27,73866.0,74254.0,73668.0,73971.0,48642,10048,73998.0,1079429.21,SILVER,2022-06-05
2022-06-28,73967.0,73979.0,73502.0,73792.0,19847,46978,73971.0,439364.95,SILVER,2022-06-05
2022-06-29,74627.0,74661.0,74167.0,74413.0,70912,57606,73792.0,1583032.4,SILVER,2022-06-05
2022-06-30,76017.0,76964.0,75074.0,76054.0,25980,59222,74413.0,592764.88,SILVER,2022-06-05
2022-07-01,77086.0,77220.0,77027.0,77079.0,30905,58115,76054.0,714637.95,SILVER,2022-08-05
2022-07-04,76719.0,77600.0,76151.0,76858.0,12972,50647,77079.0,299100.59,SILVER,2022-08-05
2022-07-05,76071.0,76529.0,75247.0,75893.0,35653,64607,76858.0,811743.94,SILVER,2022-08-05
2022-07-06,78328.0,78526.0,77715.0,78224.0,31329,67410,75893.0,735203.91,SILVER,2022-08-05
2022-07-07,78602.0,78602.0,78098.0,78298.0,24184,31996,78224.0,568067.65,SILVER,2022-08-05
2022-07-08,78193.0,79002.0,77914.0,78331.0,19799,64921,78298.0,465262.64,SILVER,2022-08-05
2022-07-11,78270.0,79020.0,77733.0,78329.0,20052,56022,78331.0,471195.93,SILVER,2022-08-05
2022-07-12,78567.0,79222.0,77875.0,78530.0,11044,50148,78329.0,260185.6,SILVER,2022-08-05
2022-07-13,78520.0,78686.0,77820.0,78418.0,24871,77764,78530.0,585100.22,SILVER,2022-08-05
2022-07-14,77882.0,78496.0,77574.0,77916.0,28767,18888,78418.0,672422.87,SILVER,2022-08-05
2022-07-15,77306.0,77780.0,77237.0,77441.0,25234,49159,77916.0,586243.86,SILVER,2022-08-05
2022-07-18,77568.0,77741.0,77089.0,77432.0,26381,52197,77441.0,612820.08,SILVER,2022-08-05
2022-07-19,77074.0,77342.0,76746.0,76963.0,22274,34474,77432.0,514282.16,SILVER,2022-08-05
2022-07-20,76206.0,76694.0,75424.0,76346.0,27304,27333,76963.0,625365.36,SILVER,2022-08-05
2022-07-21,76668.0,77119.0,75959.0,76461.0,22572,46355,76346.0,517763.31,SILVER,2022-08-05
2022-07-22,76432.0,76457.0,76104.0,76254.0,30965,76258,76461.0,708361.53,SILVER,2022-08-05
2022-07-25,77643.0,77977.0,76933.0,77622.0,23384,41145,76254.0,544533.85,SILVER,2022-08-05
2022-07-26,75292.0,75566.0,74852.0,75280.0,22855,59854,77622.0,516157.32,SILVER,2022-08-05
2022-07-27,76349.0,76524.0,75952.0,76264.0,22920,77664,75280.0,524391.26,SILVER,2022-08-05
2022-07-28,77267.0,77570.0,76967.0,77400.0,21702,45285,76264.0,503920.44,SILVER,2022-08-05
2022-07-29,75576.0,76244.0,74715.0,75572.0,6894,27533,77400.0,156298.01,SILVER,2022-08-05
2022-08-01,74966.0,76079.0,74606.0,75291.0,35985,42624,75572.0,812803.99,SILVER,2022-08-05
2022-08-02,75117.0,75117.0,74863.0,74985.0,33287,56996,75291.0,748807.71,SILVER,2022-08-05
2022-08-03,73554.0,74022.0,73290.0,73785.0,12991,56947,74985.0,287562.28,SILVER,2022-08-05
2022-08-04,73358.0,73358.0,72887.0,73138.0,20439,37956,73785.0,448460.27,SILVER,2022-08-05
2022-08-05,72170.0,72374.0,72146.0,72217.0,34084,61030,73138.0,738433.27,SILVER,2022-08-05
2022-08-08,73696.0,73941.0,73541.0,73727.0,32659,68597,72217.0,722355.03,SILVER,2022-08-05
2022-08-09,74462.0,75020.0,73772.0,74555.0,29976,52443,73727.0,670458.2,SILVER,2022-08-05
2022-08-10,75645.0,76330.0,75407.0,75688.0,22107,75464,74555.0,501970.38,SILVER,2022-08-05
2022-08-11,76564.0,76725.0,75713.0,76348.0,7329,13952,75688.0,167866.35,SILVER,2022-08-05
2022-08-12,74994.0,75631.0,74850.0,75369.0,7770,66880,76348.0,175685.14,SILVER,2022-08-05
2022-08-15,75121.0,75544.0,74468.0,74930.0,9846,62201,75369.0,221328.23,SILVER,2022-08-05
2022-08-16,75429.0,75681.0,75253.0,75378.0,21651,52460,74930.0,489602.72,SILVER,2022-08-05
2022-08-17,74153.0,74843.0,73700.0,74332.0,19633,32796,75378.0,437808.05,SILVER,2022-08-05
2022-08-18,74811.0,75660.0,74509.0,74972.0,18628,41746,74332.0,418973.52,SILVER,2022-08-05
2022-08-19,75033.0,75419.0,74223.0,74782.0,5569,10015,74972.0,124938.29,SILVER,2022-08-05
2022-08-22,74335.0,74898.0,73741.0,74476.0,17432,59757,74782.0,389479.69,SILVER,2022-08-05
2022-08-23,74942.0,75561.0,74471.0,75116.0,95095,35957,74476.0,2142946.81,SILVER,2022-08-05
2022-08-24,75697.0,75801.0,74837.0,75525.0,31602,31292,75116.0,716022.32,SILVER,2022-08-05
2022-08-25,75279.0,75589.0,74608.0,75228.0,34825,41876,75525.0,785944.53,SILVER,2022-08-05
2022-08-26,76129.0,76737.0,75923.0,76272.0,29200,70727,75228.0,668142.72,SILVER,2022-08-05
2022-08-29,75369.0,75640.0,75011.0,75337.0,15642,57046,76272.0,353526.41,SILVER,2022-08-05
2022-08-30,75744.0,76443.0,75481.0,75899.0,33125,24817,75337.0,754246.31,SILVER,2022-08-05
2022-08-31,76614.0,76730.0,76251.0,76446.0,84392,19759,75899.0,1935429.25,SILVER,2022-08-05
2022-09-01,76352.0,76364.0,76034.0,76191.0,9858,58432,76446.0,225327.26,SILVER,2022-10-05
2022-09-02,76582.0,76713.0,75996.0,76501.0,18491,16412,76191.0,424374.0,SILVER,2022-10-05
2022-09-05,75468.0,75730.0,75212.0,75413.0,30294,67757,76501.0,685368.43,SILVER,2022-10-05
2022-09-06,76519.0,76614.0,75857.0,76250.0,11908,30504,75413.0,272395.5,SILVER,2022-10-05
2022-09-07,76106.0,76218.0,76010.0,76106.0,15844,18507,76250.0,361747.04,SILVER,2022-10-05
2022-09-08,75485.0,76231.0,75370.0,75664.0,7911,31050,76106.0,179573.37,SILVER,2022-10-05
2022-09-09,76684.0,77101.0,76172.0,76615.0,13991,14820,75664.0,321576.14,SILVER,2022-10-05
2022-09-12,76325.0,76326.0,75885.0,76008.0,16572,17835,76615.0,377881.37,SILVER,2022-10-05
2022-09-13,74639.0,75061.0,74322.0,74791.0,34693,23587,76008.0,778417.25,SILVER,2022-10-05
2022-09-14,73413.0,74176.0,72876.0,73466.0,22493,67732,74791.0,495741.22,SILVER,2022-10-05
2022-09-15,74068.0,74139.0,73917.0,74006.0,22634,61921,73466.0,502515.54,SILVER,2022-10-05
2022-09-16,72922.0,73110.0,72632.0,72930.0,29561,55499,74006.0,646765.12,SILVER,2022-10-05
2022-09-19,74310.0,74731.0,74134.0,74456.0,23033,16840,72930.0,514483.51,SILVER,2022-10-05
2022-09-20,72854.0,72854.0,72432.0,72691.0,12351,75077,74456.0,269341.96,SILVER,2022-10-05
2022-09-21,74507.0,74977.0,73888.0,74162.0,30921,41440,72691.0,687948.96,SILVER,2022-10-05
2022-09-22,74394.0,74539.0,74131.0,74365.0,24340,45183,74162.0,543013.23,SILVER,2022-10-05
2022-09-23,74167.0,74665.0,73952.0,74301.0,19901,12389,74365.0,443599.26,SILVER,2022-10-05
2022-09-26,73622.0,73912.0,73622.0,73850.0,15638,65076,74301.0,346459.89,SILVER,2022-10-05
2022-09-27,74253.0,74839.0,73523.0,74215.0,26378,76299,73850.0,587292.98,SILVER,2022-10-05
2022-09-28,74366.0,74366.0,74001.0,74202.0,27820,49023,74215.0,619289.89,SILVER,2022-10-05
2022-09-29,75254.0,75470.0,74865.0,75182.0,30060,60029,74202.0,677991.28,SILVER,2022-10-05
2022-09-30,75302.0,75745.0,74890.0,75302.0,37642,49941,75182.0,850355.37,SILVER,2022-10-05
2022-10-03,75365.0,76408.0,74816.0,75454.0,30378,63950,75302.0,687642.48,SILVER,2022-10-05
2022-10-04,74991.0,75248.0,74991.0,75155.0,13150,75363,75454.0,296486.47,SILVER,2022-10-05
2022-10-05,75251.0,75251.0,75027.0,75125.0,29059,71742,75155.0,654917.21,SILVER,2022-10-05
2022-10-06,75553.0,75963.0,74781.0,75415.0,39525,55215,75125.0,894233.36,SILVER,2022-10-05
2022-10-07,73718.0,74678.0,73420.0,73947.0,23193,57857,75415.0,514515.83,SILVER,2022-10-05
2022-10-10,73045.0,73699.0,72372.0,72814.0,32801,65476,73947.0,716511.6,SILVER,2022-10-05
2022-10-11,73551.0,73728.0,73234.0,73467.0,31246,38173,72814.0,688664.96,SILVER,2022-10-05
2022-10-12,73839.0,73967.0,73211.0,73633.0,17807,19395,73467.0,393354.85,SILVER,2022-10-05
2022-10-13,73298.0,73877.0,72913.0,73495.0,22535,69768,73633.0,496862.95,SILVER,2022-10-05
2022-10-14,73330.0,73655.0,73299.0,73531.0,10492,56229,73495.0,231446.18,SILVER,2022-10-05
2022-10-17,73827.0,74419.0,73163.0,73849.0,36357,36639,73531.0,805478.43,SILVER,2022-10-05
2022-10-18,73480.0,73932.0,73007.0,73406.0,11302,72583,73849.0,248890.38,SILVER,2022-10-05
2022-10-19,73024.0,73500.0,72108.0,72763.0,37314,38924,73406.0,814523.57,SILVER,2022-10-05
2022-10-20,73052.0,73666.0,72494.0,72949.0,9747,40104,72763.0,213310.17,SILVER,2022-10-05
2022-10-21,72106.0,72565.0,71844.0,72141.0,39215,47594,72949.0,848702.79,SILVER,2022-10-05
2022-10-24,72356.0,72757.0,72124.0,72505.0,59727,13664,72141.0,1299151.84,SILVER,2022-10-05
2022-10-25,71275.0,71655.0,70630.0,71100.0,87320,20528,72505.0,1862535.6,SILVER,2022-10-05
2022-10-26,71839.0,72050.0,71839.0,71977.0,31235,38190,71100.0,674460.48,SILVER,2022-10-05
2022-10-27,72630.0,72630.0,72182.0,72395.0,87192,76033,71977.0,1893679.45,SILVER,2022-10-05
2022-10-28,72589.0,72884.0,72319.0,72631.0,82452,71161,72395.0,1796571.36,SILVER,2022-10-05
2022-10-31,73721.0,73789.0,73357.0,73487.0,47565,42899,72631.0,1048622.75,SILVER,2022-10-05
2022-11-01,75049.0,75255.0,74645.0,74948.0,25422,27241,73487.0,571598.42,SILVER,2022-12-05
2022-11-02,75838.0,76195.0,75700.0,75859.0,14244,56211,74948.0,324160.68,SILVER,2022-12-05
2022-11-03,74192.0,74719.0,73828.0,74269.0,38481,73472,75859.0,857383.62,SILVER,2022-12-05
2022-11-04,73139.0,73732.0,72683.0,73189.0,28644,41346,74269.0,628927.71,SILVER,2022-12-05
2022-11-07,72740.0,72893.0,72391.0,72678.0,13521,52220,73189.0,294803.77,SILVER,2022-12-05
2022-11-08,72731.0,73089.0,72509.0,72720.0,6746,27942,72678.0,147170.74,SILVER,2022-12-05
2022-11-09,73093.0,73769.0,72768.0,73180.0,22591,59167,72720.0,495962.81,SILVER,2022-12-05
2022-11-10,72559.0,72926.0,71840.0,72583.0,31718,46373,73180.0,690656.28,SILVER,2022-12-05
2022-11-11,72772.0,73083.0,72606.0,72761.0,7696,77143,72583.0,167990.6,SILVER,2022-12-05
2022-11-14,71836.0,72382.0,71836.0,72143.0,17012,12016,72761.0,368189.01,SILVER,2022-12-05
2022-11-15,71716.0,72118.0,71383.0,71650.0,19688,79110,72143.0,423193.56,SILVER,2022-12-05
2022-11-16,70366.0,70647.0,70352.0,70504.0,28457,56309,71650.0,601899.7,SILVER,2022-12-05
2022-11-17,69608.0,69938.0,69543.0,69769.0,10036,17274,70504.0,210060.51,SILVER,2022-12-05
2022-11-18,68466.0,68879.0,68333.0,68698.0,34960,25748,69769.0,720504.62,SILVER,2022-12-05
2022-11-21,67696.0,68340.0,67181.0,67940.0,27159,30175,68698.0,553554.74,SILVER,2022-12-05
2022-11-22,68612.0,69026.0,68266.0,68799.0,12910,21826,67940.0,266458.53,SILVER,2022-12-05
2022-11-23,67964.0,68300.0,67629.0,68061.0,7693,44129,68799.0,157077.98,SILVER,2022-12-05
2022-11-24,70475.0,70500.0,69684.0,70201.0,20858,33490,68061.0,439275.74,SILVER,2022-12-05
2022-11-25,70551.0,70939.0,70453.0,70625.0,33810,51435,70201.0,716349.38,SILVER,2022-12-05
2022-11-28,70822.0,71377.0,70127.0,70797.0,25092,18520,70625.0,532931.5,SILVER,2022-12-05
2022-11-29,70168.0,70324.0,69809.0,70112.0,28243,71877,70797.0,594051.96,SILVER,2022-12-05
2022-11-30,70724.0,70956.0,70445.0,70706.0,35505,29798,70112.0,753124.96,SILVER,2022-12-05
2022-12-01,70242.0,70551.0,69947.0,70252.0,12692,64638,70706.0,267491.52,SILVER,2023-02-05
2022-12-02,70204.0,70434.0,70204.0,70372.0,33555,79072,70252.0,708399.74,SILVER,2023-02-05
2022-12-05,72734.0,72734.0,72139.0,72523.0,11398,77309,70372.0,247985.15,SILVER,2023-02-05
2022-12-06,72724.0,72875.0,71757.0,72462.0,12252,39894,72523.0,266341.33,SILVER,2023-02-05
2022-12-07,73212.0,74273.0,72933.0,73459.0,16721,72963,72462.0,368492.38,SILVER,2023-02-05
2022-12-08,72730.0,73636.0,72114.0,72879.0,22939,64567,73459.0,501531.41,SILVER,2023-02-05
2022-12-09,72828.0,73386.0,72411.0,72869.0,16825,45326,72879.0,367806.28,SILVER,2023-02-05
2022-12-12,74265.0,74881.0,74027.0,74409.0,30251,65059,72869.0,675284.0,SILVER,2023-02-05
2022-12-13,73962.0,74326.0,73448.0,73887.0,29151,15079,74409.0,646163.98,SILVER,2023-02-05
2022-12-14,75375.0,75808.0,75166.0,75485.0,5036,35838,73887.0,114042.74,SILVER,2023-02-05
2022-12-15,76460.0,76529.0,75695.0,76130.0,33412,57109,75485.0,763096.67,SILVER,2023-02-05
2022-12-16,75833.0,76239.0,75197.0,75653.0,23171,35594,76130.0,525886.7,SILVER,2023-02-05
2022-12-19,76265.0,76708.0,75498.0,76233.0,37761,52749,75653.0,863590.29,SILVER,2023-02-05
2022-12-20,77281.0,77310.0,76890.0,77122.0,20202,46292,76233.0,467405.59,SILVER,2023-02-05
2022-12-21,77876.0,78002.0,77245.0,77704.0,32650,61818,77122.0,761110.68,SILVER,2023-02-05
2022-12-22,76229.0,76879.0,75968.0,76315.0,32662,23429,77704.0,747780.16,SILVER,2023-02-05
2022-12-23,75568.0,76241.0,75053.0,75691.0,87182,67748,76315.0,1979667.83,SILVER,2023-02-05
2022-12-26,75505.0,75642.0,75441.0,75493.0,27330,58807,75691.0,618967.11,SILVER,2023-02-05
2022-12-27,75578.0,75598.0,75381.0,75448.0,78675,17140,75493.0,1780761.42,SILVER,2023-02-05
2022-12-28,76037.0,76199.0,75734.0,76016.0,33320,73226,75448.0,759855.94,SILVER,2023-02-05
2022-12-29,75954.0,76380.0,75954.0,76194.0,28332,24901,76016.0,647618.52,SILVER,2023-02-05
2022-12-30,74917.0,75383.0,74738.0,75038.0,40670,38525,76194.0,915538.64,SILVER,2023-02-05
2023-01-02,75380.0,75942.0,74860.0,75391.0,10067,30491,75038.0,227688.36,SILVER,2023-02-05
2023-01-03,75938.0,76415.0,75650.0,75950.0,22045,78816,75391.0,502295.32,SILVER,2023-02-05
2023-01-04,76769.0,77292.0,75788.0,76467.0,27770,44980,75950.0,637046.58,SILVER,2023-02-05
2023-01-05,77242.0,77796.0,77181.0,77457.0,12887,18078,76467.0,299456.51,SILVER,2023-02-05
2023-01-06,78313.0,78853.0,77614.0,78234.0,38182,58704,77457.0,896139.18,SILVER,2023-02-05
2023-01-09,78909.0,78984.0,78285.0,78675.0,37370,26997,78234.0,882025.42,SILVER,2023-02-05
2023-01-10,78988.0,78988.0,78379.0,78631.0,29918,10868,78675.0,705744.68,SILVER,2023-02-05
2023-01-11,77082.0,78023.0,76265.0,77144.0,33026,36398,78631.0,764327.32,SILVER,2023-02-05
2023-01-12,77628.0,77891.0,76979.0,77552.0,16929,31246,77144.0,393863.34,SILVER,2023-02-05
2023-01-13,77849.0,78376.0,77209.0,77760.0,39937,30561,77552.0,931650.34,SILVER,2023-02-05
2023-01-16,78058.0,78202.0,77803.0,78027.0,18563,26254,77760.0,434524.56,SILVER,2023-02-05
2023-01-17,76880.0,76989.0,76765.0,76895.0,33546,44512,78027.0,773855.9,SILVER,2023-02-05
2023-01-18,76019.0,76396.0,75618.0,75953.0,17888,67865,76895.0,407594.18,SILVER,2023-02-05
2023-01-19,76522.0,77521.0,76385.0,76911.0,39283,33580,75953.0,906388.44,SILVER,2023-02-05
2023-01-20,77001.0,77219.0,76787.0,76896.0,21958,52485,76911.0,506544.71,SILVER,2023-02-05
2023-01-23,77550.0,77866.0,77303.0,77530.0,17634,60621,76896.0,410149.21,SILVER,2023-02-05
2023-01-24,77542.0,77986.0,77180.0,77576.0,24251,60665,77530.0,564388.67,SILVER,2023-02-05
2023-01-25,77942.0,77942.0,77516.0,77624.0,24928,60603,77576.0,580503.32,SILVER,2023-02-05
2023-01-26,78392.0,79432.0,77863.0,78498.0,21455,31038,77624.0,505252.38,SILVER,2023-02-05
2023-01-27,77985.0,78212.0,77841.0,78048.0,32144,24325,78498.0,752632.47,SILVER,2023-02-05
2023-01-30,78467.0,78467.0,77549.0,78156.0,33013,45892,78048.0,774049.21,SILVER,2023-02-05
2023-01-31,77627.0,78010.0,77574.0,77757.0,26876,11753,78156.0,626939.14,SILVER,2023-02-05
2023-02-01,77299.0,78141.0,76859.0,77385.0,31962,27996,77757.0,742013.81,SILVER,2023-02-05
2023-02-02,77104.0,77461.0,76935.0,77127.0,33084,78811,77385.0,765500.9,SILVER,2023-02-05
2023-02-03,77477.0,77805.0,76948.0,77347.0,26143,55211,77127.0,606624.79,SILVER,2023-02-05
2023-02-06,76969.0,77239.0,76469.0,76937.0,31091,72820,77347.0,717614.48,SILVER,2023-02-05
2023-02-07,77890.0,78343.0,77877.0,78092.0,19179,10824,76937.0,449317.94,SILVER,2023-02-05
2023-02-08,77221.0,77574.0,76611.0,77303.0,37807,23880,78092.0,876778.36,SILVER,2023-02-05
2023-02-09,77061.0,77413.0,76910.0,77155.0,15222,76617,77303.0,352336.02,SILVER,2023-02-05
2023-02-10,76769.0,77183.0,76327.0,76781.0,28949,21517,77155.0,666819.95,SILVER,2023-02-05
2023-02-13,78174.0,78234.0,77918.0,78108.0,21116,31683,76781.0,494798.56,SILVER,2023-02-05
2023-02-14,78373.0,78462.0,78195.0,78308.0,22667,26876,78108.0,532502.23,SILVER,2023-02-05
2023-02-15,78994.0,79542.0,78844.0,79276.0,13775,66354,78308.0,327608.07,SILVER,2023-02-05
2023-02-16,78102.0,78977.0,77505.0,77936.0,34655,19982,79276.0,810261.62,SILVER,2023-02-05
2023-02-17,78239.0,78708.0,77539.0,78199.0,19193,36598,77936.0,450262.02,SILVER,2023-02-05
2023-02-20,79254.0,79484.0,78576.0,79035.0,19676,24639,78199.0,466527.8,SILVER,2023-02-05
2023-02-21,79202.0,79338.0,78848.0,79132.0,89440,79852,79035.0,2123269.82,SILVER,2023-02-05
2023-02-22,80318.0,80344.0,79908.0,80142.0,55497,19695,79132.0,1334292.17,SILVER,2023-02-05
2023-02-23,79755.0,80441.0,79386.0,79681.0,50165,58582,80142.0,1199159.21,SILVER,2023-02-05
2023-02-24,81240.0,81240.0,80770.0,81022.0,59737,41094,79681.0,1452003.36,SILVER,2023-02-05
2023-02-27,83330.0,84149.0,82432.0,83243.0,13115,70635,81022.0,327519.58,SILVER,2023-02-05
2023-02-28,82897.0,83814.0,82563.0,82913.0,65522,32187,83243.0,1629787.68,SILVER,2023-02-05
2023-03-01,82880.0,82907.0,82012.0,82505.0,21800,11214,82913.0,539582.7,SILVER,2023-04-05
2023-03-02,84085.0,84334.0,83351.0,83936.0,28086,33940,82505.0,707227.95,SILVER,2023-04-05
2023-03-03,85616.0,86045.0,84906.0,85518.0,25101,54406,83936.0,643976.2,SILVER,2023-04-05
2023-03-06,84803.0,85907.0,84719.0,85020.0,21491,53481,85518.0,548149.45,SILVER,2023-04-05
2023-03-07,84408.0,85451.0,84217.0,84626.0,32207,25977,85020.0,817664.87,SILVER,2023-04-05
2023-03-08,84419.0,84732.0,83857.0,84370.0,25897,54839,84626.0,655478.97,SILVER,2023-04-05
2023-03-09,83104.0,83486.0,82934.0,83079.0,34492,67874,84370.0,859668.26,SILVER,2023-04-05
2023-03-10,82115.0,82489.0,81911.0,82216.0,6421,68414,83079.0,158372.68,SILVER,2023-04-05
2023-03-13,81303.0,82416.0,80160.0,81280.0,37015,35538,82216.0,902573.76,SILVER,2023-04-05
2023-03-14,80833.0,80833.0,80399.0,80577.0,17970,66241,81280.0,434390.61,SILVER,2023-04-05
2023-03-15,80678.0,80678.0,80483.0,80566.0,12283,70481,80577.0,296877.65,SILVER,2023-04-05
2023-03-16,80623.0,81164.0,80565.0,80807.0,33488,37740,80566.0,811819.44,SILVER,2023-04-05
2023-03-17,82284.0,82552.0,82086.0,82302.0,20945,73328,80807.0,517144.62,SILVER,2023-04-05
2023-03-20,81240.0,81718.0,81038.0,81371.0,5255,60643,82302.0,128281.38,SILVER,2023-04-05
2023-03-21,82268.0,82975.0,81654.0,82331.0,16019,21881,81371.0,395658.09,SILVER,2023-04-05
2023-03-22,82080.0,82477.0,81802.0,82148.0,20487,46996,82331.0,504889.82,SILVER,2023-04-05
2023-03-23,82043.0,82536.0,81200.0,82122.0,24346,42177,82148.0,599802.66,SILVER,2023-04-05
2023-03-24,82584.0,82881.0,82584.0,82791.0,13744,47177,82122.0,341363.85,SILVER,2023-04-05
2023-03-27,81715.0,82114.0,81512.0,81736.0,29756,76126,82791.0,729640.92,SILVER,2023-04-05
2023-03-28,82031.0,82584.0,81852.0,82123.0,22861,66531,81736.0,563224.17,SILVER,2023-04-05
2023-03-29,81821.0,82401.0,81821.0,82304.0,30146,36119,82123.0,744340.92,SILVER,2023-04-05
2023-03-30,83139.0,83139.0,82233.0,82799.0,26976,37915,82304.0,670075.75,SILVER,2023-04-05
2023-03-31,83281.0,84305.0,82049.0,83100.0,5591,12708,82799.0,139383.63,SILVER,2023-04-05
2023-04-03,85469.0,86139.0,85295.0,85534.0,11277,48749,83100.0,289370.08,SILVER,2023-04-05
2023-04-04,84925.0,85299.0,84327.0,84922.0,7260,54989,85534.0,184960.12,SILVER,2023-04-05
2023-04-05,84222.0,84507.0,84222.0,84420.0,5347,32106,84922.0,135418.12,SILVER,2023-04-05
2023-04-06,84115.0,84115.0,83397.0,83830.0,29741,27131,84420.0,747956.41,SILVER,2023-04-05
2023-04-07,83627.0,83627.0,83102.0,83311.0,11869,56553,83830.0,296645.48,SILVER,2023-04-05
2023-04-10,82742.0,83109.0,82341.0,82716.0,33082,68144,83311.0,820923.21,SILVER,2023-04-05
2023-04-11,84063.0,84938.0,82883.0,83892.0,27080,16553,82716.0,681538.61,SILVER,2023-04-05
2023-04-12,85344.0,85879.0,84801.0,85314.0,33979,27881,83892.0,869665.32,SILVER,2023-04-05
2023-04-13,84543.0,85038.0,84543.0,84770.0,24422,11379,85314.0,621075.88,SILVER,2023-04-05
2023-04-14,83904.0,84435.0,83709.0,83973.0,27993,79306,84770.0,705196.86,SILVER,2023-04-05
2023-04-17,84480.0,85129.0,84040.0,84457.0,17386,29726,83973.0,440510.82,SILVER,2023-04-05
2023-04-18,83861.0,84793.0,83381.0,83937.0,39033,19088,84457.0,982893.88,SILVER,2023-04-05
2023-04-19,84543.0,85091.0,83415.0,84580.0,17938,44314,83937.0,455158.81,SILVER,2023-04-05
2023-04-20,84787.0,84987.0,84636.0,84802.0,16159,65041,84580.0,411094.66,SILVER,2023-04-05
2023-04-21,83325.0,83635.0,83092.0,83339.0,18185,26350,84802.0,454655.91,SILVER,2023-04-05
2023-04-24,84886.0,84965.0,84683.0,84877.0,59635,27769,83339.0,1518491.97,SILVER,2023-04-05
2023-04-25,86511.0,87033.0,86441.0,86695.0,92037,57249,84877.0,2393744.31,SILVER,2023-04-05
2023-04-26,85976.0,86672.0,85555.0,86099.0,38705,56365,86695.0,999738.54,SILVER,2023-04-05
2023-04-27,85513.0,86755.0,84896.0,85733.0,59902,60185,86099.0,1540673.45,SILVER,2023-04-05
2023-04-28,86209.0,86460.0,85441.0,86041.0,62610,12786,85733.0,1616108.1,SILVER,2023-04-05
2023-05-01,86035.0,86905.0,85970.0,86399.0,38836,11620,86041.0,1006617.47,SILVER,2023-06-05
2023-05-02,87288.0,87538.0,86511.0,87087.0,26975,46303,86399.0,704751.55,SILVER,2023-06-05
2023-05-03,89421.0,89530.0,89012.0,89174.0,19706,29589,87087.0,527178.85,SILVER,2023-06-05
2023-05-04,88958.0,90056.0,87611.0,89012.0,10974,12882,89174.0,293045.31,SILVER,2023-06-05
2023-05-05,87751.0,88372.0,87751.0,88210.0,15928,72248,89012.0,421502.66,SILVER,2023-06-05
2023-05-08,86763.0,87271.0,86186.0,86825.0,26213,59322,88210.0,682783.12,SILVER,2023-06-05
2023-05-09,86100.0,87113.0,85438.0,86111.0,6950,34524,86825.0,179541.44,SILVER,2023-06-05
2023-05-10,85925.0,86612.0,85440.0,86099.0,24477,19745,86111.0,632233.57,SILVER,2023-06-05
2023-05-11,87851.0,88318.0,87429.0,87941.0,15411,25861,86099.0,406577.63,SILVER,2023-06-05
2023-05-12,87702.0,87702.0,86959.0,87435.0,26695,64261,87941.0,700223.2,SILVER,2023-06-05
2023-05-15,87802.0,87918.0,87396.0,87685.0,22771,12837,87435.0,599002.54,SILVER,2023-06-05
2023-05-16,87528.0,88059.0,86969.0,87690.0,9274,64380,87685.0,243971.12,SILVER,2023-06-05
2023-05-17,88652.0,89098.0,88652.0,88936.0,12045,59831,87690.0,321370.24,SILVER,2023-06-05
2023-05-18,91557.0,92220.0,90530.0,91617.0,34714,48255,88936.0,954117.76,SILVER,2023-06-05
2023-05-19,91035.0,91168.0,90996.0,91074.0,39386,39520,91617.0,1076112.17,SILVER,2023-06-05
2023-05-22,90669.0,91091.0,89967.0,90579.0,13562,39541,91074.0,368529.72,SILVER,2023-06-05
2023-05-23,91612.0,92012.0,91178.0,91710.0,32759,75772,90579.0,901298.37,SILVER,2023-06-05
2023-05-24,92560.0,93091.0,91997.0,92465.0,17026,37350,91710.0,472292.73,SILVER,2023-06-05
2023-05-25,94866.0,94866.0,94334.0,94500.0,36589,54397,92465.0,1037298.15,SILVER,2023-06-05
2023-05-26,95324.0,96079.0,94547.0,95168.0,36738,73865,94500.0,1048884.6,SILVER,2023-06-05
2023-05-29,94785.0,96161.0,93843.0,94794.0,31844,65956,95168.0,905586.04,SILVER,2023-06-05
2023-05-30,95437.0,95692.0,95345.0,95472.0,28447,37453,94794.0,814767.6,SILVER,2023-06-05
2023-05-31,96668.0,97232.0,96138.0,96737.0,29879,72345,95472.0,867121.45,SILVER,2023-06-05
2023-06-01,97921.0,98126.0,97266.0,97690.0,16966,22906,96737.0,497222.56,SILVER,2023-06-05
2023-06-02,98169.0,98675.0,97732.0,98293.0,22732,24988,97690.0,670318.94,SILVER,2023-06-05
2023-06-05,99555.0,99792.0,98951.0,99546.0,10289,37723,98293.0,307268.64,SILVER,2023-06-05
2023-06-06,100946.0,101108.0,100503.0,100936.0,25012,43800,99546.0,757383.37,SILVER,2023-06-05
2023-06-07,102496.0,103325.0,101785.0,102599.0,23812,49107,100936.0,732926.22,SILVER,2023-06-05
2023-06-08,103118.0,104376.0,102873.0,103402.0,28092,37430,102599.0,871430.7,SILVER,2023-06-05
2023-06-09,103292.0,103720.0,102552.0,103225.0,30105,42535,103402.0,932276.59,SILVER,2023-06-05
2023-06-12,103414.0,103770.0,102728.0,103426.0,19294,78476,103225.0,598650.37,SILVER,2023-06-05
2023-06-13,105020.0,105092.0,104772.0,104915.0,8621,62284,103426.0,271341.66,SILVER,2023-06-05
2023-06-14,103835.0,104294.0,103742.0,103945.0,37442,66232,104915.0,1167572.61,SILVER,2023-06-05
2023-06-15,104672.0,105047.0,103759.0,104417.0,26699,54420,103945.0,836348.84,SILVER,2023-06-05
2023-06-16,103782.0,105142.0,102630.0,103964.0,7347,47710,104417.0,229147.05,SILVER,2023-06-05
2023-06-19,104380.0,104477.0,103470.0,104023.0,34486,50498,103964.0,1076201.15,SILVER,2023-06-05
2023-06-20,105240.0,106229.0,105022.0,105610.0,22110,41283,104023.0,700511.13,SILVER,2023-06-05
2023-06-21,105962.0,106472.0,105558.0,105870.0,24807,76169,105610.0,787895.13,SILVER,2023-06-05
2023-06-22,106052.0,106094.0,105750.0,105952.0,51527,72457,105870.0,1637816.61,SILVER,2023-06-05
2023-06-23,104144.0,104816.0,103230.0,104310.0,60497,35968,105952.0,1893132.62,SILVER,2023-06-05
2023-06-26,105335.0,106143.0,104227.0,105246.0,35165,72508,104310.0,1110292.68,SILVER,2023-06-05
2023-06-27,106337.0,106644.0,105771.0,106065.0,79385,73220,105246.0,2525991.01,SILVER,2023-06-05
2023-06-28,108316.0,109192.0,108316.0,108798.0,73150,15738,106065.0,2387572.11,SILVER,2023-06-05
2023-06-29,108543.0,108906.0,107978.0,108434.0,54977,13098,108798.0,1788412.81,SILVER,2023-06-05
2023-06-30,108194.0,109353.0,108194.0,108736.0,68882,48244,108434.0,2246985.95,SILVER,2023-06-05
2023-07-03,108867.0,109726.0,108364.0,109078.0,29174,18253,108736.0,954672.47,SILVER,2023-08-05
2023-07-04,111489.0,112245.0,109597.0,111127.0,26957,64333,109078.0,898695.16,SILVER,2023-08-05
2023-07-05,110900.0,111528.0,110671.0,111029.0,5634,60969,111127.0,187661.22,SILVER,2023-08-05
2023-07-06,111154.0,111740.0,110724.0,111416.0,34881,54411,111029.0,1165890.45,SILVER,2023-08-05
2023-07-07,112189.0,112682.0,111800.0,112234.0,17771,45421,111416.0,598353.12,SILVER,2023-08-05
2023-07-10,112969.0,113184.0,111805.0,112504.0,23298,11454,112234.0,786335.46,SILVER,2023-08-05
2023-07-11,111535.0,112757.0,111415.0,111945.0,19340,27522,112504.0,649504.89,SILVER,2023-08-05
2023-07-12,111988.0,112610.0,111786.0,112224.0,38356,48575,111945.0,1291339.12,SILVER,2023-08-05
2023-07-13,114003.0,114630.0,112618.0,113663.0,11351,13192,112224.0,387056.61,SILVER,2023-08-05
2023-07-14,112754.0,113406.0,111353.0,112337.0,8838,65268,113663.0,297850.32,SILVER,2023-08-05
2023-07-17,112513.0,113130.0,112125.0,112537.0,6973,20402,112337.0,235416.15,SILVER,2023-08-05
2023-07-18,111371.0,111840.0,111371.0,111647.0,15247,46527,112537.0,510684.54,SILVER,2023-08-05
2023-07-19,113714.0,114078.0,112055.0,113239.0,36655,62181,111647.0,1245232.66,SILVER,2023-08-05
2023-07-20,111627.0,111742.0,110874.0,111272.0,11683,37002,113239.0,389997.23,SILVER,2023-08-05
2023-07-21,110725.0,111451.0,110091.0,110575.0,16244,22460,111272.0,538854.09,SILVER,2023-08-05
2023-07-24,110907.0,111230.0,110901.0,111087.0,34058,40482,110575.0,1135020.31,SILVER,2023-08-05
2023-07-25,113147.0,113727.0,111911.0,113158.0,33371,26447,111087.0,1132858.69,SILVER,2023-08-05
2023-07-26,113061.0,113320.0,112754.0,113097.0,8822,58228,113158.0,299322.52,SILVER,2023-08-05
2023-07-27,112468.0,112973.0,111708.0,112393.0,33878,60126,113097.0,1142295.02,SILVER,2023-08-05
2023-07-28,115244.0,115781.0,114545.0,114911.0,10914,30545,112393.0,376241.6,SILVER,2023-08-05
2023-07-31,113212.0,113266.0,112700.0,113013.0,23164,65114,114911.0,785349.94,SILVER,2023-08-05
2023-08-01,109942.0,110858.0,109913.0,110179.0,32180,67801,113013.0,1063668.07,SILVER,2023-08-05
2023-08-02,111076.0,111572.0,109636.0,110771.0,8688,23890,110179.0,288713.53,SILVER,2023-08-05
2023-08-03,110219.0,110838.0,109752.0,110150.0,19683,62482,110771.0,650424.74,SILVER,2023-08-05
2023-08-04,109021.0,109637.0,108335.0,108872.0,18080,73397,110150.0,590521.73,SILVER,2023-08-05
2023-08-07,110122.0,110482.0,108778.0,109799.0,35953,11740,108872.0,1184281.03,SILVER,2023-08-05
2023-08-08,109892.0,110261.0,109892.0,110137.0,14916,40121,109799.0,492841.05,SILVER,2023-08-05
2023-08-09,109433.0,110026.0,108085.0,109441.0,34677,21218,110137.0,1138525.67,SILVER,2023-08-05
2023-08-10,107730.0,108513.0,107282.0,107845.0,32360,44722,109441.0,1046959.26,SILVER,2023-08-05
2023-08-11,108630.0,109266.0,108630.0,108972.0,18453,59431,107845.0,603258.09,SILVER,2023-08-05
2023-08-14,109902.0,110075.0,109683.0,109826.0,27703,61543,108972.0,912752.9,SILVER,2023-08-05
2023-08-15,110276.0,110276.0,109203.0,109725.0,13640,52000,109826.0,448994.7,SILVER,2023-08-05
2023-08-16,111725.0,112681.0,111609.0,112137.0,34263,40921,109725.0,1152645.01,SILVER,2023-08-05
2023-08-17,110766.0,111258.0,110169.0,110773.0,37849,40614,112137.0,1257794.18,SILVER,2023-08-05
2023-08-18,108985.0,110296.0,107782.0,108846.0,21078,71189,110773.0,688276.8,SILVER,2023-08-05
2023-08-21,108023.0,108186.0,107807.0,107997.0,70957,27601,108846.0,2298942.94,SILVER,2023-08-05
2023-08-22,107940.0,108474.0,107143.0,107964.0,51340,30514,107997.0,1662861.53,SILVER,2023-08-05
2023-08-23,108015.0,108510.0,107992.0,108296.0,31025,77612,107964.0,1007965.02,SILVER,2023-08-05
2023-08-24,108067.0,108384.0,107034.0,108017.0,52315,26292,108296.0,1695272.81,SILVER,2023-08-05
2023-08-25,108322.0,109725.0,107896.0,108486.0,98120,41510,108017.0,3193393.9,SILVER,2023-08-05
2023-08-28,106472.0,107458.0,106472.0,106940.0,90397,38000,108486.0,2900116.55,SILVER,2023-08-05
2023-08-29,109040.0,109040.0,108646.0,108780.0,85225,40383,106940.0,2781232.65,SILVER,2023-08-05
2023-08-30,108909.0,109380.0,107815.0,108701.0,63917,21785,108780.0,2084352.55,SILVER,2023-08-05
2023-08-31,110163.0,110556.0,109099.0,110151.0,50917,50910,108701.0,1682567.54,SILVER,2023-08-05
2023-09-01,110668.0,111656.0,109658.0,110618.0,10813,49028,110151.0,358833.73,SILVER,2023-10-05
2023-09-04,111472.0,111842.0,110691.0,111233.0,39269,34855,110618.0,1310402.6,SILVER,2023-10-05
2023-09-05,112050.0,112314.0,111599.0,112000.0,21498,34281,111233.0,722332.8,SILVER,2023-10-05
2023-09-06,112815.0,113181.0,111892.0,112612.0,30989,14841,112000.0,1046919.98,SILVER,2023-10-05
2023-09-07,113417.0,114647.0,113040.0,113484.0,30568,70155,112612.0,1040693.67,SILVER,2023-10-05
2023-09-08,115585.0,115585.0,115142.0,115282.0,6041,36918,113484.0,208925.57,SILVER,2023-10-05
2023-09-11,115647.0,116400.0,115216.0,115573.0,35099,66313,115282.0,1216949.02,SILVER,2023-10-05
2023-09-12,116603.0,117067.0,116083.0,116558.0,29364,27443,115573.0,1026782.73,SILVER,2023-10-05
2023-09-13,116166.0,117289.0,115982.0,116462.0,28482,42250,116558.0,995121.21,SILVER,2023-10-05
2023-09-14,118528.0,118855.0,117758.0,118460.0,8676,11922,116462.0,308327.69,SILVER,2023-10-05
2023-09-15,117360.0,117934.0,117037.0,117556.0,26781,41976,118460.0,944480.17,SILVER,2023-10-05
2023-09-18,119923.0,120378.0,119499.0,120076.0,35048,21991,117556.0,1262527.09,SILVER,2023-10-05
2023-09-19,119851.0,121015.0,119301.0,120047.0,8065,63744,120076.0,290453.72,SILVER,2023-10-05
2023-09-20,117836.0,118335.0,117828.0,118088.0,7036,32733,120047.0,249260.15,SILVER,2023-10-05
2023-09-21,118794.0,118794.0,117913.0,118291.0,21924,12473,118088.0,778023.57,SILVER,2023-10-05
2023-09-22,117694.0,118362.0,116207.0,117382.0,37844,18108,118291.0,1332661.32,SILVER,2023-10-05
2023-09-25,119020.0,119020.0,118409.0,118564.0,21407,38715,117382.0,761429.86,SILVER,2023-10-05
2023-09-26,117404.0,118279.0,116848.0,117692.0,26518,42210,118564.0,936286.94,SILVER,2023-10-05
2023-09-27,117125.0,117681.0,116532.0,117108.0,22059,47317,117692.0,774985.61,SILVER,2023-10-05
2023-09-28,114287.0,114718.0,114287.0,114583.0,28052,75516,117108.0,964284.69,SILVER,2023-10-05
2023-09-29,113848.0,114286.0,113543.0,114007.0,9267,43362,114583.0,316950.86,SILVER,2023-10-05
2023-10-02,110653.0,111301.0,109576.0,110856.0,10988,64604,114007.0,365425.72,SILVER,2023-10-05
2023-10-03,109124.0,109260.0,108670.0,108854.0,32974,14889,110856.0,1076805.54,SILVER,2023-10-05
2023-10-04,109761.0,110507.0,109262.0,109848.0,29036,41971,108854.0,956863.96,SILVER,2023-10-05
2023-10-05,111121.0,111473.0,109905.0,110884.0,13680,60551,109848.0,455067.94,SILVER,2023-10-05
2023-10-06,111596.0,112128.0,110295.0,111461.0,6485,13201,110884.0,216847.38,SILVER,2023-10-05
2023-10-09,110745.0,110745.0,109863.0,110238.0,19713,47958,111461.0,651936.51,SILVER,2023-10-05
2023-10-10,109876.0,110682.0,109625.0,110202.0,25043,15681,110238.0,827936.61,SILVER,2023-10-05
2023-10-11,110500.0,111547.0,109431.0,110223.0,7419,56870,110202.0,245323.33,SILVER,2023-10-05
2023-10-12,109019.0,109425.0,107653.0,108770.0,22140,77203,110223.0,722450.34,SILVER,2023-10-05
2023-10-13,110502.0,111261.0,110276.0,110718.0,17961,38152,108770.0,596581.8,SILVER,2023-10-05
2023-10-16,112107.0,112678.0,111573.0,111882.0,11487,60061,110718.0,385556.56,SILVER,2023-10-05
2023-10-17,111695.0,112009.0,111192.0,111620.0,36110,67619,111882.0,1209179.46,SILVER,2023-10-05
2023-10-18,111629.0,111853.0,111361.0,111680.0,21360,68235,111620.0,715645.44,SILVER,2023-10-05
2023-10-19,111793.0,112809.0,111436.0,111977.0,29882,47890,111680.0,1003829.01,SILVER,2023-10-05
2023-10-20,109212.0,109916.0,108911.0,109370.0,22502,71401,111977.0,738313.12,SILVER,2023-10-05
2023-10-23,109527.0,109909.0,107939.0,109080.0,31577,21217,109370.0,1033325.75,SILVER,2023-10-05
2023-10-24,108242.0,109204.0,107897.0,108242.0,20042,58351,109080.0,650815.85,SILVER,2023-10-05
2023-10-25,107178.0,107196.0,106826.0,107011.0,64312,43741,108242.0,2064627.43,SILVER,2023-10-05
2023-10-26,106517.0,107441.0,106223.0,106686.0,74405,30654,107011.0,2381391.55,SILVER,2023-10-05
2023-10-27,108800.0,109390.0,108780.0,108970.0,14460,71314,106686.0,472711.86,SILVER,2023-10-05
2023-10-30,110050.0,110227.0,109407.0,109812.0,82550,11408,108970.0,2719494.18,SILVER,2023-10-05
2023-10-31,108815.0,109934.0,108481.0,109109.0,51912,52903,109812.0,1699219.92,SILVER,2023-10-05
2023-11-01,109774.0,110987.0,108902.0,109865.0,36127,11218,109109.0,1190727.86,SILVER,2023-12-05
2023-11-02,111705.0,113817.0,110500.0,111697.0,8196,60572,109865.0,274640.58,SILVER,2023-12-05
2023-11-03,112959.0,114035.0,111786.0,112933.0,14552,68798,111697.0,493020.3,SILVER,2023-12-05
2023-11-06,112997.0,113335.0,112422.0,113038.0,36921,40105,112933.0,1252042.8,SILVER,2023-12-05
2023-11-07,112303.0,113302.0,111855.0,112215.0,9746,79634,113038.0,328094.22,SILVER,2023-12-05
2023-11-08,113314.0,114305.0,112372.0,113157.0,7999,75063,112215.0,271542.85,SILVER,2023-12-05
2023-11-09,113871.0,114356.0,113007.0,113703.0,20595,17619,113157.0,702513.99,SILVER,2023-12-05
2023-11-10,114696.0,115691.0,114031.0,114922.0,27063,21939,113703.0,933040.23,SILVER,2023-12-05
2023-11-13,115737.0,116694.0,115424.0,115802.0,11200,28226,114922.0,389094.72,SILVER,2023-12-05
2023-11-14,117534.0,118303.0,116281.0,117254.0,28377,35322,115802.0,998195.03,SILVER,2023-12-05
2023-11-15,116760.0,117176.0,115651.0,116551.0,18410,68215,117254.0,643711.17,SILVER,2023-12-05
2023-11-16,118056.0,119490.0,117580.0,118381.0,8598,26878,116551.0,305351.95,SILVER,2023-12-05
2023-11-17,118764.0,119132.0,118226.0,118681.0,15564,16560,118381.0,554145.33,SILVER,2023-12-05
2023-11-20,121132.0,121886.0,121132.0,121614.0,35898,48278,118681.0,1309709.81,SILVER,2023-12-05
2023-11-21,120679.0,121138.0,120156.0,120668.0,25598,46212,121614.0,926657.84,SILVER,2023-12-05
2023-11-22,123629.0,123629.0,122964.0,123161.0,22862,33946,120668.0,844712.03,SILVER,2023-12-05
2023-11-23,123239.0,124378.0,122686.0,123473.0,15265,41740,123161.0,565444.6,SILVER,2023-12-05
2023-11-24,122362.0,122991.0,121638.0,122566.0,14705,17253,123473.0,540699.91,SILVER,2023-12-05
2023-11-27,122090.0,123069.0,121307.0,121904.0,30544,42813,122566.0,1117030.73,SILVER,2023-12-05
2023-11-28,121102.0,122068.0,119756.0,121477.0,19298,74331,121904.0,703278.94,SILVER,2023-12-05
2023-11-29,121951.0,122496.0,121239.0,122106.0,37670,37632,121477.0,1379919.91,SILVER,2023-12-05
2023-11-30,123026.0,123286.0,121823.0,122879.0,11050,58365,122106.0,407343.88,SILVER,2023-12-05
2023-12-01,121933.0,122397.0,121930.0,122088.0,26034,77593,122879.0,953531.7,SILVER,2024-02-05
2023-12-04,122022.0,122830.0,121785.0,122080.0,13484,43431,122088.0,493838.02,SILVER,2024-02-05
2023-12-05,125381.0,126228.0,124324.0,125194.0,36323,47436,122080.0,1364226.5,SILVER,2024-02-05
2023-12-06,127876.0,129044.0,127168.0,127768.0,25796,28413,125194.0,988771.0,SILVER,2024-02-05
2023-12-07,128516.0,128719.0,127585.0,128448.0,34069,48485,127768.0,1312828.47,SILVER,2024-02-05
2023-12-08,128446.0,129206.0,128125.0,128533.0,26827,78232,128448.0,1034446.44,SILVER,2024-02-05
2023-12-11,128836.0,128901.0,128576.0,128741.0,15315,26101,128533.0,591500.52,SILVER,2024-02-05
2023-12-12,129661.0,130246.0,129220.0,129693.0,31519,18831,128741.0,1226338.1,SILVER,2024-02-05
2023-12-13,128301.0,128703.0,127076.0,128184.0,14107,61897,129693.0,542487.51,SILVER,2024-02-05
2023-12-14,127701.0,128854.0,127314.0,127828.0,8869,15004,128184.0,340111.96,SILVER,2024-02-05
2023-12-15,125348.0,126211.0,124639.0,125393.0,20447,55924,127828.0,769173.2,SILVER,2024-02-05
2023-12-18,125756.0,126869.0,125497.0,126006.0,32370,31509,125393.0,1223644.27,SILVER,2024-02-05
2023-12-19,126979.0,127640.0,126048.0,126988.0,12971,47170,126006.0,494148.4,SILVER,2024-02-05
2023-12-20,126098.0,126576.0,126080.0,126302.0,36269,53555,126988.0,1374254.17,SILVER,2024-02-05
2023-12-21,128382.0,129716.0,127364.0,128669.0,76627,24662,126302.0,2957855.84,SILVER,2024-02-05
2023-12-22,126937.0,127388.0,125786.0,126871.0,71115,75930,128669.0,2706729.35,SILVER,2024-02-05
2023-12-25,124805.0,125884.0,124120.0,124752.0,36607,57403,126871.0,1370038.94,SILVER,2024-02-05
2023-12-26,125302.0,125644.0,124478.0,125106.0,22057,46365,124752.0,827838.91,SILVER,2024-02-05
2023-12-27,126561.0,126774.0,126561.0,126670.0,46135,72188,125106.0,1753176.14,SILVER,2024-02-05
2023-12-28,129315.0,130768.0,127646.0,129209.0,22330,36673,126670.0,865571.09,SILVER,2024-02-05
2023-12-29,128690.0,129066.0,128025.0,128548.0,38050,73471,129209.0,1467375.42,SILVER,2024-02-05
2024-01-01,130318.0,130410.0,129899.0,130203.0,13554,27156,128548.0,529431.44,SILVER,2024-02-05
2024-01-02,129957.0,131209.0,129396.0,130172.0,7429,67287,130203.0,290114.34,SILVER,2024-02-05
2024-01-03,129978.0,130338.0,129649.0,129939.0,33208,11645,130172.0,1294504.29,SILVER,2024-02-05
2024-01-04,131408.0,132699.0,129717.0,131313.0,12444,69076,129939.0,490217.69,SILVER,2024-02-05
2024-01-05,132345.0,133552.0,131890.0,132343.0,15510,60151,131313.0,615791.98,SILVER,2024-02-05
2024-01-08,129420.0,131337.0,128904.0,129962.0,15537,77384,132343.0,605765.88,SILVER,2024-02-05
2024-01-09,132289.0,132465.0,132042.0,132247.0,12147,43541,129962.0,481921.29,SILVER,2024-02-05
2024-01-10,135015.0,135488.0,132755.0,134420.0,8598,60955,132247.0,346722.95,SILVER,2024-02-05
2024-01-11,133376.0,134471.0,132902.0,133472.0,11718,19290,134420.0,469207.47,SILVER,2024-02-05
2024-01-12,133923.0,134462.0,133530.0,134118.0,18782,68942,133472.0,755701.28,SILVER,2024-02-05
2024-01-15,135022.0,135711.0,134184.0,134922.0,5051,40143,134118.0,204447.31,SILVER,2024-02-05
2024-01-16,135446.0,135546.0,135147.0,135361.0,21702,34509,134922.0,881281.33,SILVER,2024-02-05
2024-01-17,134845.0,134995.0,134074.0,134525.0,15184,46741,135361.0,612788.28,SILVER,2024-02-05
2024-01-18,133168.0,133811.0,133168.0,133504.0,17468,36898,134525.0,699614.36,SILVER,2024-02-05
2024-01-19,133689.0,133803.0,133338.0,133493.0,27072,72948,133504.0,1084176.75,SILVER,2024-02-05
2024-01-22,135519.0,135603.0,135138.0,135359.0,20479,71768,133493.0,831605.09,SILVER,2024-02-05
2024-01-23,136210.0,136876.0,135515.0,136249.0,33467,53262,135359.0,1367953.58,SILVER,2024-02-05
2024-01-24,135783.0,135961.0,135169.0,135691.0,28402,15506,136249.0,1156168.73,SILVER,2024-02-05
2024-01-25,137228.0,137883.0,136074.0,136946.0,12210,30605,135691.0,501633.2,SILVER,2024-02-05
2024-01-26,132734.0,133210.0,131802.0,132502.0,11057,38231,136946.0,439522.38,SILVER,2024-02-05
2024-01-29,134010.0,134422.0,134010.0,134317.0,35916,23515,132502.0,1447238.81,SILVER,2024-02-05
2024-01-30,131866.0,132024.0,131341.0,131650.0,32268,48622,134317.0,1274424.66,SILVER,2024-02-05
2024-01-31,131106.0,131753.0,130196.0,131123.0,28259,26600,131650.0,1111621.46,SILVER,2024-02-05
2024-02-01,129470.0,130154.0,129009.0,129451.0,18864,37892,131123.0,732589.1,SILVER,2024-02-05
2024-02-02,127559.0,127948.0,127293.0,127541.0,39293,79310,129451.0,1503440.55,SILVER,2024-02-05
2024-02-05,129267.0,130258.0,128761.0,129306.0,12043,31801,127541.0,467169.65,SILVER,2024-02-05
2024-02-06,128938.0,129228.0,127656.0,128632.0,17529,47695,129306.0,676437.1,SILVER,2024-02-05
2024-02-07,129159.0,130384.0,128095.0,129180.0,35868,38853,128632.0,1390028.47,SILVER,2024-02-05
2024-02-08,128849.0,129966.0,127426.0,129138.0,31309,14429,129180.0,1212954.49,SILVER,2024-02-05
2024-02-09,129784.0,130568.0,129394.0,129886.0,28284,14606,129138.0,1102108.69,SILVER,2024-02-05
2024-02-12,130077.0,130350.0,129755.0,130031.0,8464,14478,129886.0,330174.72,SILVER,2024-02-05
2024-02-13,128444.0,128445.0,127607.0,128129.0,23643,50134,130031.0,908806.18,SILVER,2024-02-05
2024-02-14,129810.0,130717.0,128882.0,129654.0,34265,79963,128129.0,1332778.29,SILVER,2024-02-05
2024-02-15,128719.0,129320.0,128678.0,128938.0,20954,35475,129654.0,810530.06,SILVER,2024-02-05
2024-02-16,127277.0,127277.0,126321.0,126648.0,28880,76177,128938.0,1097278.27,SILVER,2024-02-05
2024-02-19,126112.0,126753.0,125301.0,126045.0,24043,31730,126648.0,909149.98,SILVER,2024-02-05
2024-02-20,128625.0,128711.0,127502.0,128298.0,5255,31113,126045.0,202261.8,SILVER,2024-02-05
2024-02-21,129564.0,130436.0,128594.0,129604.0,16255,30011,128298.0,632013.91,SILVER,2024-02-05
2024-02-22,129244.0,129639.0,128766.0,129106.0,24140,65746,129604.0,934985.65,SILVER,2024-02-05
2024-02-23,128826.0,128951.0,128310.0,128610.0,38255,52853,129106.0,1475992.66,SILVER,2024-02-05
2024-02-26,128469.0,128518.0,127800.0,128157.0,26075,46818,128610.0,1002508.13,SILVER,2024-02-05
2024-02-27,131603.0,132647.0,130291.0,131325.0,81062,47321,128157.0,3193640.14,SILVER,2024-02-05
2024-02-28,132170.0,133470.0,131270.0,131940.0,17150,31309,131325.0,678831.3,SILVER,2024-02-05
2024-02-29,132548.0,132807.0,132411.0,132632.0,27895,28688,131940.0,1109930.89,SILVER,2024-02-05
2024-03-01,134109.0,134818.0,133694.0,134263.0,10806,38176,132632.0,435253.79,SILVER,2024-04-05
2024-03-04,134756.0,134849.0,134405.0,134666.0,25738,78879,134263.0,1039810.05,SILVER,2024-04-05
2024-03-05,134540.0,134707.0,133971.0,134289.0,22106,77592,134666.0,890577.79,SILVER,2024-04-05
2024-03-06,133951.0,134929.0,133073.0,134011.0,14474,19416,134289.0,581902.56,SILVER,2024-04-05
2024-03-07,134213.0,134213.0,133694.0,133928.0,21997,49994,134011.0,883804.26,SILVER,2024-04-05
2024-03-08,134288.0,134288.0,133542.0,133899.0,37599,76422,133928.0,1510340.55,SILVER,2024-04-05
2024-03-11,134821.0,135415.0,134703.0,135068.0,10790,18584,133899.0,437215.12,SILVER,2024-04-05
2024-03-12,134953.0,136245.0,134111.0,135179.0,15170,28830,135068.0,615199.63,SILVER,2024-04-05
2024-03-13,136330.0,137364.0,135650.0,136368.0,14004,13591,135179.0,572909.24,SILVER,2024-04-05
2024-03-14,136353.0,136675.0,135878.0,136269.0,30792,31395,136368.0,1258798.51,SILVER,2024-04-05
2024-03-15,136280.0,137057.0,135657.0,136423.0,35216,64182,136269.0,1441281.71,SILVER,2024-04-05
2024-03-18,133672.0,133811.0,132765.0,133311.0,12232,26738,136423.0,489198.05,SILVER,2024-04-05
2024-03-19,134886.0,135425.0,134369.0,134772.0,17674,12631,133311.0,714588.1,SILVER,2024-04-05
2024-03-20,135357.0,136275.0,133496.0,135346.0,21052,27905,134772.0,854791.2,SILVER,2024-04-05
2024-03-21,136566.0,138525.0,135547.0,136959.0,10913,29056,135346.0,448390.07,SILVER,2024-04-05
2024-03-22,132093.0,132680.0,132093.0,132442.0,32913,45447,136959.0,1307719.06,SILVER,2024-04-05
2024-03-25,135811.0,136555.0,135167.0,135734.0,15567,64418,132442.0,633891.35,SILVER,2024-04-05
2024-03-26,134965.0,136114.0,134441.0,135543.0,14432,47190,135734.0,586846.97,SILVER,2024-04-05
2024-03-27,137613.0,137613.0,137154.0,137334.0,5319,36014,135543.0,219143.86,SILVER,2024-04-05
2024-03-28,135666.0,137185.0,135166.0,135709.0,29469,60278,137334.0,1199762.56,SILVER,2024-04-05
2024-03-29,137598.0,137705.0,135417.0,136711.0,31490,11780,135709.0,1291508.82,SILVER,2024-04-05
2024-04-01,135696.0,135696.0,134796.0,135072.0,25584,69258,136711.0,1036704.61,SILVER,2024-04-05
2024-04-02,134074.0,134484.0,133709.0,134123.0,9791,52192,135072.0,393959.49,SILVER,2024-04-05
2024-04-03,137149.0,138030.0,136578.0,137178.0,36736,69300,134123.0,1511811.3,SILVER,2024-04-05
2024-04-04,137175.0,137306.0,136154.0,136903.0,5329,53923,137178.0,218866.83,SILVER,2024-04-05
2024-04-05,137747.0,138017.0,136688.0,137279.0,13851,12395,136903.0,570435.43,SILVER,2024-04-05
2024-04-08,138254.0,139593.0,137421.0,138708.0,28126,25779,137279.0,1170390.36,SILVER,2024-04-05
2024-04-09,139043.0,140457.0,138617.0,139542.0,26300,39722,138708.0,1100986.38,SILVER,2024-04-05
2024-04-10,139642.0,140023.0,139522.0,139816.0,15164,17111,139542.0,636050.95,SILVER,2024-04-05
2024-04-11,140606.0,141492.0,139539.0,140442.0,29509,19984,139816.0,1243290.89,SILVER,2024-04-05
2024-04-12,144606.0,146250.0,143791.0,144462.0,10703,36924,140442.0,463853.04,SILVER,2024-04-05
2024-04-15,144705.0,144973.0,143390.0,144396.0,32109,62703,144462.0,1390923.35,SILVER,2024-04-05
2024-04-16,144418.0,145310.0,144198.0,144765.0,27554,42577,144396.0,1196656.44,SILVER,2024-04-05
2024-04-17,145900.0,146717.0,145900.0,146579.0,32676,17711,144765.0,1436884.62,SILVER,2024-04-05
2024-04-18,148766.0,149438.0,147384.0,148511.0,28804,14096,146579.0,1283313.25,SILVER,2024-04-05
2024-04-19,150362.0,151900.0,150120.0,150611.0,34802,76555,148511.0,1572469.21,SILVER,2024-04-05
2024-04-22,151156.0,152291.0,150748.0,151768.0,74487,18254,150611.0,3391422.9,SILVER,2024-04-05
2024-04-23,149834.0,151282.0,148526.0,149791.0,19027,15965,151768.0,855022.01,SILVER,2024-04-05
2024-04-24,152944.0,153022.0,152198.0,152701.0,67687,67987,149791.0,3100761.78,SILVER,2024-04-05
2024-04-25,150669.0,151623.0,150176.0,150706.0,53697,42963,152701.0,2427738.02,SILVER,2024-04-05
2024-04-26,151131.0,151770.0,151024.0,151270.0,35450,13273,150706.0,1608756.45,SILVER,2024-04-05
2024-04-29,149929.0,150614.0,148878.0,149977.0,35760,25330,151270.0,1608953.26,SILVER,2024-04-05
2024-04-30,149785.0,150656.0,149042.0,149896.0,49025,31494,149977.0,2204595.42,SILVER,2024-04-05
2024-05-01,150097.0,151097.0,149866.0,150503.0,13437,13212,149896.0,606692.64,SILVER,2024-06-05
2024-05-02,150883.0,151906.0,150758.0,151099.0,17521,11080,150503.0,794221.67,SILVER,2024-06-05
2024-05-03,152033.0,152257.0,150986.0,151875.0,29028,42675,151099.0,1322588.25,SILVER,2024-06-05
2024-05-06,154890.0,156360.0,153564.0,154790.0,32301,32007,151875.0,1499961.54,SILVER,2024-06-05
2024-05-07,155695.0,156070.0,155075.0,155643.0,26740,56815,154790.0,1248568.15,SILVER,2024-06-05
2024-05-08,154923.0,155516.0,154923.0,155232.0,26282,10639,155643.0,1223942.23,SILVER,2024-06-05
2024-05-09,156962.0,158306.0,155955.0,157019.0,15858,73593,155232.0,747002.19,SILVER,2024-06-05
2024-05-10,158550.0,160979.0,157587.0,159243.0,20186,13736,157019.0,964343.76,SILVER,2024-06-05
2024-05-13,157069.0,157246.0,156577.0,157013.0,39185,26473,159243.0,1845766.32,SILVER,2024-06-05
2024-05-14,158594.0,159732.0,157422.0,158142.0,36194,44019,157013.0,1717137.46,SILVER,2024-06-05
2024-05-15,159002.0,159843.0,158787.0,159472.0,30230,46820,158142.0,1446251.57,SILVER,2024-06-05
2024-05-16,158766.0,159564.0,158094.0,158953.0,32018,67589,159472.0,1526807.15,SILVER,2024-06-05
2024-05-17,161661.0,162511.0,160646.0,161555.0,29665,75807,158953.0,1437758.72,SILVER,2024-06-05
2024-05-20,161709.0,161712.0,160760.0,161305.0,26516,28414,161555.0,1283149.01,SILVER,2024-06-05
2024-05-21,161429.0,161918.0,160884.0,161574.0,29673,34220,161305.0,1438315.59,SILVER,2024-06-05
2024-05-22,161058.0,162092.0,160741.0,161281.0,10239,70531,161574.0,495406.85,SILVER,2024-06-05
2024-05-23,160708.0,162031.0,160708.0,161343.0,31415,52425,161281.0,1520577.1,SILVER,2024-06-05
2024-05-24,159360.0,159746.0,158945.0,159327.0,32195,19387,161343.0,1538859.83,SILVER,2024-06-05
2024-05-27,157347.0,157854.0,156190.0,156707.0,34323,37584,159327.0,1613596.31,SILVER,2024-06-05
2024-05-28,159768.0,160238.0,159384.0,159679.0,39964,54783,156707.0,1914423.47,SILVER,2024-06-05
2024-05-29,158136.0,158972.0,156786.0,158143.0,35763,49809,159679.0,1696700.43,SILVER,2024-06-05
2024-05-30,156459.0,158085.0,155404.0,156358.0,39674,64327,158143.0,1861004.19,SILVER,2024-06-05
2024-05-31,152511.0,153174.0,151836.0,152514.0,23105,20857,156358.0,1057150.79,SILVER,2024-06-05
2024-06-03,151168.0,152760.0,150637.0,151414.0,34739,52261,152514.0,1577991.28,SILVER,2024-06-05
2024-06-04,149374.0,149852.0,148247.0,149128.0,36969,26995,151414.0,1653933.91,SILVER,2024-06-05
2024-06-05,152110.0,153200.0,151097.0,152041.0,19497,23580,149128.0,889303.01,SILVER,2024-06-05
2024-06-06,153879.0,154303.0,153161.0,153873.0,6816,28240,152041.0,314639.51,SILVER,2024-06-05
2024-06-07,152378.0,153311.0,152055.0,152676.0,31483,56111,153873.0,1442009.55,SILVER,2024-06-05
2024-06-10,157178.0,157240.0,155965.0,156769.0,27159,44866,152676.0,1277306.78,SILVER,2024-06-05
2024-06-11,158816.0,159089.0,158236.0,158605.0,8849,22211,156769.0,421048.69,SILVER,2024-06-05
2024-06-12,157864.0,159601.0,156649.0,158038.0,26612,68985,158605.0,1261712.18,SILVER,2024-06-05
2024-06-13,153840.0,155041.0,152646.0,153533.0,38826,43268,158038.0,1788321.68,SILVER,2024-06-05
2024-06-14,157563.0,158232.0,157234.0,157720.0,23706,13646,153533.0,1121673.1,SILVER,2024-06-05
2024-06-17,154975.0,155863.0,154667.0,155218.0,29563,65371,157720.0,1376612.92,SILVER,2024-06-05
2024-06-18,152070.0,152965.0,151570.0,152301.0,9359,52816,155218.0,427615.52,SILVER,2024-06-05
2024-06-19,153613.0,154710.0,153613.0,154159.0,35669,54112,152301.0,1649609.21,SILVER,2024-06-05
2024-06-20,158788.0,159736.0,156829.0,158638.0,17809,61048,154159.0,847555.24,SILVER,2024-06-05
2024-06-21,160661.0,163586.0,159992.0,161251.0,86135,64911,158638.0,4166806.47,SILVER,2024-06-05
2024-06-24,161948.0,162882.0,161948.0,162347.0,30635,11778,161251.0,1492050.1,SILVER,2024-06-05
2024-06-25,162831.0,163653.0,162831.0,163510.0,74462,55752,162347.0,3652584.49,SILVER,2024-06-05
2024-06-26,165149.0,165653.0,164585.0,165178.0,17732,37289,163510.0,878680.89,SILVER,2024-06-05
2024-06-27,166628.0,167353.0,165322.0,166679.0,92522,54788,165178.0,4626442.33,SILVER,2024-06-05
2024-06-28,167150.0,167955.0,166842.0,167259.0,53895,14747,166679.0,2704327.14,SILVER,2024-06-05
2024-07-01,167147.0,169702.0,166585.0,167496.0,22718,10045,167259.0,1141552.24,SILVER,2024-08-05
2024-07-02,167015.0,167738.0,167015.0,167408.0,21705,17758,167496.0,1090077.19,SILVER,2024-08-05
2024-07-03,166131.0,167516.0,165015.0,165976.0,27082,33437,167408.0,1348488.61,SILVER,2024-08-05
2024-07-04,165285.0,166046.0,164734.0,165468.0,17342,29585,165976.0,860863.82,SILVER,2024-08-05
2024-07-05,162370.0,163603.0,160601.0,162268.0,17239,19854,165468.0,839201.42,SILVER,2024-08-05
2024-07-08,161828.0,163088.0,160874.0,162115.0,37274,62076,162268.0,1812802.35,SILVER,2024-08-05
2024-07-09,160348.0,161012.0,159693.0,160290.0,16419,66950,162115.0,789540.45,SILVER,2024-08-05
2024-07-10,158687.0,159053.0,157924.0,158274.0,20003,27349,160290.0,949786.45,SILVER,2024-08-05
2024-07-11,158825.0,159397.0,157413.0,158639.0,35866,31348,158274.0,1706923.91,SILVER,2024-08-05
2024-07-12,161133.0,161951.0,160636.0,161266.0,26988,44296,158639.0,1305674.04,SILVER,2024-08-05
2024-07-15,163119.0,163852.0,162413.0,163035.0,29908,29455,161266.0,1462815.23,SILVER,2024-08-05
2024-07-16,160033.0,161067.0,159173.0,160110.0,10674,64021,163035.0,512704.24,SILVER,2024-08-05
2024-07-17,158309.0,158611.0,158018.0,158306.0,10002,49293,160110.0,475012.98,SILVER,2024-08-05
2024-07-18,159980.0,160982.0,158814.0,160085.0,32567,56116,158306.0,1564046.46,SILVER,2024-08-05
2024-07-19,158242.0,158857.0,157692.0,158294.0,5910,50484,160085.0,280655.26,SILVER,2024-08-05
2024-07-22,157980.0,158232.0,157358.0,157913.0,34072,40215,158294.0,1614123.52,SILVER,2024-08-05
2024-07-23,158645.0,159714.0,157959.0,158961.0,38717,13404,157913.0,1846347.91,SILVER,2024-08-05
2024-07-24,156890.0,157411.0,156890.0,157209.0,26809,47260,158961.0,1264384.82,SILVER,2024-08-05
2024-07-25,156998.0,158007.0,156309.0,157435.0,31651,75642,157209.0,1494892.56,SILVER,2024-08-05
2024-07-26,154542.0,155914.0,154443.0,155038.0,21484,56009,157435.0,999250.92,SILVER,2024-08-05
2024-07-29,153612.0,154841.0,152991.0,153987.0,9646,39605,155038.0,445607.58,SILVER,2024-08-05
2024-07-30,154643.0,155276.0,153632.0,154594.0,7400,63205,153987.0,343198.68,SILVER,2024-08-05
2024-07-31,151511.0,153040.0,150984.0,151782.0,27185,47569,154594.0,1237858.1,SILVER,2024-08-05
2024-08-01,152752.0,153236.0,151703.0,152595.0,23727,15580,151782.0,1086186.47,SILVER,2024-08-05
2024-08-02,152602.0,153517.0,150987.0,152592.0,38120,15400,152595.0,1745042.11,SILVER,2024-08-05
2024-08-05,153005.0,154096.0,152835.0,153609.0,6018,49643,152592.0,277325.69,SILVER,2024-08-05
2024-08-06,154244.0,154522.0,153419.0,154043.0,22563,49015,153609.0,1042701.66,SILVER,2024-08-05
2024-08-07,156798.0,156818.0,156238.0,156544.0,10193,24974,154043.0,478695.9,SILVER,2024-08-05
2024-08-08,156493.0,157278.0,156162.0,156805.0,20701,24037,156544.0,973806.09,SILVER,2024-08-05
2024-08-09,156185.0,157862.0,155044.0,156054.0,8536,26167,156805.0,399623.08,SILVER,2024-08-05
2024-08-12,156041.0,158319.0,154464.0,156309.0,23886,53148,156054.0,1120079.03,SILVER,2024-08-05
2024-08-13,157365.0,157473.0,157065.0,157334.0,34410,31534,156309.0,1624158.88,SILVER,2024-08-05
2024-08-14,157058.0,157627.0,157058.0,157456.0,38744,66879,157334.0,1830142.58,SILVER,2024-08-05
2024-08-15,156998.0,158090.0,156550.0,157563.0,20957,75839,157456.0,990614.34,SILVER,2024-08-05
2024-08-16,156192.0,157487.0,155090.0,156312.0,37875,39756,157563.0,1776095.1,SILVER,2024-08-05
2024-08-19,155102.0,155676.0,154652.0,155141.0,6626,22683,156312.0,308389.28,SILVER,2024-08-05
2024-08-20,152536.0,153601.0,151687.0,152657.0,30279,59485,155141.0,1386690.39,SILVER,2024-08-05
2024-08-21,155465.0,156603.0,155118.0,155834.0,28072,21025,152657.0,1312371.61,SILVER,2024-08-05
2024-08-22,153500.0,154580.0,152851.0,153623.0,29692,28715,155834.0,1368412.23,SILVER,2024-08-05
2024-08-23,152501.0,153301.0,151915.0,152419.0,96605,27116,153623.0,4417331.25,SILVER,2024-08-05
2024-08-26,151166.0,151307.0,150996.0,151180.0,93390,46744,152419.0,4235610.06,SILVER,2024-08-05
2024-08-27,152853.0,153271.0,152096.0,152797.0,22022,12124,151180.0,1009468.66,SILVER,2024-08-05
2024-08-28,152100.0,152670.0,151897.0,152304.0,99687,48051,152797.0,4554818.65,SILVER,2024-08-05
2024-08-29,154930.0,155530.0,153525.0,154568.0,36162,17176,152304.0,1676846.4,SILVER,2024-08-05
2024-08-30,153030.0,154758.0,151572.0,153391.0,13897,74818,154568.0,639502.42,SILVER,2024-08-05
2024-09-02,154073.0,154478.0,152504.0,153922.0,13308,28676,153391.0,614518.19,SILVER,2024-10-05
2024-09-03,152823.0,153470.0,151723.0,152463.0,26353,55177,153922.0,1205357.23,SILVER,2024-10-05
2024-09-04,156506.0,156932.0,154774.0,156355.0,20250,10997,152463.0,949856.62,SILVER,2024-10-05
2024-09-05,154176.0,155558.0,153661.0,154238.0,21427,69330,156355.0,991457.29,SILVER,2024-10-05
2024-09-06,154665.0,156105.0,153962.0,154828.0,38276,53769,154238.0,1777858.96,SILVER,2024-10-05
2024-09-09,156332.0,156835.0,155137.0,156008.0,11107,21231,154828.0,519834.26,SILVER,2024-10-05
2024-09-10,156349.0,157800.0,155017.0,156795.0,18476,65965,156008.0,869083.33,SILVER,2024-10-05
2024-09-11,156185.0,156708.0,155998.0,156489.0,8439,71517,156795.0,396183.2,SILVER,2024-10-05
2024-09-12,156161.0,157504.0,155736.0,156285.0,25312,37387,156489.0,1186765.78,SILVER,2024-10-05
2024-09-13,156784.0,156901.0,156161.0,156397.0,26795,14090,156285.0,1257197.28,SILVER,2024-10-05
2024-09-16,156280.0,157515.0,154733.0,156162.0,18136,34945,156397.0,849646.21,SILVER,2024-10-05
2024-09-17,157653.0,158612.0,157652.0,157958.0,19167,50239,156162.0,908274.3,SILVER,2024-10-05
2024-09-18,162014.0,162919.0,161326.0,162114.0,22300,13743,157958.0,1084542.66,SILVER,2024-10-05
2024-09-19,160899.0,161547.0,160350.0,161097.0,22182,40924,162114.0,1072036.1,SILVER,2024-10-05
2024-09-20,158353.0,159466.0,156911.0,158578.0,9971,20196,161097.0,474354.37,SILVER,2024-10-05
2024-09-23,158758.0,160093.0,157731.0,158448.0,31909,78860,158578.0,1516775.17,SILVER,2024-10-05
2024-09-24,162869.0,163538.0,162869.0,163318.0,24659,51400,158448.0,1208177.57,SILVER,2024-10-05
2024-09-25,162349.0,162349.0,160910.0,161828.0,36403,58795,163318.0,1767307.41,SILVER,2024-10-05
2024-09-26,165256.0,165658.0,164163.0,164983.0,38586,61553,161828.0,1909810.21,SILVER,2024-10-05
2024-09-27,168642.0,168642.0,167980.0,168275.0,15360,34111,164983.0,775411.2,SILVER,2024-10-05
2024-09-30,167071.0,168352.0,166595.0,167226.0,26424,73083,168275.0,1325633.95,SILVER,2024-10-05
2024-10-01,168322.0,169233.0,167547.0,168373.0,37499,71600,167226.0,1894145.74,SILVER,2024-10-05
2024-10-02,171141.0,172737.0,168742.0,171633.0,8065,60022,168373.0,415266.04,SILVER,2024-10-05
2024-10-03,170732.0,172513.0,169438.0,170911.0,8259,13199,171633.0,423466.18,SILVER,2024-10-05
2024-10-04,170709.0,170744.0,170117.0,170540.0,17300,60897,170911.0,885102.6,SILVER,2024-10-05
2024-10-07,169861.0,169943.0,169115.0,169422.0,38370,48038,170540.0,1950216.64,SILVER,2024-10-05
2024-10-08,167093.0,168641.0,166697.0,167464.0,9295,65038,169422.0,466973.36,SILVER,2024-10-05
2024-10-09,166114.0,167148.0,164260.0,166235.0,32209,17897,167464.0,1606278.93,SILVER,2024-10-05
2024-10-10,163864.0,164126.0,163627.0,163914.0,25927,74541,166235.0,1274939.48,SILVER,2024-10-05
2024-10-11,163555.0,164139.0,163555.0,164012.0,39579,24892,163914.0,1947429.28,SILVER,2024-10-05
2024-10-14,162773.0,164042.0,161404.0,162580.0,14032,18271,164012.0,684396.77,SILVER,2024-10-05
2024-10-15,162821.0,163908.0,161731.0,163057.0,32718,34815,162580.0,1600469.68,SILVER,2024-10-05
2024-10-16,160097.0,160770.0,159914.0,160160.0,17877,55612,163057.0,858954.1,SILVER,2024-10-05
2024-10-17,160666.0,162218.0,159901.0,160812.0,31666,43357,160160.0,1527681.84,SILVER,2024-10-05
2024-10-18,162159.0,162583.0,162145.0,162415.0,11766,26267,160812.0,573292.47,SILVER,2024-10-05
2024-10-21,158715.0,159425.0,157837.0,158717.0,69572,28268,162415.0,3312677.74,SILVER,2024-10-05
2024-10-22,159375.0,160277.0,158241.0,159443.0,63052,24263,158717.0,3015960.01,SILVER,2024-10-05
2024-10-23,161654.0,162543.0,160737.0,161774.0,75255,69660,159443.0,3652290.71,SILVER,2024-10-05
2024-10-24,159310.0,160083.0,159084.0,159543.0,98582,75527,161774.0,4718420.41,SILVER,2024-10-05
2024-10-25,162821.0,163796.0,161753.0,162717.0,52330,73379,159543.0,2554494.18,SILVER,2024-10-05
2024-10-28,164087.0,164087.0,163066.0,163547.0,76785,51271,162717.0,3767386.92,SILVER,2024-10-05
2024-10-29,162287.0,163056.0,161146.0,162241.0,18880,76612,163547.0,918933.02,SILVER,2024-10-05
2024-10-30,162492.0,162492.0,161824.0,162169.0,48185,17235,162241.0,2344233.98,SILVER,2024-10-05
2024-10-31,162807.0,164030.0,162807.0,163261.0,85625,26417,162169.0,4193766.94,SILVER,2024-10-05
2024-11-01,163491.0,163692.0,163188.0,163439.0,7808,44609,163261.0,382839.51,SILVER,2024-12-05
2024-11-04,164142.0,166230.0,163705.0,164503.0,20295,43902,163439.0,1001576.52,SILVER,2024-12-05
2024-11-05,162299.0,164356.0,161570.0,162780.0,19669,33645,164503.0,960515.95,SILVER,2024-12-05
2024-11-06,162894.0,163795.0,162112.0,163135.0,15523,72873,162780.0,759703.38,SILVER,2024-12-05
2024-11-07,160885.0,161425.0,159467.0,160502.0,18769,74558,163135.0,903738.61,SILVER,2024-12-05
2024-11-08,160632.0,160659.0,160026.0,160327.0,30207,72233,160502.0,1452899.31,SILVER,2024-12-05
2024-11-11,158757.0,159422.0,158091.0,158680.0,30557,33401,160327.0,1454635.43,SILVER,2024-12-05
2024-11-12,156876.0,157876.0,156642.0,157358.0,19246,17771,158680.0,908553.62,SILVER,2024-12-05
2024-11-13,159612.0,161342.0,157976.0,159674.0,17846,51335,157358.0,854862.66,SILVER,2024-12-05
2024-11-14,161849.0,162263.0,161502.0,161752.0,18470,77449,159674.0,896267.83,SILVER,2024-12-05
2024-11-15,162995.0,164633.0,162163.0,162937.0,18176,11942,161752.0,888462.87,SILVER,2024-12-05
2024-11-18,160316.0,162367.0,159533.0,160909.0,18546,30388,162937.0,895265.49,SILVER,2024-12-05
2024-11-19,160065.0,161677.0,158898.0,160350.0,11805,67042,160909.0,567879.52,SILVER,2024-12-05
2024-11-20,162646.0,164931.0,161647.0,162667.0,21788,63740,160350.0,1063256.58,SILVER,2024-12-05
2024-11-21,163144.0,164429.0,162455.0,162969.0,34348,75873,162667.0,1679297.76,SILVER,2024-12-05
2024-11-22,166733.0,168055.0,166115.0,167469.0,13080,57024,162969.0,657148.36,SILVER,2024-12-05
2024-11-25,168218.0,169164.0,167647.0,168272.0,28764,33450,167469.0,1452052.74,SILVER,2024-12-05
2024-11-26,168732.0,170463.0,166768.0,168683.0,11630,66965,168272.0,588534.99,SILVER,2024-12-05
2024-11-27,168397.0,169839.0,166460.0,168111.0,38333,20057,168683.0,1933259.69,SILVER,2024-12-05
2024-11-28,168640.0,169078.0,167516.0,168407.0,20701,18983,168111.0,1045857.99,SILVER,2024-12-05
2024-11-29,168338.0,168338.0,167874.0,168142.0,19859,29995,168407.0,1001739.59,SILVER,2024-12-05
2024-12-02,169298.0,170616.0,168639.0,169570.0,26183,48886,168142.0,1331955.39,SILVER,2025-02-05
2024-12-03,170851.0,172168.0,170851.0,171506.0,36749,12673,169570.0,1890802.2,SILVER,2025-02-05
2024-12-04,169842.0,170450.0,169000.0,169976.0,36887,44890,171506.0,1880971.41,SILVER,2025-02-05
2024-12-05,167728.0,168747.0,166061.0,167393.0,13776,33466,169976.0,691801.79,SILVER,2025-02-05
2024-12-06,164339.0,164339.0,163445.0,163882.0,20021,60406,167393.0,984324.46,SILVER,2025-02-05
2024-12-09,165123.0,165581.0,164043.0,164889.0,9327,13688,163882.0,461375.91,SILVER,2025-02-05
2024-12-10,162955.0,163235.0,161918.0,162816.0,12614,79284,164889.0,616128.31,SILVER,2025-02-05
2024-12-11,158935.0,159864.0,157244.0,158814.0,6245,23665,162816.0,297538.03,SILVER,2025-02-05
2024-12-12,159390.0,159786.0,159308.0,159568.0,15355,30641,158814.0,735049.99,SILVER,2025-02-05
2024-12-13,164263.0,164978.0,163606.0,164306.0,38305,42500,159568.0,1888122.4,SILVER,2025-02-05
2024-12-16,164877.0,165439.0,163777.0,164328.0,34714,45797,164306.0,1711344.66,SILVER,2025-02-05
2024-12-17,165663.0,167857.0,164267.0,165976.0,22198,55950,164328.0,1105300.57,SILVER,2025-02-05
2024-12-18,166705.0,166705.0,165516.0,166168.0,6415,35046,165976.0,319790.32,SILVER,2025-02-05
2024-12-19,165904.0,166138.0,165703.0,166010.0,6652,19638,166168.0,331289.56,SILVER,2025-02-05
2024-12-20,168277.0,169408.0,166172.0,167832.0,25446,31173,166010.0,1281195.92,SILVER,2025-02-05
2024-12-23,166829.0,167674.0,166829.0,167300.0,59350,23222,167832.0,2978776.5,SILVER,2025-02-05
2024-12-24,168053.0,168390.0,167380.0,167856.0,22025,60064,167300.0,1109108.52,SILVER,2025-02-05
2024-12-25,168272.0,169346.0,168218.0,168521.0,53922,47010,167856.0,2726096.81,SILVER,2025-02-05
2024-12-26,166774.0,168038.0,166571.0,167248.0,98297,28095,168521.0,4931993.0,SILVER,2025-02-05
2024-12-27,169301.0,170159.0,168585.0,169227.0,46460,11439,167248.0,2358685.93,SILVER,2025-02-05
2024-12-30,169258.0,169258.0,168780.0,168917.0,79457,15375,169227.0,4026491.42,SILVER,2025-02-05
2024-12-31,167186.0,168463.0,165873.0,167469.0,96322,30600,168917.0,4839284.71,SILVER,2025-02-05
2025-01-01,167400.92,168544.7,167096.11,168011.02,84793,31461,167469.0,142461.58,SILVER,2025-01-31
2025-01-02,168273.64,168415.58,166183.6,166802.23,60739,31886,168011.02,101314.0,SILVER,2025-02-01
2025-01-03,166695.93,168175.57,166206.1,167704.53,58018,30801,166802.23,97298.81,SILVER,2025-02-02
2025-01-06,167960.15,168003.69,166172.01,166577.13,108427,29965,167704.53,180614.58,SILVER,2025-02-05
2025-01-07,166494.35,167859.24,165763.62,167637.99,110997,30187,166577.13,186073.14,SILVER,2025-02-06
2025-01-08,167537.62,168332.06,166462.93,167192.72,106393,32797,167637.99,177881.35,SILVER,2025-02-07
2025-01-09,167340.35,167963.08,166243.15,166864.95,72654,32006,167192.72,121234.06,SILVER,2025-02-08
2025-01-10,166563.3,168584.82,166120.47,167866.18,60183,31880,166864.95,101026.9,SILVER,2025-02-09
2025-01-13,167774.57,168471.3,165923.71,166674.28,66288,31671,167866.18,110485.05,SILVER,2025-02-12
2025-01-14,166539.97,166853.71,165061.78,165152.48,69753,30263,166674.28,115198.81,SILVER,2025-02-13
2025-01-15,165005.77,165893.78,164382.61,165542.16,76490,32093,165152.48,126623.2,SILVER,2025-02-14
2025-01-16,165324.27,165930.66,164677.84,165735.18,78478,32763,165542.16,130065.66,SILVER,2025-02-15
2025-01-17,166056.93,167175.73,165525.29,166800.51,62721,32836,165735.18,104618.95,SILVER,2025-02-16
2025-01-20,166627.68,167983.88,166353.56,167451.7,102753,28169,166800.51,172061.65,SILVER,2025-02-19
2025-01-21,167428.46,169645.38,167329.35,169459.32,90819,29739,167451.7,153901.26,SILVER,2025-02-20
2025-01-22,169486.79,169573.35,167831.41,167973.23,130840,32681,169459.32,219776.17,SILVER,2025-02-21
2025-01-23,168239.38,168338.59,166951.07,167082.01,79587,30799,167973.23,132975.56,SILVER,2025-02-22
2025-01-24,167342.19,167661.19,165559.68,165738.74,130483,32021,167082.01,216260.88,SILVER,2025-02-23
2025-01-27,165965.96,167987.55,165748.61,167306.45,89732,30984,165738.74,150127.43,SILVER,2025-02-26
2025-01-28,167545.1,167675.65,165911.24,166404.37,134418,29841,167306.45,223677.42,SILVER,2025-02-27
2025-01-29,166262.93,166662.04,164309.81,164940.74,78574,31883,166404.37,129600.53,SILVER,2025-02-28
2025-01-30,164747.35,165379.68,164532.12,165062.95,105439,28923,164940.74,174040.73,SILVER,2025-03-01
2025-01-31,164852.97,166435.32,164383.08,166072.95,130564,30410,165062.95,216831.49,SILVER,2025-03-02
2025-02-03,165938.95,167968.16,165370.1,167477.06,62045,30084,166072.95,103911.14,SILVER,2025-03-05
2025-02-04,167313.14,171635.29,167152.02,170923.17,67248,30104,167477.06,114942.41,SILVER,2025-03-06
2025-02-05,171198.2,171199.65,169791.39,170174.16,125810,30534,170923.17,214096.11,SILVER,2025-03-07
2025-02-06,170043.44,172916.69,170035.93,172428.81,81814,28962,170174.16,141070.9,SILVER,2025-03-08
2025-02-07,172514.05,173244.12,172456.65,172515.18,131306,32989,172428.81,226522.78,SILVER,2025-03-09
2025-02-10,172480.9,174517.66,172126.72,173975.08,85457,28363,172515.18,148673.89,SILVER,2025-03-12
2025-02-11,174106.87,174882.55,172260.0,172576.83,131527,29499,173975.08,226985.13,SILVER,2025-03-13
2025-02-12,172919.37,174820.17,172780.91,174451.08,90781,28518,172576.83,158368.43,SILVER,2025-03-14
2025-02-13,174621.63,175580.99,174369.22,175555.28,126632,30395,174451.08,222309.16,SILVER,2025-03-15
2025-02-14,175211.47,176633.62,174522.57,176187.22,89144,30720,175555.28,157060.34,SILVER,2025-03-16
2025-02-17,176473.14,177156.43,175416.43,175812.06,91916,30515,176187.22,161599.42,SILVER,2025-03-19
2025-02-18,175917.24,178036.79,175682.66,177690.9,77335,31599,175812.06,137417.26,SILVER,2025-03-20
2025-02-19,177790.88,179565.44,177030.19,179370.2,73119,29965,177690.9,131153.69,SILVER,2025-03-21
2025-02-20,179683.59,180830.74,179221.88,180112.65,115823,31349,179370.2,208611.87,SILVER,2025-03-22
2025-02-21,180359.86,180484.47,177771.06,178531.09,74680,28174,180112.65,133327.02,SILVER,2025-03-23
2025-02-24,178820.38,180697.74,178464.71,180660.69,130340,31986,178531.09,235473.14,SILVER,2025-03-26
2025-02-25,180542.03,181810.21,180417.74,181560.8,100706,29551,180660.69,182842.62,SILVER,2025-03-27
2025-02-26,181846.33,184345.76,181604.94,183943.26,95337,29369,181560.8,175365.99,SILVER,2025-03-28
2025-02-27,184208.83,186107.81,184208.82,185187.97,96566,30501,183943.26,178828.62,SILVER,2025-03-29
2025-02-28,185298.84,185910.45,184935.55,185617.31,92534,31535,185187.97,171759.12,SILVER,2025-03-30
2025-03-03,185550.2255247845,185683.766665173,184960.48947712098,185065.56821715937,86147,248248,185617.31,159428.43505203628,SILVER,2025-04-02
