trade_date,symbol,expiry_date,close,high,low,open,pct_return,candle_body,daily_range,daily_range_pct,price_in_range,momentum_5,momentum_10,SMA_10,SMA_20,SMA_50,EMA_12,EMA_26,price_vs_sma20,price_vs_sma50,ATR,BB_width,BB_pct,volume_lots,volume_spike_ratio,is_volume_spike,volume_momentum,volume_change_MA,open_interest,OI_change,OI_change_pct,OI_momentum,price_oi_bullish,RSI,MACD,MACD_signal,rsi_oversold,vol_spike,oi_increasing,price_near_bb_lower,strong_entry_signal,target,return_next_n_pct
2020-01-20,SILVER,2020-02-05,71301.0,71516.0,70899.0,71313.0,0.30668373591435927,12.0,617.0,0.8653455070756371,0.6515397082658023,-425.0,2448.0,70959.8,,,70607.09354185173,69696.31890066662,,,1025.5714285714287,,,17076,,0,17076,36.26958495703443,69405,19014.0,37.73292849913674,1363.6,1,75.76088653035742,910.7746411851112,715.9597565330853,0,0,1,0,0,0,-5.431901375857281
2020-01-21,SILVER,2020-02-05,69746.0,69943.0,69436.0,69943.0,-2.180895078610401,197.0,507.0,0.7269234077939953,0.611439842209073,-1606.0,-358.0,70924.0,,,70474.61761233608,69699.99898209872,,,1090.5714285714287,,,29783,,0,0,26.50389250292634,44948,-24457.0,-35.238095238095234,-2953.0,0,60.96458176337603,774.6186302373535,727.691531273939,0,0,0,0,0,0,-4.317093453388008
2020-01-22,SILVER,2020-02-05,68375.0,68538.0,68154.0,68431.0,-1.965704126401513,56.0,384.0,0.5616087751371115,0.5755208333333334,-3447.0,-1555.0,70768.5,,,70151.59951813053,69601.85090935067,,,1165.142857142857,,,18824,,0,0,28.763434180970584,63031,18083.0,40.230933523182344,5206.8,0,49.79262414527519,549.7486087798607,692.1029467751233,0,0,1,0,0,0,-3.96636197440585
2020-01-23,SILVER,2020-02-05,67945.0,68496.0,67555.0,67828.0,-0.6288848263254154,117.0,941.0,1.3849437044668482,0.41445270988310307,-3508.0,-1812.0,70587.3,,,69812.12266918737,69479.12121236173,,,1156.0714285714287,,,9299,,0,0,27.456765937668983,47921,-15110.0,-23.972331075185227,3364.0,0,47.980125297040395,333.0014568256447,620.2826487852276,0,0,0,0,0,0,-1.668996982853779
2020-01-24,SILVER,2020-02-05,67165.0,67484.0,66548.0,67354.0,-1.1479873427036602,189.0,936.0,1.3935829673192883,0.6591880341880342,-3918.0,-3905.0,70196.8,,,69404.87302777394,69307.70482626086,,,1186.357142857143,,,13118,,0,0,0.8711622270238593,38460,-9461.0,-19.742910206381335,-2386.2,0,41.119528619528616,97.16820151307911,515.6597593307979,0,0,0,0,0,0,-0.7637906647807639
2020-01-27,SILVER,2020-02-05,67428.0,67826.0,67115.0,67523.0,0.3915729918856581,95.0,711.0,1.0544580886278698,0.44022503516174405,-3873.0,-4298.0,69767.0,,,69100.73871580872,69168.46743172302,,,1087.857142857143,,,15756,,0,15756,6.389378877797347,31071,-7389.0,-19.21216848673947,-7666.8,0,34.288398309065286,-67.72871591430157,398.98206428177804,0,0,0,0,0,0,-1.048525834964703
2020-01-28,SILVER,2020-02-05,66735.0,67324.0,66087.0,66676.0,-1.0277629471436178,59.0,1237.0,1.853600059938563,0.5238480194017785,-3011.0,-4617.0,69305.3,69528.8,,68736.77891337662,68988.21058492872,-4.018191023000544,,1118.7142857142858,6667.208250282245,0.08096404145142277,12953,0.7240883909954329,0,0,6.9157744266775465,76118,45047.0,144.980850310579,6234.0,0,32.31876037631433,-251.43167155209812,268.8993171150028,0,0,1,1,0,0,-1.6423166254589048
2020-01-29,SILVER,2020-02-05,65663.0,66034.0,65328.0,65600.0,-1.6063534876751384,63.0,706.0,1.0751869393722493,0.4745042492917847,-2712.0,-6159.0,68689.4,69411.95,,68263.88984978021,68741.8986897488,-5.401015243052525,,1164.5714285714287,7405.287155312195,-0.006253156882739061,20185,1.113962472406181,0,0,15.89569720430631,58282,-17836.0,-23.432039727791064,-949.8,0,29.39400040265754,-478.00883996859193,119.51768569828386,1,0,0,1,0,0,-0.6426754793414861
2020-01-30,SILVER,2020-02-05,66811.0,66865.0,66757.0,66850.0,1.7483209722370274,39.0,108.0,0.16165002769005105,0.5,-1134.0,-4642.0,68225.2,69331.9,,68040.36833442941,68598.86915717482,-3.6359886286110643,,1103.5,7719.140164824763,0.17342217576415533,19674,1.1024411838046382,0,19674,10.818459754074443,68445,10163.0,17.437630829415607,4104.8,1,28.201453577643562,-558.5008227454091,-16.086015990454726,1,0,1,1,0,0,-2.1987397284878236
2020-01-31,SILVER,2020-02-05,66652.0,66881.0,66490.0,66714.0,-0.23798476298813043,62.0,391.0,0.5866290583928464,0.4143222506393862,-513.0,-4431.0,67782.1,69248.55,,67826.77320605566,68454.65662701373,-3.7496091975933106,,1038.2142857142858,8040.6487797938535,0.17707207824757523,38927,2.0262553809476715,1,0,14.86060624493499,64816,-3629.0,-5.302067353349404,5271.2,0,22.638050043140638,-627.8834209580673,-138.44549698397725,1,1,0,1,0,0,-3.246714277140971
2020-02-03,SILVER,2020-02-05,66721.0,67078.0,66243.0,66748.0,0.10352277501051166,27.0,835.0,1.251480043764332,0.5724550898203593,-707.0,-4580.0,67324.1,69141.95,,67656.65425127787,68326.23761760531,-3.501419904992551,,1010.0,8349.17289064583,0.21003714598935197,5386,0.28510025619852214,0,5386,9.540390072039274,13060,-51756.0,-79.8506541594668,-3602.2,0,24.17753986840637,-669.5833663274389,-244.67307085266958,1,0,0,0,0,0,-2.8986376103475666
2020-02-04,SILVER,2020-02-05,65639.0,65808.0,65531.0,65680.0,-1.6216783321592931,41.0,277.0,0.4220052103170371,0.3898916967509025,-1096.0,-4107.0,66913.4,68918.7,,67346.24590492743,68127.18297926418,-4.758795508330826,,1041.7857142857142,8855.679079432331,0.1296500843603026,31617,1.6755211328063933,1,0,50.80114266130252,23731,10671.0,81.70750382848394,-10477.4,0,17.726276229251482,-780.9370743367472,-351.9258715494851,1,1,1,1,1,0,-1.9607245692347535
2020-02-05,SILVER,2020-02-05,65241.0,65810.0,64625.0,65463.0,-0.606346836484406,222.0,1185.0,1.8163424840207845,0.5198312236286919,-422.0,-3134.0,66600.0,68684.25,,67022.36191955398,67913.39164746684,-5.013158038414921,,1087.7142857142858,9382.213306374819,0.1330023750727926,12192,0.6475186947654656,0,0,48.336911884791974,30719,6988.0,29.446715266950395,-5512.6,0,17.672772689425486,-891.0297279128572,-459.7466428221595,1,0,1,1,0,0,-1.6722613080731443
2020-02-06,SILVER,2020-02-05,65342.0,66249.0,64496.0,65482.0,0.15481062522033628,140.0,1753.0,2.6828073826941323,0.48260125499144324,-1469.0,-2603.0,66339.7,68463.5,,66763.84470116106,67722.91819209892,-4.559363748566755,,1173.357142857143,9779.72204965059,0.1808191496493988,15745,0.8196443956261339,0,15745,56.31114767079364,57042,26323.0,85.6896383345812,-2280.6,1,19.26330442231503,-959.0734909378662,-559.6120124453009,1,0,1,1,0,0,-2.485384591839858
2020-02-07,SILVER,2020-02-05,64488.0,65070.0,64035.0,64512.0,-1.3069694836399304,24.0,1035.0,1.604949758094529,0.43768115942028984,-2164.0,-2677.0,66072.0,68134.4,,66413.71474713628,67483.29462231381,-5.351775314672169,,1222.642857142857,10070.097090422089,0.13789822806493365,35020,1.8139062694236108,1,0,64.44623603792395,59116,2074.0,3.6359173942007716,-1140.0,0,15.849624060150376,-1069.5798751775292,-661.6055849917466,1,1,1,1,1,1,0.989331348467932
2020-02-10,SILVER,2020-02-05,64787.0,65037.0,64622.0,64909.0,0.46365215233841184,122.0,415.0,0.6405606062944726,0.39759036144578314,-1934.0,-2641.0,65807.9,67787.45,,66163.45093988455,67283.56909473501,-4.4262617932965425,,1128.642857142857,9897.097967001348,0.19683537436892903,26159,1.3387170649451008,0,26159,59.9049903367547,36325,-22791.0,-38.55301441234184,4653.0,0,21.562105746071794,-1120.1181548504537,-753.308098963488,1,0,0,1,0,1,0.5325142389676941
2020-02-11,SILVER,2020-02-05,64352.0,65029.0,63627.0,64219.0,-0.6714309969592658,133.0,1402.0,2.1786424664346096,0.5171184022824536,-1287.0,-2383.0,65569.6,67437.45,,65884.76617990232,67066.41582845834,-4.575276793532373,,1115.0714285714287,9753.377863456837,0.1836531873167435,8409,0.4394702734342336,0,0,54.89856758280719,32597,-3728.0,-10.262904335856849,1773.2,0,24.155210073236546,-1181.64964855602,-838.9764088819944,1,0,0,1,0,0,-0.0015539532570860268
2020-02-12,SILVER,2020-02-05,64150.0,64342.0,63864.0,64201.0,-0.3138985579313802,51.0,478.0,0.745128604832424,0.5983263598326359,-1091.0,-1513.0,65418.3,67053.85,,65617.87907530196,66850.38502635031,-4.330623819512236,,1082.7142857142858,9249.979598270613,0.18606957786772707,30745,1.527629751639053,1,0,75.8773219048194,77439,44842.0,137.5648065772924,9344.0,0,24.884182660489742,-1232.5059510483552,-917.6823173152666,1,1,1,1,1,1,1.3047544816835541
2020-02-13,SILVER,2020-02-05,63718.0,64112.0,63359.0,63949.0,-0.6734216679657012,231.0,753.0,1.1817696726199818,0.4767596281540505,-1624.0,-3093.0,65109.0,66667.1,,65325.58998679396,66618.35650587991,-4.423621246461906,,1039.4285714285713,8724.50312504667,0.16197501935283795,34455,1.637614515381599,1,0,77.33718046714294,24551,-52888.0,-68.29633647128708,-6498.2,0,26.085749965311507,-1292.7665190859552,-992.6991576694045,1,1,0,1,0,1,0.5759753915691014
2020-02-14,SILVER,2020-02-05,65126.0,65264.0,64905.0,65097.0,2.2097366521234285,29.0,359.0,0.5512391364432023,0.6155988857938719,638.0,-1526.0,64956.4,66369.25,,65294.883834979504,66507.81157951844,-1.8732319560639903,,1099.0714285714287,7758.969424241717,0.33976609108477024,34166,1.591006987373367,1,34166,67.46729095021112,34278,9727.0,39.619567431061874,-4967.6,1,36.218869731800766,-1212.927744538938,-1036.7448750433114,0,1,1,0,0,0,-1.3328010318459602
2020-02-17,SILVER,2020-02-05,65132.0,65366.0,64849.0,65022.0,0.009212910358380455,110.0,517.0,0.7937726463182461,0.5473887814313346,345.0,-1589.0,64797.5,66060.8,,65269.8247834442,66405.89961066523,-1.4059775237357144,,1040.2142857142858,6277.459036735876,0.35204204526630317,33072,1.4847637967608336,0,33072,75.76347409503256,25141,-9137.0,-26.655580839022107,-2236.8,0,39.54337899543379,-1136.074827221033,-1056.6108654788557,0,0,0,0,0,0,-3.543573051648959
2020-02-18,SILVER,2020-02-05,64351.0,64712.0,64000.0,64267.0,-1.1991033593318212,84.0,712.0,1.1064319124799926,0.49297752808988765,-1.0,-1288.0,64668.7,65791.05,,65128.467124452785,66253.68482469003,-2.1888235557876077,,1020.5714285714286,5404.296532438668,0.23353608719353852,17109,0.7905991298742407,0,0,22.23454157525462,77913,52772.0,209.90414064675232,9063.2,0,41.10387849199891,-1125.2177002372482,-1070.3322324305343,0,0,1,0,0,0,-3.8476480551972774
2020-02-19,SILVER,2020-02-05,64987.0,65392.0,64667.0,64845.0,0.9883296296871791,142.0,725.0,1.1156077369320017,0.4413793103448276,837.0,-254.0,64643.3,65621.65,,65106.70295146005,66159.85631915744,-0.9671350842290528,,1009.0714285714286,4862.608920712402,0.36948364337985584,7484,0.3551371268723115,0,7484,22.75269416088394,43615,-34298.0,-44.02089510094592,-6764.8,0,36.70941416496648,-1053.153367697385,-1066.8964594839044,0,0,0,0,0,0,-4.545524489513287
2020-02-20,SILVER,2020-02-05,64085.0,64404.0,63748.0,63985.0,-1.3879699016726477,100.0,656.0,1.0236404774908325,0.5137195121951219,367.0,-1257.0,64517.6,65428.65,,64949.51788200466,66006.16325847911,-2.053611070991074,,1069.642857142857,4523.320117370975,0.20295049540271132,39622,1.7539852233540063,1,0,62.780764981434096,72751,29136.0,66.80270549123009,9640.0,0,33.12294543063773,-1056.645376474451,-1064.846242882014,0,1,1,0,0,0,-2.3390809081688384
2020-02-21,SILVER,2020-02-05,64258.0,64583.0,63968.0,64211.0,0.269953967387071,47.0,615.0,0.957079274175978,0.4715447154471545,-868.0,-230.0,64494.6,65283.3,,64843.130515542405,65876.66968377696,-1.57053947946872,,1053.9285714285713,4326.635469300942,0.26302602627957056,18992,0.8299465988445772,0,18992,45.332080053354055,37452,-35299.0,-48.52029525367348,634.8,0,34.02516539110131,-1033.5391682345507,-1058.5848279525214,0,0,0,0,0,0,-2.3825827134364594
2020-02-24,SILVER,2020-02-05,62824.0,63374.0,62482.0,62647.0,-2.2316287466152107,177.0,892.0,1.419839551763657,0.3834080717488789,-2308.0,-1963.0,64298.3,65053.1,,64532.4950516128,65650.54600349718,-3.42658535873002,,1095.7857142857142,4364.28662284209,-0.010759304472164733,22457,0.967204959848741,0,0,49.68680087241184,32725,-4727.0,-12.621488839047313,1516.8,0,32.53938717280734,-1118.0509518843755,-1070.4780527388923,0,0,0,1,0,0,-0.26263848210874824
2020-02-25,SILVER,2020-02-05,61875.0,62300.0,61347.0,61877.0,-1.5105692092194034,2.0,953.0,1.5402020202020201,0.5540398740818469,-2476.0,-2477.0,64050.6,64810.1,,64123.64965905699,65370.87592916405,-4.528769435628087,,1116.642857142857,4916.897763941743,-0.09694143358535262,55100,2.1756469687038513,1,0,71.00800793961004,60391,27666.0,84.54087089381208,-3504.4,0,30.457501161170455,-1247.226270107065,-1105.827696212527,0,1,1,1,0,1,0.938989898989899
2020-02-26,SILVER,2020-02-05,62033.0,62698.0,61399.0,62145.0,0.2553535353535308,112.0,1299.0,2.0940467170699466,0.4880677444187837,-2954.0,-2117.0,63838.9,64628.6,,63802.0112499713,65123.62586033709,-4.016178595853845,,1084.2142857142858,5431.670310125359,0.02213594496679044,88885,3.090491224166226,1,88885,50.57757000030941,21698,-38693.0,-64.07080525243828,-4383.4,0,30.914753720152262,-1321.6146103657884,-1148.9850790431792,0,1,0,1,0,0,-1.012364386697403
2020-02-27,SILVER,2020-02-05,62586.0,62632.0,62472.0,62472.0,0.89146099656634,114.0,160.0,0.2556482280382194,0.7125,-1499.0,-1132.0,63725.7,64417.35,,63614.93259612956,64935.65357438619,-2.8429452624176537,,1033.642857142857,5315.453264824078,0.15546682309874363,82290,2.58030327735203,1,82290,48.62889976265589,12365,-9333.0,-43.013180938335324,-12077.2,0,38.635277246653914,-1320.7209782566279,-1183.332258885869,0,1,0,1,0,0,-2.681110791550826
2020-02-28,SILVER,2020-02-05,62727.0,62918.0,62635.0,62918.0,0.2252900009586778,191.0,283.0,0.4511613818610805,0.3250883392226148,-1531.0,-2399.0,63485.8,64221.1,,63478.3275813404,64772.04960591314,-2.3264939404650473,,1018.1428571428571,5079.99318689997,0.20588543231654166,78430,2.3158407582658507,1,78430,48.24370449271295,53372,41007.0,331.637687019814,3184.0,1,37.45432399512789,-1293.7220245727367,-1205.4102120232426,0,1,1,0,0,0,-3.39407272785244
2020-03-02,SILVER,2020-04-05,62659.0,63316.0,62093.0,62723.0,-0.10840626843304779,64.0,1223.0,1.9518345329481799,0.4627964022894522,-165.0,-2473.0,63238.5,64018.0,,63352.27718421111,64615.52741288254,-2.1228404511231216,,1005.3571428571429,4680.142328020498,0.20962421551508603,34048,0.9645366765014582,0,0,42.90510183342526,54134,762.0,1.4277149066926453,4281.8,0,39.20693612138212,-1263.2502286714298,-1216.97821535288,0,0,1,0,0,0,-2.0635503279656553
2020-03-03,SILVER,2020-04-05,62456.0,62585.0,62379.0,62585.0,-0.3239758055506803,129.0,206.0,0.3298322018701165,0.3737864077669903,581.0,-1895.0,63049.0,63858.85,,63214.38838664017,64455.562419335685,-2.196798094547582,,990.5,4617.250086133259,0.196171969499095,24669,0.7057874340711453,0,0,44.97720298047831,47823,-6311.0,-11.658107658772677,-2513.6,0,39.20193778684344,-1241.1740326955187,-1221.8173788214078,0,0,0,1,0,0,-1.3257333162546432
2020-03-04,SILVER,2020-04-05,61405.0,61667.0,61190.0,61324.0,-1.682784680415017,81.0,477.0,0.7768097060499959,0.45073375262054505,-628.0,-3582.0,62690.8,63667.05,,62936.02094254168,64229.59483271823,-3.55293672315586,,1024.4285714285713,4915.419943509965,0.039805341965403016,14777,0.4212167597351326,0,0,46.59300610335705,11949,-35874.0,-75.0141145473935,-1949.8,0,36.33463310882666,-1293.5738901765435,-1236.168681092435,0,0,0,1,0,0,-1.6513313248106831
2020-03-05,SILVER,2020-04-05,60908.0,61012.0,60716.0,61012.0,-0.8093803436202252,104.0,296.0,0.4859788533525974,0.6486486486486487,-1678.0,-3177.0,62373.1,63445.35,,62624.017720612195,63983.55077103539,-3.999268661927152,,963.2142857142857,5232.730075410735,0.015100155476521541,25968,0.7295847340125896,0,0,11.223984981325753,59396,47447.0,397.07925349401626,9406.2,0,22.07362288135593,-1359.533050423197,-1260.8415549585875,1,0,1,1,0,0,-0.4465751625402246
2020-03-06,SILVER,2020-04-05,60598.0,60695.0,60466.0,60466.0,-0.508964339659812,132.0,229.0,0.3779002607346777,0.5764192139737991,-2129.0,-3660.0,62007.1,63250.85,,62312.32268667186,63732.76923244017,-4.194172884633169,,957.8571428571429,5714.555122897531,0.035773136675092486,16292,0.47010008238004763,0,0,12.704563867076445,41912,-17484.0,-29.436325678496868,-2292.0,0,21.14307535641548,-1420.446545768311,-1292.7625531205322,1,0,0,1,0,0,-0.35974784646357966
2020-03-09,SILVER,2020-04-05,61366.0,61787.0,60927.0,61475.0,1.267368560018478,109.0,860.0,1.4014275005703485,0.5104651162790698,-1293.0,-1458.0,61861.3,63079.8,,62166.73458103004,63557.45299300016,-2.7168760839444683,,961.9285714285714,5759.1598217651845,0.20242187175928744,18923,0.5517770264458158,0,18923,12.495014485952552,66947,25035.0,59.732296239740414,2562.6,1,30.97029198010965,-1390.7184119701196,-1312.3537248904497,0,0,1,0,0,0,-2.353094547469283
2020-03-10,SILVER,2020-04-05,61628.0,62135.0,61116.0,61650.0,0.42694651761561175,22.0,1019.0,1.653469202310638,0.5024533856722276,-828.0,-247.0,61836.6,62943.6,66102.88,62083.852337794655,63414.53054907422,-2.0901251278922697,-6.769568890190571,960.3571428571429,5767.796536305119,0.2719059624036636,32703,0.9209687026093129,0,32703,5.24137841960839,54387,-12560.0,-18.761109534407815,1312.8,0,27.513723390012046,-1330.6782112795627,-1316.0186221682725,1,0,0,0,0,0,-2.0461478548711622
2020-03-11,SILVER,2020-04-05,60391.0,60541.0,60281.0,60458.0,-2.0072045174271413,67.0,260.0,0.430527727641536,0.4230769230769231,-1014.0,-1642.0,61672.4,62755.65,65950.7,61823.41351659548,63190.56532321687,-3.76802726129042,-8.430084896748628,968.0714285714286,6077.325627194114,0.11090615427632464,23657,0.6729351058670259,0,0,-3.6563076127369447,73965,19578.0,35.99757294941806,12403.2,0,26.33264992311635,-1367.1518066213903,-1326.245259058896,1,0,1,1,0,1,1.1955423821430344
2020-03-12,SILVER,2020-04-05,60636.0,60700.0,60493.0,60493.0,0.4056895895083734,143.0,207.0,0.34138135760934096,0.6908212560386473,-272.0,-1950.0,61477.4,62601.55,65795.18,61640.73451404233,63001.33826223784,-3.1397784879128436,-7.84127347930349,946.2142857142857,6287.889978279702,0.18740706233893747,8629,0.2548160047720786,0,8629,-9.266791470716718,26508,-47457.0,-64.16142770229163,-6577.6,0,27.006094464195016,-1360.6037481955136,-1333.1169568862197,1,0,0,1,0,1,1.913054950854278
2020-03-13,SILVER,2020-04-05,60380.0,60496.0,60150.0,60272.0,-0.4221914374299085,108.0,346.0,0.5730374296124545,0.6647398843930635,-218.0,-2347.0,61242.7,62364.25,65636.4,61446.77535803581,62807.16505762763,-3.1817106755873756,-8.008361214204305,854.0714285714286,6113.802417481536,0.1754474769537329,7114,0.21881790960304268,0,0,-10.553426177341,55592,29084.0,109.71782103515922,2736.0,0,31.755747984472976,-1360.3896995918185,-1338.5715054273394,0,0,1,1,0,1,1.3762835375952303
2020-03-16,SILVER,2020-04-05,59922.0,60223.0,59531.0,59993.0,-0.7585293143424932,71.0,692.0,1.1548346183371716,0.565028901734104,-1444.0,-2737.0,60969.0,62103.75,65457.78,61212.194533722606,62593.449127432985,-3.5130728820723385,-8.457023748743081,809.2142857142857,5899.795090108324,0.13019902103753545,39445,1.2015035166328052,0,0,40.55238375558106,11919,-43673.0,-78.55986472873795,-11005.6,0,34.26776220396326,-1381.2545937103787,-1347.1081230839472,0,0,0,1,0,1,1.8106872267280798
2020-03-17,SILVER,2020-04-05,60367.0,60454.0,60252.0,60252.0,0.7426320883815674,115.0,202.0,0.33461990822800536,0.5693069306930693,-1261.0,-2089.0,60760.1,61904.55,65263.04,61082.16460545758,62428.526969845356,-2.483743117428368,-7.502010326212203,754.4285714285714,5694.433769734969,0.22999071335734164,30574,0.9125763552164811,0,30574,41.058070023018736,52595,40676.0,341.2702407920127,-358.4,1,37.17277486910994,-1346.3623643877727,-1346.9589713447124,0,0,1,0,0,1,1.477628505640499
2020-03-18,SILVER,2020-04-05,61113.0,61593.0,60922.0,61169.0,1.2357745125648023,56.0,671.0,1.097966062867148,0.2846497764530551,722.0,-292.0,60730.9,61710.85,65086.7,61086.90851231026,62331.08052763459,-0.9687923598524386,-6.105241162941119,799.2142857142857,4931.635240705844,0.3787724617049271,37349,1.0672301564169826,0,37349,47.28389608754155,19617,-32978.0,-62.701777735526186,-10869.6,0,38.98609241812472,-1244.1720153243295,-1326.4015801406358,0,0,0,0,0,1,1.4121381702747369
2020-03-19,SILVER,2020-04-05,61796.0,62172.0,61582.0,61627.0,1.1176018195801163,169.0,590.0,0.9547543530325587,0.36271186440677966,1160.0,888.0,60819.7,61596.4,64927.48,61195.999510416375,62291.44493299499,0.3240449117156174,-4.823042569956517,851.1428571428571,4399.990889943103,0.5453637302877642,27257,0.7928628670412285,0,27257,37.00855997529263,43298,23681.0,120.71672528928991,3358.0,1,43.56065845898464,-1095.4454225786176,-1280.2103486282322,0,0,1,0,0,0,-0.2411159298336462
2020-03-20,SILVER,2020-04-05,61211.0,61593.0,60601.0,61314.0,-0.9466632144475406,103.0,992.0,1.620623744098283,0.6149193548387096,831.0,613.0,60881.0,61444.05,64730.3,61198.307278044624,62211.41197499536,-0.3792881491373093,-5.436866506103019,849.1428571428571,3623.32943139656,0.4356807035041864,22973,0.6644011915435116,0,0,39.162978085505344,16929,-26369.0,-60.90119636010901,-7732.6,0,40.653240382132715,-1013.104696950737,-1226.7892182927333,0,0,0,0,0,1,0.5211481596445083
2020-03-23,SILVER,2020-04-05,61007.0,61507.0,60704.0,60856.0,-0.33327343124601727,151.0,803.0,1.316242398413297,0.37733499377334995,1085.0,-359.0,60845.1,61353.2,64515.92,61168.87538911468,62122.196273143854,-0.5642737461126676,-5.438843621853332,886.5,3398.0538330984564,0.3981181532123284,30737,0.8784258809408133,0,0,40.927694619007035,24456,7527.0,44.46216551479709,2507.4,0,40.64799277139538,-953.3208840291773,-1172.095551440022,0,0,1,0,0,0,-0.4081498844394906
2020-03-24,SILVER,2020-04-05,61259.0,61461.0,61101.0,61327.0,0.4130673529267215,68.0,360.0,0.5876687507141808,0.4388888888888889,892.0,-369.0,60808.2,61322.4,64314.06,61182.74071386627,62058.25580846653,-0.10338799525132977,-4.7502210247650325,828.5,3362.882823443899,0.4811471278279408,17047,0.51519643620791,0,17047,29.191635719198196,47924,23468.0,95.96009159306509,-934.2,1,48.94933793897524,-875.5150946002614,-1112.77946007207,0,0,1,0,0,0,-2.164579898463899
2020-03-25,SILVER,2020-04-05,61976.0,62729.0,61709.0,62053.0,1.1704402618390786,77.0,1020.0,1.6457983735639603,0.26176470588235295,863.0,1585.0,60966.7,61319.55,64117.14,61304.78060404069,62052.16278561716,1.0705394935220447,-3.339419069534292,884.2857142857143,3353.112357827282,0.6957733383039265,27113,0.9037741981183176,0,27113,37.86259409765783,34240,-13684.0,-28.55354310992405,2924.6,0,57.449776785714285,-747.382181576475,-1039.7000043729508,0,0,0,0,0,0,-2.350910029688912
2020-03-26,SILVER,2020-04-05,61647.0,61951.0,61499.0,61561.0,-0.5308506518652334,86.0,452.0,0.7332068064950444,0.3274336283185841,-149.0,1011.0,61067.8,61272.6,63921.02,61357.42974188058,62022.1507274233,0.6110398448898879,-3.557546484708781,886.7857142857143,3153.709234670445,0.6187173490453775,5694,0.21757779437866712,0,0,36.315147500049164,19228,-15012.0,-43.84345794392524,-4814.0,0,57.297898984277175,-664.7209855427209,-964.7042006069048,0,0,0,0,0,0,-0.23845442600613168
2020-03-27,SILVER,2020-04-05,61530.0,61764.0,61141.0,61602.0,-0.18979025743345312,72.0,623.0,1.012514220705347,0.6243980738362761,319.0,1150.0,61182.8,61212.75,63729.96,61383.97901236049,61985.695117984535,0.5182743791121948,-3.4520027942901566,846.3571428571429,2856.581652403038,0.6110593144547856,20588,0.8844459432464769,0,0,64.22821362113316,31686,12458.0,64.79092989390472,2951.4,0,51.254589963280296,-601.7161056240438,-892.1065816103327,0,0,1,0,0,0,-0.10726474890297416
2020-03-30,SILVER,2020-04-05,60758.0,60845.0,60582.0,60789.0,-1.254672517471156,31.0,263.0,0.4328648079265282,0.6692015209125475,-249.0,836.0,61266.4,61117.7,63519.1,61287.67454892042,61894.754738874566,-0.5885365450597734,-4.3468814891898635,841.2857142857143,2533.902868574878,0.3580450717109373,25067,1.098042823100645,0,0,20.956746866300456,21920,-9766.0,-30.82118285678217,-507.2,0,43.82628441669033,-607.0801899541475,-835.1013032790958,0,0,0,0,0,1,2.3799335066987064
2020-03-31,SILVER,2020-04-05,59933.0,60234.0,59688.0,59868.0,-1.3578458803778948,65.0,546.0,0.911017302654631,0.44871794871794873,-1326.0,-434.0,61223.0,60991.55,63322.84,61079.26307985574,61749.439573032,-1.7355682877382241,-5.353265899002629,821.5,2413.7725790060504,0.06145412819467217,11704,0.5276695122528522,0,0,17.87478795363095,17432,-4488.0,-20.474452554744527,-6098.4,0,46.548085619535726,-670.1764931762664,-802.1163412585299,0,0,0,1,0,1,4.254751138771629
2020-04-01,SILVER,2020-04-05,60519.0,60623.0,60392.0,60397.0,0.9777584969883124,122.0,231.0,0.3816983096217717,0.5497835497835498,-1457.0,-594.0,61163.6,60947.25,63165.72,60993.068759877926,61658.29590095556,-0.7026568056803218,-4.190120844027427,848.7142857142857,2416.0588612565334,0.3227485236939643,6971,0.3199137228806462,0,6971,11.614936235662949,73575,56143.0,322.0686094538779,7867.0,1,49.16129032258065,-665.2271410776375,-774.7385012223515,0,0,1,0,0,1,2.4983889357061417
2020-04-02,SILVER,2020-04-05,61500.0,61730.0,61130.0,61258.0,1.6209785356664952,242.0,600.0,0.975609756097561,0.6166666666666667,-147.0,-296.0,61134.0,60976.85,63036.82,61071.05818143517,61646.570278662555,0.8579485493265091,-2.4379719662254535,900.5,2465.4770948574587,0.7121901684226547,16441,0.7713745490032325,0,16441,27.901868140405462,43910,-29665.0,-40.31940197077811,4936.4,0,57.27272727272727,-575.5120972273871,-734.8932204233586,0,0,0,0,0,1,1.3170731707317074
2020-04-03,SILVER,2020-04-05,61464.0,62078.0,61083.0,61507.0,-0.05853658536585371,43.0,995.0,1.6188337888845505,0.3829145728643216,-66.0,253.0,61159.3,61020.15,62922.8,61131.51076890668,61633.04655431718,0.7273826760504498,-2.3183965112804943,910.9285714285714,2475.0715970512683,0.6793281457105278,36476,1.6340024458968514,1,0,41.65957290965535,40226,-3684.0,-8.389888408107494,1708.0,0,60.593569661995055,-501.5357854105023,-688.2217334207874,0,1,0,0,0,1,3.236040609137056
2020-04-06,SILVER,2020-04-05,62204.0,62312.0,62009.0,62009.0,1.203956787713123,195.0,303.0,0.4871069384605492,0.6435643564356436,1446.0,1197.0,61279.0,61062.05,62818.32,61296.509112151805,61675.33940214554,1.8701468424332248,-0.9779312786461014,933.5,2678.7863630664797,0.9262937932432864,19677,0.879977460555973,0,19677,33.67445933279911,69099,28873.0,71.77696017501118,9435.8,1,62.12861481579294,-378.83028999373346,-626.3434447353766,0,0,1,0,0,1,1.9918333226159088
2020-04-07,SILVER,2020-04-05,62483.0,62573.0,62405.0,62495.0,0.4485242106616827,12.0,168.0,0.2688731334923099,0.4642857142857143,2550.0,1224.0,61401.4,61104.8,62733.28,61479.04617182075,61735.16611309772,2.255469292101434,-0.39895889390766565,872.2857142857143,2928.426946152307,0.9706280967025076,32818,1.4672803807471426,0,32818,44.80673024962255,28013,-41086.0,-59.45961591339961,2116.2,0,59.63974106388967,-256.1199412769711,-552.2987440436955,0,0,0,0,0,1,3.4329337579821715
2020-04-08,SILVER,2020-04-05,62031.0,62390.0,61600.0,61999.0,-0.7233967639197814,32.0,790.0,1.2735567700020958,0.5455696202531646,1512.0,55.0,61406.9,61186.8,62660.64,61563.96214538679,61757.07973434975,1.379709349075286,-1.0048413166542816,859.7142857142857,2959.015654252071,0.7852975781952662,6868,0.3190397220247967,0,0,30.994632932616145,31446,3433.0,12.255024452932561,-8425.8,0,51.70909090909091,-193.11758896295942,-480.4625130275483,0,0,1,0,0,1,1.0801051087359546
2020-04-09,SILVER,2020-04-05,62310.0,62562.0,62098.0,62394.0,0.4497751124437732,84.0,464.0,0.7446637778847697,0.45689655172413796,810.0,663.0,61473.2,61270.5,62570.62,61678.73719994267,61798.03679106458,1.696575023869562,-0.4165213641801897,812.2857142857143,3073.220837459143,0.8382444851764805,23055,1.0362542924435014,0,23055,62.46325786890115,72509,41063.0,130.58258602047954,5719.8,1,58.365047952504185,-119.29959112191136,-408.22992864642094,0,0,1,0,0,1,1.6225324987963408
2020-04-10,SILVER,2020-04-05,63453.0,63700.0,63199.0,63415.0,1.834376504573898,38.0,501.0,0.7895607772682143,0.5069860279441117,1989.0,1923.0,61665.5,61424.15,62506.64,61951.700707643795,61920.62665839313,3.303016810163427,1.5140151510303557,854.2142857142857,3520.0137021269475,1.076375597280794,6728,0.30266632477248295,0,6728,29.2241382394998,10557,-61952.0,-85.44042808478947,-5933.8,0,66.28929142248268,31.074049250666576,-320.3691330670035,0,0,0,0,0,0,-0.08195041999590248
2020-04-13,SILVER,2020-04-05,63443.0,64198.0,62860.0,63401.0,-0.015759696153061498,42.0,1338.0,2.1089797140740507,0.43572496263079225,1239.0,2685.0,61934.0,61600.2,62441.08,62181.13136800629,62033.39505406771,2.991548728737899,1.6045846740639307,917.3571428571429,3660.6750254712388,1.003404423276491,12632,0.6047361101469951,0,0,35.823866629125426,40666,30109.0,285.20412996116323,-5686.6,0,65.02890173410404,147.73631393857795,-226.7480436658872,0,0,1,0,0,0,-0.3877496335293098
2020-04-14,SILVER,2020-04-05,64628.0,64919.0,64311.0,64722.0,1.867818356635098,94.0,608.0,0.9407687070619546,0.5213815789473685,2145.0,4695.0,62403.5,61813.25,62420.86,62557.572696005314,62225.588013025656,4.553635345172758,3.5359012996616825,917.7857142857143,4367.548053542574,1.1444691542012733,17043,0.8432161251539934,0,17043,44.64670505103375,47389,6723.0,16.532238233413654,3875.2,1,67.14507370054307,331.9846829796588,-115.001498336778,0,0,1,0,0,0,-2.082688617936498
2020-04-15,SILVER,2020-04-05,62701.0,63608.0,62132.0,62743.0,-2.9816797672835293,42.0,1476.0,2.3540294413167255,0.38550135501355015,670.0,2182.0,62621.7,61892.65,62370.06,62579.63843508142,62260.803715764494,1.3060516878821613,0.530607153496409,1062.0,4384.065937844905,0.6843836318751544,11403,0.6028676260666364,0,0,45.381345124918674,57700,10311.0,21.7582139315031,5250.8,0,55.64723531933134,318.83471931692475,-28.234254806037455,0,0,1,0,0,0,-1.3588300027112805
2020-04-16,SILVER,2020-04-05,63321.0,63886.0,63082.0,63361.0,0.9888199550246446,40.0,804.0,1.2697209456578387,0.2972636815920398,1011.0,1821.0,62803.8,61968.9,62329.64,62693.694060453505,62339.33677385601,2.1819009212685696,1.5905113522234375,1102.142857142857,4564.241037964035,0.796237641429018,20732,1.1153222313976228,0,20732,39.97767398828596,34578,-23122.0,-40.07279029462738,-7586.2,0,59.105236400610075,354.35728659749293,48.284053474668625,0,0,0,0,0,0,-2.548917420760885
2020-04-17,SILVER,2020-04-05,63401.0,63675.0,63213.0,63461.0,0.12634039260277508,60.0,462.0,0.7286951309916248,0.4069264069264069,-52.0,1937.0,62997.5,62078.4,62307.9,62802.51035884527,62417.97849431112,2.1305317147349134,1.7543521768507664,1067.4285714285713,4676.93510077332,0.7827920361309503,23526,1.2637516115169747,0,23526,29.139350661344047,19596,-14982.0,-43.3281277112615,1807.8,0,64.45368041124358,384.53186453414673,115.53361568656425,0,0,0,0,0,0,-2.239712307376855
2020-04-20,SILVER,2020-04-05,63197.0,63654.0,62161.0,63003.0,-0.32176148641188673,194.0,1493.0,2.3624539139516116,0.6939048894842599,-246.0,993.0,63096.8,62187.9,62276.1,62863.20107286907,62475.683791028816,1.6226629296052744,1.4787374289655284,1097.642857142857,4664.635850852239,0.7163298555911141,14340,0.8057922640571135,0,0,29.840228515466983,67500,47904.0,244.45805266380893,5366.8,0,69.15043417038254,387.51728184025706,169.9303489173028,0,0,1,0,0,0,-0.19462949190626136
2020-04-21,SILVER,2020-04-05,63282.0,63552.0,63028.0,63377.0,0.13450005538238052,95.0,524.0,0.8280395689137512,0.4847328244274809,-1346.0,799.0,63176.7,62289.05,62254.7,62927.63167704306,62535.41091761927,1.594100407696051,1.650156534366085,1085.7857142857142,4676.317124900204,0.7123358988450098,68485,3.3623739140467546,1,68485,60.91989260090709,20129,-47371.0,-70.17925925925925,-5452.0,0,67.223538212193,392.22075942378433,214.38843101859914,0,1,0,0,0,0,-0.9023102936063967
2020-04-22,SILVER,2020-04-05,61849.0,62348.0,61308.0,61925.0,-2.2644669890332203,76.0,1040.0,1.6815146566638104,0.5201923076923077,-852.0,-182.0,63158.5,62282.7,62208.68,62761.68834211335,62484.565664462294,-0.6963410385227312,-0.5781829802529169,1140.2857142857142,4684.84842871179,0.4074249665491839,95052,3.9996633705028404,1,0,72.70638225442273,73394,53265.0,264.61821252918674,3138.8,0,52.059483063849875,277.12267765105935,226.9352803450912,0,1,1,0,0,0,0.4688838946466394
2020-04-23,SILVER,2020-04-05,61707.0,62117.0,61534.0,61582.0,-0.22959142427525503,125.0,583.0,0.9447874633347918,0.2967409948542024,-1614.0,-603.0,63098.2,62285.7,62168.46,62599.42859717284,62426.96820783546,-0.929105717684793,-0.742273493665436,1110.857142857143,4678.295164064431,0.37630109266187656,22755,0.9243217882813627,0,0,41.53161051865139,76046,2652.0,3.6133743902771354,8293.6,0,51.41624898006761,172.46038933737873,216.04030214354873,0,0,1,0,0,0,0.1393683050545319
2020-04-24,SILVER,2020-04-05,61981.0,62507.0,61438.0,61951.0,0.4440339021504869,30.0,1069.0,1.7247220922540778,0.5079513564078578,-1420.0,-1472.0,62951.0,62308.25,62105.56,62504.28573606932,62393.93352577357,-0.5252113484169432,-0.20056175324720954,1126.642857142857,4634.129112528302,0.42938263219397915,60397,2.269838585414435,1,60397,65.15566992089764,21596,-54450.0,-71.60139915314416,400.0,0,48.625662516948104,110.35221029575041,194.90268377398908,0,1,0,0,0,1,0.793791645826947
2020-04-27,SILVER,2020-04-05,63074.0,63676.0,62781.0,63069.0,1.7634436359529548,5.0,895.0,1.4189681960871356,0.32737430167597764,-123.0,-369.0,62914.1,62424.05,62064.4,62591.93408436635,62444.30882016072,1.0411852483137463,1.62669743041099,1221.357142857143,4440.639968103598,0.6463640386675081,28030,1.0475900383642944,0,28030,51.02136137028237,75355,53759.0,248.93035747360622,1571.0,1,53.310182592136215,147.62526420563518,185.4471998603183,0,0,1,0,0,0,-0.546976567206773
2020-04-28,SILVER,2020-04-05,62711.0,62983.0,62355.0,62694.0,-0.5755144750610341,17.0,628.0,1.0014192087512557,0.5668789808917197,-571.0,-1917.0,62722.4,62562.95,62031.6,62610.25191754076,62464.06372237104,0.23664165452556654,1.0952482283223413,1209.642857142857,3773.3464081359707,0.5392357297704717,92060,2.991442576552952,1,0,70.37281819174186,22974,-52381.0,-69.51230840687413,569.0,0,53.847024213622994,146.18819516972144,177.59539892219897,0,1,0,0,0,0,-0.5613050342045256
2020-04-29,SILVER,2020-04-05,62139.0,62345.0,61847.0,62181.0,-0.9121206805823512,42.0,498.0,0.8014290542171583,0.5863453815261044,290.0,-562.0,62666.2,62643.95,61974.64,62537.75162253449,62439.98492812133,-0.8060634746052845,0.26520525169650133,1233.4285714285713,3280.382127933626,0.3460697625132855,41312,1.2714710001077205,0,0,68.16960287442377,76673,53699.0,233.73813876556108,655.8,0,49.06362939437083,97.76669441315607,161.6296580203904,0,0,1,0,0,1,0.9832794219411319
2020-04-30,SILVER,2020-04-05,61793.0,62060.0,61199.0,61970.0,-0.5568161701990704,177.0,861.0,1.3933617076367872,0.6898954703832753,86.0,-1528.0,62513.4,62658.6,61928.8,62423.17444983687,62392.06011863086,-1.3814544212606068,-0.21928408107375388,1201.2857142857142,3203.9158672183694,0.22983060858226906,84400,2.351666018843978,1,0,70.41832178616463,31818,-44855.0,-58.50168899090944,-8845.6,0,40.0407967362611,31.1143312060085,135.52659265751402,0,1,0,0,0,1,1.6895117569951288
2020-05-01,SILVER,2020-06-05,62473.0,62758.0,62248.0,62608.0,1.100448270839749,135.0,510.0,0.8163526643509996,0.4411764705882353,492.0,-928.0,62420.6,62709.05,61893.1,62430.83991909273,62398.05566539895,-0.37642094721575736,0.9369380431744435,1174.642857142857,3008.2347262845287,0.4215320540190864,32457,0.909452624795102,0,32457,62.91626280826294,53246,21428.0,67.34552768872966,6330.0,1,44.61350510884051,32.784253693782375,114.9781248647677,0,0,1,0,0,1,1.752757191106558
2020-05-04,SILVER,2020-06-05,62729.0,63162.0,62104.0,62564.0,0.4097770236742182,165.0,1058.0,1.686620223501092,0.5907372400756143,-345.0,-468.0,62373.8,62735.3,61891.2,62476.71070077077,62422.57006055458,-0.01004219315122891,1.3536657877048803,1144.7857142857142,2970.421795319373,0.49787908908764067,15532,0.43775233397921437,0,15532,61.60628736408806,65598,12352.0,23.197986703226526,-1951.4,1,38.24148606811146,54.14064021618833,102.81062793505183,0,0,1,0,0,1,0.5372315834781362
2020-05-05,SILVER,2020-06-05,62359.0,62551.0,61847.0,62437.0,-0.589838830524958,78.0,704.0,1.128946904215911,0.7272727272727273,-352.0,-923.0,62281.5,62729.1,61900.88,62458.601362190646,62417.86116718016,-0.5899973058755802,0.7400864091108279,1029.5,2981.3415277801105,0.37586125354931316,18518,0.5326430086650128,0,0,25.770750454819716,12654,-52944.0,-80.70977773712613,-2064.0,0,47.37649585762504,40.74019501048315,90.3965413501381,0,0,0,0,0,1,0.7745473788867686
2020-05-06,SILVER,2020-06-05,62750.0,62998.0,62433.0,62917.0,0.6270145448131093,167.0,565.0,0.900398406374502,0.5610619469026549,611.0,901.0,62371.6,62765.05,61915.22,62503.431921853626,62442.46404368534,-0.023978312771204532,1.3482629957545154,990.5,2908.024027990745,0.4948246644954989,11476,0.3279171006367752,0,11476,18.08872034680636,43758,31104.0,245.8036984352774,-6583.0,1,45.460327556050245,60.967878168288735,84.51080871376823,0,0,1,0,0,0,-0.2836653386454183
2020-05-07,SILVER,2020-06-05,62837.0,63255.0,62648.0,62886.0,0.1386454183266883,49.0,607.0,0.9659913745086494,0.3113673805601318,1044.0,1130.0,62484.6,62791.4,61920.24,62554.75008772229,62471.68892933828,0.07262140993830132,1.4805498169903768,1000.8571428571429,2876.611573947972,0.5158519837759727,24743,0.7053095617149429,0,24743,37.25541587258245,34204,-9554.0,-21.83372183372183,477.2,0,45.520965692503175,83.06115838401456,84.2208786478175,0,0,0,0,0,0,-2.0799847223769437
2020-05-08,SILVER,2020-06-05,63568.0,63706.0,63464.0,63706.0,1.1633273389881849,138.0,242.0,0.3806946891517745,0.4297520661157025,1095.0,1587.0,62643.3,62797.15,61937.06,62710.634689611165,62552.8971567947,1.2275238605573637,2.6332215316645677,956.2857142857143,2900.6233159539406,0.7657532247500692,6004,0.1713233185475184,0,6004,13.139662358006102,44928,10724.0,31.353058121857092,-1663.6,1,52.718745419903264,157.7375328164635,98.9242094815467,0,0,1,0,0,0,-2.8457714573370247
2020-05-11,SILVER,2020-06-05,63066.0,63320.0,62945.0,63320.0,-0.7897055122073948,254.0,375.0,0.5946151650651699,0.32266666666666666,337.0,-8.0,62642.5,62778.3,61945.2,62765.306275824834,62590.90477480991,0.45827937360520604,1.8093411596055917,963.3571428571429,2849.0767036289035,0.6009800822959769,8271,0.23748951956539216,0,0,22.27451949256184,63609,18681.0,41.579861111111114,-397.8,0,48.508287292817684,174.40150101492327,114.01966778822202,0,0,1,0,0,0,-1.7473757650715123
2020-05-12,SILVER,2020-06-05,62842.0,63398.0,62336.0,62971.0,-0.35518345859892886,129.0,1062.0,1.6899525794850576,0.4764595103578154,483.0,131.0,62655.6,62689.0,61952.92,62777.10531031332,62609.50442112029,0.24406195664311123,1.4350897423398312,898.2142857142857,2259.463932697545,0.5677151769434687,5209,0.15215378368983878,0,0,-4.270954243563759,40552,-23057.0,-36.248015217972295,5579.6,0,58.23246559442878,167.60088919303234,124.7359120691841,0,0,0,0,0,0,-1.365328920148945
2020-05-13,SILVER,2020-06-05,62572.0,62755.0,62364.0,62603.0,-0.429648960886031,31.0,391.0,0.6248801380809308,0.5319693094629157,-178.0,433.0,62698.9,62682.55,61976.26,62745.550647188196,62606.726315852124,-0.17636487347755142,0.9612390292670094,890.7142857142857,2261.83175883317,0.45112368567278704,30463,0.8657188083471401,0,0,49.72301198085597,20336,-20216.0,-49.85204182284474,-4684.4,0,57.02224387075824,138.82433133607265,127.55359592256181,0,0,0,0,0,0,-1.1842357604040146
2020-05-14,SILVER,2020-06-05,61530.0,61754.0,61364.0,61659.0,-1.665281595601864,129.0,390.0,0.6338371526084837,0.4256410256410256,-1307.0,-263.0,62672.6,62593.0,61988.7,62558.54285531309,62526.968810974184,-1.6982729698209065,-0.7399735758291384,900.6428571428571,2399.2068864968314,0.05693691695253315,10539,0.30390631645878063,0,0,32.75271941403041,57037,36701.0,180.4730527143981,4566.6,0,46.744622491699154,31.574044338907697,108.357685605831,0,0,1,1,0,0,-1.1279050869494556
2020-05-15,SILVER,2020-06-05,61759.0,62352.0,61415.0,61777.0,0.3721761742239593,18.0,937.0,1.5171877782995191,0.3671291355389541,-1809.0,-714.0,62601.2,62510.9,62011.92,62435.536262188005,62470.0822323835,-1.2028302264085167,-0.407857070060076,846.5,2382.985972970011,0.18447149562408952,24977,0.7187419067077206,0,24977,52.6066952919364,26206,-30831.0,-54.05438574960113,-3744.4,0,39.15553356424212,-34.54597019549692,79.77695444556541,0,0,0,1,0,0,-1.949513431240791
2020-05-18,SILVER,2020-06-05,61964.0,62479.0,61636.0,61967.0,0.33193542641558604,3.0,843.0,1.360467368149248,0.38908659549228947,-1102.0,-765.0,62524.7,62449.25,62023.88,62362.99222185139,62432.594659614355,-0.777030949130694,-0.09654346035752259,855.3571428571429,2338.819450290277,0.29252353150228233,13606,0.39194222553817876,0,13606,53.26869852414502,44831,18625.0,71.07151034114325,-3755.6,1,43.674851820491114,-69.60243776296556,49.90107600385922,0,0,1,0,0,0,-2.6370150409915434
2020-05-19,SILVER,2020-06-05,61984.0,62341.0,61544.0,61941.0,0.032276805887287985,43.0,797.0,1.2858156943727412,0.5520702634880803,-858.0,-375.0,62487.2,62384.35,62031.0,62304.685726181946,62399.365425568845,-0.6417474895546696,-0.0757685673292386,850.5714285714286,2235.495574399887,0.32091219298992735,39052,1.1747559234898541,0,39052,70.04825912383954,53563,8732.0,19.47759362940822,2602.2,1,48.55221371193723,-94.6796993868993,20.984920925707517,0,0,1,0,0,0,-3.549303045947341
2020-05-20,SILVER,2020-06-05,61831.0,62436.0,61178.0,62025.0,-0.246837893649976,194.0,1258.0,2.0345781242418854,0.5190779014308426,-741.0,-919.0,62395.3,62383.45,62059.8,62231.81099907703,62357.26428293411,-0.8855714135720245,-0.3686766634762002,873.2857142857143,2239.180479786344,0.2532802715158047,8148,0.2819625953155036,0,0,65.93749443930844,28361,-25202.0,-47.051136045404476,1605.0,0,50.36821705426357,-125.45328385708126,-8.302720030850239,0,0,0,0,0,0,-3.465898982710938
2020-05-21,SILVER,2020-06-05,60836.0,60935.0,60605.0,60736.0,-1.6092251459623785,100.0,330.0,0.542441975146295,0.7,-694.0,-2001.0,62195.2,62339.9,62063.8,62017.07084537287,62244.57803975381,-2.4124196541861656,-1.97828685965088,891.9285714285714,2571.606223437935,-0.08480959732219967,38536,1.298098462263992,0,0,91.67188785782434,51335,22974.0,81.00560629032827,-1140.4,0,35.05022831050229,-227.50719438093802,-52.143614900867796,0,0,1,1,0,0,-1.3971990268919718
2020-05-22,SILVER,2020-06-05,60555.0,60740.0,60480.0,60740.0,-0.4618975606548781,185.0,260.0,0.4293617372636446,0.28846153846153844,-1204.0,-3013.0,61893.9,62268.6,62067.3,61792.136869161666,62119.424110883156,-2.7519488152937415,-2.436548714057165,841.7857142857143,3016.9361663089076,-0.06799345612158407,10607,0.39000625068941425,0,0,91.99783415352492,35816,-15519.0,-30.230836661147364,1922.0,0,30.23636363636365,-327.2872417214894,-107.17234026499213,0,0,0,1,0,1,1.2897366030881017
2020-05-25,SILVER,2020-06-05,60330.0,60782.0,59523.0,60390.0,-0.3715630418627658,60.0,1259.0,2.0868556273827283,0.6409849086576648,-1634.0,-2736.0,61620.3,62131.4,62075.46,61567.192735444485,61986.874176743666,-2.8993391425269697,-2.8118357882486884,868.7142857142857,3376.891725584297,-0.033449143883435783,24586,0.9097569639738314,0,0,101.4010507451853,25619,-10197.0,-28.470515970515976,-3842.4,0,31.05508870214753,-419.68144129918073,-169.67416047182985,0,0,0,1,0,1,1.901210011602851
2020-05-26,SILVER,2020-06-05,59784.0,60163.0,59408.0,59617.0,-0.9050223769269006,167.0,755.0,1.2628797002542487,0.49801324503311256,-2200.0,-3058.0,61314.5,61985.05,62063.8,61292.85539152995,61823.69831179969,-3.5509368791345706,-3.673316812699195,888.9285714285714,3924.2854072937625,-0.06087918475783727,34250,1.4191420509399486,0,0,109.03383465458371,36819,11200.0,43.717553378352015,-3348.8,0,23.08529945553539,-530.8429202697444,-241.90791243141277,1,0,1,1,0,1,3.168071724876221
2020-05-27,SILVER,2020-06-05,59688.0,59817.0,59502.0,59732.0,-0.16057808109193328,44.0,315.0,0.5277442702050663,0.5904761904761905,-2143.0,-2884.0,61026.1,61862.5,62035.3,61045.95456206381,61665.49843685157,-3.515053546170944,-3.783813409462037,868.0714285714286,4423.848003480554,0.008459603881243897,23594,1.014865539133876,0,0,57.44111940739083,21741,-15078.0,-40.951682555202474,-1324.0,0,21.471281029171948,-619.5438747877633,-317.4351049026829,1,0,0,1,0,1,3.272014475271411
2020-05-28,SILVER,2020-06-05,59986.0,60535.0,59725.0,59734.0,0.49926283340033795,252.0,810.0,1.350315073517154,0.32222222222222224,-850.0,-1544.0,60871.7,61772.15,61999.1,60882.8846294386,61541.09114523294,-2.8915134085506193,-3.246982617489606,866.5,4732.245182063387,0.12255759554258942,12399,0.6310453549534695,0,12399,59.23666228565912,18798,-2943.0,-13.536635849316959,-6507.4,0,14.785686197404644,-658.2065157943362,-385.58938708101357,1,0,0,1,0,1,0.5134531390657819
2020-05-29,SILVER,2020-06-05,61336.0,61849.0,60822.0,61413.0,2.2505251225285905,77.0,1027.0,1.67438372244685,0.5004868549172347,781.0,-423.0,60829.4,61715.3,62001.6,60952.59468644805,61525.89920854902,-0.6145963804761589,-1.073520683337202,955.0714285714286,4699.603047067314,0.41929105581870435,30117,1.5419825050495743,1,30117,59.82693237966113,35143,16345.0,86.950739440366,-134.6,1,35.42298618132793,-573.304522100967,-423.13241408500426,0,1,1,0,0,0,-1.7020999086996218
2020-06-01,SILVER,2020-06-05,61477.0,61863.0,60946.0,61586.0,0.229881309508273,109.0,917.0,1.491614750231794,0.579062159214831,1147.0,-487.0,60780.7,61652.7,62011.0,61033.2724269945,61522.277044952796,-0.2849834638223421,-0.8611375401138507,944.7142857142857,4604.644629982373,0.4618428751578448,38126,1.8453079586952261,1,38126,67.03881617552186,59695,24552.0,69.86313063768033,6815.2,1,38.335327294479576,-489.00461795829324,-436.3068548596621,0,1,1,0,0,0,-1.8315792898157035
2020-06-02,SILVER,2020-06-05,61678.0,62048.0,60674.0,61605.0,0.3269515428534264,73.0,1374.0,2.227698693213139,0.7307132459970888,1894.0,-306.0,60750.1,61618.65,62019.38,61132.46128437996,61533.81207865999,0.09631824131167843,-0.5504408460710143,1008.7142857142857,4556.717244037616,0.5130247274126252,38617,1.7823779193205944,1,38617,48.46555646661156,42747,-16948.0,-28.390987519892786,1185.6,0,42.269111034244204,-401.3507942800279,-429.3156427437353,0,1,0,0,0,1,0.7247316709361523
2020-06-03,SILVER,2020-06-05,61641.0,61969.0,61333.0,61657.0,-0.0599889749991922,16.0,636.0,1.031780795249915,0.48427672955974843,1953.0,-190.0,60731.1,61563.2,62012.68,61210.698009859974,61541.75192468517,0.12637419757258056,-0.599361291916428,967.8571428571429,4431.078110466711,0.5175578037805811,12498,0.5754912027849023,0,0,49.615506106518595,31182,-11565.0,-27.054530142466138,1888.2,0,51.16181703998326,-331.0539148251992,-409.66329716002804,0,0,0,0,0,1,0.585649162083678
2020-06-04,SILVER,2020-06-05,60294.0,60762.0,59786.0,60530.0,-2.185233854090618,236.0,976.0,1.6187348658241285,0.5204918032786885,308.0,-542.0,60676.9,61436.05,61985.62,61069.667546804594,61449.32585618997,-1.8589248494979786,-2.729052318908809,1033.4285714285713,4399.126511384122,0.2403916443310758,14628,0.6896307872907665,0,0,14.024737062116547,19415,-11767.0,-37.73651465589122,123.4,0,37.57421543681085,-379.6583093853769,-403.6622996050978,0,0,0,0,0,1,3.222542873254387
2020-06-05,SILVER,2020-06-05,60292.0,60654.0,59959.0,60231.0,-0.003317079643083698,61.0,695.0,1.1527234127247397,0.479136690647482,-1044.0,-263.0,60650.6,61272.25,61960.86,60950.02638575774,61363.59801499071,-1.5998270016198197,-2.693410001087784,1022.8571428571429,4021.8250635886943,0.2562673700368961,5329,0.2516338017527954,0,0,14.915259283996273,21085,1670.0,8.601596703579716,-2811.6,0,35.31271960646522,-413.5716292329744,-405.64416553067315,0,0,1,0,0,1,3.211039607244742
2020-06-08,SILVER,2020-06-05,60351.0,60606.0,60176.0,60223.0,0.09785709546872301,128.0,430.0,0.7124985501482991,0.4069767441860465,-1126.0,21.0,60652.7,61136.5,61952.72,60857.86848025654,61288.59075462103,-1.2848298479631644,-2.585390923917467,996.6428571428571,3724.2313230213767,0.2890839929452225,12032,0.5631469204072892,0,12032,14.314571474986465,25008,3923.0,18.60564382262271,-6937.4,1,35.752922701099294,-430.72227436448884,-410.6597872974363,0,0,1,0,0,1,1.7431359878046762
2020-06-09,SILVER,2020-06-05,62125.0,62685.0,61710.0,62309.0,2.9394707627048433,184.0,975.0,1.5694164989939636,0.4256410256410256,447.0,2341.0,60886.8,61100.65,61996.56,61052.81179098631,61350.546995019475,1.6764960765556478,0.2071727850706593,1073.5,3495.9468320666347,0.7930107490777977,25622,1.1445392941218513,0,25622,21.678759530245383,28452,3444.0,13.771593090211143,-2859.0,1,51.99945593035909,-297.735204033168,-388.0748706445827,0,0,1,0,0,0,0.18993963782696177
2020-06-10,SILVER,2020-06-05,62002.0,62376.0,61616.0,62246.0,-0.19798792756539063,244.0,760.0,1.2257669107448146,0.5078947368421053,361.0,2314.0,61118.2,61072.15,62026.22,61198.84074621918,61398.802773166186,1.5225434179081603,-0.03904800260277212,1040.2142857142858,3327.0209275922534,0.7794842654244817,33584,1.489818053574716,0,0,27.89748616058758,74075,45623.0,160.35076620272739,8578.6,0,58.99691358024692,-199.96202694700332,-350.45230190506686,0,0,1,0,0,1,1.2983452146704944
2020-06-11,SILVER,2020-06-05,62237.0,62460.0,61769.0,62237.0,0.37902003161187636,0.0,691.0,1.1102720246798528,0.6772793053545586,1943.0,2251.0,61343.3,61107.5,62040.96,61358.557554493156,61460.891456635356,1.8483819498424907,0.3159847945615298,1064.142857142857,3466.1399734855804,0.825866816874151,9722,0.43206008488323,0,9722,25.537167418122586,18120,-55955.0,-75.53830577117786,-259.0,0,63.071184333229716,-102.3339021421998,-300.82862195249345,0,0,0,0,0,1,1.8783039028230795
2020-06-12,SILVER,2020-06-05,62228.0,62515.0,61701.0,62354.0,-0.014460851262110275,126.0,814.0,1.3080928199524329,0.6474201474201474,1936.0,892.0,61432.5,61130.95,62056.24,61492.317930724974,61517.714311699405,1.7945901380560958,0.2767811907392424,1032.357142857143,3564.3669195029943,0.8077825669398179,22772,1.0170044102048792,0,0,24.670469290503846,74385,56265.0,310.5132450331125,10660.0,0,65.26214216789964,-25.39638097443094,-245.74217375688096,0,0,1,0,0,1,0.8452786526965353
2020-06-15,SILVER,2020-06-05,61403.0,61759.0,61074.0,61568.0,-1.3257697499517884,165.0,685.0,1.115580671954139,0.4802919708029197,1052.0,-74.0,61425.1,61102.9,62040.22,61478.57671061344,61509.21695527723,0.4911387184568957,-1.0271078987147388,1048.9285714285713,3488.464937627694,0.5860263770356481,25569,1.1122082350996545,0,0,23.239436654805143,28170,-46215.0,-62.12946158499697,632.4,0,62.45959673695552,-30.640244663794874,-202.72178793826376,0,0,0,0,0,1,3.9118609839910103
2020-06-16,SILVER,2020-06-05,62243.0,62378.0,62100.0,62150.0,1.368011334951058,93.0,278.0,0.44663656957408865,0.5143884892086331,118.0,565.0,61481.6,61115.85,62035.42,61596.180293595986,61563.57125488632,1.8442842568662652,0.3346152891364349,1096.0714285714287,3550.6897239542886,0.8174453662892095,8235,0.3839420380398675,0,8235,16.3313500851853,26259,-1911.0,-6.783812566560165,-438.6,0,67.64259080237537,32.609038709662855,-155.65562260867844,0,0,0,0,0,1,0.8756004691290586
2020-06-17,SILVER,2020-06-05,62807.0,62912.0,62640.0,62746.0,0.9061259900711827,61.0,272.0,0.4330727466683649,0.6139705882352942,805.0,1166.0,61598.2,61164.65,62050.94,61782.46024842737,61655.67708785771,2.685129400724109,1.2184505182354974,1083.357142857143,3813.7926474704727,0.9306343191178209,9576,0.4449824465205542,0,9576,24.72336690837721,32099,5840.0,22.239993906850984,-8395.2,1,68.78913014519782,126.78316056966287,-99.16786597301018,0,0,1,0,0,1,0.6814527043163978
2020-06-18,SILVER,2020-06-05,63406.0,63562.0,63360.0,63562.0,0.953715350199813,156.0,202.0,0.3185818376809766,0.22772277227722773,1169.0,3112.0,61909.4,61293.15,62072.86,62032.235594823156,61785.33063690529,3.4471225577409523,2.147701910303472,1004.2142857142857,4290.267914589043,0.9924750719681767,31707,1.4971315248955308,0,31707,46.129996480386936,19649,-12450.0,-38.78625502352098,305.8,0,65.31971580817051,246.90495791786816,-29.953301194834523,0,0,0,0,0,1,2.3357410970570607
2020-06-19,SILVER,2020-06-05,62754.0,63607.0,62154.0,62965.0,-1.0282938523168195,211.0,1453.0,2.3153902540077125,0.41293874741913283,526.0,2462.0,62155.6,61403.1,62058.88,62143.27627254267,61857.083923060454,2.200051788916197,1.1200975589633628,1042.5,4420.529694386409,0.8055968613253515,38868,1.7204662805340936,1,0,54.745474897113425,69258,49609.0,252.47595297470608,-1025.4,0,58.78629420668777,286.19234948221856,33.2758289405761,0,1,1,0,0,1,2.2389011059055997
2020-06-22,SILVER,2020-06-05,63805.0,63884.0,63616.0,63877.0,1.6747936386525053,72.0,268.0,0.4200297782305462,0.7052238805970149,2402.0,3454.0,62501.0,61576.85,62066.12,62398.926076766875,62001.37400283375,3.6184864928946534,2.8016573293126705,1025.0714285714287,4787.601051840393,0.9654000982691493,88212,3.422671532251963,1,88212,54.862406311729714,51037,-18221.0,-26.30887406508995,4573.4,0,63.10213132930886,397.55207393312594,106.13107793908607,0,1,0,0,0,0,-0.07993103988715618
2020-06-23,SILVER,2020-06-05,62788.0,63102.0,62437.0,62677.0,-1.593918971867414,111.0,665.0,1.0591195769892336,0.5278195488721804,545.0,663.0,62567.3,61727.05,62029.32,62458.783603418124,62059.642595216435,1.7187764521388875,1.2230990118866374,1077.357142857143,4590.168619767544,0.7311352997863781,72885,2.6307905546371364,1,0,41.83000728764269,21805,-29232.0,-57.2760938142916,-890.8,0,56.30427613498955,399.14100820168824,164.7330639916065,0,1,0,0,0,1,1.6834426960565714
2020-06-24,SILVER,2020-06-05,63235.0,63487.0,62802.0,63487.0,0.7119194750589308,252.0,685.0,1.0832608523760576,0.6321167883211679,428.0,1233.0,62690.6,61904.4,62040.0,62578.201510584564,62146.706106681886,2.149443335207188,1.9261766602192132,994.7857142857143,4353.5669392740965,0.8056344414958875,62635,2.1120052332276233,1,62635,37.31619650062731,53147,31342.0,143.737674845219,4209.6,1,67.93949005733805,431.49540390267794,218.08553197382082,0,1,1,0,0,0,0.4000948841622519
2020-06-25,SILVER,2020-06-05,64887.0,65082.0,64591.0,64818.0,2.612477267336133,69.0,491.0,0.7567001094209934,0.6028513238289206,1481.0,2650.0,62955.6,62149.45,62071.32,62933.40127818694,62349.69083952026,4.404785561255977,4.536201260098868,1077.0714285714287,4725.91858628708,1.079263046964751,55412,1.742115803604833,1,55412,43.26817651726446,56053,2906.0,5.467853312510584,7280.8,1,73.33197928303036,583.710438666676,291.21051331239187,0,1,1,0,0,0,-3.8836746960099866
2020-06-26,SILVER,2020-06-05,64159.0,64403.0,63691.0,64116.0,-1.1219504677362213,43.0,712.0,1.109742982278402,0.6573033707865169,1405.0,1931.0,63148.7,62290.6,62086.48,63121.954927696635,62483.71374029654,2.999489489585911,3.338118057264636,1131.7857142857142,4984.195045605098,0.8748649446709547,48597,1.4847256295961357,0,0,28.615134554466824,20985,-35068.0,-62.56221790091521,-9654.6,0,68.10574362875619,638.2411874000973,360.61664812993297,0,0,0,0,0,0,-2.6886329275705667
2020-06-29,SILVER,2020-06-05,63754.0,64399.0,63367.0,63798.0,-0.6312442525600481,44.0,1032.0,1.6187219625435265,0.375,-51.0,2351.0,63383.8,62404.45,62097.62,63219.192631127924,62577.809018793094,2.1625861617240485,2.6673808110520136,1038.7857142857142,5086.243237762697,0.7653333584167387,68787,2.0075384473950333,1,0,31.541449218667644,22391,1406.0,6.700023826542778,-5729.2,0,58.90455887176123,641.3836123348301,416.7700409709124,0,1,1,0,0,0,-3.249992157354833
2020-06-30,SILVER,2020-06-05,63845.0,64043.0,63625.0,64043.0,0.14273614204598495,198.0,418.0,0.6547106273004935,0.5263157894736842,1057.0,1602.0,63544.0,62512.8,62108.88,63315.470687877474,62671.67501740101,2.131083554088118,2.7952846678285015,1014.3571428571429,5193.772076145586,0.756499511428051,79905,2.1994976430513025,1,79905,39.93704605740997,14861,-7530.0,-33.62958331472466,-1388.8,0,60.10970927043335,643.7956704764656,462.17516687202306,0,1,0,0,0,0,-2.827159526979403
2020-07-01,SILVER,2020-08-05,63488.0,63642.0,63069.0,63596.0,-0.5591667319288951,108.0,573.0,0.9025327620967742,0.731239092495637,253.0,681.0,63612.1,62605.15,62141.66,63342.01365897325,62732.143534630566,1.410187500549074,2.1665658754529513,1020.4285714285714,5195.426373263515,0.6699283055079529,24464,0.6624953794034454,0,0,31.37026644924823,73582,58721.0,395.13491689657496,4087.0,0,56.771679116596296,609.870124342684,491.71415836615523,0,0,1,0,0,0,-3.296685987903226
2020-07-02,SILVER,2020-08-05,62367.0,62713.0,61924.0,62419.0,-1.765688004032262,52.0,789.0,1.2650921160228967,0.5614702154626109,-2520.0,-1039.0,63508.2,62708.8,62154.86,63192.01155759275,62705.095865398675,-0.5450590666700733,0.3413087890472272,1074.0,4728.767521636706,0.4277190095651604,35413,0.9327482530559996,0,0,12.734920112510371,61928,-11654.0,-15.838112581881436,1175.0,0,50.67156246980384,486.9156921940739,490.754465131739,0,0,0,0,0,0,0.2629595779819456
2020-07-03,SILVER,2020-08-05,62434.0,62823.0,62033.0,62492.0,0.10742860807799737,58.0,790.0,1.265336195021943,0.5075949367088608,-1725.0,-320.0,63476.2,62815.9,62163.92,63075.39439488617,62685.01469018396,-0.6079670911345717,0.43446423584613353,1048.0,4160.88652497108,0.4082166750503594,38270,0.966088452504017,0,38270,11.283194173760831,44364,-17564.0,-28.361968737889164,4675.8,0,55.37483057032634,390.379704702209,470.679513045833,0,0,0,0,0,0,-0.7287695806771952
2020-07-06,SILVER,2020-08-05,61682.0,62113.0,61288.0,61687.0,-1.2044719223500033,5.0,825.0,1.3375052689601505,0.4775757575757576,-2072.0,-2123.0,63263.9,62882.45,62136.08,62861.026026442145,62610.71730572589,-1.9090382133647739,-0.7307831456377707,1060.2142857142858,3633.826917061335,0.16964579563112558,25269,0.6274084300015891,0,0,-4.809260092262912,52923,8559.0,19.292669732215305,6106.4,0,47.04830053667263,250.30872071625345,426.6053545799171,0,0,1,1,0,0,0.1329399176420998
2020-07-07,SILVER,2020-08-05,62040.0,62408.0,61477.0,62109.0,0.5803962258033035,69.0,931.0,1.5006447453255962,0.6047261009667024,-1805.0,-748.0,63189.1,62878.2,62122.66,62734.714330066425,62568.44194974619,-1.3330534271019163,-0.13305933776822093,1078.9285714285713,3649.508598500339,0.2703252431452192,36541,0.8951487158005103,0,36541,1.3890603855985357,17919,-35004.0,-66.14137520548722,611.6,0,45.875013445197375,166.2723803202316,374.53875972798005,0,0,0,0,0,1,0.5303030303030304
2020-07-08,SILVER,2020-08-05,61395.0,61616.0,61085.0,61085.0,-1.0396518375241803,310.0,531.0,0.8648912777913511,0.583804143126177,-2093.0,-1840.0,63005.1,62847.85,62107.78,62528.60443313313,62481.52032383907,-2.311694035675045,-1.1476501011628475,1093.2142857142858,3809.123955093193,0.11858684119287123,13009,0.326921723746243,0,0,-3.644504021075894,65896,47977.0,267.74373569953684,-1537.2,0,39.237932141710374,47.08410929406091,309.04782964119624,0,0,1,1,0,0,0.16613730759833864
2020-07-09,SILVER,2020-08-05,62531.0,62940.0,61917.0,62494.0,1.8503135434481566,37.0,1023.0,1.635988549679359,0.6001955034213099,164.0,-2356.0,62769.5,62862.55,62122.54,62528.972981881874,62485.18548503618,-0.5274205389377346,0.6575069209983995,1099.7857142857142,3778.3735793678206,0.4122506038549327,22007,0.5446380731884479,0,22007,4.425435032790831,57396,-8500.0,-12.899113755007896,-906.4,0,48.86537091686171,43.787496845696296,255.99576308209626,0,0,0,0,0,0,-1.3657226015896116
2020-07-10,SILVER,2020-08-05,61979.0,62533.0,61562.0,62009.0,-0.8827621499736149,30.0,971.0,1.5666596750512272,0.4294541709577755,-455.0,-2180.0,62551.5,62850.1,62112.66,62444.36175390004,62447.690263922384,-1.3859962036655449,-0.2151896247882533,1088.4285714285713,3819.9238129632577,0.27195880267458694,31462,0.7703504920894735,0,0,9.95167328656682,44840,-12556.0,-21.87608892605757,95.2,0,40.2122641509434,-3.328510022343835,204.13090846120826,0,0,0,0,0,1,1.066490262830959
2020-07-13,SILVER,2020-08-05,61764.0,62141.0,61483.0,61621.0,-0.3468916891205098,143.0,658.0,1.0653455087105757,0.4270516717325228,82.0,-1990.0,62352.5,62868.15,62093.36,62339.69071483849,62397.046540668875,-1.7562947215720541,-0.53042708592352,1037.7142857142858,3717.020034495872,0.20294752523448428,16542,0.40955884901633577,0,0,1.054867123153708,52255,7415.0,16.536574487065113,-133.6,0,43.994839315036366,-57.355825830381946,151.83356160289023,0,0,1,0,0,0,-0.4371478531183214
2020-07-14,SILVER,2020-08-05,62369.0,62462.0,62253.0,62417.0,0.9795350042095752,48.0,209.0,0.3351023745771136,0.5550239234449761,329.0,-1476.0,62204.9,62874.45,62093.56,62344.199835632564,62394.96901913785,-0.8039036524375117,0.443588674896402,1037.642857142857,3700.8479199120484,0.36342319086378205,22434,0.5458427362696854,0,22434,3.000415929230621,18176,-34079.0,-65.21672567218448,51.4,0,45.013818516812535,-50.769183505282854,111.3130125812556,0,0,0,0,0,0,-1.1640398274783947
2020-07-15,SILVER,2020-08-05,61497.0,61804.0,60931.0,61472.0,-1.3981304814892015,25.0,873.0,1.4195814429972193,0.6483390607101948,102.0,-1991.0,62005.8,62808.95,62068.5,62213.8613993814,62328.45279549801,-2.0887946701863305,-0.9207569056767926,1008.4285714285714,3901.021831048565,0.16369067982186739,34765,0.8207189937487016,0,0,15.435347946572222,43529,25353.0,139.4861355633803,-4473.4,0,28.55516194331983,-114.59139611660794,66.1321308416829,1,0,1,1,0,1,0.5675073580825081
2020-07-16,SILVER,2020-08-05,61677.0,61893.0,61566.0,61893.0,0.2926972047416987,216.0,327.0,0.5301814290578336,0.3394495412844037,-854.0,-690.0,61936.8,62722.5,62045.3,62131.2673379381,62280.19703286852,-1.6668659571923952,-0.5935985481575605,951.2857142857143,3983.831638801741,0.2375642108423874,28769,0.6815312124665085,0,28769,9.235068886580803,66406,22877.0,52.55576741942154,1802.0,1,33.12941816204459,-148.92969493041892,23.119765687262536,0,0,1,0,0,1,1.2192551518394217
2020-07-17,SILVER,2020-08-05,62640.0,62845.0,62439.0,62837.0,1.5613599883262719,197.0,406.0,0.6481481481481481,0.49507389162561577,661.0,206.0,61957.4,62716.8,62026.74,62209.53390133224,62306.84910450789,-0.12245522730752031,0.988702614388572,961.0,3984.3774076156114,0.48072471752971746,27465,0.6595480780891476,0,27465,7.975037341736529,22941,-43465.0,-65.45342288347437,-4379.8,0,42.961839777609306,-97.31520317565446,-0.9672280853208655,0,0,0,0,0,0,-1.7369093231162196
2020-07-20,SILVER,2020-08-05,61494.0,61729.0,60922.0,61437.0,-1.8295019157088088,57.0,807.0,1.3123231534783881,0.7087980173482032,-270.0,-188.0,61938.6,62601.25,61995.3,62099.45176266574,62246.63805972953,-1.7687346498672152,-0.808609684927733,1053.857142857143,3989.027028183831,0.2224260472097826,26868,0.6965141886120397,0,0,11.15484772919738,11669,-11272.0,-49.134736933873846,-8117.2,0,36.89374512208718,-147.18629706378852,-30.211041881014395,0,0,0,0,0,0,-1.4082674732494227
2020-07-21,SILVER,2020-08-05,61643.0,62311.0,61182.0,61624.0,0.24230006179464247,19.0,1129.0,1.8315137160748178,0.408325952170062,-726.0,-397.0,61898.9,62544.0,61971.32,62029.22841456332,62201.92412937919,-1.4405858275773855,-0.5297934592969775,1079.0714285714287,4074.4354210126185,0.278865067942082,25156,0.6951379581911381,0,25156,6.056856734895445,54859,43190.0,370.125974805039,7336.6,1,39.470380093596624,-172.69571481587627,-58.707976467986775,0,0,1,0,0,0,-1.0187693655402885
2020-07-22,SILVER,2020-08-05,61846.0,62335.0,61627.0,61837.0,0.32931557516668875,9.0,708.0,1.1447789671118584,0.3093220338983051,349.0,451.0,61944.0,62474.55,61956.8,62001.03942770742,62175.55937905481,-1.0060896797175856,-0.17883428453374434,1017.9285714285714,4065.461501607788,0.3453927063996481,25300,0.7371418998157145,0,25300,12.553988979052894,65786,10927.0,19.918336097996693,4451.4,1,46.678566874920314,-174.51995134738536,-81.8703714438665,0,0,1,0,0,0,-0.9750024253791676
2020-07-23,SILVER,2020-08-05,62429.0,62994.0,62085.0,62373.0,0.9426640364776917,56.0,909.0,1.4560540774319628,0.37843784378437845,752.0,-102.0,61933.8,62351.65,61974.78,62066.87951575244,62194.33275838409,0.1240544556559426,0.7329110325200043,1043.5,3372.588517039374,0.5229349058176538,18435,0.5677041471503931,0,18435,2.9238003015274225,61083,-4703.0,-7.148937463898097,-1064.6,0,49.97009211628185,-127.45324263165094,-90.98694568142339,0,0,0,0,0,0,-1.5874032901375963
2020-07-24,SILVER,2020-08-05,61552.0,62378.0,61033.0,61576.0,-1.4047958480834177,24.0,1345.0,2.1851442682609825,0.3858736059479554,-1088.0,-427.0,61891.1,62221.3,61970.64,61987.667282559756,62146.75255405934,-1.0756766573504617,-0.6755457100330082,1061.357142857143,2979.2472662884393,0.2753459380248689,9114,0.2988319193409566,0,0,-6.428703153342676,50076,-11007.0,-18.019743627523212,5427.0,0,49.23385195662423,-159.08527149958536,-104.6066108450558,0,0,0,0,0,0,0.24694567195217054
2020-07-27,SILVER,2020-08-05,60628.0,61020.0,60117.0,60536.0,-1.5011697426566162,92.0,903.0,1.4894108332783533,0.5658914728682171,-866.0,-1136.0,61777.5,62065.0,61943.92,61778.487700627484,62034.25236486976,-2.315314589543221,-2.1243731426748553,1097.357142857143,2936.663341098305,0.010669139397311544,13095,0.47250231379999025,0,0,2.6815308336411734,30323,-19753.0,-39.44604201613547,3730.8,0,42.1988950276243,-255.76466424227692,-134.83822152450003,0,0,0,1,0,1,0.9978887642673353
2020-07-28,SILVER,2020-08-05,61015.0,61903.0,60079.0,60877.0,0.6383189285478652,138.0,1824.0,2.989428828976481,0.5131578947368421,-628.0,-1354.0,61642.1,61923.5,61924.54,61661.0280543771,61958.75218969422,-1.4671328332539342,-1.4687876567189693,1159.4285714285713,2558.724188670545,0.1449402385678638,8951,0.3703895276302477,0,8951,-4.044878377360211,16021,-14302.0,-47.16551792368829,-7767.6,0,47.83894449499545,-297.72413531711936,-167.4154042830239,0,0,0,1,0,1,0.6555764975825616
2020-07-29,SILVER,2020-08-05,61243.0,61557.0,60832.0,61319.0,0.37367860362205185,76.0,725.0,1.1838087618176771,0.5668965517241379,-603.0,-254.0,61616.7,61811.25,61912.78,61596.716046011396,61905.73350897613,-0.9193310279277639,-1.0818121880490568,1100.857142857143,2159.544542625299,0.236865811848829,26468,1.0907150348317547,0,26468,10.028434373197248,49807,33786.0,210.88571250234068,-3195.8,1,41.83155758498224,-309.0174629647372,-195.73581601936655,0,0,1,0,0,1,0.6515030289175906
2020-07-30,SILVER,2020-08-05,61438.0,61530.0,61317.0,61516.0,0.3184037359371672,78.0,213.0,0.3466909730134444,0.568075117370892,-991.0,-239.0,61592.8,61764.8,61924.82,61572.29819277887,61871.08658238531,-0.5291039556511199,-0.7861468147989767,1052.0,2117.6688673120807,0.3456793670415506,32073,1.3308492032041959,0,32073,13.870809017990009,60355,10548.0,21.177746099945782,-145.6,1,46.40627075860237,-298.7883896064377,-216.3463307367808,0,0,1,0,0,0,-0.4720205735863798
2020-07-31,SILVER,2020-08-05,61704.0,62124.0,61278.0,61604.0,0.43295680197923403,100.0,846.0,1.3710618436406068,0.5035460992907801,152.0,-936.0,61499.2,61728.3,61947.8,61592.56000927443,61858.70979850491,-0.03936606062373807,-0.3935571561863422,1065.4285714285713,2021.8995133559947,0.4879815985713013,39341,1.6288110892138514,1,39341,16.59015518974703,54732,-5623.0,-9.316543782619501,931.2,0,49.60411718131433,-266.1497892304833,-226.3070224355213,0,1,0,0,0,1,1.3029949436017114
2020-08-03,SILVER,2020-08-05,61233.0,61605.0,61034.0,61343.0,-0.7633216647218943,110.0,571.0,0.9325037153169043,0.34851138353765326,605.0,-261.0,61473.1,61705.85,61965.86,61537.24308477067,61812.36092454159,-0.7662968746075105,-1.1826834970094833,1063.4285714285713,2069.872215736439,0.2715559461086039,7768,0.3337034944787279,0,0,8.7820531366028,18711,-36021.0,-65.81341811006358,-2322.4,0,42.369693713057494,-275.11783977091545,-236.06918590260017,0,0,0,0,0,1,2.675028171084219
2020-08-04,SILVER,2020-08-05,61415.0,62087.0,61025.0,61338.0,0.2972253523426893,77.0,1062.0,1.7292192461125133,0.3672316384180791,400.0,-228.0,61450.3,61674.6,61998.48,61518.43645634441,61782.926781982955,-0.4209188223352864,-0.9411198468091526,1036.5714285714287,2060.372332218729,0.37400335563599507,38979,1.665765671440873,1,38979,49.59818159588047,73079,54368.0,290.56704612260165,11411.6,1,49.39295232454841,-264.49032563854416,-241.75341384978898,0,1,1,0,0,1,0.98672962631279
2020-08-05,SILVER,2020-08-05,61642.0,61970.0,61243.0,61673.0,0.3696165431897658,31.0,727.0,1.1793906751889947,0.5488308115543329,399.0,-204.0,61429.9,61686.95,62037.56,61537.446232291426,61772.487761095326,-0.07286792425301801,-0.6376137294890348,1060.2142857142858,2043.9245943459973,0.47800799495033236,30351,1.2507031109957287,0,30351,47.327439214287885,17904,-55175.0,-75.50048577566743,-6380.6,0,49.74268489927952,-235.0415288039003,-240.41103684061125,0,0,0,0,0,1,1.41461990201486
2020-08-06,SILVER,2020-08-05,61148.0,61386.0,60961.0,61248.0,-0.8014016417377756,100.0,425.0,0.6950349970563223,0.44,-290.0,-1281.0,61301.8,61617.8,62060.8,61477.53142732351,61726.2294084216,-0.7624420216236264,-1.4708157162008915,1025.4285714285713,1934.3640761116985,0.25712948467056074,20445,0.8452171540428417,0,0,46.77706456605169,74033,56129.0,313.4997765862377,2735.6,0,38.21857233101706,-248.6979810980847,-242.06842569210596,0,0,1,0,0,1,1.10714986589913
2020-08-07,SILVER,2020-08-05,62508.0,62692.0,62322.0,62504.0,2.2241119905802353,4.0,370.0,0.5919242336980867,0.5027027027027027,804.0,956.0,61397.4,61644.25,62084.24,61636.06505388912,61784.1383411311,1.4011850253673295,0.6825564748799406,1013.0,2070.615214960315,0.9171465532366208,6160,0.2687145976151579,0,6160,44.84616937621435,65096,-8937.0,-12.071643726446313,2072.8,0,57.745187901008244,-148.07328724198305,-223.2693980020814,0,0,0,0,0,0,-0.15518013694247138
2020-08-10,SILVER,2020-08-05,62871.0,63024.0,62494.0,62929.0,0.580725667114601,58.0,530.0,0.8429959758871339,0.7113207547169811,1638.0,2243.0,61621.7,61699.6,62112.12,61826.055045598485,61864.64661215843,1.8985536373007303,1.2217905297709968,970.2142857142857,2343.3034352122777,0.9998925800208565,27361,1.1660394887683305,0,27361,74.89537190179936,13093,-52003.0,-79.8866289787391,-1123.6,0,59.08284023668639,-38.59156655994593,-186.33383171365432,0,0,0,0,0,1,0.6441761702533759
2020-08-11,SILVER,2020-08-05,62021.0,62204.0,61882.0,61957.0,-1.3519746783095532,64.0,322.0,0.5191789877622096,0.43167701863354035,606.0,1006.0,61722.3,61682.2,62118.98,61856.04657704488,61876.22834459114,0.5492670494891604,-0.15772956993177156,990.2857142857143,2279.3892441440985,0.6486363072346694,12041,0.5247709220862706,0,0,72.46072797511376,34918,21825.0,166.6921255632781,-7632.2,0,51.18131497232348,-20.181767546258925,-153.10341888017527,0,0,1,0,0,1,1.0802792602505602
2020-08-12,SILVER,2020-08-05,62514.0,62847.0,62261.0,62490.0,0.7948920526918313,24.0,586.0,0.9373900246344818,0.431740614334471,872.0,1271.0,61849.4,61733.05,62136.44,61957.27018057644,61923.47068943624,1.2650436030618883,0.607630562677871,967.2857142857143,2388.6875409783097,0.826936858254869,23767,1.0612470892395074,0,23767,62.629241335941195,72636,37718.0,108.01878687210036,10946.4,1,50.58083914172475,33.79949114019837,-115.72283687610054,0,0,1,0,0,1,1.4412771539175224
2020-08-13,SILVER,2020-08-05,61825.0,62290.0,61309.0,61799.0,-1.102153117701632,26.0,981.0,1.5867367569753335,0.5259938837920489,677.0,387.0,61888.1,61740.45,62167.06,61936.92092202621,61916.176564292815,0.13694425615621997,-0.5502270816731525,953.6428571428571,2389.430929829323,0.5353849943702044,15846,0.7285785224284111,0,0,57.178817500854755,68806,-3830.0,-5.272867448648055,-1045.4,0,51.914714546219656,20.74435773339792,-88.42939795420085,0,0,0,0,0,1,3.094217549534978
2020-08-14,SILVER,2020-08-05,62411.0,63036.0,61533.0,62318.0,0.947836635665178,93.0,1503.0,2.4082293185496146,0.58416500332668,-97.0,707.0,61958.8,61729.0,62209.44,62009.85616479142,61952.83015212297,1.104829172674108,0.3240022736099178,958.5,2324.7345519103983,0.7933668273823145,24924,1.152706830726824,0,24924,60.64162756875729,19394,-49412.0,-71.81350463622358,-9140.4,0,63.12766897364158,57.02601266844431,-59.338315829671814,0,0,0,0,0,1,3.137267468875679
2020-08-17,SILVER,2020-08-05,63276.0,63564.0,62720.0,63254.0,1.3859736264440592,22.0,844.0,1.333839054301789,0.6587677725118484,405.0,2043.0,62163.1,61818.1,62267.94,62204.64752405428,62050.84273344719,2.3583707684319015,1.6189069366996847,910.5714285714286,2690.634329436216,1.0418424882378883,18882,0.8897014302980043,0,18882,66.242927705408,23280,3886.0,20.037124883984745,2037.4,1,65.55234557710827,153.80479060708603,-16.709694542320246,0,0,1,0,0,1,4.028383589354574
2020-08-18,SILVER,2020-08-05,62691.0,62800.0,62496.0,62496.0,-0.9245211454579905,195.0,304.0,0.4849180903159943,0.6414473684210527,670.0,1276.0,62290.7,61870.5,62279.26,62279.47098189208,62098.26179022888,1.3261570538463403,0.6611189664103233,914.5,2794.475904163628,0.7936149847552797,19738,0.9420602855581461,0,0,26.517330274520873,46303,23023.0,98.89604810996563,2277.0,0,59.49383687385261,181.20919166320527,22.87408269878486,0,0,1,0,0,1,4.726356255283853
2020-08-19,SILVER,2020-08-05,63415.0,63971.0,62893.0,63353.0,1.1548707150946802,62.0,1078.0,1.699913269731136,0.4842300556586271,901.0,1773.0,62468.0,61948.95,62307.52,62454.16775390868,62195.79795391563,2.3665453571045236,1.777441952432071,985.4285714285714,3116.6909510270925,0.970386709184904,26019,1.239714311579529,0,26019,31.913016496266174,37453,-8850.0,-19.11323240394791,-7036.6,0,62.12139791538933,258.36979999305186,69.97322615763827,0,0,0,0,0,1,2.652369313253962
2020-08-20,SILVER,2020-08-05,63738.0,64302.0,63173.0,63702.0,0.5093432153276067,36.0,1129.0,1.7713138159339799,0.5004428697962799,1913.0,2590.0,62727.0,62014.4,62337.54,62651.6804071535,62310.035142514476,2.7793544725096084,2.246575658904729,1005.6428571428571,3484.663638529237,0.9946244971659515,6095,0.2992013116749873,0,6095,27.51934880815558,70695,33242.0,88.75657490721704,377.8,1,62.38431563565514,341.6452646390244,124.30763385391549,0,0,1,0,0,1,1.1045216354451035
2020-08-21,SILVER,2020-08-05,64369.0,64605.0,64123.0,64336.0,0.9899902726787868,33.0,482.0,0.7488076558591868,0.5103734439834025,1958.0,1861.0,62913.1,62155.25,62380.36,62915.883421437575,62462.55105788377,3.561646039554181,3.1879264563397824,1019.7142857142857,4037.010227749095,1.048363733334982,47807,2.143278242410521,1,47807,102.9428105016364,78449,7754.0,10.968243864488292,11811.0,1,68.72909698996655,453.3323635538036,190.11257979389313,0,1,1,0,0,0,-0.8078422843294133
2020-08-24,SILVER,2020-08-05,65825.0,66006.0,65638.0,65793.0,2.2619583961223544,32.0,368.0,0.5590581086213445,0.5081521739130435,2549.0,2954.0,63208.5,62415.1,62468.8,63363.439818139486,62711.62134989238,5.463261294141965,5.3726020029198525,1060.7857142857142,4953.455427647175,1.1883881463771762,82830,3.2114235643971263,1,82830,75.85151732444315,35765,-42684.0,-54.40987138140703,2497.0,0,72.85921625544267,651.8184682471037,282.45375748453523,0,1,0,0,0,0,-3.0626661602734524
2020-08-25,SILVER,2020-08-05,65654.0,65818.0,65448.0,65646.0,-0.2597797189517692,8.0,370.0,0.5635604837481342,0.5567567567567567,2963.0,3633.0,63571.8,62647.05,62537.02,63715.83369227187,62929.57532397442,4.799826967111775,4.9842157493273636,1035.7857142857142,5551.028957248665,1.0416923642730147,15197,0.582157933850739,0,0,73.28544959879679,12340,-23425.0,-65.49699426813925,-6792.6,0,70.91762252346194,786.2583682974509,383.2146796471184,0,0,0,0,0,0,-2.3974167605934142
2020-08-26,SILVER,2020-08-05,65097.0,65405.0,64884.0,65159.0,-0.8483869985073222,62.0,521.0,0.8003441018787348,0.4088291746641075,1682.0,2583.0,63830.1,62839.75,62582.82,63928.32081653774,63090.12529997632,3.592073488516425,4.017364509940588,1042.142857142857,5795.08072692532,0.889511398782123,86642,2.97602813834227,1,0,110.55962404773888,48057,35717.0,289.4408427876823,2120.8,0,70.45478089713043,838.1955165614199,474.2108470299787,0,1,1,0,0,0,-1.218182097485291
2020-08-27,SILVER,2020-08-05,64442.0,64827.0,64109.0,64555.0,-1.00619076147902,113.0,718.0,1.114180193041805,0.4637883008356546,704.0,2617.0,64091.8,62989.95,62603.54,64007.348383224235,63190.26416664474,2.3052090055635905,2.9366709933655493,1002.4285714285714,5806.048892953841,0.7500926235330528,93437,2.9034383108307567,1,0,114.67665805359931,10597,-37460.0,-77.94910210791353,-12019.6,0,60.806884219937416,817.0842165794966,542.7855209398823,0,1,0,0,0,1,0.7789950653300642
2020-08-28,SILVER,2020-08-05,63849.0,64196.0,63698.0,63766.0,-0.9202073182086212,83.0,498.0,0.7799652304656298,0.3032128514056225,-520.0,1438.0,64235.6,63097.2,62625.44,63982.98709349743,63239.05941355994,1.1914950267206832,1.953774696034068,1017.7142857142857,5722.356172803557,0.6313794488314196,74385,2.192068651517518,1,0,106.90874653725253,67988,57391.0,541.5778050391621,-2092.2,0,55.32795816081936,743.9276799374929,583.0139527394044,0,1,1,0,0,1,1.7572710614105154
2020-08-31,SILVER,2020-08-05,63809.0,64028.0,63311.0,63655.0,-0.06264780967595307,154.0,717.0,1.123665940541303,0.694560669456067,-2016.0,533.0,64288.9,63226.0,62625.52,63956.219848343986,63281.27723477772,0.9220890140132224,1.8897727316276227,998.2857142857143,5474.1300871031635,0.6065009400075313,90382,2.374449616964933,1,0,111.48348400331551,25025,-42963.0,-63.192033888333235,-2148.0,0,60.68355640535373,674.9426135662652,601.3996849047766,0,1,0,0,0,1,3.58726825369462
2020-09-01,SILVER,2020-10-05,64080.0,64302.0,63946.0,63946.0,0.4247049789214641,134.0,356.0,0.5555555555555556,0.37640449438202245,-1574.0,1389.0,64427.8,63359.25,62651.36,63975.262948598756,63340.44188405344,1.137560813930089,2.280301656659966,974.5,5245.888836432969,0.6373933040659098,23344,0.6261357494705982,0,23344,103.61295735861461,17145,-7880.0,-31.488511488511485,961.0,0,59.61207954824453,634.8210645453146,608.0839608328841,0,0,0,0,0,1,2.857365792759051
2020-09-02,SILVER,2020-10-05,64304.0,64687.0,64016.0,64241.0,0.3495630461922694,63.0,671.0,1.043480965414282,0.42921013412816694,-793.0,889.0,64516.7,63492.35,62672.74,64025.83787958357,63411.81655930875,1.2783429814772984,2.602822215846957,936.3571428571429,5048.690965305679,0.6607644447991796,39241,1.0401262751095697,0,39241,107.24065762240612,65797,48652.0,283.76786235053953,3548.0,1,66.13722171592241,614.02132027482,609.2714327212714,0,0,1,0,0,1,5.828564319482458
2020-09-03,SILVER,2020-10-05,64944.0,65441.0,64465.0,64898.0,0.9952724558347947,46.0,976.0,1.5028332101502835,0.49077868852459017,502.0,1206.0,64637.3,63682.15,62673.88,64167.093590416865,63525.31162898958,1.9814814669416758,3.6221149863388113,910.2142857142857,4693.498351863804,0.7688506323857371,9979,0.26822492833402994,0,9979,107.44114218517718,51723,-14074.0,-21.39003298022706,8225.2,0,66.37362637362637,641.7819614272885,615.7735384624748,0,0,0,0,0,1,5.580192165558019
2020-09-04,SILVER,2020-10-05,64971.0,65135.0,64557.0,64871.0,0.041574279379164025,100.0,578.0,0.8896276800418648,0.7162629757785467,1122.0,602.0,64697.5,63805.3,62690.12,64290.7714995835,63632.399656471825,1.826964217706048,3.638340459389769,869.1428571428571,4691.6309093399905,0.748463705377878,6212,0.16696029855038577,0,6212,35.229791539962505,14830,-36893.0,-71.32803588345611,-10631.6,0,62.2879512831666,658.3718431116722,624.2931993923144,0,0,0,0,0,1,4.512782626094719
2020-09-07,SILVER,2020-10-05,66098.0,66795.0,65468.0,65926.0,1.7346200612581075,172.0,1327.0,2.0076250416048897,0.4747550866616428,2289.0,273.0,64724.8,63966.65,62737.0,64568.80665349373,63815.036718955394,3.33197064407781,5.357285174617849,943.7142857142857,5026.365731137972,0.9240340066773182,14001,0.38318538416380554,0,14001,40.44251182514115,33930,19100.0,128.79298718813214,1781.0,1,72.89958327732222,753.7699345383371,650.1885464215189,0,0,1,0,0,1,1.4841598838088899
2020-09-08,SILVER,2020-10-05,65911.0,66264.0,65766.0,65851.0,-0.2829132500226983,60.0,498.0,0.7555643215851678,0.29116465863453816,1831.0,257.0,64750.5,64161.15,62778.32,64775.297937571624,63970.29325829203,2.727273435716159,4.990066634468715,887.8571428571429,4962.152041625741,0.8526393357803479,18248,0.4952128698899285,0,0,51.64114486633154,33752,-178.0,-0.5246094901267262,3321.4,0,68.08171544479862,805.0046792795911,681.1517729931334,0,0,0,0,0,1,2.371379587625738
2020-09-09,SILVER,2020-10-05,68052.0,68406.0,67636.0,68077.0,3.24831970384305,25.0,770.0,1.1314876858872627,0.5402597402597402,3748.0,2955.0,65046.0,64438.05,62869.6,65279.40594717599,64272.641905825956,5.608409937917111,8.243093641441972,985.4285714285714,5813.370791364861,1.1216617053514164,38187,1.0164280885179053,0,38187,15.555253492376437,72040,38288.0,113.43920360274949,1248.6,1,74.7362385321101,1006.764041350034,746.2742266645135,0,0,1,0,0,0,-1.081525891964968
2020-09-10,SILVER,2020-10-05,68568.0,69304.0,67853.0,68649.0,0.7582436959971739,81.0,1451.0,2.1161474740403685,0.49276361130255,3624.0,4126.0,65458.6,64775.2,62993.62,65785.3434937643,64590.816579468476,5.85532734750337,8.849118371035031,1027.142857142857,6363.511059982928,1.0960231646097234,20608,0.5450712681741118,0,20608,10.167592755391672,77696,5656.0,7.851193781232646,5194.6,1,74.39860546194073,1194.5269142958277,835.9247641907764,0,0,1,0,0,0,-0.9800490024501224
2020-09-11,SILVER,2020-10-05,67903.0,68023.0,67746.0,67828.0,-0.9698401586745953,75.0,277.0,0.4079348482394003,0.5667870036101083,2932.0,4054.0,65864.0,65049.8,63103.0,66111.13680241595,64836.16349950785,4.386177974413444,7.606611413086541,968.9285714285714,6538.793527861097,0.9363496091202175,36368,0.947574394021902,0,0,19.854129227935665,74648,-3048.0,-3.9229818780889603,11963.6,0,63.2966470437676,1274.9733029080962,923.7344719342404,0,0,0,0,0,1,0.5684579473660957
2020-09-14,SILVER,2020-10-05,67079.0,67203.0,66998.0,67023.0,-1.213495721838509,56.0,205.0,0.30560980336618015,0.3951219512195122,981.0,3270.0,66191.0,65239.95,63210.94,66260.03883281349,65002.29953658135,2.8189016086002563,6.11928884462088,1006.6428571428571,6554.752904732799,0.7805674030324062,10283,0.2709607208403656,0,0,10.531046938793086,65030,-9618.0,-12.88447111777945,6220.0,0,58.415023030589346,1257.7392962321392,990.5354367938203,0,0,0,0,0,1,1.7442120484801502
2020-09-15,SILVER,2020-10-05,67474.0,67574.0,67349.0,67349.0,0.5888579138031202,125.0,225.0,0.33346177786999437,0.5555555555555556,1563.0,3394.0,66530.4,65479.1,63319.62,66446.80208930372,65185.38845979754,3.0466209828785087,6.560967990648075,987.0,6382.2557833580795,0.8125697351713421,30854,0.8012787634118883,0,30854,37.95309417072493,66815,1785.0,2.7448869752422,6612.6,1,64.31065623118603,1261.4136295061762,1044.7110753362915,0,0,1,0,0,0,0.18081038622284137
2020-09-16,SILVER,2020-10-05,67316.0,67660.0,66495.0,67312.0,-0.2341642706820357,4.0,1165.0,1.7306435319983362,0.7047210300429184,-736.0,3012.0,66831.6,65674.15,63438.04,66580.52484479545,65343.21153684958,2.49999428999082,6.112988358404515,999.6428571428571,6272.645009126776,0.7617476355845252,15715,0.41365332350637984,0,0,26.23655010235775,45690,-21125.0,-31.617151837162318,-5270.0,0,68.40420081967213,1237.3133079458712,1083.2315218582075,0,0,0,0,0,0,-1.3161804028759878
2020-09-17,SILVER,2020-10-05,67896.0,68099.0,67725.0,67781.0,0.861607938677289,115.0,374.0,0.5508424649463886,0.4572192513368984,-672.0,2952.0,67126.8,65882.05,63545.34,66782.90563790385,65532.306978564426,3.05690244914965,6.846544530251948,1002.4285714285714,6294.32204952641,0.8199629736377293,21165,0.5462746084902921,0,21165,37.16157079183041,67923,22233.0,48.66053841103086,-1954.6,1,75.95894804361771,1250.5986593394264,1116.7049493544514,0,0,1,0,0,0,-2.642276422764228
2020-09-18,SILVER,2020-10-05,68289.0,68838.0,67379.0,68367.0,0.5788264404383181,78.0,1459.0,2.13650807597124,0.6237148732008225,386.0,3318.0,67458.6,66078.05,63671.54,67014.61246284173,65736.50646163372,3.3459673825120397,7.251999873098717,1055.4285714285713,6474.742828462993,0.8414730219524162,39108,1.0208487234170291,0,39108,49.41417354677241,46572,-21351.0,-31.434123934455194,-5615.2,0,77.4914089347079,1278.1060012080125,1148.9851597251636,0,0,0,0,0,0,-2.2053332161841586
2020-09-21,SILVER,2020-10-05,68249.0,68616.0,68005.0,68005.0,-0.0585745874152499,244.0,611.0,0.8952512124719776,0.3993453355155483,1170.0,2151.0,67673.7,66199.25,63801.24,67204.51823778916,65922.6170941053,3.096334172970238,6.971275166438774,1063.857142857143,6752.024304645398,0.8035756252520848,31797,0.8892362892975348,0,0,35.00610016851848,64030,17458.0,37.48604311603538,-200.0,0,76.32941770872806,1281.9011436838628,1175.5683565169033,0,0,1,0,0,0,-1.8784158009641168
2020-09-22,SILVER,2020-10-05,67596.0,68087.0,67402.0,67547.0,-0.956790575686095,49.0,685.0,1.0133735724007338,0.2832116788321168,122.0,1685.0,67842.2,66296.35,63905.78,67264.74620120622,66046.57138343084,1.9603643337830725,5.774469852335738,1076.4285714285713,6842.773863526694,0.689930286448216,15584,0.43558710903653186,0,0,26.873836706065408,77904,13874.0,21.667968139934413,2217.8,0,69.72202252576085,1218.1748177753761,1184.089648768598,0,0,1,0,0,0,-2.3329782827386234
2020-09-23,SILVER,2020-10-05,66430.0,67158.0,65919.0,66470.0,-1.7249541392981849,40.0,1239.0,1.8651211801896734,0.4124293785310734,-886.0,-1622.0,67680.0,66363.0,64004.44,67136.32370871295,66074.9735031767,0.10095987221795277,3.789674591325223,1115.0,6749.256364495261,0.5099270195680307,19780,0.6098557373612177,0,0,18.639664943437435,39203,-38701.0,-49.67780858492503,-1297.4,0,58.374661857529304,1061.3502055362478,1159.541760122128,0,0,0,0,0,0,-0.3913894324853229
2020-09-24,SILVER,2020-10-05,66102.0,66643.0,65588.0,66127.0,-0.4937528225199439,25.0,1055.0,1.5960182747874498,0.4872037914691943,-1794.0,-2466.0,67433.4,66446.0,64092.94,66977.19698429557,66076.97546590435,-0.5177136321223249,3.1346042169387105,1149.0714285714287,6510.470789023799,0.44716203925222175,26573,0.9134534404466031,0,0,26.67734105346837,15608,-23595.0,-60.18672040405071,-10463.0,0,56.16483157091464,900.2215183912194,1107.6777117759464,0,0,0,0,0,1,0.5794075822214153
2020-09-25,SILVER,2020-10-05,66783.0,67248.0,65936.0,67143.0,1.030226014341462,360.0,1312.0,1.9645718221703128,0.645579268292683,-1506.0,-1120.0,67321.4,66592.7,64175.8,66947.32052517317,66129.27357954107,0.2857670585514672,4.062590571523841,1112.5,6036.54765050664,0.5315246414039381,38359,1.4056373536977727,0,38359,23.46515461895877,55667,40059.0,256.6568426447975,1819.0,1,53.92460181047325,818.0469456321007,1049.7515585471772,0,0,1,0,0,0,-1.440486351316952
2020-09-28,SILVER,2020-10-05,66967.0,67680.0,66138.0,67014.0,0.2755192189629163,47.0,1542.0,2.3026266668657698,0.5376134889753567,-1282.0,-112.0,67310.2,66750.6,64285.26,66950.34813668499,66191.32738846395,0.32419184247032107,4.171625035039133,1187.0714285714287,5441.737864824856,0.5397667078744814,5526,0.23977506443466717,0,5526,22.078269558552705,65547,9880.0,17.74839671618733,303.4,1,56.05226960110041,759.020748221039,991.6053964819496,0,0,1,0,0,0,-1.509698806875028
2020-09-29,SILVER,2020-10-05,66019.0,66524.0,65630.0,65886.0,-1.4156226200964683,133.0,894.0,1.3541556218664323,0.43512304250559286,-1577.0,-1455.0,67164.7,66847.55,64372.78,66807.06380796422,66178.56239672587,-1.2394620296480616,2.557323141862137,1104.357142857143,4888.65539149948,0.33051576892887347,12855,0.5707714405596268,0,0,15.336165036188174,32485,-33062.0,-50.44014218804826,-9083.8,0,36.50245651307928,628.5014112383506,918.9845994332298,0,0,0,0,0,0,-0.0015147154607007074
2020-09-30,SILVER,2020-10-05,66170.0,66484.0,65574.0,66157.0,0.2287220345658092,13.0,910.0,1.37524557956778,0.654945054945055,-260.0,-1146.0,67050.1,66940.85,64459.26,66709.05399135433,66177.92814511654,-1.1515390079450825,2.6539864094002907,1065.7142857142858,4323.28671754487,0.32169815458416867,39060,1.7349898503537942,1,39060,40.62788637307658,19862,-12623.0,-38.85793443127598,-3868.2,0,33.26821099637175,531.1258462377882,841.4128487941416,0,1,0,0,0,0,-1.5248602085537253
2020-10-01,SILVER,2020-10-05,66485.0,67025.0,66234.0,66249.0,0.4760465467734676,236.0,791.0,1.1897420470782885,0.3173198482932996,383.0,-1411.0,66909.0,67017.9,64540.38,66674.58414653059,66200.67420844124,-0.7951606958737802,3.013028432742421,1068.0714285714287,3925.3014419940882,0.3642397258210885,34482,1.4525923351552874,0,34482,35.98781918160483,67560,47698.0,240.14701439935556,10390.4,1,39.59800469483568,473.9099380893458,767.9122666531825,0,0,1,0,0,0,-1.555238023614349
2020-10-02,SILVER,2020-10-05,65821.0,65946.0,65562.0,65810.0,-0.9987215161314622,11.0,384.0,0.5834004345117819,0.6744791666666666,-962.0,-2468.0,66662.2,67060.4,64625.76,66543.2635086028,66172.55019300115,-1.848184621624676,1.8494792169562075,1069.357142857143,3613.2661766264064,0.15698624473960476,21571,0.8802262284646334,0,0,23.7658714001002,38415,-29145.0,-43.13943161634103,-3450.4,0,40.54987980769231,370.7133156016498,688.4724764428761,0,0,0,1,0,0,0.11546466933045685
2020-10-05,SILVER,2020-10-05,65956.0,66121.0,65846.0,65846.0,0.2051017152580492,110.0,275.0,0.4169446297531688,0.4,-1011.0,-2293.0,66432.9,67053.3,64732.32,66452.91527651006,66156.50943796404,-1.636459353976617,1.8903694475958843,1055.4285714285713,3647.1892219964575,0.19913817649435017,36740,1.4327412973835116,0,36740,32.66743634424969,74523,36108.0,93.99453338539634,1795.2,1,38.13320825515947,296.405838546023,610.0591488635055,0,0,1,1,0,1,1.206865182849172
2020-10-06,SILVER,2020-10-05,66018.0,66349.0,65515.0,66139.0,0.09400206198071359,121.0,834.0,1.2632918295010451,0.6031175059952039,-1.0,-1578.0,66275.1,67058.65,64832.38,66386.00523397005,66146.24947959633,-1.5518505069815665,1.8287466849126977,1031.7857142857142,3620.1234698331173,0.2125374289932815,24142,0.9307633439163231,0,24142,34.33738478503291,29323,-45200.0,-60.65241603263423,-632.4,0,39.6984126984127,239.75575437372026,535.9984699655485,0,0,0,0,0,1,2.387227725771759
2020-10-07,SILVER,2020-10-05,65161.0,65354.0,64762.0,65090.0,-1.2981308128086289,71.0,592.0,0.9085188993416307,0.6739864864864865,-1009.0,-1269.0,66148.2,66914.1,64910.74,66197.54289028235,66073.26803666327,-2.6199261441161217,0.38554482663423967,1065.5714285714287,3867.159849974909,0.04666989004569325,30104,1.1789909022194198,0,0,34.11443478369755,63214,33891.0,115.57821505303005,8670.4,0,29.207845522274596,124.27485361907748,453.65374669625425,1,0,1,1,0,1,2.1086232562422307
2020-10-08,SILVER,2020-10-05,65451.0,65851.0,65143.0,65436.0,0.4450514878531653,15.0,708.0,1.0817252601182563,0.4350282485875706,-1034.0,-651.0,66083.1,66758.25,64991.0,66082.69013793122,66027.17410802154,-1.9581849434339578,0.7077903094274591,1011.9285714285714,3747.6691141920237,0.15118318609036752,13625,0.5410062915557355,0,13625,25.206134350578203,27997,-35217.0,-55.710760274622714,-7912.6,0,28.08155699721965,55.516029909675126,374.02620333893844,1,0,0,1,0,1,0.5775312829444929
2020-10-09,SILVER,2020-10-05,65897.0,66214.0,65274.0,65813.0,0.6814257994530282,84.0,940.0,1.4264685797532513,0.6627659574468086,76.0,-886.0,65994.5,66657.95,65074.86,66054.12242440334,66017.53158150143,-1.1415742608345998,1.2633757490988062,1035.4285714285713,3660.148164961225,0.29209858024748614,20926,0.8571855753928835,0,20926,26.129337367229233,67003,39006.0,139.32207022180947,5717.6,1,32.90697674418605,36.59084290190367,306.5391312515315,0,0,1,0,0,1,0.5235443191647571
2020-10-12,SILVER,2020-10-05,66752.0,67060.0,66157.0,66984.0,1.297479399669177,232.0,903.0,1.3527684563758389,0.6589147286821705,796.0,-215.0,65973.0,66641.6,65185.24,66161.48820526437,66071.93664953837,0.16566228902066302,2.4035502515600187,1058.0,3640.101652715304,0.5303288233496573,36218,1.408756398487701,0,36218,41.996392274041455,13679,-53324.0,-79.58449621658733,-12168.8,0,44.041231290595874,89.55155572599324,263.14161614642387,0,0,0,0,0,0,-0.14231783317353788
2020-10-13,SILVER,2020-10-05,67594.0,67844.0,67042.0,67551.0,1.2613854266538826,43.0,802.0,1.1864958428262862,0.6882793017456359,1576.0,1575.0,66130.5,66647.6,65308.82,66381.87463522369,66184.6820829059,1.420006121750812,3.4990373428887556,1016.2142857142857,3664.70905573052,0.7582469673875215,31380,1.2193273882380369,0,31380,27.397834523649617,50308,36629.0,267.77542217998393,4197.0,1,58.6120153891684,197.19255231779243,249.95180338069758,0,0,1,0,0,0,-0.7663402077107435
2020-10-14,SILVER,2020-10-05,66535.0,67311.0,65794.0,66779.0,-1.5667071041808422,244.0,1517.0,2.280003005936725,0.4884640738299275,1374.0,365.0,66167.0,66608.55,65406.68,66405.43238365081,66210.63155824621,-0.11042125973317676,1.7250837376243524,1069.4285714285713,3610.937414373424,0.47963132794624697,25566,0.9747579404492519,0,0,5.159997879747527,49842,-466.0,-0.9262940287827037,-2674.4,0,52.89090666310589,194.8008254045999,238.92160778547805,0,0,0,0,0,1,5.470804839558127
2020-10-15,SILVER,2020-10-05,65829.0,65964.0,65615.0,65936.0,-1.0610956639362734,107.0,349.0,0.5301614789834268,0.6131805157593123,378.0,-656.0,66101.4,66505.2,65500.3,66316.75047847377,66182.36255393169,-1.0167625990148095,0.5018297626117698,1041.4285714285713,3460.4779955795893,0.3045934692074974,38205,1.4108171882991354,0,0,11.275716084116738,75408,25566.0,51.294089322258344,9482.2,0,43.65184988022358,134.38792454208306,218.01487113679906,0,0,1,0,0,1,7.340229989822116
2020-10-16,SILVER,2020-10-05,66242.0,66575.0,65925.0,66306.0,0.6273830682525849,64.0,650.0,0.9812505661060958,0.4876923076923077,345.0,421.0,66143.5,66402.85,65574.98,66305.25040486243,66186.78014252934,-0.24223357882983304,1.017186737990624,984.5714285714286,3029.4032137658724,0.4469037336234764,34717,1.2924926937324324,0,34717,14.107018951499885,79532,4124.0,5.46891576490558,2505.8,1,45.31835205992509,118.47026233308134,198.10594937605555,0,0,1,0,0,1,8.12022583859183
2020-10-19,SILVER,2020-10-05,66657.0,66765.0,66527.0,66707.0,0.6264907460523439,50.0,238.0,0.35705177250701353,0.5462184873949579,-95.0,701.0,66213.6,66323.25,65650.7,66359.36572719128,66221.61124308273,0.5032171975890808,1.5328092465122276,926.4285714285714,2500.9680231118036,0.6334483275738694,30135,1.1253893208451904,0,30135,5.755077985310335,63938,-15594.0,-19.607202132474978,10051.8,0,54.424410540915396,137.75448410854733,186.03565632255393,0,0,0,0,0,1,8.67425776737627
2020-10-20,SILVER,2020-10-05,67076.0,67129.0,66986.0,67129.0,0.6285911457161397,53.0,143.0,0.21319100721569562,0.6293706293706294,-518.0,1058.0,66319.4,66297.25,65751.8,66469.61715377723,66284.89929915068,1.1746339403218082,2.0139372610331536,895.1428571428571,2314.41137224916,0.8364786439167924,33164,1.1991437786552117,0,33164,10.18918176742889,15695,-48243.0,-75.45278238293346,-6922.6,0,56.05776945707409,184.71785462654952,185.77209598335304,0,0,0,0,0,1,8.846681376349217
2020-10-21,SILVER,2020-10-05,70175.0,70504.0,69904.0,69904.0,4.620132387142939,271.0,600.0,0.8550053437833987,0.45166666666666666,3640.0,5014.0,66820.8,66484.5,65905.02,67039.67605319612,66573.05490662101,5.550917883115614,6.478990523028437,1078.9285714285713,4172.987318203901,1.3843784364982041,34882,1.2277422874540238,0,34882,8.237658235824716,68499,52804.0,336.43835616438355,3731.4,1,67.97895147144806,466.6211465751112,241.9419061017047,0,0,1,0,0,1,3.683648022800143
2020-10-22,SILVER,2020-10-05,70661.0,71124.0,70282.0,70622.0,0.6925543284645563,39.0,842.0,1.1916049871923693,0.4501187648456057,4832.0,5210.0,67341.8,66712.45,66081.74,67596.80281424287,66875.8656542787,5.918760291369907,6.929690410694383,1080.7857142857142,5577.136556371603,1.2079887609151287,21435,0.7613320736220724,0,21435,9.856684774910219,33382,-35117.0,-51.26644184586636,-8405.2,0,73.99841332804442,720.93715996416,337.7409568741957,0,0,0,0,0,1,3.911634423515093
2020-10-23,SILVER,2020-10-05,71621.0,72546.0,70979.0,71742.0,1.3585995103380988,121.0,1567.0,2.187905781823767,0.4097000638162093,5379.0,5724.0,67914.2,66954.35,66265.94,68215.91007359012,67227.3570872951,6.969898147021059,8.081165075150217,1194.0,7099.598835219316,1.157311787371693,62922,2.141460550833397,1,62922,23.8529462267499,24235,-9147.0,-27.40099454795998,-11059.4,0,75.96479970666422,988.5529862950207,467.90336275836074,0,1,0,0,0,1,1.625221652867176
2020-10-26,SILVER,2020-10-05,72439.0,72714.0,71879.0,72432.0,1.142123120313876,7.0,835.0,1.1526939908060574,0.6706586826347305,5782.0,5687.0,68482.9,67227.95,66449.2,68865.61621611472,67613.40471045842,7.751314743347079,9.014104007271726,1212.5,8629.896478002913,1.1038369073467629,66510,2.0507555049881367,1,66510,17.115520486962073,72223,47988.0,198.01114091190425,1657.0,1,77.52250321474497,1252.2115056563052,624.7649913379496,0,1,1,0,0,0,0.22501691078010466
2020-10-27,SILVER,2020-10-05,73010.0,73203.0,72805.0,72805.0,0.7882494236530091,205.0,398.0,0.5451308039994521,0.5150753768844221,5934.0,5416.0,69024.5,67577.5,66655.58,69503.21372132785,68013.15250968371,8.038918279012986,9.533215373716645,1177.357142857143,9966.93628691195,1.045052144773281,72835,2.055688599938754,1,72835,19.40230517978916,12366,-59857.0,-82.87803054428645,-665.8,0,84.48897091132788,1490.0612116441334,797.8242353991864,0,1,0,0,0,0,-1.0943706341597041
2020-10-28,SILVER,2020-10-05,72760.0,73814.0,72271.0,72752.0,-0.3424188467333278,8.0,1543.0,2.1206706981858163,0.3169151004536617,2585.0,6225.0,69647.0,67907.0,66842.48,70004.25776420049,68364.77084229974,7.146538648445669,8.8529330449738,1237.0,10883.957484587532,0.9458856079576016,70505,1.9053757512863754,1,0,20.935176499901498,37467,25101.0,202.9839883551674,-6206.4,0,82.22947349854485,1639.4869219007523,966.1567726994996,0,1,1,0,0,0,-0.6349642660802639
2020-10-29,SILVER,2020-10-05,73425.0,73966.0,72816.0,73675.0,0.9139637163276593,250.0,1150.0,1.5662240381341503,0.5295652173913044,2764.0,7596.0,70406.6,68254.0,67036.22,70530.52580047733,68739.60263175901,7.576112755296392,9.530340463707528,1256.0,11847.804682280432,0.9364521646557648,14210,0.3948362860381888,0,14210,8.006961202746218,69316,31849.0,85.00547148157045,7186.8,1,82.56618792178577,1790.92316871832,1131.1100519032639,0,0,1,0,0,1,1.1821586653047327
2020-10-30,SILVER,2020-10-05,72785.0,73447.0,72059.0,72966.0,-0.8716377255703067,181.0,1388.0,1.9069863296008793,0.5230547550432276,1164.0,6543.0,71060.9,68602.2,67204.54,70877.36798501929,69039.26169607315,6.097180556891766,8.303694958703693,1272.0714285714287,12273.22450488706,0.8408069328752567,32517,0.8899769821741855,0,0,21.80311156790562,16764,-52552.0,-75.8151076230596,-1494.2,0,76.59349378471303,1838.1062889461318,1272.5092993118376,0,0,0,0,0,0,-0.10029539053376382
2020-11-02,SILVER,2020-12-05,72602.0,72805.0,72309.0,72593.0,-0.25142543106408954,9.0,496.0,0.6831767719897524,0.5907258064516129,163.0,5945.0,71655.4,68934.5,67340.08,71142.69598732401,69303.16823710476,5.32026779043875,7.8139497309774475,1229.5,12503.914570203146,0.7933081459737148,14255,0.4025397703927834,0,0,17.5067868177681,71836,55072.0,328.5134812693868,-77.4,0,73.43691501310371,1839.5277502192475,1385.9129894933196,0,0,1,0,0,1,0.9806892372110961
2020-11-03,SILVER,2020-12-05,72211.0,72498.0,72031.0,72348.0,-0.5385526569515964,137.0,467.0,0.6467158743127779,0.3854389721627409,-799.0,5135.0,72168.9,69244.15,67471.22,71307.05045081262,69518.56318250441,4.284621877804849,7.024891501887766,1141.7142857142858,12514.410204997199,0.7370746964020163,37262,1.0330855188647203,0,0,32.641243437246786,41923,-29913.0,-41.640681552424965,5911.4,0,78.33466453674122,1788.4872683082067,1466.4278452562971,0,0,0,0,0,0,-0.33789865809918157
2020-11-04,SILVER,2020-12-05,72298.0,72687.0,71921.0,72245.0,0.12048025924027428,53.0,766.0,1.0595037207114997,0.49216710182767626,-462.0,2123.0,72381.2,69601.0,67615.24,71459.50422761067,69724.44739120778,3.8749443255125646,6.925598430176384,1130.7142857142858,12177.009294913558,0.7214829548603992,23093,0.6465349500673329,0,23093,28.320678424660912,26292,-15631.0,-37.285022541325766,-2235.0,0,84.4205597531127,1735.0568364028877,1520.1536434856152,0,0,0,0,0,0,-0.9792802013886968
2020-11-05,SILVER,2020-12-05,74293.0,75173.0,73630.0,74040.0,2.75941243187916,253.0,1543.0,2.0769116875075713,0.42968243681140633,868.0,3632.0,72744.4,70043.1,67812.26,71895.4266541321,70062.85869556275,6.067549837171676,9.556885436350308,1282.7857142857142,12207.514089798176,0.8481380376658043,10782,0.30306991099324126,0,10782,26.844622571219638,11614,-14678.0,-55.826867488209345,-11540.4,0,86.66545222697877,1832.5679585693433,1582.6365065023608,0,0,0,0,0,0,-2.3824586434791972
2020-11-06,SILVER,2020-12-05,72712.0,73586.0,72136.0,72577.0,-2.1280605171415834,135.0,1450.0,1.994168775442843,0.3972413793103448,-73.0,1091.0,72853.5,70383.85,67989.52,72021.05332272715,70259.09138478033,3.3077900683182206,6.9458940142539545,1399.5,11772.437338299984,0.6977627854875624,6234,0.17892532866837824,0,0,3.271687662599292,30939,19325.0,166.39400723265024,2835.0,0,74.92795389048992,1761.9619379468204,1618.5015927912527,0,0,1,0,0,0,-0.16090879084607768
2020-11-09,SILVER,2020-12-05,73314.0,73890.0,72703.0,73543.0,0.8279238640114484,229.0,1187.0,1.6190632075729054,0.514743049705139,712.0,875.0,72941.0,70711.95,68179.62,72219.96819615374,70485.38091183364,3.6797882111863736,7.530666788697276,1450.5714285714287,11528.21384622089,0.7257114618716921,39188,1.1199819376190525,0,39188,55.5631838728728,28800,-2139.0,-6.9136041888878115,-8607.2,0,75.30012978585334,1734.5872843201068,1641.7187310970237,0,0,0,0,0,0,-2.1919415118531247
2020-11-10,SILVER,2020-12-05,71967.0,72383.0,71770.0,71927.0,-1.8373025615844196,40.0,613.0,0.8517792877290981,0.32137030995106036,-244.0,-1043.0,72836.7,70930.6,68337.36,72181.05001213009,70595.13047392003,1.461146529142562,5.31135531135531,1316.0,11190.815512355068,0.5926116598791009,36996,1.0489174426896017,0,0,54.05284415399653,66440,37640.0,130.69444444444446,4903.4,0,58.47201210287443,1585.9195382100588,1630.5588925196307,0,0,1,0,0,0,-1.163033056817708
2020-11-11,SILVER,2020-12-05,71590.0,71714.0,71344.0,71555.0,-0.5238512095821712,35.0,370.0,0.5168319597709178,0.6648648648648648,-708.0,-1170.0,72719.7,71183.35,68483.08,72090.11924103314,70668.82451288891,0.5712712312640444,4.536770250403455,1292.7142857142858,10404.519283262285,0.5390839777339997,34204,0.9580268076089802,0,0,53.61806911921461,33246,-33194.0,-49.960866947621916,1390.8,0,54.437756759338875,1421.294728144232,1588.7060596445513,0,0,0,0,0,0,0.17320854867998323
2020-11-12,SILVER,2020-12-05,72523.0,72853.0,72280.0,72479.0,1.3032546445034265,44.0,573.0,0.7900941770197042,0.42408376963350786,-1770.0,-902.0,72629.5,71518.05,68634.66,72156.7162808742,70806.17084526751,1.4051697438618602,5.665271744625815,1248.2857142857142,9150.749958336033,0.6098215998224845,22152,0.6347296124057662,0,22152,58.079044727372704,62805,29559.0,88.90994405341996,10238.2,1,54.31992337164751,1350.5454356066912,1541.0739348369793,0,0,1,0,0,0,-1.9290432000882478
2020-11-13,SILVER,2020-12-05,72595.0,72872.0,72514.0,72872.0,0.09927884946845378,277.0,358.0,0.4931469109442799,0.22625698324022347,-117.0,-190.0,72610.5,71835.7,68787.14,72224.14454535508,70938.67670858103,1.0569953379726278,5.535714960674336,1195.7857142857142,7718.295650424057,0.5983766409567747,30019,0.865974325688735,0,30019,48.747236205406,59648,-3157.0,-5.026669851126497,5741.8,0,50.80462141530843,1285.4678367740562,1489.9527152243948,0,0,0,0,0,0,-1.7549418003994768
2020-11-16,SILVER,2020-12-05,71707.0,72264.0,71495.0,71940.0,-1.2232247399958651,233.0,769.0,1.0724197079783007,0.2756827048114434,-1607.0,-895.0,72521.0,72088.2,68899.32,72144.58384606968,70995.58954498245,-0.5287966685254967,4.07504747506941,1219.7857142857142,5993.987106389628,0.4364029329336335,24488,0.7122196805656341,0,0,52.520875705486105,66851,7203.0,12.07584495708154,7610.2,0,43.49215862551194,1148.9943010872375,1421.7610323969634,0,0,1,0,0,0,-0.4602061165576582
2020-11-17,SILVER,2020-12-05,71130.0,71631.0,70890.0,71445.0,-0.8046634219811222,315.0,741.0,1.0417545339519192,0.32388663967611336,-837.0,-1081.0,72412.9,72290.9,69003.7,71988.49402359742,71005.54587498374,-1.6058729383642951,3.0814289668525063,1167.9285714285713,3854.032671315188,0.19878304129584942,24689,0.7270259048437965,0,0,36.4633565844592,41688,-25163.0,-37.64042422701232,-4950.4,0,42.11646353259818,982.9481486136792,1333.9984556403067,0,0,0,1,0,0,-0.38661605511036135
2020-11-18,SILVER,2020-12-05,71714.0,71909.0,71341.0,71691.0,0.821031913397996,23.0,568.0,0.7920350280280002,0.6566901408450704,124.0,-584.0,72354.5,72367.85,69076.94,71946.2641738132,71058.02395831828,-0.9035089476887952,3.817569220640054,1137.4285714285713,3356.1841176497983,0.30518053328436856,33506,0.9886663066795318,0,33506,43.837116048602354,39764,-1924.0,-4.615236998656691,1303.6,0,41.659354587111245,888.2402154949086,1244.8468076112272,0,0,0,0,0,1,1.3274953286666482
2020-11-19,SILVER,2020-12-05,71124.0,71246.0,71061.0,71166.0,-0.822712441085427,42.0,185.0,0.260109105224678,0.34054054054054056,-1399.0,-3169.0,72037.6,72391.0,69128.06,71819.76199322655,71062.91107251693,-1.75021756848227,2.8873079904166303,1084.9285714285713,3178.755002891354,0.10141627811908957,22715,0.6689913736485432,0,0,45.94755154566569,42470,2706.0,6.805150387284975,-4067.0,0,41.86342705986088,756.8509207096213,1147.247630230906,0,0,1,1,0,1,2.951183847927563
2020-11-20,SILVER,2020-12-05,71321.0,71907.0,71066.0,71105.0,0.27698104718518746,216.0,841.0,1.1791758388132527,0.3032104637336504,-1274.0,-1391.0,71898.5,72376.0,69196.42,71743.029378884,71082.028770849,-1.4576655244832541,3.0703611545221587,1109.5714285714287,3250.4670433624997,0.17543125774669055,18765,0.5910934362326259,0,18765,48.42675386527999,48501,6031.0,14.20061219684483,-2229.4,1,43.73348987378925,661.0006080349995,1049.9982257917247,0,0,1,1,0,0,0.2972476549683824
2020-11-23,SILVER,2020-12-05,71377.0,71588.0,71112.0,71588.0,0.07851824848221778,211.0,476.0,0.6668814884346498,0.5567226890756303,-330.0,-1937.0,71704.8,72322.9,69282.38,71686.71716674801,71103.87849152686,-1.3078845013128542,3.0233083794176747,1102.7857142857142,3369.7369942641235,0.21929560033614495,26942,0.9050704031362695,0,26942,-0.07739155114272336,67207,18706.0,38.56827694274345,71.2,1,45.78191381751972,582.8386752211518,956.5663156776102,0,0,1,0,0,0,0.4623338050072152
2020-11-24,SILVER,2020-12-05,70855.0,70990.0,70690.0,70690.0,-0.7313280188295912,165.0,300.0,0.42339990120668974,0.55,-275.0,-1112.0,71593.6,72215.15,69350.0,71558.76067955601,71085.44304771005,-1.8834690504693188,2.1701514059120406,1097.142857142857,3546.3412190722884,0.11646386628419103,25478,0.9298540145985401,0,0,-0.061426149957728174,72157,4950.0,7.36530420938295,6093.8,0,43.009398314116844,473.3176318459591,859.91657891128,0,0,1,1,0,0,0.4502152282831134
2020-11-25,SILVER,2020-12-05,72666.0,72792.0,72575.0,72698.0,2.5559240702843766,32.0,217.0,0.29862659290452204,0.41935483870967744,952.0,1076.0,71701.2,72210.45,69457.0,71729.10519039354,71202.52134047227,0.6308643693537471,4.620124681457592,1030.142857142857,3535.1586222115147,0.6288626759596494,27551,1.0910293319816413,0,27551,1.5068931743549054,13216,-58941.0,-81.68438266557645,-5309.6,0,41.97494327710368,526.5838499212696,793.2500331132779,0,0,0,0,0,0,-1.0500096331159001
2020-11-26,SILVER,2020-12-05,73223.0,73520.0,72723.0,73063.0,0.7665207937687546,160.0,797.0,1.0884558130642012,0.6273525721455459,2099.0,700.0,71771.2,72200.35,69563.54,71958.93516110223,71352.18642636322,1.4164058761487917,5.260600596231886,937.0714285714286,3480.917549937032,0.7937874814123344,33072,1.262511738702215,0,33072,7.034377672639268,32072,18856.0,142.67554479418885,-2079.6,1,52.8036870404916,606.7487347390124,755.9497734384249,0,0,1,0,0,0,-2.6808516449749393
2020-11-27,SILVER,2020-12-05,71533.0,72600.0,70627.0,71449.0,-2.30801797249498,84.0,1973.0,2.7581675590287,0.45919918905220475,212.0,-1062.0,71665.0,72137.75,69628.42,71893.40667477882,71365.58002441039,-0.8383266736209544,2.7353485832365605,1037.7142857142858,3483.960208846838,0.326418798221531,7892,0.3161333352026806,0,0,-4.130686004050771,47132,15060.0,46.95684709403842,-273.8,0,41.27046368003137,527.8266503684281,710.3251488244257,0,0,1,0,0,0,-0.48928466581857327
2020-11-30,SILVER,2020-12-05,71707.0,72495.0,70719.0,71587.0,0.24324437672123,120.0,1776.0,2.4767456454739425,0.5563063063063063,330.0,0.0,71665.0,72093.0,69697.58,71864.72872481284,71390.87039297259,-0.5354195275546864,2.883055624025968,1054.2857142857142,3475.4860016053135,0.38893639628480503,38966,1.4872689381939488,0,38966,37.08586341665992,27861,-19271.0,-40.887295255877106,-7869.2,0,48.56003544528134,473.8583318402525,663.0317854275911,0,0,0,0,0,0,-0.11993250310290487
2020-12-01,SILVER,2021-02-05,71174.0,71527.0,70780.0,71088.0,-0.7433026064400994,86.0,747.0,1.0495405625649816,0.5274431057563588,319.0,44.0,71669.4,72041.15,69769.14,71758.46276714932,71374.80591941906,-1.2036870594097877,2.0135836560404794,1076.0,3568.3620951483317,0.2569893478077796,29395,1.1390607350516444,0,0,34.5475384924424,74186,46325.0,166.27184953878182,405.8,0,47.73519163763067,383.6568477302644,607.1567978881258,0,0,1,0,0,1,1.6733638688285049
2020-12-02,SILVER,2021-02-05,71903.0,72298.0,71590.0,71825.0,1.0242504285272735,78.0,708.0,0.9846598890171482,0.442090395480226,-763.0,189.0,71688.3,72021.4,69878.6,71780.69926451097,71413.9314068695,-0.16439558242410476,2.8970242678015787,1066.0714285714287,3561.903311431408,0.4667593447525634,23756,0.9193676348226553,0,23756,29.057958978881384,14960,-59226.0,-79.83447011565524,348.8,0,46.5478841870824,366.76785764147644,559.079009838796,0,0,0,0,0,0,-0.7301503414322074
2020-12-03,SILVER,2021-02-05,71260.0,71657.0,71023.0,71182.0,-0.8942603229350699,78.0,634.0,0.8896996912714006,0.37381703470031546,-1963.0,136.0,71701.9,71869.75,69981.76,71700.59168535544,71402.52908043473,-0.848409796889512,1.826533085192492,1103.357142857143,2905.6178978673997,0.2901479060796223,27174,1.0193142304128797,0,0,33.717370591603725,28781,13821.0,92.38636363636363,-658.2,0,43.01120301539106,298.0626049207058,506.87572885517795,0,0,1,0,0,0,-0.19786696603985407
2020-12-04,SILVER,2021-02-05,71183.0,71428.0,70941.0,71301.0,-0.1080550098231825,118.0,487.0,0.6841521149712713,0.49691991786447637,-350.0,-138.0,71688.1,71793.3,70069.76,71620.96219530076,71386.2676670692,-0.8500793249509395,1.588759544773673,1059.5714285714287,2853.76267961532,0.28614199268936064,39651,1.399614189223772,0,0,40.04783092581017,41126,12345.0,42.89288071991939,-1201.2,0,47.00228832951946,234.69452823155734,452.43948873045383,0,0,1,0,0,0,-0.6167202843375524
2020-12-07,SILVER,2021-02-05,71621.0,72019.0,71033.0,71463.0,0.6153154545326833,158.0,986.0,1.37669119392357,0.5963488843813387,-86.0,244.0,71712.5,71708.65,70162.84,71620.96801140833,71403.6552472863,-0.12223072111941054,2.0782511084215,1071.642857142857,2469.9968975022202,0.4645141254676757,5797,0.21743859807054658,0,5797,27.152256325995932,32578,-8548.0,-20.78490492632398,943.4,0,52.854319265201724,217.31276412203442,405.41414380876995,0,0,0,0,0,0,-1.9491489926138983
2020-12-08,SILVER,2021-02-05,72365.0,73093.0,71677.0,72397.0,1.0388014688429426,32.0,1416.0,1.9567470462240035,0.4858757062146893,1191.0,1510.0,71863.5,71728.55,70289.76,71735.43447119166,71474.86596970953,0.8873035911084178,2.9524072923282216,1121.142857142857,2529.977066670981,0.7515635451342082,13209,0.5185887507582138,0,13209,40.481569583039246,27883,-4695.0,-14.411566087543736,-9260.6,0,53.715329300308184,260.5685014821356,376.4450153434431,0,0,0,0,0,0,-0.9148068817798659
2020-12-09,SILVER,2021-02-05,71378.0,71771.0,70774.0,71552.0,-1.3639190216264807,174.0,997.0,1.3967889265600044,0.6058174523570712,-525.0,-1288.0,71734.7,71717.95,70393.92,71680.44455254679,71467.690712694,-0.47400964472631624,1.397961642141824,1188.142857142857,2546.8036437830015,0.3665189596261775,26346,1.0505559620625924,0,0,49.613418150132986,39782,11899.0,42.674748054370035,4964.4,0,51.38676566936013,212.75383985278313,343.70678024531117,0,0,1,0,0,1,0.9568774692482277
2020-12-10,SILVER,2021-02-05,71119.0,71639.0,70868.0,71046.0,-0.36285690268710313,73.0,771.0,1.0840984828245617,0.32555123216601817,-141.0,-2104.0,71524.3,71647.75,70486.6,71594.06846753959,71441.86177101296,-0.7379854915192732,0.8971918066696281,1183.142857142857,2481.841039904655,0.28695251166435987,33024,1.2889049342843482,0,0,50.144228277040256,66387,26605.0,66.87697953848475,7521.2,0,48.904555314533624,152.20669652662764,305.40676350157446,0,0,1,0,0,0,-0.12936064905299569
2020-12-11,SILVER,2021-02-05,70744.0,70974.0,70291.0,70642.0,-0.527285254292098,102.0,683.0,0.9654529005993441,0.6632503660322109,-439.0,-789.0,71445.4,71555.2,70585.06,71463.28870330274,71390.16830649348,-1.133670229417285,0.22517512912789525,1208.2857142857142,2438.743282919837,0.16736966302218956,34414,1.3317338389799354,0,0,58.17882562489863,26979,-39408.0,-59.36101947670478,-2829.4,0,46.68204214278226,73.12039680925955,258.9494901631115,0,0,0,1,0,1,1.506841569603076
2020-12-14,SILVER,2021-02-05,70225.0,70392.0,69970.0,70193.0,-0.7336311206604051,32.0,422.0,0.6009255962976148,0.6042654028436019,-1396.0,-1482.0,71297.2,71481.1,70670.44,71272.78274894846,71303.85954304952,-1.7572477200267005,-0.630305966681405,1214.5,2706.591066265217,0.03591068275663867,10947,0.43501844864481437,0,0,11.985748814228774,43746,16767.0,62.14833759590792,2233.6,0,46.69672818791946,-31.076794101056294,200.94423331027792,0,0,1,1,0,1,4.843004627981489
2020-12-15,SILVER,2021-02-05,71703.0,71982.0,71371.0,71872.0,2.104663581345667,169.0,611.0,0.8521261314031491,0.5433715220949263,-662.0,529.0,71350.1,71509.75,70784.14,71338.970018341,71333.42550282362,0.2702428689794049,1.2981156513309344,1201.642857142857,2692.4836900228984,0.5717738795284426,14617,0.5927208510655554,0,14617,17.794509390405672,76266,32520.0,74.33822520916198,9676.6,1,44.76801043138107,5.544515517380205,161.8642897516984,0,0,1,0,0,1,3.9510201804666476
2020-12-16,SILVER,2021-02-05,72061.0,72355.0,71852.0,72089.0,0.4992817594800858,28.0,503.0,0.6980197332815254,0.415506958250497,683.0,158.0,71365.9,71527.1,70922.14,71450.05155398084,71387.31991002188,0.7464303739421759,1.6057891090144778,1187.2142857142858,2732.24516122535,0.6954070621395307,25704,1.0590525632706036,0,25704,27.297866614620727,10056,-66210.0,-86.81457005743057,-5945.2,0,43.54731230564194,62.731643958963105,142.03776059315138,0,0,0,0,0,1,1.6444401271145281
2020-12-17,SILVER,2021-02-05,71027.0,71516.0,70719.0,70952.0,-1.434895435811323,75.0,797.0,1.1221084939530037,0.3864491844416562,-92.0,-233.0,71342.6,71522.25,71033.66,71384.96669952225,71360.62954631654,-0.6924418624973347,-0.00937583675120146,1097.642857142857,2745.641023798584,0.3196231788105994,33702,1.3578510964903445,0,0,28.97065016930656,41457,31401.0,312.2613365155131,-4986.0,0,46.969333972208915,24.337153205706272,118.49763911566237,0,0,1,0,0,1,2.5694454221634024
2020-12-18,SILVER,2021-02-05,71810.0,72321.0,71434.0,71879.0,1.1023976797555957,69.0,887.0,1.2352040105834843,0.42390078917700114,1066.0,627.0,71405.3,71546.7,71151.92,71450.3564380573,71393.91624658939,0.36801138277517054,0.9248942263258697,1063.2142857142858,2750.2901971260726,0.5957353519549098,6892,0.2844824561584549,0,6892,16.4241113557953,12243,-29214.0,-70.4681959620812,-2947.2,0,50.57496929775594,56.44019146790379,106.08614958611065,0,0,0,0,0,1,2.985656593789166
2020-12-21,SILVER,2021-02-05,73626.0,73915.0,73325.0,73464.0,2.5288956969781395,162.0,590.0,0.8013473501208812,0.5101694915254237,3401.0,2005.0,71605.8,71659.15,71289.4,71785.07083220233,71559.25578387907,2.7447297379329867,3.277626126745359,1147.357142857143,3311.7531753926596,1.0938999363280766,86885,3.191532346934278,1,86885,141.0285592129719,65031,52788.0,431.16883116883116,4257.0,1,61.97265625,225.81504832326027,130.03192933354057,0,1,1,0,0,0,-0.3544943362399152
2020-12-22,SILVER,2021-02-05,74536.0,75015.0,74087.0,74638.0,1.2359764213728752,102.0,928.0,1.2450359557797575,0.4838362068965517,2833.0,2171.0,71822.9,71843.2,71428.24,72208.2907041712,71779.75535544357,3.748162665360122,4.350884188102625,1166.2857142857142,4101.4785729291325,1.1565437200557893,21060,0.77992200779922,0,21060,120.66652911183542,11701,-53330.0,-82.00704279497471,-12913.0,0,62.633144611841466,428.53534872762975,189.73261321235842,0,0,0,0,0,0,-1.0357411183857463
2020-12-23,SILVER,2021-02-05,73246.0,73419.0,73070.0,73306.0,-1.7307073092197034,60.0,349.0,0.4764765311416323,0.504297994269341,1185.0,1868.0,72009.7,71872.2,71562.46,72367.93828814487,71888.36606985517,1.9114483764237116,2.352546293126303,1208.142857142857,4230.247294001514,0.8247564278211464,46045,1.6487392310061086,1,0,122.58476009869386,66381,54680.0,467.3104862832236,11265.0,0,58.97181062522588,479.5722182897007,247.7005342278269,0,1,1,0,0,1,1.6465062938590502
2020-12-24,SILVER,2021-02-05,72852.0,73146.0,72276.0,72807.0,-0.5379133331512964,45.0,870.0,1.1942019436666118,0.6620689655172414,1825.0,1733.0,72183.0,71853.65,71702.92,72442.40932073796,71959.746360977,1.3894214142218329,1.6025567717465365,1242.642857142857,4142.591972740949,0.7409964598418914,87215,2.846948951429024,1,0,128.9912830908288,60438,-5943.0,-8.952863018032264,3796.2,0,57.32981993851559,482.66295976095716,294.69301933445297,0,1,0,0,0,1,1.1228243562290672
2020-12-25,SILVER,2021-02-05,73954.0,74189.0,73830.0,73830.0,1.5126557953110353,124.0,359.0,0.48543689320388345,0.34540389972144847,2144.0,3210.0,72504.0,71974.7,71857.16,72674.96173293212,72107.46885275649,2.749994095147327,2.9180668982742937,1267.7142857142858,4532.396619425039,0.9367005287041911,99457,2.8244558796801162,1,99457,129.97403471077854,76483,16045.0,26.54786723584499,12848.0,1,59.681301352809356,567.4928801756323,349.2529915026888,0,1,1,0,0,0,-0.42864483327473835
2020-12-28,SILVER,2021-02-05,73365.0,73426.0,73235.0,73235.0,-0.7964410309111103,130.0,191.0,0.26034212499148096,0.680628272251309,-261.0,3140.0,72818.0,72057.6,71991.32,72781.12146632717,72200.61930810785,1.8143818278710282,1.9081189232257347,1213.9285714285713,4689.803748557693,0.7787749914699679,70142,1.9075047047177713,1,0,133.84555689900716,30505,-45978.0,-60.1153197442569,-6905.2,0,54.20380023541282,580.5021582193149,395.50282484601405,0,1,0,0,0,0,-3.325836570571798
2020-12-29,SILVER,2021-02-05,73764.0,74231.0,73291.0,73843.0,0.5438560621549682,79.0,940.0,1.274334363646223,0.5031914893617021,-772.0,2061.0,73024.1,72187.1,72125.08,72932.33354843067,72316.42528528505,2.1844623208301677,2.272330235196964,1167.4285714285713,4848.338167811657,0.8252454646148873,24582,0.6729088622113578,0,24582,123.997645172029,16553,-13952.0,-45.736764464841826,970.4,0,60.55191933486645,615.9082631456258,439.58391250593644,0,0,0,0,0,0,-4.964481318800499
2020-12-30,SILVER,2021-02-05,74452.0,74924.0,73727.0,74635.0,0.9327043002006485,183.0,1197.0,1.6077472734110567,0.6056808688387636,1206.0,2391.0,73263.2,72314.55,72210.62,73166.12838713365,72474.61600489357,2.955767546088577,3.1039478680559793,1197.857142857143,5242.580236565525,0.9077095444513912,37235,1.0008090332187427,0,37235,121.5599036336788,43525,26972.0,162.94327312269678,-4571.2,1,64.2011077971879,691.5123822400783,489.9696064527649,0,0,1,0,0,0,-6.096545425240423
2020-12-31,SILVER,2021-02-05,73670.0,73842.0,73321.0,73576.0,-1.0503411594047218,94.0,521.0,0.7072078186507398,0.6698656429942419,818.0,2643.0,73527.5,72435.05,72270.8,73243.64709680539,72563.16296749405,1.7049066715630028,1.9360516280434104,1219.5,5277.382361498807,0.7340080584286609,13912,0.38071468838426126,0,0,112.18459530794037,54348,10823.0,24.8661688684664,-1218.0,0,62.04908581782243,680.4841293113423,528.0725110244804,0,0,1,0,0,0,-6.444957241753767
2021-01-01,SILVER,2021-02-05,73637.0,74069.0,73070.0,73705.0,-0.044794353196686565,68.0,999.0,1.3566549424881513,0.5675675675675675,-317.0,1827.0,73710.2,72557.75,72311.12,73304.1629280661,72642.70645138339,1.4874358700483408,1.833576910439231,1235.5714285714287,5243.440553881606,0.7058285945858687,23402,0.6549797295500758,0,0,126.96106192300297,17273,-37075.0,-68.21778170309855,-11842.0,0,64.63623884694579,661.4564766827098,554.7493041561263,0,0,0,0,0,0,-4.580577698711245
2021-01-04,SILVER,2021-02-05,70925.0,71581.0,70249.0,70629.0,-3.6829311351630256,296.0,1332.0,1.8780401832922102,0.5075075075075075,-2440.0,-2701.0,73440.1,72522.95,72280.84,72938.13786220978,72515.4689364661,-2.2033714844749106,-1.8757944705678524,1352.0714285714287,5383.239717179298,0.20316202065077485,15315,0.4230049509394356,0,0,7.438920515382861,74236,56963.0,329.78058241185664,8746.2,0,46.982156710628395,422.66892574368103,528.3332284736373,0,0,1,0,0,0,-2.5449418399718016
2021-01-05,SILVER,2021-02-05,70102.0,70159.0,70020.0,70020.0,-1.1603806838209385,82.0,139.0,0.19828250263901173,0.5899280575539568,-3662.0,-4434.0,72996.7,72409.8,72222.68,72501.80896033136,72336.69345969084,-3.1871376526381825,-2.9363075421737235,1370.142857142857,5803.29309054109,0.10232923548846176,17834,0.4894542560344709,0,0,16.659819549761917,13535,-60701.0,-81.76760601325502,-603.6,0,42.66566828903033,165.11550064051698,455.68968290701326,0,0,0,1,0,0,-1.8801175430087587
2021-01-06,SILVER,2021-02-05,69913.0,70209.0,69768.0,69909.0,-0.26960714387607165,4.0,441.0,0.6307839743681433,0.3287981859410431,-4539.0,-3333.0,72663.4,72336.55,72165.74,72103.53065874192,72157.16061082485,-3.3503809623212653,-3.1216197602906934,1305.7857142857142,6159.628351740394,0.10654282018244939,7314,0.2061158408224343,0,0,-1.1027480502883953,28677,15142.0,111.87292205393425,-2969.6,0,45.54756195043964,-53.629952082934324,353.82575590902377,0,0,1,1,0,0,-1.4389312431164447
2021-01-07,SILVER,2021-02-05,68922.0,69511.0,68556.0,68796.0,-1.417476005893037,126.0,955.0,1.3856243289515684,0.3832460732984293,-4748.0,-3930.0,72270.4,72226.7,72075.68,71614.06440355084,71917.51908409708,-4.575454783341891,-4.3755119618711795,1310.2857142857142,6804.973178336571,0.014369871358139854,8883,0.2591469418297822,0,0,-7.898800187820863,10908,-17769.0,-61.96254838372215,-8688.0,0,38.646013524139015,-303.4546805462305,222.3696686179729,0,0,0,1,0,1,1.6975711674066334
2021-01-08,SILVER,2021-02-05,70264.0,70388.0,70103.0,70132.0,1.947128638170681,132.0,285.0,0.4056131162472959,0.5649122807017544,-3373.0,-3690.0,71901.4,72202.7,72025.26,71406.36218761995,71795.03618897877,-2.68507964383603,-2.445336538875382,1264.642857142857,6905.8399816834135,0.2192665910096274,15051,0.45185036190659184,0,15051,-2.358857680433026,45079,34171.0,313.2654932159882,5561.2,1,36.27082652727867,-388.6740013588278,100.16093462261277,0,0,1,0,0,0,-1.8743595582375043
2021-01-11,SILVER,2021-02-05,69120.0,69621.0,68535.0,69028.0,-1.6281452806558128,92.0,1086.0,1.5711805555555556,0.5386740331491713,-1805.0,-4245.0,71476.9,72147.45,71955.62,71054.61415875534,71596.88536016553,-4.196198202431267,-3.9407901703855734,1288.9285714285713,7235.195204145537,0.08156623082327283,16695,0.4969178887463502,0,0,1.6809334982845132,59323,14244.0,31.597861531977188,-2982.6,0,28.2978041352781,-542.2712014101853,-28.32549258394684,1,0,1,1,0,1,1.1371527777777777
2021-01-12,SILVER,2021-02-05,68784.0,68888.0,68674.0,68824.0,-0.4861111111111094,40.0,214.0,0.31111886485229123,0.514018691588785,-1318.0,-4980.0,70978.9,72001.5,71887.08,70705.28890356222,71388.52348163475,-4.468656902981188,-4.316603206028123,1216.0714285714287,7832.59268764258,0.08921647935603437,28123,0.8205728224460499,0,0,15.021491776550288,55320,-4003.0,-6.7478043928998925,8357.0,0,30.640402637972926,-683.23457807253,-159.3073096816635,0,0,0,1,0,1,1.6689927890207026
2021-01-13,SILVER,2021-02-05,68907.0,69351.0,68414.0,68881.0,0.1788206559665051,26.0,937.0,1.3598037935188008,0.5261472785485592,-1006.0,-5545.0,70424.4,71843.8,71819.26,70428.62907224496,71204.70692743958,-4.0877570507128,-4.054984693520923,1213.7142857142858,8306.119250920514,0.14642934789618675,12902,0.38361931833386353,0,12902,4.461933566666156,56105,785.0,1.4190166305133811,5485.6,1,32.47134097573979,-776.0778551946132,-282.66141878425344,0,0,1,1,0,0,0.3584541483448706
2021-01-14,SILVER,2021-02-05,70092.0,70260.0,69778.0,69778.0,1.7197091732334968,314.0,482.0,0.6876676368201792,0.6514522821576764,1170.0,-3578.0,70066.6,71797.05,71735.24,70376.83998420727,71122.28419207368,-2.374819021115774,-2.29070119511694,1214.857142857143,8424.799229841854,0.2976153551576078,22573,0.6824616752101609,0,22573,18.221401022909465,40164,-15941.0,-28.41279743338383,5851.2,0,32.96577275935074,-745.4442078664142,-375.2179766006856,0,0,0,0,0,0,-0.7789762027050163
2021-01-15,SILVER,2021-02-05,68947.0,69055.0,68654.0,68654.0,-1.6335673115334126,293.0,401.0,0.5816061612542968,0.7306733167082294,-1317.0,-4690.0,69597.6,71653.9,71659.94,70156.86460202154,70961.15202969786,-3.777742732775179,-3.7858530163435837,1266.2142857142858,8801.830135051569,0.19246168598274876,34374,0.9977953523880296,0,0,16.627879083853742,11885,-28279.0,-70.40882382232844,-6638.8,0,31.424487050117733,-804.2874276763177,-461.031866815812,0,0,0,1,0,1,1.1284029761991095
2021-01-18,SILVER,2021-02-05,69906.0,70581.0,69041.0,69821.0,1.3909234629498002,85.0,1540.0,2.2029582582324836,0.5616883116883117,786.0,-1019.0,69495.7,71467.9,71591.78,70118.27004786438,70882.9926200906,-2.1854566875478283,-2.3547116722059416,1315.7857142857142,8728.528412774875,0.32105803794898197,17288,0.5582158275239667,0,17288,15.112949304877043,67819,55934.0,470.62684055532185,1699.2,1,34.50851268872469,-764.7225722262228,-521.7700078978942,0,0,1,0,0,0,-0.9283895516836895
2021-01-19,SILVER,2021-02-05,69932.0,70048.0,69759.0,69996.0,0.037192801762375716,64.0,289.0,0.41325859406280385,0.5986159169550173,1148.0,-170.0,69478.7,71237.7,71551.08,70089.61311742371,70812.54872230612,-1.8328778161001789,-2.2628309733410057,1250.9285714285713,8327.922351626708,0.3432141961860449,11884,0.3894950395427268,0,11884,10.34228896410483,11049,-56770.0,-83.70810539819225,-8854.2,0,30.8312128922816,-722.935604882412,-562.0031272947978,0,0,0,0,0,0,-0.8594062803866613
2021-01-20,SILVER,2021-02-05,69154.0,69338.0,68774.0,68774.0,-1.112509294743469,380.0,564.0,0.8155710443358302,0.6737588652482269,247.0,-759.0,69402.8,71033.1,71502.36,69945.67263782007,70689.69326139457,-2.645386446600255,-3.284311175183589,1252.857142857143,8301.149383954267,0.2736337568346598,15559,0.536757856970366,0,0,19.333527000724153,63281,52232.0,472.7305638519323,1435.2,0,30.841676565416606,-744.020623574499,-598.406626550738,0,0,1,0,0,0,-0.16629551435925616
2021-01-21,SILVER,2021-02-05,69546.0,70149.0,69325.0,69476.0,0.5668507967724112,70.0,824.0,1.1848273085439853,0.2682038834951456,-546.0,624.0,69465.2,70867.8,71442.82,69884.1845396939,70604.97524203201,-1.8651630218519593,-2.6550183769341786,1252.5714285714287,8217.369085949875,0.3391455968236808,23125,0.8969262096383206,0,23125,22.051106400654163,53271,-10010.0,-15.818334097122355,2621.4,0,33.157678056813495,-720.7907023381122,-622.8834417082128,0,0,0,0,0,0,-0.5722830932044978
2021-01-22,SILVER,2021-02-05,69725.0,70247.0,69118.0,69652.0,0.25738360222011814,73.0,1129.0,1.6192183578343493,0.537643932683791,778.0,-539.0,69411.3,70656.35,71385.42,69859.69461051023,70539.79189077039,-1.3181405492924638,-2.325993178999295,1091.2142857142858,7736.353584146447,0.3796138271254103,8688,0.40896156806258693,0,8688,8.864479238537642,76697,23426.0,43.97514595183121,12962.4,1,43.757802746566796,-680.0972802601609,-634.3262094186025,0,0,1,0,0,0,-0.032986733596271064
2021-01-25,SILVER,2021-02-05,69257.0,69449.0,69079.0,69449.0,-0.6712083183936901,192.0,370.0,0.5342420260767864,0.4810810810810811,-649.0,137.0,69425.0,70450.95,71336.42,69766.97236273941,70444.77026923184,-1.6947251953309317,-2.914948633531089,1072.7142857142858,7389.943263081746,0.33843583671817024,28869,1.505130237117057,1,0,31.000784171929855,76351,-346.0,-0.4511258588993039,1706.4,0,45.43588635627093,-677.7979064924293,-643.0205488333679,0,1,0,0,0,1,2.5455910593874984
2021-01-26,SILVER,2021-02-05,69331.0,69867.0,69102.0,69278.0,0.10684840521535399,53.0,765.0,1.103402518353983,0.29934640522875816,-601.0,547.0,69479.7,70229.3,71300.44,69699.89969154874,70362.26876780727,-1.2790957620252557,-2.7621708926340456,1095.857142857143,6752.545637717849,0.36696868881828093,9023,0.49031514825471606,0,9023,17.28111888837381,46534,-29817.0,-39.0525336930754,7097.0,0,46.81688908335157,-662.369076258532,-646.8902543184008,0,0,0,0,0,1,0.9952258008682985
2021-01-27,SILVER,2021-02-05,69039.0,69577.0,68630.0,69091.0,-0.42116802007760024,52.0,947.0,1.3716884659395414,0.43189017951425557,-115.0,132.0,69492.9,69958.65,71246.94,69598.22281592585,70264.2488590808,-1.3145622449832783,-3.098996251628494,1066.5714285714287,5526.348488924821,0.33358812752343875,22100,1.252429770425656,0,0,37.18637730321334,68097,21563.0,46.33816134439335,963.2,0,50.69288167712899,-666.0260431549541,-650.7174120857114,0,0,1,0,0,1,4.002085777603963
2021-01-28,SILVER,2021-02-05,69148.0,69675.0,68750.0,69167.0,0.15788177696665073,19.0,925.0,1.3377104182333546,0.43027027027027026,-398.0,-944.0,69398.5,69732.55,71207.42,69528.95776732187,70181.56375840816,-0.838274234916123,-2.892142419989375,1027.9285714285713,4316.673860861163,0.36458323726977443,12423,0.7070071850323683,0,12423,25.311907176515106,63813,-4284.0,-6.291026036389269,2108.4,0,42.26074895977809,-652.6059910862823,-651.0951278858256,0,0,0,0,0,1,1.528605310348817
2021-01-29,SILVER,2021-02-05,69702.0,70222.0,69298.0,69405.0,0.8011800775148847,297.0,924.0,1.3256434535594388,0.43722943722943725,-23.0,755.0,69474.0,69535.8,71175.04,69555.57964927235,70146.04051704459,0.2390135728646209,-2.069601927866839,981.1428571428571,2268.2205777796917,0.573273296974797,17213,0.9971729483599625,0,17213,23.93973143568909,35037,-28776.0,-45.094259790324855,-8332.0,0,54.39577039274925,-590.4608677722426,-638.968275863109,0,0,0,0,0,1,0.5681329086683309
2021-02-01,SILVER,2021-02-05,71020.0,71440.0,70691.0,71129.0,1.8909070041031928,109.0,749.0,1.054632497887919,0.4392523364485981,1763.0,1114.0,69585.4,69540.55,71167.9,69780.87508784584,70210.77825652277,2.127463760352768,-0.20781841251462274,1073.4285714285713,2318.257231081836,1.1381733571945327,38158,2.0733592516823833,1,38158,41.07847750264449,46007,10970.0,31.309758255558418,-6068.8,1,64.70665614312023,-429.90316867693036,-597.1552544258733,0,1,1,0,0,0,-0.5927907631653055
2021-02-02,SILVER,2021-02-05,70021.0,70224.0,69920.0,70051.0,-1.4066460152069804,30.0,304.0,0.4341554676454207,0.33223684210526316,690.0,89.0,69594.3,69536.5,71151.22,69817.81738202341,70196.72060789145,0.6967563797430126,-1.5884759249384637,1085.0714285714287,2302.818227620941,0.7103943742448751,33460,1.7440481619994528,1,0,42.97314855291286,37278,-8729.0,-18.973199730475798,-1851.2,0,56.569945741920264,-378.90322586803813,-553.5048487143063,0,1,0,0,0,1,1.182502392139501
2021-02-03,SILVER,2021-02-05,71802.0,72181.0,71303.0,71875.0,2.543522657488473,73.0,878.0,1.2228071641458456,0.5683371298405467,2763.0,2648.0,69859.1,69630.95,71133.94,70123.0762463275,70315.63019249208,3.1179382156928823,0.9391578759731256,1142.7142857142858,3058.6685717103246,1.2098023042051955,36017,1.746668347849702,1,36017,40.644951474278855,18272,-19006.0,-50.984494876334566,-9965.0,0,59.4225258981706,-192.55394616458216,-481.3146682043615,0,1,0,0,0,0,-2.0166569176346063
2021-02-04,SILVER,2021-02-05,70205.0,70756.0,69996.0,70756.0,-2.224172028634297,551.0,760.0,1.0825439783491204,0.275,1057.0,659.0,69925.0,69695.1,71073.58,70135.67990073866,70307.4353634186,0.7316152785489858,-1.2220856188755396,1169.0,3023.3087207630742,0.6686562792936663,38000,1.7213068342675952,1,0,36.33274443030244,67183,48911.0,267.68279334500875,674.0,0,56.60298131429772,-171.75546267993923,-419.40282709947707,0,1,1,0,0,0,-0.004273199914536002
2021-02-05,SILVER,2021-02-05,70098.0,70351.0,69806.0,69806.0,-0.15241079695178517,292.0,545.0,0.7774829524380154,0.5357798165137615,396.0,373.0,69962.3,69686.8,71044.88,70129.8829929327,70291.921632795,0.5900687074166083,-1.3327913285236102,1091.2142857142858,3000.5646065172623,0.6370408752762282,31502,1.3757052771324263,0,0,40.865771457329465,48294,-18889.0,-28.11574356608071,2651.4,0,51.106755821996764,-162.03863986229408,-367.9299896520405,0,0,0,0,0,0,-0.39944078290393453
2021-02-08,SILVER,2021-02-05,70599.0,71141.0,70367.0,70842.0,0.7147136865531145,243.0,774.0,1.0963328092465898,0.2997416020671835,-421.0,1342.0,70096.5,69760.75,71022.72,70202.05484017382,70314.6681785139,1.2016069207971531,-0.5965978210916185,1145.0714285714287,3056.3821406138013,0.7742621705778118,35990,1.5081578390474175,1,35990,19.061851746540253,72509,24215.0,50.140804240692425,5300.4,1,53.645207126461905,-112.61333834007382,-316.86665938964717,0,1,1,0,0,0,-1.7578152665051912
2021-02-09,SILVER,2021-02-05,70849.0,71143.0,70167.0,70808.0,0.35411266448532874,41.0,976.0,1.3775776651752318,0.6987704918032787,828.0,1518.0,70248.3,69864.0,71016.22,70301.58486476247,70354.24831343879,1.4098820565670447,-0.23546733408227183,1132.0714285714287,3058.72818427076,0.8220292685911993,24515,1.0351241283359687,0,24515,22.7479681448905,14694,-57815.0,-79.73492945703292,-4516.8,0,59.83064609674052,-52.66344867632142,-264.02601724698206,0,0,0,0,0,0,-1.105167327696933
2021-02-10,SILVER,2021-02-05,70354.0,70481.0,70218.0,70395.0,-0.6986690002681706,41.0,263.0,0.37382380532734455,0.5171102661596958,-1448.0,1315.0,70379.8,69936.35,70985.24,70309.64873172209,70354.22991985072,0.5971858697229612,-0.8892552874372267,1106.0714285714287,2949.3399154439976,0.6416079570255708,34991,1.4116332359728252,0,0,12.528307775506569,68150,53456.0,363.7947461548931,9975.6,0,54.63090325538744,-44.581188128635404,-220.13705142331276,0,0,1,0,0,0,0.03127043238479689
2021-02-11,SILVER,2021-02-05,70202.0,70379.0,70072.0,70195.0,-0.2160502601131431,7.0,307.0,0.43730947836243983,0.4234527687296417,-3.0,1054.0,70485.2,69941.85,70964.08,70293.08738838023,70342.95362949141,0.371951842852304,-1.0738954130033134,1047.357142857143,2955.8623356573225,0.5880115412892334,12634,0.5201178231130085,0,0,10.517683543884502,77470,9320.0,13.675715333822458,2057.4,0,52.74232493963436,-49.866241111187264,-186.08288936088766,0,0,1,0,0,0,-0.532748354747728
2021-02-12,SILVER,2021-02-05,69818.0,70072.0,69433.0,69758.0,-0.5469929631634396,60.0,639.0,0.9152367584290585,0.6025039123630673,-280.0,116.0,70496.8,69985.4,70936.78,70219.99702093711,70304.06817545502,-0.23919274591556838,-1.5771508094954392,1056.142857142857,2807.9605335338856,0.44038377747805546,16498,0.7051376574196955,0,0,9.72034591910398,31556,-45914.0,-59.26681295985543,-3347.6,0,53.25670498084291,-84.07115451790742,-165.6805423922916,0,0,0,0,0,1,1.0942736830043829
2021-02-15,SILVER,2021-02-05,69358.0,70128.0,68875.0,69279.0,-0.6588558824371926,79.0,1253.0,1.8065688168632312,0.3854748603351955,-1241.0,-1662.0,70330.6,69958.0,70891.52,70087.38209463909,70233.98905134723,-0.8576574516138253,-2.1631924382493195,1091.0,2863.24424018219,0.29044749603274445,15916,0.6822629215650552,0,0,-2.800552853533144,74471,42915.0,135.99632399543665,392.4,0,50.150016668518724,-146.60695670814312,-161.8658252554619,0,0,1,0,0,1,2.156924940165518
2021-02-16,SILVER,2021-02-05,70066.0,70401.0,69667.0,70112.0,1.02079068023877,46.0,734.0,1.04758370679074,0.5435967302452316,-783.0,45.0,70335.1,69964.7,70845.54,70084.09254161769,70221.54541791411,0.14478729988122999,-1.100337438320032,1097.857142857143,2864.72766410053,0.535361127436108,34377,1.4058455234348481,0,34377,10.029663604297165,59855,-14616.0,-19.62643176538519,9032.2,0,55.45406266595858,-137.45287629641825,-156.9832354636532,0,0,0,0,0,1,2.112294122684326
2021-02-17,SILVER,2021-02-05,70376.0,70704.0,70163.0,70163.0,0.44243998515685057,213.0,541.0,0.7687279754461749,0.39371534195933455,22.0,-1426.0,70192.5,70025.8,70825.5,70129.00138136881,70232.98649806861,0.5001013912015244,-0.634658421048916,1077.357142857143,2780.7887105317204,0.6259354940106308,38001,1.4858651026392962,0,38001,10.31966075988297,59086,-769.0,-1.2847715312004016,-1812.8,0,56.38519134775375,-103.9851166997978,-146.38361171088212,0,0,0,0,0,1,2.4383312492895306
2021-02-18,SILVER,2021-02-05,69828.0,70053.0,69549.0,69933.0,-0.7786745481414115,105.0,504.0,0.7217735006014779,0.5535714285714286,-374.0,-377.0,70154.8,70039.9,70799.68,70082.69347654285,70202.98749821167,-0.3025418368672631,-1.3724355816297378,1059.7142857142858,2751.0952919250703,0.4229761322256061,6391,0.25834434864158007,0,0,1.4508852669409904,28907,-30179.0,-51.07639711606811,-9712.6,0,50.655567117585846,-120.29402166882937,-141.16569370247157,0,0,0,0,0,1,2.275591453285215
2021-02-19,SILVER,2021-02-05,70582.0,71419.0,69831.0,70523.0,1.0797960703442744,59.0,1588.0,2.249865404777422,0.4729219143576826,764.0,484.0,70203.2,70082.75,70796.44,70159.50986476702,70231.06249834414,0.7123721600536509,-0.3028965863255304,1049.2142857142858,2775.1698667762394,0.679898897713224,19184,0.7593684068859325,0,19184,23.178096970899684,58487,29580.0,102.3281558100114,5386.2,1,47.57904045987177,-71.55263357711374,-127.24308167740001,0,0,1,0,0,1,0.5497152248448613
2021-02-22,SILVER,2021-02-05,70854.0,71118.0,70588.0,70693.0,0.3853673741180508,161.0,530.0,0.7480170491433087,0.5018867924528302,1496.0,255.0,70228.7,70162.6,70809.02,70266.35450095672,70277.2060169853,0.9854252835556181,0.06352298054682289,1008.9285714285714,2742.4237915794074,0.7521127486287615,80285,2.8844322929952324,1,80285,53.603404670758984,39158,-19329.0,-33.04836972318634,-7062.6,0,55.00661137155909,-10.851516028589685,-103.96476854763796,0,1,0,0,0,1,1.065571456798487
2021-02-23,SILVER,2021-02-05,71546.0,71662.0,71350.0,71482.0,0.9766562226550368,64.0,312.0,0.4360830794174378,0.6282051282051282,1480.0,697.0,70298.4,70273.35,70805.88,70463.22303927108,70371.19075646788,1.8109994756191274,1.0452804202136818,912.3571428571429,2888.522558058059,0.9405885619448273,42205,1.431017529583291,0,42205,52.04868763679984,30293,-8865.0,-22.639052045559016,-5912.4,0,48.229598893499315,92.03228280319308,-64.76535827747176,0,0,0,0,0,1,0.8288373913286557
2021-02-24,SILVER,2021-02-05,72092.0,72520.0,71832.0,72273.0,0.763145388980524,181.0,688.0,0.954336126061144,0.37790697674418605,1716.0,1738.0,70472.2,70426.0,70806.5,70713.80411015246,70498.65810784063,2.365603612302275,1.815511287805498,852.9285714285714,3074.623879434541,1.0418548952096205,55682,1.7862768308840278,1,55682,50.968609128548444,55761,25468.0,84.07222790743735,-665.0,1,65.26946107784431,215.14600231182703,-8.783086159612004,0,1,1,0,0,0,0.0651944737280142
2021-02-25,SILVER,2021-02-05,71417.0,71614.0,71209.0,71340.0,-0.9363036120512702,77.0,405.0,0.567091868882759,0.5135802469135803,1589.0,1215.0,70593.7,70539.45,70814.3,70821.98809320593,70566.68343318577,1.244055631281507,0.8510992836192648,877.0714285714286,2947.56805376368,0.7977200132426052,55322,1.660471140151964,1,0,57.29331354173157,43387,-12374.0,-22.19113717472786,2896.0,0,59.77471468800948,255.30466002016328,44.03446307634305,0,1,0,0,0,1,1.174790316031197
2021-02-26,SILVER,2021-02-05,70970.0,71273.0,70787.0,71021.0,-0.6259013960261517,51.0,486.0,0.684796392842046,0.3765432098765432,388.0,1152.0,70708.9,70602.85,70797.5,70844.75915578964,70596.55873443127,0.5200215005484823,0.24365267135138952,847.5714285714286,2861.1144755312416,0.6283241209465493,13567,0.4094492941700179,0,0,46.68726950019216,50750,7363.0,16.970521123838942,-1547.4,0,52.77155236814583,248.2004213583714,84.86765473274872,0,0,1,0,0,1,3.366211075102156
2021-03-01,SILVER,2021-04-05,71609.0,72262.0,71241.0,71504.0,0.9003804424404738,105.0,1021.0,1.4257984331578433,0.3604309500489716,755.0,2251.0,70934.0,70632.3,70757.16,70962.33467028354,70671.55438373265,1.3827951234774984,1.2038922986733729,870.1428571428571,2979.4841234842024,0.8278084257276881,36416,1.1019240399846888,0,36416,63.88164047638916,78602,27852.0,54.8807881773399,7888.8,1,55.365715899463424,290.78028655088565,126.05018109637611,0,0,1,0,0,1,1.765141253194431
2021-03-02,SILVER,2021-04-05,72139.0,72742.0,71524.0,72248.0,0.7401304305324707,109.0,1218.0,1.6884071029540193,0.5049261083743842,593.0,2073.0,71141.3,70738.2,70709.22,71143.36010562454,70780.25405901171,1.9802596051355603,2.0220559638474285,912.0714285714286,3207.0954493188765,0.9367815121615745,5731,0.18101019544426616,0,5731,43.85637940950064,31256,-47346.0,-60.235108521411675,192.6,0,62.540396234368416,363.1060466128256,173.461354199666,0,0,0,0,0,1,1.6897933156822247
2021-03-03,SILVER,2021-04-05,72139.0,72398.0,71961.0,72238.0,0.0,99.0,437.0,0.6057749622257032,0.4073226544622426,47.0,1763.0,71317.6,70755.05,70687.08,71296.53547398999,70880.90190649233,1.9559734605515748,2.0540104358533386,921.3571428571429,3313.6244363615406,0.9176544525726686,5799,0.1923363946627397,0,0,42.92083913907386,15594,-15662.0,-50.10877911441003,-8033.4,0,63.90524048815506,415.6335674976581,221.8957968592644,0,0,0,0,0,1,1.4763165555386129
2021-03-04,SILVER,2021-04-05,72256.0,72524.0,71864.0,72524.0,0.16218688920002222,268.0,660.0,0.9134189548272809,0.593939393939394,839.0,2428.0,71560.4,70857.6,70675.16,71444.14540106845,70982.76102452993,1.9735356546086718,2.2367689015489973,913.5714285714286,3527.7955305335345,0.8963948556248961,33873,1.13121348385901,0,33873,99.6508364287414,12460,-3134.0,-20.097473387200203,-6185.4,0,68.1994625261272,461.3843765385245,269.79351279511644,0,0,0,0,0,1,1.0808790965456156
2021-03-05,SILVER,2021-04-05,73359.0,73416.0,73221.0,73333.0,1.526516829052249,26.0,195.0,0.2658160552897395,0.7076923076923077,2389.0,2777.0,71838.1,71020.65,70663.26,71738.73841628869,71158.7787264166,3.2924930988381633,3.8149103225636707,906.9285714285714,4096.431982770242,1.070826028562222,12025,0.41508313744170716,0,12025,73.18364981851519,64698,52238.0,419.24558587479936,2789.6,1,77.25105571448032,579.959689872092,331.8267482105116,0,0,1,0,0,1,0.8696956065377117
2021-03-08,SILVER,2021-04-05,72873.0,73301.0,72462.0,72971.0,-0.6624953993375038,98.0,839.0,1.151318046464397,0.4898688915375447,1264.0,2019.0,72040.0,71134.35,70653.42,71913.24019839813,71285.75808001537,2.4441778128288147,3.141503978151379,896.5,4393.488440143352,0.8957333730786521,19481,0.6921741787515566,0,0,47.5340864696399,26191,-38507.0,-59.51806856471607,-10482.2,0,69.71484759095378,627.4821183827589,390.95782224496105,0,0,0,0,0,1,2.549641156532598
2021-03-09,SILVER,2021-04-05,73358.0,73835.0,73043.0,73372.0,0.665541421376914,14.0,792.0,1.0796368494233757,0.3977272727272727,1219.0,1812.0,72221.2,71259.8,70645.3,72135.5109371061,71439.2574814957,2.9444371160177227,3.839887437663931,919.6428571428571,4809.678417960997,0.9362453822618567,30411,1.0693244770908017,0,30411,57.88778410494128,20529,-5662.0,-21.618113092283608,-2145.4,0,70.44145873320537,696.2534556103928,452.01694891804743,0,0,0,0,0,1,2.868126175740887
2021-03-10,SILVER,2021-04-05,73204.0,73540.0,72832.0,73394.0,-0.20992938738787492,190.0,708.0,0.9671602644664226,0.5254237288135594,1065.0,1112.0,72332.4,71402.3,70620.34,72299.893869859,71569.97914953306,2.5233080727091384,3.6585210436540008,911.1428571428571,5028.236916077003,0.8583164496961833,36358,1.2753702495457384,0,0,56.65010295564959,42175,21646.0,105.44108334551123,5316.2,0,74.46376811594203,729.914720325949,507.5965031996278,0,0,1,0,0,1,4.689634446205125
2021-03-11,SILVER,2021-04-05,73037.0,73734.0,71645.0,72932.0,-0.22812961040380442,105.0,2089.0,2.8601941481714745,0.6663475347056008,781.0,1620.0,72494.4,71544.05,70607.68,72413.29481295761,71678.64736067876,2.0867563410234635,3.440588899111268,946.7142857142857,5097.237472653273,0.7928939465759027,19961,0.6913103935527106,0,0,52.204881775288,27675,-14500.0,-34.380557202133964,3043.0,0,69.44400443529226,734.6474522788485,553.006693015472,0,0,0,0,0,1,4.981037008639457
2021-03-12,SILVER,2021-04-05,73997.0,74280.0,73344.0,74107.0,1.3144022892506602,110.0,936.0,1.2649161452491318,0.6976495726495726,638.0,3027.0,72797.1,71753.0,70614.88,72656.94176481028,71850.37718581366,3.1273953702284225,4.7895287792034695,997.2142857142857,5273.004616364342,0.9255638223861834,26767,0.9108263349167677,0,26767,63.162160827996146,53158,25483.0,92.0794941282746,-2308.0,1,72.44679331524068,806.564578996622,603.718270211702,0,0,1,0,0,1,4.4718029109288215
2021-03-15,SILVER,2021-04-05,74731.0,74930.0,74426.0,74702.0,0.9919321053556196,29.0,504.0,0.6744189158448302,0.6051587301587301,1858.0,3122.0,73109.3,72021.65,70691.0,72976.02764714716,72063.75665353118,3.7618549422291854,5.715013226577641,1006.1428571428571,5406.190490635869,1.0011569615781954,26392,0.8823391750302559,0,26392,46.18046200281036,56798,3640.0,6.84751119304714,6121.4,1,72.61110322305836,912.2709936159808,665.4288148925579,0,0,1,0,0,1,3.097777361469805
2021-03-16,SILVER,2021-04-05,75462.0,75917.0,75290.0,75452.0,0.978175054528907,10.0,627.0,0.8308817683072276,0.2743221690590112,2104.0,3323.0,73441.6,72291.45,70798.2,73358.48493220145,72315.47838289924,4.385788360864256,6.5874556132783075,1021.2857142857143,5894.692631600221,1.0378651947013053,18262,0.6274383152411989,0,18262,51.526224282454145,35976,-20822.0,-36.65974154019508,3089.4,0,73.31211953514112,1043.006549302212,740.9443617744887,0,0,0,0,0,1,2.511197688903024
2021-03-17,SILVER,2021-04-05,76637.0,77159.0,75896.0,76652.0,1.5570750841483072,15.0,1263.0,1.6480290199251013,0.5866983372921615,3433.0,4498.0,73891.4,72604.5,70932.68,73862.87186570892,72635.59109527708,5.554063453367215,8.041878581212506,1079.4285714285713,6775.646110188711,1.095146194830959,10229,0.3690508189002798,0,10229,47.008819836444914,73116,37140.0,103.23549032688457,6188.2,1,83.77329192546584,1227.2807704318402,838.211643505959,0,0,1,0,0,1,0.8116184088625599
2021-03-18,SILVER,2021-04-05,76675.0,77318.0,76295.0,76714.0,0.04958440439997158,39.0,1023.0,1.334202804043039,0.37145650048875856,3638.0,4419.0,74333.3,72946.85,71087.74,74295.50696329217,72934.806569701,5.1107758594099595,7.859667503848054,1107.5,7169.134810898133,1.0200278831878933,28772,0.9977770919091001,0,28772,16.72489643657002,72821,-295.0,-0.40346846107555123,9029.2,0,88.9739035387348,1360.7003935911634,942.709393523,0,0,0,0,0,1,0.8999021845451581
2021-03-19,SILVER,2021-04-05,77306.0,77417.0,77197.0,77288.0,0.8229540267362223,18.0,220.0,0.28458334411300545,0.4954545454545455,3309.0,3947.0,74728.0,73283.05,71228.58,74758.65973817029,73258.59867564907,5.48960503144997,8.532277352714315,1068.2142857142858,7796.4850892795075,1.0159953432774111,23799,0.8187677715335512,0,23799,21.44645482678027,22204,-50617.0,-69.50879553974815,-6190.8,0,88.96183832581042,1500.061062521214,1054.1797273226427,0,0,0,0,0,1,0.7981269241714745
2021-03-22,SILVER,2021-04-05,77046.0,77429.0,76745.0,77079.0,-0.33632577031537103,33.0,684.0,0.8877813254419437,0.44005847953216376,2315.0,4173.0,75145.3,73592.65,71387.1,75110.55823999025,73539.14692189729,4.692520244888594,7.927062452459889,1030.0714285714287,8131.801978068281,0.9246721709792979,28555,1.0783467741174118,0,0,17.24444232062053,65665,43461.0,195.7350027022158,1773.4,0,84.84590257065759,1571.4113180929562,1157.6260454767055,0,0,1,0,0,0,0.20247644264465384
2021-03-23,SILVER,2021-04-05,77357.0,77737.0,77178.0,77601.0,0.4036549593749106,244.0,559.0,0.7226236798221234,0.32021466905187834,1895.0,3999.0,75545.2,73883.2,71558.56,75456.16466460713,73821.9508536086,4.701745457695393,8.10306970961965,1048.2142857142858,8550.434163183556,0.9062717674568486,31616,1.218300714040746,0,31616,12.705813762631237,17394,-48271.0,-73.51100281733038,-3716.4,0,85.48694232861807,1634.2138109985244,1252.9435985810692,0,0,0,0,0,1,2.2880928681308736
2021-03-24,SILVER,2021-04-05,77259.0,78003.0,76237.0,77411.0,-0.12668536784001816,152.0,1766.0,2.2858178335210138,0.578708946772367,622.0,4055.0,75950.7,74141.55,71725.6,75733.52394697527,74076.54708667463,4.204727308776249,7.714679277691639,1127.2142857142858,8881.477778885193,0.8510057760220282,24333,0.9979309736727165,0,0,8.446690894624016,74814,57420.0,330.1138323559848,339.6,0,84.11291422337379,1656.9768603006378,1333.750250924983,0,0,1,0,0,1,1.2490454186567261
2021-03-25,SILVER,2021-04-05,77365.0,78124.0,76776.0,77500.0,0.13720084391461995,135.0,1348.0,1.742389969624507,0.43694362017804156,690.0,4328.0,76383.5,74438.95,71871.06,75984.52026282523,74320.13619136541,3.9308050422527496,7.644161641695563,1140.642857142857,8938.116648435622,0.8273676228551045,9261,0.4194217496059854,0,9261,6.762507472256923,43593,-31221.0,-41.73149410538135,-5845.6,0,81.61300505050505,1664.384071459819,1399.8770150319504,0,0,0,0,0,0,-0.2856588896787953
2021-03-26,SILVER,2021-04-05,77923.0,78401.0,77675.0,77852.0,0.7212563820849116,71.0,726.0,0.9316889750137957,0.3415977961432507,617.0,3926.0,76776.1,74786.6,72050.58,76282.74791469827,74587.014992005,4.193799423960969,8.150413223599308,1150.5714285714287,8828.521759793512,0.855257662079246,8466,0.3878975594893095,0,8466,2.494420043526648,51964,8371.0,19.20262427453949,5952.0,1,89.40387016229712,1695.7329226932634,1459.048196564213,0,0,1,0,0,0,0.3708789445991556
2021-03-29,SILVER,2021-04-05,77202.0,77542.0,76626.0,77065.0,-0.9252723842767874,137.0,916.0,1.1864977591254111,0.62882096069869,156.0,2471.0,77023.2,75066.25,72196.5,76424.171312437,74780.71758518982,2.845153447787787,6.933161579854979,1174.5,8546.09809395895,0.7499093710976376,8088,0.39629672276133754,0,0,2.188026075494727,63365,11401.0,21.940189361865905,-460.0,0,78.92835641180012,1643.453727247179,1495.9293027008061,0,0,1,0,0,1,2.2719618662728944
2021-03-30,SILVER,2021-04-05,79127.0,79368.0,78540.0,79279.0,2.493458718686048,152.0,828.0,1.0464190478597697,0.7089371980676329,1770.0,3665.0,77389.7,75415.65,72380.4,76839.99111052361,75102.66443073131,4.9211934127730865,9.321031660504786,1278.642857142857,8811.919895948988,0.9211738240727978,6115,0.2993418395694177,0,6115,2.8290885891179847,10443,-52922.0,-83.5192929850864,-1390.2,0,85.19310754604872,1737.3266797922988,1544.2087781191046,0,0,0,0,0,1,0.5371112262565243
2021-03-31,SILVER,2021-04-05,78224.0,78942.0,77488.0,78361.0,-1.1412033819050427,137.0,1454.0,1.8587645735324196,0.5061898211829436,965.0,1587.0,77548.4,75719.9,72561.8,77052.91555505844,75333.87447289936,3.307056665420855,7.803279411480968,1246.5,8584.359231213282,0.7917049406430869,9578,0.4645658215752943,0,0,12.890963561861856,38180,27737.0,265.60375371061957,-7326.8,0,78.34116490001092,1719.0410821590776,1579.1752389270994,0,0,1,0,0,1,2.4698302311311107
2021-04-01,SILVER,2021-04-05,77144.0,77525.0,76768.0,77371.0,-1.3806504397627317,227.0,757.0,0.9812817587887588,0.4966974900924703,-221.0,469.0,77595.3,75964.3,72713.76,77066.92854658791,75467.95784527718,1.5529663276038836,6.092712025894419,1261.7142857142858,8018.040616404149,0.6471307089148991,7590,0.39320414755257616,0,0,-7.312498068861811,58791,20611.0,53.983761131482446,3039.6,0,66.97227915003775,1598.9707013107254,1583.1343314038245,0,0,1,0,0,1,3.914756818417505
2021-04-02,SILVER,2021-04-05,78212.0,78366.0,78074.0,78117.0,1.3844239344602327,95.0,292.0,0.3733442438500486,0.4726027397260274,289.0,906.0,77685.9,76206.95,72883.5,77243.09338557438,75671.2202271085,2.6310592406598126,7.310982595512015,1282.357142857143,7863.581342927209,0.7549792406997122,12372,0.6403627272868434,0,12372,0.7163137041124635,53665,-5126.0,-8.719021618955281,340.2,0,68.12077043206662,1571.8731584658817,1580.882096816236,0,0,0,0,0,1,1.453741113895566
2021-04-05,SILVER,2021-04-05,78956.0,79096.0,78752.0,78920.0,0.9512606761110876,36.0,344.0,0.4356856983636455,0.5930232558139535,1754.0,1910.0,77876.9,76511.1,73077.48,77506.6174801014,75914.53724732269,3.1954840539477196,8.044229220821524,1260.7857142857142,7568.469430193974,0.8230375735212996,8573,0.4566202749415443,0,8573,-4.352732978439751,13465,-40200.0,-74.9091586695239,-9980.0,0,68.16385943023498,1592.0802327787096,1583.121724008731,0,0,0,0,0,1,0.6117331171791884
2021-04-06,SILVER,2021-04-05,79552.0,79856.0,78641.0,79291.0,0.7548508029788792,261.0,1215.0,1.5273028962188253,0.7497942386831276,425.0,2195.0,78096.4,76820.8,73281.9,77821.29171393196,76183.9789327062,3.555287109741108,8.556137327225422,1226.357142857143,7421.6641742793145,0.868003716668467,7978,0.45192811521957715,0,7978,-6.11873878521385,78247,64782.0,481.11399925733383,13560.8,1,66.1245713021352,1637.312781225759,1593.9599354521367,0,0,1,0,0,0,-0.9025543041029767
2021-04-07,SILVER,2021-04-05,80156.0,80605.0,79778.0,80093.0,0.7592518101367629,63.0,827.0,1.0317381106841659,0.4570737605804111,1932.0,2897.0,78386.1,77168.4,73504.24,78180.47760409628,76478.2027154687,3.871532907252199,9.049491566744985,1228.5,7169.209413948265,0.9167265632089632,14422,0.8710804550492406,0,14422,4.262054014291469,61559,-16688.0,-21.32733523329968,4675.8,0,68.12077043206662,1702.2748886275804,1615.6229260872256,0,0,0,0,0,0,-0.5015220320375268
2021-04-08,SILVER,2021-04-05,80164.0,80366.0,79819.0,80324.0,0.009980537951004287,160.0,547.0,0.6823511800808343,0.6307129798903108,3020.0,2799.0,78666.0,77524.75,73724.56,78485.63489577376,76751.22473654509,3.4043966604213494,8.734457011340593,1214.5714285714287,6514.7640422587865,0.9051182794772294,28697,1.6887293484177541,1,28697,20.354183856538363,35198,-26361.0,-42.82233304634578,-4718.6,0,65.90959697172121,1734.4101592286752,1639.3803727155157,0,1,0,0,0,0,-0.6574023252332718
2021-04-09,SILVER,2021-04-05,79349.0,79557.0,79111.0,79275.0,-1.0166658350381663,74.0,446.0,0.5620738761673115,0.5336322869955157,1137.0,1426.0,78808.6,77792.35,73917.5,78618.46029642396,76943.65253383805,2.0010322351747876,7.348056955389455,1240.9285714285713,5792.970444289676,0.7687136098777159,35820,2.0532044778429315,1,0,23.69476346042644,64740,29542.0,83.9309051650662,2215.0,0,62.07402747195135,1674.807762585915,1646.4658506895958,0,1,1,0,0,0,-0.5734161741168761
2021-04-12,SILVER,2021-04-05,79439.0,79996.0,79010.0,79540.0,0.11342297949563651,101.0,986.0,1.2412039426478179,0.43509127789046653,483.0,2237.0,79032.3,78027.75,74085.88,78744.69717389719,77128.49308688707,1.8086514092742645,7.225560390185006,1262.0,5197.736815191107,0.7715124005269806,9925,0.597080472009409,0,9925,16.912053746805974,32488,-32252.0,-49.817732468334874,3804.6,0,61.17432374409618,1616.204087010119,1640.4134979537005,0,0,0,0,0,0,-1.0334974005211546
2021-04-13,SILVER,2021-04-05,78834.0,79602.0,77725.0,78803.0,-0.761590654464428,31.0,1877.0,2.380952380952381,0.5908364411294619,-718.0,-293.0,79003.0,78196.35,74262.14,78758.43607022069,77254.82693230285,0.8154472683187823,6.156380626790449,1269.9285714285713,4641.279546803038,0.6373866826098019,34430,1.975222234014784,1,0,44.04164648861085,48515,16027.0,49.332061068702295,-5946.4,0,58.01689911432353,1503.6091379178397,1613.0526259465285,0,1,1,0,0,0,0.23086485526549455
2021-04-14,SILVER,2021-04-05,79754.0,79849.0,79556.0,79806.0,1.1670091584849107,52.0,293.0,0.36737969255460545,0.6757679180887372,-402.0,1530.0,79156.0,78352.2,74421.18,78911.5997517252,77439.95086324339,1.7891010080125418,7.165728895994403,1246.142857142857,4596.513021616294,0.8049703097560422,33834,1.8179375859697386,1,33834,38.205418171305,37898,-10617.0,-21.883953416469136,-4732.2,0,61.22967001974241,1471.64888848181,1584.7718784535848,0,1,0,0,0,0,-1.54976552900168
2021-04-15,SILVER,2021-04-05,79637.0,80184.0,79391.0,79454.0,-0.14670110590064844,183.0,793.0,0.9957682986551477,0.31021437578814626,-527.0,2493.0,79405.3,78500.3,74609.82,79023.19978992132,77602.69524374387,1.448019943872822,6.737960230972267,1228.7857142857142,4447.443566103757,0.755585030614749,29435,1.5787624669135691,1,0,38.98083663961736,11919,-25979.0,-68.549791545728,-4655.8,0,58.40525696351511,1420.5045461774425,1551.9184119983565,0,1,0,0,0,0,-2.3205294021623115
2021-04-16,SILVER,2021-04-05,78894.0,79225.0,78473.0,78907.0,-0.9329834122330127,13.0,752.0,0.9531776814459908,0.5598404255319149,-455.0,682.0,79473.5,78579.7,74785.74,79003.3228991642,77698.347447911,0.39997607524590056,5.4933734693271665,1219.2857142857142,4313.11519608862,0.5728707641022498,26676,1.4198273384358266,0,0,31.743121865119253,60070,48151.0,403.98523366054195,-934.0,0,58.27950675278919,1304.9754512531945,1502.5298198493242,0,0,1,0,0,0,-1.0964078383654017
2021-04-19,SILVER,2021-04-05,78618.0,79121.0,78148.0,78148.0,-0.3498364894668815,470.0,973.0,1.2376300592739575,0.4830421377183967,-821.0,-338.0,79439.7,78658.3,74946.12,78944.04245313893,77766.46985917685,-0.05123426262708819,4.8993597000084925,1134.0714285714287,4064.396395918069,0.4900846285464487,24814,1.334003542791709,0,0,34.11575955540972,72613,12543.0,20.880639254203427,8025.0,0,47.02999183101879,1177.5725939620752,1437.5383746718744,0,0,1,0,0,0,-0.4413747487852655
2021-04-20,SILVER,2021-04-05,79016.0,79734.0,78276.0,78987.0,0.506245389096649,29.0,1458.0,1.845195909689177,0.5075445816186557,182.0,-536.0,79386.1,78741.25,75109.46,78955.1128449637,77859.02764738597,0.34892765862873654,5.201129125412423,1121.142857142857,3883.9636563959357,0.5707395908680953,19716,1.0949592222657258,0,19716,32.75531361035348,57003,-15610.0,-21.497527990855637,1697.6,0,54.91071428571429,1096.0851975777332,1369.2477392530463,0,0,0,0,0,0,-1.5022273969828894
2021-04-21,SILVER,2021-04-05,78518.0,78696.0,78262.0,78262.0,-0.6302521008403339,256.0,434.0,0.552739499223108,0.5898617511520737,-1236.0,-1638.0,79222.3,78804.2,75272.74,78887.86471496928,77907.84041424627,-0.3631786123074622,4.3113350198225735,1071.0,3634.589987734711,0.4212565926374618,81320,3.8992112392414473,1,0,55.92379005712094,58478,1475.0,2.587583109660896,4116.0,0,59.18203688853248,980.0243007230165,1291.4030515470404,0,1,1,0,0,0,-1.3958582745357753
2021-04-22,SILVER,2021-04-05,77789.0,78299.0,77102.0,77976.0,-0.9284495274968774,187.0,1197.0,1.5387779763205596,0.5739348370927319,-1848.0,-2375.0,78984.8,78825.4,75424.48,78718.80860497401,77899.0374205984,-1.3148046188157552,3.1349503503371907,1084.857142857143,3510.886623661412,0.2048039110647328,17487,0.8222675719901443,0,0,38.17611117484818,24434,-34044.0,-58.21676527925032,2503.0,0,47.03905921881562,819.7711843756115,1197.0766781127545,0,0,0,0,0,0,-0.17740297471364846
2021-04-23,SILVER,2021-04-05,78029.0,78388.0,77557.0,78150.0,0.3085269125454815,121.0,831.0,1.064988658063028,0.5679903730445247,-865.0,-1320.0,78852.8,78830.7,75588.7,78612.68420420878,77908.66427833185,-1.0169895738589116,3.2283926036563706,1081.0714285714287,3489.156278649054,0.27023098538010953,68535,2.823827525468423,1,68535,64.88594136309057,56246,31812.0,130.19562904149953,-764.8,1,43.0185268865793,704.019925876928,1098.4653276655893,0,1,1,0,0,0,-2.124851016929603
2021-04-26,SILVER,2021-04-05,78271.0,78807.0,77829.0,78344.0,0.3101411013853861,73.0,978.0,1.2495049251957941,0.45194274028629855,-347.0,-1168.0,78736.0,78884.15,75766.96,78560.11740356128,77935.50396141839,-0.7772790858493046,3.304923412527035,1064.142857142857,3186.859671905113,0.307600565093771,47110,1.7966275573149362,1,47110,68.9890029979593,46649,-9597.0,-17.062546669985423,-5192.8,0,39.8090692124105,624.6134421428869,1003.6949505610489,0,1,0,0,0,0,-3.991261131198017
2021-04-27,SILVER,2021-04-05,77829.0,78744.0,77507.0,78066.0,-0.5647046798942124,237.0,1237.0,1.5893818499531025,0.2603071948261924,-1187.0,-1005.0,78635.5,78819.25,75922.22,78447.6378030134,77927.6147790911,-1.256355522286751,2.5114913657688076,1077.2857142857142,3312.555222974741,0.20106158740178354,51305,1.8013858434702616,1,0,45.18929579037878,69030,22381.0,47.977448605543536,2405.4,0,30.997876857749475,520.0230239222874,906.9605652332966,0,1,1,0,0,0,-4.22721607626977
2021-04-28,SILVER,2021-04-05,77422.0,78738.0,76895.0,77276.0,-0.5229413200734889,146.0,1843.0,2.3804603342719126,0.28594682582745523,-1096.0,-2332.0,78402.3,78779.15,76063.14,78289.84737178056,77890.16183249177,-1.7227273967794707,1.7864894875494235,1169.857142857143,3505.939447640296,0.11289976045837408,33745,1.1366085984128909,0,0,41.93973228488919,63061,-5969.0,-8.646965087643055,916.6,0,28.978840846366154,399.68553928879555,805.5055600443965,1,0,0,1,0,0,-3.938157112965307
2021-04-29,SILVER,2021-04-05,77651.0,78080.0,77002.0,77923.0,0.29578156079668183,272.0,1078.0,1.3882628684756153,0.6020408163265306,-138.0,-1986.0,78203.7,78804.5,76219.6,78191.5631607374,77872.44614119608,-1.4637488975883357,1.8779946365501707,1171.642857142857,3331.817016520101,0.1537925119294915,17755,0.5879635532139303,0,17755,38.50142393530133,11999,-51062.0,-80.97239181110353,-2487.0,0,35.697439353099725,319.1170195413142,708.2278519437801,0,0,0,1,0,0,-3.850562130558525
2021-04-30,SILVER,2021-04-05,76371.0,76890.0,76058.0,76513.0,-1.6484011796370934,142.0,832.0,1.0894187584292467,0.3762019230769231,-1658.0,-2523.0,77951.4,78712.45,76335.38,77911.47652062394,77761.22790851489,-2.974688248174205,0.04666250433284715,1215.0,3955.9516733776254,-0.09188033457467569,33810,1.0812504896967798,0,0,48.481266685774585,24849,12850.0,107.09225768814066,-6279.4,0,28.47319674431658,150.24861210904783,596.6320039768336,1,0,1,1,0,0,-0.5185214282908435
2021-05-03,SILVER,2021-06-05,75147.0,75773.0,74778.0,75111.0,-1.6027025965353325,36.0,995.0,1.3240714865530228,0.3708542713567839,-3124.0,-3471.0,77604.3,78522.0,76421.24,77486.17244052795,77567.58139677304,-4.298158477878811,-1.6673898513031262,1194.7142857142858,5068.917708627327,-0.1658226063239754,35846,1.0984586155119052,0,0,49.78146108534787,62800,37951.0,152.7264678659101,3230.2,0,26.19754680438993,-81.40895624508266,461.0238119324504,1,0,1,1,0,1,2.1437981556149945
2021-05-04,SILVER,2021-06-05,74539.0,75017.0,74219.0,74708.0,-0.8090808681650685,169.0,798.0,1.0705805014824454,0.40100250626566414,-3290.0,-4477.0,77156.6,78271.35,76481.1,77032.76129583135,77343.24203404911,-4.7684753105702224,-2.539320171911761,1188.5,6091.126837241347,-0.11275197508288563,13107,0.39851684962807227,0,0,45.492421377002536,15445,-47355.0,-75.40605095541402,-10717.0,0,14.919951567334849,-310.48073821775324,306.7229019024097,1,0,0,1,0,1,2.8106092112853673
2021-05-05,SILVER,2021-06-05,74373.0,74829.0,73811.0,74208.0,-0.22270220958156006,165.0,1018.0,1.3687763032283222,0.5520628683693517,-3049.0,-4145.0,76742.1,77982.2,76526.72,76623.56725031884,77123.22410560102,-4.6282356742949,-2.8143372667742734,1204.5714285714287,6745.383837542729,-0.03506221245888206,23268,0.6980731584750276,0,0,21.999078670933407,28040,12595.0,81.54742635157008,-7004.2,0,14.822240042769309,-499.65685528218455,145.44695046549086,1,0,1,1,0,1,3.042770898040956
2021-05-06,SILVER,2021-06-05,74661.0,74976.0,74468.0,74538.0,0.3872373038602772,123.0,508.0,0.6804087810235598,0.3799212598425197,-2990.0,-3128.0,76429.3,77707.05,76591.6,76321.63382719287,76940.83713481575,-3.9199146023430345,-2.5206419502922066,1164.5,7035.995209596615,0.06707616914727291,29399,0.8810840699676475,0,29399,32.48363445037493,74315,46275.0,165.03209700427962,12463.2,1,19.880461078696456,-619.2033076228836,-7.48310115218402,1,0,1,1,0,1,1.478683650098445
2021-05-07,SILVER,2021-06-05,75975.0,76302.0,75590.0,75883.0,1.7599549965845673,92.0,712.0,0.9371503784139519,0.5407303370786517,-396.0,-2054.0,76223.9,77538.35,76691.7,76268.30554608628,76869.29364334792,-2.016228098740824,-0.9345209455521225,1212.2142857142858,7020.107214655349,0.2773039709797711,14624,0.45265661829229226,0,14624,-1.7340178738320753,10246,-64069.0,-86.2127430532194,-2920.6,0,33.61438313701177,-600.9880972616374,-126.18410037407472,0,0,0,0,0,0,-0.2737742678512669
2021-05-10,SILVER,2021-06-05,76758.0,77747.0,76106.0,76677.0,1.0306021717670255,81.0,1641.0,2.1378879074493864,0.3973187081048141,1611.0,-1513.0,76072.6,77404.3,76794.68,76343.6431543807,76861.0496697666,-0.8349665328670408,-0.04776372529971219,1234.642857142857,6815.422152426239,0.4051709511831303,32126,0.9613640920367118,0,32126,13.360119866487802,41153,30907.0,301.64942416552805,-4329.4,1,36.63905325443787,-517.4065153858974,-204.42858337643924,0,0,1,0,0,0,-1.5972276505380547
2021-05-11,SILVER,2021-06-05,76634.0,76756.0,76427.0,76472.0,-0.16154667917350762,162.0,329.0,0.4293133596053971,0.6291793313069909,2095.0,-1195.0,75953.1,77294.3,76884.58,76388.31343832213,76844.23117570982,-0.8542673909977875,-0.3259171084761102,1204.4285714285713,6710.034603408538,0.4015951423462725,28131,0.8498239540331972,0,0,11.22610969456247,15212,-25941.0,-63.03550166452021,-46.6,0,38.33580980683507,-455.91773738768825,-254.72641417868908,0,0,0,0,0,0,-1.0426181590416785
2021-05-12,SILVER,2021-06-05,76636.0,77315.0,75796.0,76823.0,0.0026098076571834383,187.0,1519.0,1.9820971867007673,0.5529953917050692,2263.0,-786.0,75874.5,77138.4,76974.52,76426.41906319566,76828.80664417577,-0.6512968897462149,-0.439781891462271,1211.7857142857142,6315.481982689584,0.42044946032986125,25714,0.7864534509414717,0,25714,13.789583567518452,13339,-1873.0,-12.312647909545094,-2940.2,0,42.15539529187644,-402.3875809801102,-284.2586475389733,0,0,0,0,0,0,-1.9690484889608018
2021-05-13,SILVER,2021-06-05,75765.0,76265.0,75342.0,75725.0,-1.1365415731509954,40.0,923.0,1.218240612419983,0.4582881906825569,1104.0,-1886.0,75685.9,76944.8,77044.7,76324.66228424248,76750.0061520146,-1.5333069941048685,-1.6609838184845904,1244.857142857143,5965.332492607675,0.30222393278798326,23570,0.7274040286517565,0,0,17.694276300221656,66238,52899.0,396.5739560686708,-1615.4,0,35.81453634085213,-425.3438677721133,-312.47569158560134,0,0,1,0,0,0,-0.21513891638619415
2021-05-14,SILVER,2021-06-05,75767.0,76050.0,75274.0,75821.0,0.0026397413053436125,54.0,776.0,1.024192590441749,0.6353092783505154,-208.0,-604.0,75625.5,76788.45,77092.86,76238.86808666671,76677.19088149499,-1.3302130724086723,-1.7198220431827287,1230.4285714285713,5756.924687072431,0.3225701992777962,17482,0.5472839289739287,0,17482,6.06880864645552,29394,-36844.0,-55.62366013466591,3829.6,0,33.82428940568475,-438.3227948282729,-337.6451122341357,0,0,0,0,0,1,1.6049203479087202
2021-05-17,SILVER,2021-06-05,75532.0,75620.0,75413.0,75446.0,-0.3101614159198629,86.0,207.0,0.2740560292326431,0.5748792270531401,-1226.0,385.0,75664.0,76634.15,77146.04,76130.11915025645,76592.36192731018,-1.4381969396150336,-2.0921877519571885,1167.357142857143,5590.336364985269,0.3028472835904395,39318,1.2035483831470166,0,0,17.957181665514867,63871,34477.0,117.29264475743348,4543.6,0,34.75375016593655,-462.2427770537324,-362.5646451980551,0,0,1,0,0,1,1.8177725996928455
2021-05-18,SILVER,2021-06-05,75835.0,76257.0,75544.0,75559.0,0.4011544775724296,276.0,713.0,0.940199116502934,0.40813464235624125,-799.0,1296.0,75793.6,76475.1,77195.58,76084.71620406315,76536.26104380572,-0.8370044628905431,-1.762510236985073,1087.5,5156.177923514624,0.3758576586194116,38414,1.1431615347302198,0,38414,24.070786606662626,44607,-19264.0,-30.160792848084416,5879.0,0,39.31888544891641,-451.54483974256436,-380.36068410695697,0,0,0,0,0,1,1.9120458891013385
2021-05-19,SILVER,2021-06-05,75127.0,75462.0,74344.0,75167.0,-0.9336058548163773,40.0,1118.0,1.4881467381899982,0.7003577817531306,-1509.0,754.0,75869.0,76305.55,77234.04,75937.37524959189,76431.87133685715,-1.5445141277403844,-2.728123506163854,1117.0,4911.003066154779,0.26001847603756745,26040,0.8443771421530321,0,0,13.097219102358915,62055,17448.0,39.114937117492765,9743.2,0,34.041476985331315,-494.4960872652591,-403.18776473861743,0,0,1,0,0,1,3.7296844010808363
2021-05-20,SILVER,2021-06-05,75602.0,76023.0,75250.0,75312.0,0.6322627018249038,290.0,773.0,1.0224597232877437,0.4553686934023286,-163.0,941.0,75963.1,76196.2,77285.34,75885.77905734698,76370.39938597885,-0.7798289153527304,-2.1780844853629375,1067.2142857142858,4741.3324531792605,0.3746765796603102,18407,0.5959793170213662,0,18407,7.531010215170639,14395,-47660.0,-76.80283619369914,-10368.6,0,44.58679431226243,-484.62032863186323,-419.4742775172666,0,0,0,0,0,1,2.621623766567022
2021-05-21,SILVER,2021-06-05,76983.0,77094.0,76861.0,76973.0,1.8266712520832673,10.0,233.0,0.3026642245690607,0.5236051502145923,1216.0,1008.0,76063.9,76143.9,77345.06,76054.58227929361,76415.77720923966,1.1019924117362072,-0.46811005124308863,1060.0,4486.2803535354615,0.687036906719114,38305,1.3040532719634506,0,38305,23.366709288750027,25290,10895.0,75.68600208405695,-820.8,1,62.64462809917355,-361.1949299460539,-407.8184080030241,0,0,1,0,0,1,1.0690671966538068
2021-05-24,SILVER,2021-06-05,76905.0,77093.0,76553.0,76695.0,-0.10132107088578479,210.0,540.0,0.7021650087770626,0.6518518518518519,1373.0,147.0,76078.6,76075.6,77388.54,76185.4157747869,76452.01593448117,1.0902312962368936,-0.6248211944559151,1032.2857142857142,4089.719156487321,0.7028012115903748,19166,0.6850725248958058,0,0,6.4022358210142425,75078,49788.0,196.86832740213524,2241.4,0,67.5780089153046,-266.60015969426604,-379.5747583412725,0,0,1,0,0,1,1.2118847929263377
2021-05-25,SILVER,2021-06-05,77285.0,77819.0,76699.0,77592.0,0.49411611728755744,307.0,1120.0,1.4491816005693212,0.5232142857142857,1450.0,651.0,76143.7,76048.4,77425.0,76354.58257866584,76513.71845785294,1.6260697134982536,-0.18082014853083628,1039.5714285714287,3918.681926630088,0.8155652903585959,11572,0.4452490289515755,0,11572,3.683552105066375,13691,-61387.0,-81.76429846293189,-6183.2,0,70.96774193548387,-159.13587918710255,-335.4869825104385,0,0,0,0,0,1,0.8539820146212072
2021-05-26,SILVER,2021-06-05,77929.0,78450.0,77335.0,78071.0,0.8332794203273597,142.0,1115.0,1.4307895648603215,0.5327354260089686,2802.0,1293.0,76273.0,76073.75,77450.84,76596.80064348648,76618.5541276416,2.4387518690744177,0.6173722583254146,1079.7142857142858,4090.7966281182307,0.9535180231761891,38002,1.4503030210511854,0,38002,27.38235944664539,17470,3779.0,27.602074355415972,-8917.0,1,72.38356164383562,-21.75348415512417,-272.74028283937565,0,0,1,0,0,0,-0.8520576422127835
2021-05-27,SILVER,2021-06-05,77584.0,77847.0,77291.0,77601.0,-0.4427106725352514,17.0,556.0,0.7166426067230357,0.5269784172661871,1982.0,1819.0,76454.9,76070.4,77469.02,76748.67746756549,76690.0686367052,1.9897358236580929,0.14842062026858727,1008.0714285714286,4069.4260089227755,0.871944347109698,31972,1.1879473798611484,0,0,26.629387897070565,13841,-3629.0,-20.772753291356615,-110.8,0,62.70731322066025,58.60883086029207,-206.47046009944214,0,0,0,0,0,0,-0.35832130336151785
2021-05-28,SILVER,2021-06-05,77806.0,78071.0,77331.0,78003.0,0.2861414724685485,197.0,740.0,0.9510834640002056,0.6418918918918919,823.0,2039.0,76658.8,76142.15,77479.02,76911.34247255542,76772.73021917147,2.1851891495052422,0.4220239233795109,934.3571428571429,4351.334367632458,0.8823769582904517,27923,1.0489757431637947,0,27923,27.945911699903768,73197,59356.0,428.84184668737805,9581.4,1,59.08145580589255,138.6122533839516,-137.4539174027634,0,0,1,0,0,0,-0.03855743772973806
2021-05-31,SILVER,2021-06-05,77837.0,78018.0,77481.0,77705.0,0.0398426856540679,132.0,537.0,0.6899032593753613,0.6629422718808193,932.0,2305.0,76889.3,76276.65,77494.84,77053.75132293151,76851.56501775136,2.045645685802937,0.4415261712908931,949.0714285714286,4496.0468765106925,0.8470493175131144,6909,0.27446672850676035,0,6909,7.929654316203388,65773,-7424.0,-10.142492178641206,-1861.0,0,60.595384886383655,202.18630518014834,-69.52587288618106,0,0,0,0,0,1,1.6508858255071497
2021-06-01,SILVER,2021-06-05,77945.0,78117.0,77824.0,78030.0,0.13875149350566218,85.0,293.0,0.37590608762589006,0.4129692832764505,660.0,2110.0,77100.3,76446.95,77506.6,77190.86650401897,76932.56020162163,1.9595942022539854,0.5656292496380878,861.5,4418.960768515186,0.8390050463162094,37848,1.433120657339215,0,37848,52.94029525352029,27776,-37997.0,-57.76990558435833,2817.0,0,61.31765519626491,258.3063023973373,-3.9594378294773946,0,0,0,0,0,1,2.676246070947463
2021-06-02,SILVER,2021-06-05,77265.0,78356.0,76578.0,77296.0,-0.8724100327153761,31.0,1778.0,2.3011712935999484,0.3863892013498313,-664.0,2138.0,77314.1,76591.55,77506.72,77202.27165724682,76957.18537187188,0.8792745413821721,-0.31186973206968527,896.0714285714286,4014.5336964574235,0.6677529822689681,7083,0.2766769855763127,0,0,48.03294978403173,37584,9808.0,35.3110599078341,4022.8,0,63.412017167381975,245.08628537494224,45.849706811406534,0,0,1,0,0,1,6.2382708859121205
2021-06-03,SILVER,2021-06-05,77306.0,77805.0,76876.0,77347.0,0.05306412994241505,41.0,929.0,1.2017178485499187,0.4628632938643703,-278.0,1704.0,77484.5,76723.8,77505.54,77218.22986382424,76983.02349247395,0.7588258141541439,-0.2574525640360594,907.0,3621.216451617569,0.6607747031359953,22140,0.8772729253921775,0,22140,72.22215093483678,14300,-23284.0,-61.95189442315879,91.8,0,63.66542354821524,235.20637135028664,83.72103971918256,0,0,0,0,0,1,5.2609111841254235
2021-06-04,SILVER,2021-06-05,77776.0,78310.0,76919.0,77974.0,0.6079735078777793,198.0,1391.0,1.7884694507303025,0.6161035226455788,-30.0,793.0,77563.8,76813.85,77502.6,77304.04065400512,77041.76249303143,1.2525735918717706,0.3527623589402087,981.0714285714286,3665.6216303424153,0.7624793546709068,7670,0.308160838261764,0,7670,54.87645098338768,13338,-962.0,-6.727272727272727,-11971.8,0,69.127173542448,262.27816097368486,119.43246397008302,0,0,0,0,0,1,5.7202736062538575
2021-06-07,SILVER,2021-06-05,79122.0,79901.0,78402.0,79238.0,1.7306109853939544,116.0,1499.0,1.8945426050908722,0.48032021347565046,1285.0,2217.0,77785.5,76932.05,77541.0,77583.7267072351,77195.8541602143,2.8466029437666056,2.038921344836925,1081.0714285714287,4205.379106759705,1.0207497218217219,19691,0.8114027406630584,0,19691,75.545677617143,72601,59263.0,444.31698905383115,1365.6,1,73.78781299753945,387.872547020801,173.12048058022663,0,0,1,0,0,1,4.169510376380779
2021-06-08,SILVER,2021-06-05,80031.0,80930.0,79142.0,80077.0,1.1488587245014115,46.0,1788.0,2.2341342729692246,0.49720357941834453,2086.0,2746.0,78060.1,77101.9,77559.08,77960.23029073738,77405.86496316138,3.7989984682608418,3.1871445612815394,1103.7142857142858,5021.123195795983,1.0833555333699922,39262,1.5815890817099305,1,39262,89.44696084327897,15487,-57114.0,-78.6683379016818,-2457.8,0,84.48663853727145,554.3653275760007,249.36944997938147,0,1,0,0,0,1,5.672801789306644
2021-06-09,SILVER,2021-06-05,82085.0,82241.0,81813.0,81813.0,2.566505479126846,272.0,428.0,0.5214107327769995,0.6355140186915887,4820.0,4156.0,78475.7,77374.35,77636.3,78594.81024600856,77752.46755848275,6.088128688641641,5.730180340897231,1197.5714285714287,6685.003518480546,1.2046593149842788,30595,1.2204583849420287,0,30595,64.39987001613552,46282,30795.0,198.8441919028863,1739.6,1,87.30578892853032,842.3426875258156,367.9640974886683,0,0,1,0,0,1,2.0868611804836448
2021-06-10,SILVER,2021-06-05,81373.0,82052.0,80914.0,81217.0,-0.8673935554608048,156.0,1138.0,1.398498273383063,0.4033391915641476,4067.0,3789.0,78854.6,77654.75,77720.88,79022.22405431494,78020.65514674329,4.788181019190713,4.699020391946148,1174.642857142857,7392.469667808327,1.0029780529491659,38440,1.4892327003577799,0,0,68.55077307583893,38804,-7478.0,-16.157469426558922,4900.8,0,77.36907730673317,1001.5689075716509,494.6850595052648,0,0,0,0,0,1,2.001892519631819
2021-06-11,SILVER,2021-06-05,82225.0,82851.0,81621.0,82205.0,1.0470303417595472,20.0,1230.0,1.4958954089388872,0.49105691056910566,4449.0,4419.0,79296.5,77977.65,77801.14,79514.95881518956,78332.08809883638,5.446881253795166,5.686112054399204,1241.642857142857,8214.673318295041,1.0170442981025989,13630,0.5320197428896518,0,13630,63.3629793338381,19915,-18889.0,-48.6779713431605,1315.4,0,80.247896292927,1182.87071635318,632.3221908748478,0,0,0,0,0,0,0.266342353298875
2021-06-14,SILVER,2021-06-05,82421.0,82552.0,82085.0,82436.0,0.2383703253268532,15.0,467.0,0.5666031715218208,0.7194860813704497,3299.0,4584.0,79754.9,78322.1,77870.44,79962.04207439117,78634.97046188553,5.233388788094285,5.843757913786024,1195.0,8779.054393389873,0.9668953871713373,36250,1.4234693777377243,0,36250,87.48441967776262,21158,1243.0,6.241526487572191,-10288.6,1,79.82578397212544,1327.0716125056351,771.2720752010054,0,0,1,0,0,0,-2.3938074034530037
2021-06-15,SILVER,2021-06-05,84571.0,84896.0,83958.0,84380.0,2.608558498440927,191.0,938.0,1.1091272421988625,0.6535181236673774,4540.0,6626.0,80417.5,78758.9,77970.82,80671.11252448484,79074.67635359772,7.379610431329038,8.464935985026184,1288.5714285714287,10076.338424353278,1.0768067481688457,33798,1.339322334125218,0,33798,42.027285085701294,20547,-611.0,-2.887796578126478,1012.0,0,82.82918149466192,1596.4361708871147,936.3048943382273,0,0,0,0,0,0,-5.433304560665003
2021-06-16,SILVER,2021-06-05,83798.0,84203.0,83550.0,84203.0,-0.914024902153221,405.0,653.0,0.7792548748180148,0.37978560490045943,1713.0,6533.0,81070.8,79192.45,78043.66,81152.17213610256,79424.55217925715,5.815642779078059,7.3732318550923885,1315.9285714285713,10423.151435752312,0.9418577268485775,38212,1.478577992744861,0,0,51.46184642241762,12459,-8088.0,-39.36341071689298,-6764.6,0,79.46699544764795,1727.619956845403,1094.5679068396626,0,0,0,0,0,0,-5.378409985918518
2021-06-17,SILVER,2021-06-05,83002.0,83718.0,82619.0,83254.0,-0.949903338981839,252.0,1099.0,1.324064480373967,0.34849863512283896,1629.0,5696.0,81640.4,79562.45,78100.42,81436.76103824063,79689.548314127,4.323082056925099,6.27599697927361,1347.2857142857142,10377.94491166086,0.8314288165217815,16982,0.6589193908235522,0,0,24.64805854123153,38768,26309.0,211.1646199534473,-7.2,0,73.36751214247167,1747.2127241136332,1225.0968702944567,0,0,1,0,0,0,-4.279414953856533
2021-06-18,SILVER,2021-06-05,82444.0,82601.0,81986.0,82544.0,-0.6722729572781416,100.0,615.0,0.7459608946678958,0.7447154471544716,219.0,4668.0,82107.2,79835.5,78162.32,81591.7208785113,79893.5817723398,3.267343475020511,5.477933613024783,1381.5,10384.379321593151,0.7511945990431914,13655,0.5564384678076609,0,0,29.224607364859757,73146,34378.0,88.67622781675608,10646.2,0,69.78102189781022,1698.1391061714967,1319.7053174698647,0,0,1,0,0,0,-3.2227936538741444
2021-06-21,SILVER,2021-06-05,80448.0,80788.0,80077.0,80460.0,-2.421037310174179,12.0,711.0,0.8838007159904534,0.5218002812939522,-1973.0,1326.0,82239.8,80012.65,78182.5,81415.7638202788,79934.64978920353,0.5441014639560193,2.897707287436447,1529.642857142857,10019.523785300611,0.5434501688232625,58955,2.2222473515282073,1,0,46.72651768325252,60870,-12276.0,-16.7828726109425,7942.4,0,59.24776472326904,1481.1140310752671,1351.9870601909452,0,1,0,0,0,1,1.394689737470167
2021-06-22,SILVER,2021-06-05,79976.0,80425.0,79666.0,79942.0,-0.5867143993635637,34.0,759.0,0.9490347104131239,0.40843214756258234,-4595.0,-55.0,82234.3,80147.2,78205.34,81194.26169408206,79937.71276778103,-0.21360696318773095,2.264116491277966,1458.5,9686.16320542348,0.482325302974026,22520,0.8317067901177575,0,0,30.607321837225307,60460,-410.0,-0.6735666173813049,7982.6,0,60.172607879924946,1256.548926301024,1332.899433412961,0,0,0,0,0,1,3.154696408922677
2021-06-23,SILVER,2021-06-05,79291.0,79725.0,79033.0,79140.0,-0.8565069520856228,151.0,692.0,0.8727346104854271,0.37283236994219654,-4507.0,-2794.0,81954.9,80215.3,78196.08,80901.45220268483,79889.80811831576,-1.1522739427515734,1.4002236429242978,1459.5,9498.28803189483,0.40268772678863346,13740,0.5312454690445121,0,0,28.91604314499848,70817,10357.0,17.130334105193512,11671.6,0,57.10501825470685,1011.6440843690652,1268.648363604182,0,0,1,0,0,1,3.3736489639429443
2021-06-24,SILVER,2021-06-05,79450.0,80118.0,78963.0,79462.0,0.20052717206240356,12.0,1155.0,1.4537444933920705,0.42164502164502166,-3552.0,-1923.0,81762.6,80308.6,78192.34,80678.15186381024,79857.22973918126,-1.0691258470450309,1.6084184205255956,1442.642857142857,9205.083208977798,0.40672544935144034,98077,3.3623710103191744,1,98077,87.73253914274144,48247,-22570.0,-31.870878461386386,1895.8,0,56.128276468004096,820.9221246289817,1179.1031158091419,0,1,0,0,0,1,2.117054751415985
2021-06-25,SILVER,2021-06-05,79787.0,80272.0,79555.0,79828.0,0.424166142227822,41.0,717.0,0.8986426360183989,0.32357043235704325,-2657.0,-2438.0,81518.8,80407.65,78210.2,80541.0515770702,79852.02753627894,-0.7718792925797411,2.0161053161863838,1349.5714285714287,8917.584782769904,0.4304015588167794,70530,2.2534014284641697,1,70530,91.37804198020388,25419,-22828.0,-47.314858954960926,-9545.4,0,52.628666297731044,689.0240407912643,1081.0873008055664,0,1,0,0,0,1,2.2948600649228568
2021-06-28,SILVER,2021-06-05,81570.0,82040.0,81079.0,81368.0,2.2346998884529956,202.0,961.0,1.1781292141718769,0.5109261186264308,1122.0,-851.0,81433.7,80594.3,78269.24,80699.35133444401,79979.28475581383,1.2106315210877159,4.217186726228586,1381.357142857143,8631.886648687185,0.6130343851478159,64092,1.8763118989416983,1,64092,73.86949423682623,45577,20158.0,79.30288366969589,-3058.6,1,55.690305405605265,720.0665786301834,1008.8831563704899,0,1,1,0,0,0,-1.4453843324751747
2021-06-29,SILVER,2021-06-05,82499.0,82645.0,82414.0,82554.0,1.1388991050631292,55.0,231.0,0.2800033939805331,0.36796536796536794,2523.0,-2072.0,81226.5,80822.0,78338.9,80976.22035991416,80165.93032945725,2.0749300932914307,5.3103885808966,1300.2857142857142,8413.129488452454,0.6993312954830646,54692,1.5625973194821818,1,54692,73.0792663273771,12921,-32656.0,-71.65017443008534,-9507.8,0,51.66962413292466,810.2900304569193,969.1645311877759,0,1,0,0,0,0,-0.42788397435120423
2021-06-30,SILVER,2021-06-05,81966.0,82435.0,81612.0,81940.0,-0.6460684371931813,26.0,823.0,1.0040748603079326,0.43013365735115433,2675.0,-1832.0,81043.3,81057.05,78407.86,81128.4941506966,80299.26882357153,1.1213706889160129,4.537988921008684,1280.0,7765.166752538644,0.6170547946961779,57025,1.5207558843452147,1,0,72.1998425034545,14676,1755.0,13.58254005107964,-11228.2,0,52.4265488174155,829.2253271250665,941.1766903752341,0,1,1,0,0,1,1.6311641412292903
2021-07-01,SILVER,2021-08-05,81132.0,81878.0,80236.0,80822.0,-1.017495058926876,310.0,1642.0,2.023862347778928,0.5456760048721072,1682.0,-1870.0,80856.3,81248.35,78474.72,81129.03351212789,80360.95261441809,-0.14320290812060282,3.3861605367945224,1298.0,6916.46289583543,0.4831778176573371,14884,0.40080786320183115,0,0,70.36577213124964,59684,45008.0,306.6775688198419,2287.4,0,45.52085894598804,768.0808977098059,906.5575318421485,0,0,1,0,0,1,2.140955479958586
2021-07-02,SILVER,2021-08-05,81618.0,81755.0,81419.0,81478.0,0.5990238130454184,140.0,336.0,0.41167389546423583,0.5922619047619048,1831.0,-826.0,80773.7,81440.45,78546.5,81204.25912564668,80454.0672355723,0.2180120566622642,3.9104224885895613,1309.142857142857,6097.340987330797,0.5291192505665864,7723,0.207956076919245,0,7723,67.51369866623328,23463,-36221.0,-60.68795657127538,-391.2,0,46.78568569369946,750.1918900743767,875.2844034885942,0,0,0,0,0,0,-0.4508809331274964
2021-07-05,SILVER,2021-08-05,80391.0,80810.0,80161.0,80325.0,-1.5033448504006452,66.0,649.0,0.8073043002326131,0.3543913713405239,-1179.0,-57.0,80768.0,81503.9,78588.9,81079.14233708565,80449.39558849287,-1.3654561315470723,2.293071922370724,1236.4285714285713,5788.84428425596,0.30775091791175463,9761,0.2663944772475755,0,0,36.97790827509349,35474,12011.0,51.19123726718664,-2020.6,0,31.932918395573992,629.7467485927773,826.1768725094308,0,0,1,0,0,1,2.7005510567103284
2021-07-06,SILVER,2021-08-05,82146.0,82887.0,81466.0,82456.0,2.1830801955442736,310.0,1421.0,1.7298468580332578,0.47853624208304013,-353.0,2170.0,80985.0,81609.65,78675.24,81243.27428522632,80575.06998934525,0.6572139446744422,4.411502271871042,1341.7857142857142,5642.931268875924,0.5950481185121447,12630,0.3576935984740672,0,12630,46.0972936958863,50935,15461.0,43.58403337655747,7602.8,1,43.41832669322709,668.2042958810634,794.5823571837575,0,0,1,0,0,0,0.3968543812236749
2021-07-07,SILVER,2021-08-05,83303.0,83774.0,82631.0,83396.0,1.408467849925743,93.0,1143.0,1.372099444197688,0.5879265091863517,1337.0,4012.0,81386.2,81670.55,78792.86,81560.15516442226,80777.13887902339,1.9988233212583937,5.724046569701873,1373.857142857143,5831.347227202728,0.7799438854172085,21375,0.6133684184851306,0,21375,56.920040855444654,77005,26070.0,51.182880141356634,12465.8,1,51.165672682208964,783.0162853988732,792.2691428267807,0,0,1,0,0,0,0.46576954011260097
2021-07-08,SILVER,2021-08-05,82869.0,83431.0,82222.0,82647.0,-0.5209896402290415,222.0,1209.0,1.4589291532418636,0.5351530190239868,1737.0,3419.0,81728.1,81745.35,78897.22,81761.5159083573,80932.09155465128,1.374573599599236,5.034119072890019,1387.642857142857,5919.909000011365,0.6898086609097939,30218,0.877474958221355,0,0,-0.32352358695683775,68596,-8409.0,-10.920070125316538,1782.4,0,51.66184406037382,829.4243537060102,799.7001850026267,0,0,0,0,0,0,-0.843499981899142
2021-07-09,SILVER,2021-08-05,81250.0,81622.0,80820.0,81329.0,-1.9536859380468008,79.0,802.0,0.9870769230769232,0.5361596009975063,-368.0,1463.0,81874.4,81696.6,78994.8,81682.8211532254,80955.64032838083,-0.5466567764142031,2.854871459893559,1364.9285714285713,5917.616646838636,0.42453042725594725,35565,1.0008667706040941,0,0,4.25466308288558,65152,-3444.0,-5.020700915505271,8337.8,0,53.23126510878324,727.1808248445741,785.1963129710161,0,0,0,0,0,0,0.4529230769230769
2021-07-12,SILVER,2021-08-05,82562.0,83155.0,81848.0,82307.0,1.6147692307692418,255.0,1307.0,1.5830527361255782,0.5462892119357307,2171.0,992.0,81973.6,81703.65,79143.1,81818.07943734458,81074.62993368597,1.0505650604348837,4.319896491292347,1445.142857142857,5933.47432081608,0.6446622928810367,37975,1.0661010739617272,0,37975,5.845098649278326,62576,-2576.0,-3.953831041257372,5420.4,0,59.758490566037736,743.4495036586159,776.8469511085361,0,0,0,0,0,0,-1.1143140912284102
2021-07-13,SILVER,2021-08-05,82472.0,83279.0,82055.0,82651.0,-0.10900898718538832,179.0,1224.0,1.4841400717819382,0.34068627450980393,326.0,-27.0,81970.9,81598.7,79301.76,81918.68260083003,81178.13882748701,1.070237638589834,3.9976918545061366,1465.2142857142858,5347.356667205779,0.6633143353529735,32073,0.9025952462697908,0,0,5.757559970000754,76627,14051.0,22.454295576578875,5138.4,0,62.56815487949427,740.5437733430153,769.5863155554321,0,0,1,0,0,0,-0.9275875448637113
2021-07-14,SILVER,2021-08-05,83691.0,84224.0,83375.0,83612.0,1.4780774080900283,79.0,849.0,1.0144459977775389,0.37220259128386335,388.0,1725.0,82143.4,81593.35,79488.12,82191.34681608695,81364.2766921176,2.570859022211974,5.287431631292834,1507.857142857143,5311.030551200383,0.8949610117618114,9190,0.26963509774639044,0,9190,-1.8036721969487886,35772,-40855.0,-53.316716040038116,-8246.6,0,65.46117389719285,827.070123969359,781.0830772382175,0,0,0,0,0,0,-2.8581328936205805
2021-07-15,SILVER,2021-08-05,82170.0,82744.0,81857.0,82154.0,-1.817399720400048,16.0,887.0,1.0794693927224046,0.3528748590755355,-699.0,1038.0,82247.2,81551.75,79638.3,82188.06269053512,81423.9599001089,0.7581075819954813,3.1789980449105477,1580.142857142857,5175.609661519644,0.6194545262168152,6883,0.20498449140289146,0,0,3.0759071830741957,26363,-9409.0,-26.30269484513027,-8446.6,0,57.997181018860324,764.1027904262301,777.68701987582,0,0,0,0,0,0,-0.3139832055494706
2021-07-16,SILVER,2021-08-05,81618.0,82253.0,80863.0,81834.0,-0.6717780211756064,216.0,1390.0,1.7030556984978802,0.5431654676258992,368.0,0.0,82247.2,81510.45,79751.16,82100.36073814511,81438.33324084157,0.131946271919739,2.340831155308583,1518.5,5107.98350984382,0.5210552754903649,7886,0.23689008912666681,0,0,9.344327272328135,38490,12127.0,46.00007586390016,-5332.4,0,50.17559262510974,662.0274973035412,754.5551153613643,0,0,1,0,0,0,-0.8576539488838247
2021-07-19,SILVER,2021-08-05,81642.0,82355.0,81041.0,81432.0,0.02940527824744077,210.0,1314.0,1.609465716175498,0.4573820395738204,-920.0,1251.0,82372.3,81570.15,79848.84,82029.8437015074,81453.41966744591,0.08808369238012413,2.245693237372019,1535.5714285714287,5009.538232737395,0.5143426393136328,13953,0.44952254539362624,0,13953,14.398837041852676,69004,30514.0,79.27773447648741,1285.6,1,46.64263887800674,576.4240340614924,718.9288991013899,0,0,1,0,0,0,-1.0264324734817862
2021-07-20,SILVER,2021-08-05,81707.0,82220.0,81479.0,81479.0,0.07961588398128772,228.0,741.0,0.9068990416977738,0.3076923076923077,-765.0,-439.0,82328.4,81656.7,79950.3,81980.17543973702,81472.20339578325,0.06159935437018997,2.1972400353719714,1525.142857142857,4779.647218868398,0.5105237892456657,13381,0.43753566155974055,0,13381,11.049641332484494,63806,-5198.0,-7.532896643672826,-2564.2,0,48.94672631150874,507.97204395377776,676.7375280718675,0,0,0,0,0,0,-0.9423917167439754
2021-07-21,SILVER,2021-08-05,81299.0,81439.0,81169.0,81205.0,-0.4993452213396643,94.0,270.0,0.3321074059951537,0.48148148148148145,-2392.0,-2004.0,82128.0,81757.1,80043.56,81875.37921823903,81459.37351461411,-0.5603183087462811,1.5684459811632596,1440.0,4250.897594378068,0.39223452463172576,28238,0.9019549597461315,0,0,15.228707406424553,10260,-53546.0,-83.9200075228035,-5102.4,0,50.70351335411577,416.00570362492,624.591163182478,0,0,0,0,0,0,0.17835397729369365
2021-07-22,SILVER,2021-08-05,81912.0,82491.0,80994.0,82082.0,0.7540068143519596,170.0,1497.0,1.8275710518605333,0.6132264529058116,-258.0,-957.0,82032.3,81880.2,80166.5,81881.0131846638,81492.90140242048,0.03883722804780999,2.177343404040341,1502.4285714285713,3654.1530748904624,0.5087024268957195,18795,0.6873675414038828,0,18795,7.747556023588021,32320,22060.0,215.00974658869393,1191.4,1,51.22540846948983,388.11178224331525,577.2952869946455,0,0,1,0,0,0,0.2807891395644106
2021-07-23,SILVER,2021-08-05,80918.0,81249.0,80466.0,80673.0,-1.2134974118566233,245.0,783.0,0.9676462591759558,0.5772669220945083,-700.0,-332.0,81999.1,81936.75,80269.52,81732.85731010014,81450.3161133523,-1.2433370862280966,0.8078782581482933,1501.642857142857,3223.189103976765,0.18393104867999585,35428,1.3845363221934983,0,0,14.827774943895964,52145,19825.0,61.339727722772274,2731.0,0,52.240074810847574,282.54119674784306,518.344468945285,0,0,1,1,0,0,0.21503250203910135
2021-07-26,SILVER,2021-08-05,80804.0,80901.0,80346.0,80346.0,-0.14088336340493113,458.0,555.0,0.6868471857828821,0.8252252252252252,-838.0,-1758.0,81823.3,81898.45,80374.96,81589.95618546935,81402.44084569656,-1.3363500774434645,0.5337980883598493,1364.2142857142858,3366.229181927105,0.17487359272031372,14638,0.6332506332290028,0,0,8.281902629710283,73688,21543.0,41.313644644740634,936.8,0,43.37087532108279,187.5153397727845,452.17864311078495,0,0,1,1,0,0,-1.3972080590069798
2021-07-27,SILVER,2021-08-05,80937.0,81718.0,80302.0,80864.0,0.16459581208851937,73.0,1416.0,1.7495088772749177,0.4484463276836158,-770.0,-1535.0,81669.8,81820.35,80477.0,81489.50138770483,81367.96374601533,-1.079621390033171,0.5715918833952558,1349.0714285714287,3421.0356757466507,0.24178872022221393,9931,0.475677280913515,0,9931,6.620479787056214,58581,-15107.0,-20.50130279014222,-1045.0,0,36.99714222906133,121.53764168950147,386.0504428265283,0,0,0,0,0,0,-0.05806985680220419
2021-07-28,SILVER,2021-08-05,81444.0,81749.0,81124.0,81534.0,0.6264131361429337,90.0,625.0,0.7673984578360591,0.512,145.0,-2247.0,81445.1,81794.25,80603.34,81482.50117421178,81373.59606112531,-0.428208584344254,1.042959261985922,1320.7142857142858,3434.1553470049694,0.3980098555222717,31411,1.6028555536845113,1,31411,35.38438310858826,30754,-27827.0,-47.50174971407112,4098.8,0,42.230945371279034,108.90511308646819,330.6213768785163,0,1,0,0,0,0,-0.2701242571582928
2021-07-29,SILVER,2021-08-05,82142.0,82679.0,81666.0,82339.0,0.8570305977113168,197.0,1013.0,1.2332302597940152,0.4698914116485686,230.0,-28.0,81442.3,81844.75,80734.14,81583.96253202534,81430.51487141234,0.36318762046435477,1.7438223779927555,1262.5714285714287,3388.6547245330003,0.5877191759455412,25534,1.268492851252397,0,25534,36.02371982688199,79837,49083.0,159.59875138193405,9503.4,1,55.40606060606061,153.4476606130047,295.186633625414,0,0,1,0,0,0,-1.9527160283411653
2021-07-30,SILVER,2021-08-05,81092.0,81624.0,80742.0,81017.0,-1.278274208078689,75.0,882.0,1.0876535293247176,0.3968253968253968,174.0,-526.0,81389.7,81818.45,80816.32,81508.27598863683,81405.43969575217,-0.8878804230586098,0.3411192194843727,1226.5,3450.391031996056,0.28945864591476617,34181,1.5933489649128532,1,0,37.952971507852816,17207,-62630.0,-78.44733644801283,-6987.6,0,40.79869804707061,102.83629288466182,256.7165654772636,0,1,0,0,0,1,1.1530113944655453
2021-08-02,SILVER,2021-08-05,79675.0,80051.0,79043.0,79609.0,-1.7473980170670367,66.0,1008.0,1.2651396297458424,0.626984126984127,-1129.0,-1967.0,81193.0,81782.65,80871.72,81226.23352884655,81277.2589775483,-2.577135859500755,-1.4797756249032432,1285.4285714285713,3746.5554200870974,-0.0625567391049021,24996,1.12523380473169,0,0,27.57242544896176,37920,20713.0,120.37542860463763,-7153.6,0,34.98658078368223,-51.025448701751884,195.1681626414605,0,0,1,1,0,1,3.116410417320364
2021-08-03,SILVER,2021-08-05,80890.0,81650.0,80437.0,81077.0,1.5249450894257999,187.0,1213.0,1.4995673136358019,0.3734542456718879,-47.0,-817.0,81111.3,81719.85,80943.82,81174.50529363939,81248.57312735954,-1.01548155068812,-0.06649056098415787,1301.357142857143,3811.835148585844,0.2822964615067699,11553,0.5213400601077608,0,11553,22.6043126407856,34016,-3904.0,-10.295358649789033,-4913.0,0,34.95865105788852,-74.06783372015343,141.32096336913773,0,0,0,0,0,1,2.997898380516751
2021-08-04,SILVER,2021-08-05,81224.0,81461.0,80824.0,80920.0,0.4129064161206619,304.0,637.0,0.7842509603072984,0.6279434850863422,-220.0,-75.0,81103.8,81615.9,81009.72,81182.11986384871,81246.75289570329,-0.4801760441286492,0.26451146850032176,1215.857142857143,3527.679398249893,0.3889071381615862,23073,1.037217184908137,0,23073,21.472692058684963,70522,36506.0,107.3200846660395,7953.6,1,44.17774495322501,-64.63303185458062,100.13016432439406,0,0,1,0,0,1,2.6802422929183494
2021-08-05,SILVER,2021-08-05,80538.0,80908.0,80286.0,80475.0,-0.8445779572540113,63.0,622.0,0.7723062405324195,0.40514469453376206,-1604.0,-1374.0,80966.4,81499.35,81068.8,81083.02450017969,81194.25268120675,-1.1795799598401775,-0.6547525065129901,1183.5714285714287,3445.5525017186883,0.2209881435501356,12130,0.5683974752468288,0,0,20.073994480063543,64068,-6454.0,-9.151754062562034,-3153.8,0,43.4608864131751,-111.22818102706515,57.85849525410222,0,0,0,0,0,1,6.096501030569421
2021-08-06,SILVER,2021-08-05,82027.0,82400.0,81707.0,82058.0,1.848816707641121,31.0,693.0,0.8448437709534665,0.46176046176046176,935.0,1109.0,81077.3,81538.2,81153.22,81228.25150015205,81255.93766778403,0.5994736209531274,1.0767040420577259,1222.7142857142858,3468.2139435002173,0.6409370955664553,34405,1.6165712057210786,1,34405,29.58786183046435,30102,-33966.0,-53.01554598239371,2579.0,0,51.97984161267099,-27.686167631982244,40.74956267688533,0,1,0,0,0,1,6.349128945347264
2021-08-09,SILVER,2021-08-05,82158.0,82592.0,81666.0,82232.0,0.15970351225815804,74.0,926.0,1.127096570023613,0.531317494600432,2483.0,1354.0,81212.7,81518.0,81239.64,81371.28973089789,81322.75709980003,0.7851026767094383,1.1304333697195121,1235.9285714285713,3385.6263355847623,0.6890344463809411,10789,0.5415240370619472,0,10789,28.591983053369255,11924,-18178.0,-60.38801408544283,-5199.2,0,52.30360608846664,48.53263109785621,42.306176361079515,0,0,0,0,0,1,5.897173738406485
2021-08-10,SILVER,2021-08-05,83315.0,83582.0,82722.0,83230.0,1.4082621290683717,85.0,860.0,1.0322270899597912,0.6895348837209302,2425.0,2378.0,81450.5,81560.15,81347.04,81670.32207999052,81470.33064796298,2.1516022224088673,2.4192152535605556,1299.2142857142858,3658.61504426194,0.9796487137263208,33930,1.6951227127958535,1,33930,53.25628402555947,64333,52409.0,439.5253270714526,6063.4,1,59.565382425507686,199.99143202754203,73.84322749437203,0,1,1,0,0,1,5.641241073036068
2021-08-11,SILVER,2021-08-05,83401.0,83668.0,83276.0,83406.0,0.10322270899598696,5.0,392.0,0.47001834510377577,0.31887755102040816,2177.0,1957.0,81646.2,81545.65,81469.76,81936.58022153044,81613.34319255831,2.2752286602657605,2.3704991889015083,1220.2857142857142,3523.0657164037984,1.0266294044307158,22529,1.0892415100177921,0,22529,28.266889000653908,56099,-8234.0,-12.799030046787808,-2884.6,0,57.4368194985516,323.23702897212934,123.72198778992349,0,0,0,0,0,1,6.3536408436349685
2021-08-12,SILVER,2021-08-05,85448.0,86142.0,84549.0,85023.0,2.4544070214985503,425.0,1593.0,1.8642917329838031,0.5643440050219711,4910.0,3306.0,81976.8,81709.55,81632.6,82476.7986489873,81897.3918449614,4.5752913827086275,4.673868038014217,1312.7857142857142,4945.215567649284,1.2559731115578194,12942,0.6166924376314855,0,12942,25.88248545976986,67346,11247.0,20.048485712757813,655.6,1,70.47180043383948,579.4068040259008,214.85895103711897,0,0,1,0,0,1,5.499251006460069
2021-08-13,SILVER,2021-08-05,87235.0,87548.0,87004.0,87120.0,2.091330399775293,115.0,544.0,0.6236029116753596,0.42463235294117646,5208.0,6143.0,82591.1,81990.4,81821.78,83208.82962606617,82292.77022681611,6.396602529076582,6.615866826656669,1421.9285714285713,6987.819827158994,1.2505345200252937,12548,0.5913498356445209,0,12548,22.191585182112924,60062,-7284.0,-10.81578712915392,5992.0,0,75.24534819816283,916.0593992500653,355.09904067970825,0,0,0,0,0,1,2.2066830973806386
2021-08-16,SILVER,2021-08-05,87003.0,87958.0,86247.0,87082.0,-0.26594830056743124,79.0,1711.0,1.9665988529131178,0.4418468731735827,4845.0,7328.0,83323.9,82258.45,81979.4,83792.54814513291,82641.67613594084,5.767857283962928,6.127880906666804,1443.0,8287.108108381013,1.0725217938452727,23296,1.0742216319905562,0,0,33.4442590139521,10306,-49756.0,-82.84106423362525,-323.6,0,73.62885634153942,1150.8720091920695,514.2536343821805,0,0,0,0,0,1,3.326322080847787
2021-08-17,SILVER,2021-08-05,88015.0,88598.0,87296.0,87842.0,1.1631782812086877,173.0,1302.0,1.4792933022780208,0.5522273425499232,4700.0,7125.0,84036.4,82573.85,82139.08,84442.15612280478,83039.70012587115,6.589434790796353,7.153622855283986,1498.9285714285713,9728.835860471387,1.059280686614067,37244,1.6278292186690735,1,37244,44.8096134596744,79767,69461.0,673.986027556763,3086.8,1,74.62708942358144,1402.455996933626,691.8941068924696,0,1,1,0,0,1,3.4300971425325226
2021-08-18,SILVER,2021-08-05,88700.0,89932.0,87756.0,88711.0,0.7782764301539569,11.0,2176.0,2.4532130777903043,0.4338235294117647,5299.0,7476.0,84784.0,82943.9,82271.38,85097.20902698865,83458.98159802884,6.939750843642517,7.813920223533379,1566.142857142857,11071.552919175301,1.0198999672422435,5296,0.24369088620933213,0,5296,26.26015147825901,22207,-57560.0,-72.16016648488723,-6778.4,0,74.60234093637455,1638.2274289598136,881.1607713059385,0,0,0,0,0,1,0.57271702367531
2021-08-19,SILVER,2021-08-05,90147.0,90402.0,89623.0,90228.0,1.6313416009019255,81.0,779.0,0.8641441201592954,0.6726572528883183,4699.0,9609.0,85744.9,83355.65,82446.86,85874.09994591348,83954.39036854522,8.147438116072523,9.339518812481154,1587.7142857142858,12748.31573767148,1.0327252744400937,7409,0.350089660565653,0,7409,34.9927280417028,49426,27219.0,122.56946008015493,-3584.0,1,82.9872495446266,1919.7095773682522,1088.8705325184012,0,0,1,0,0,0,-2.373900407112827
2021-08-20,SILVER,2021-08-05,89160.0,89571.0,88711.0,89099.0,-1.0948783653366156,61.0,860.0,0.9645580978017049,0.522093023255814,1925.0,7133.0,86458.2,83767.75,82585.56,86379.62303115756,84339.99108198631,6.437143172641023,7.960762147765302,1543.9285714285713,13528.722933467157,0.89857790173681,39229,1.837148530431036,1,0,59.57693285399132,16336,-33090.0,-66.94856957876421,-8745.2,0,85.6713050018804,2039.6319491712493,1279.0228158489708,0,1,0,0,0,0,-3.589053387169134
2021-08-23,SILVER,2021-08-05,89897.0,90543.0,89506.0,89928.0,0.8266038582323887,31.0,1037.0,1.153542387398912,0.3770491803278688,2894.0,7739.0,87232.1,84222.4,82735.08,86920.75794944102,84751.62137220956,6.737637493113478,8.65644899358289,1501.642857142857,14275.294604389055,0.8975119363389743,89615,3.570027149177059,1,89615,79.28512087983161,27256,10920.0,66.8462291870715,3390.0,1,85.13692751813997,2169.1365772314603,1457.0455681254687,0,1,1,0,0,0,-4.656440148169572
2021-08-24,SILVER,2021-08-05,91034.0,91472.0,90499.0,90859.0,1.2647808046987175,175.0,973.0,1.0688314256211964,0.5498458376156218,3019.0,7719.0,88004.0,84727.25,82864.34,87553.56441875779,85216.98275204588,7.44359105246541,9.85907810283652,1568.642857142857,15148.391993871628,0.9163313177102516,80417,2.8091950248634565,1,80417,56.810032460921,59817,32561.0,119.46360434399766,-3990.0,1,86.01321585903084,2336.581666711907,1632.9527878427566,0,1,1,0,0,0,-5.03328426741657
2021-08-25,SILVER,2021-08-05,89208.0,90010.0,88702.0,89171.0,-2.005843970384691,37.0,1308.0,1.4662362119989238,0.38685015290519875,508.0,5807.0,88584.7,85115.45,82972.54,87808.09296971813,85512.61365930174,4.808233992770998,7.515088726945092,1668.2142857142858,15322.045182986098,0.7671020709783869,84977,2.7145168529276003,1,0,60.73722999930773,43719,-16098.0,-26.91208184964141,4302.4,0,79.369918699187,2295.4793104163837,1765.4580923574822,0,1,0,0,0,0,-1.3552596179714822
2021-08-26,SILVER,2021-08-05,88007.0,88114.0,87884.0,88114.0,-1.3462918123935075,107.0,230.0,0.26134284772802163,0.5347826086956522,-2140.0,2559.0,88840.6,85408.7,83072.64,87838.69405129996,85697.38301787198,3.04219593554287,5.939813637799402,1629.7857142857142,15261.462003497698,0.6702523650358342,57002,1.7337402917752116,1,0,61.70056687981539,52017,8298.0,18.980306045426467,518.2,0,70.66058595909342,2141.3110334279772,1840.6286805715813,0,1,1,0,0,0,0.10112831933823446
2021-08-27,SILVER,2021-08-05,85960.0,86079.0,85693.0,85987.0,-2.325951344779398,27.0,386.0,0.4490460679385761,0.6917098445595855,-3200.0,-1275.0,88713.1,85652.1,83142.96,87549.66419725382,85716.83612765923,0.3594774675693814,3.388188248289444,1728.9285714285713,14713.21427689708,0.5209267665246651,30895,0.9444041114210385,0,0,57.424987315797566,55704,3687.0,7.088067362592998,7873.6,0,61.59995118379302,1832.8280695945869,1839.0685583761824,0,0,1,0,0,1,4.474174034434621
2021-08-30,SILVER,2021-08-05,85711.0,85909.0,85531.0,85611.0,-0.28966961377384637,100.0,378.0,0.44101690564804985,0.47619047619047616,-4186.0,-1292.0,88583.9,85953.9,83248.22,87266.79278229168,85716.4038219067,-0.28259334364117766,2.9583575480652904,1657.857142857143,13596.423857996968,0.4821350082538705,68970,1.9755130333161954,1,0,61.183479515590136,40013,-15691.0,-28.168533678012352,2551.4,0,57.7390180878553,1550.388960384982,1781.3326387779425,0,1,0,0,0,1,3.129119949598068
2021-08-31,SILVER,2021-08-05,86452.0,87039.0,85929.0,86490.0,0.8645331404370404,38.0,1110.0,1.2839494748530977,0.4711711711711712,-4582.0,-1563.0,88427.6,86232.0,83377.74,87141.44004655449,85770.89242769139,0.25512570739400686,3.6871471930037854,1724.7142857142858,12734.792259582784,0.5172755075634982,56677,1.5248603325652128,1,56677,53.413816413540665,46776,6763.0,16.902006847774476,-2608.2,1,59.45460179733498,1370.5476188631,1699.175634794974,0,1,1,0,0,0,0.2591033174478323
2021-09-01,SILVER,2021-10-05,87999.0,89184.0,87188.0,88125.0,1.789432286124093,126.0,1996.0,2.268207593268105,0.406312625250501,-1209.0,-701.0,88357.5,86570.75,83551.9,87273.37234708456,85935.93743304758,1.6498066610258082,5.322559989659129,1724.0714285714287,11905.944654048071,0.6199610817537597,22502,0.6058680509745531,0,22502,55.96205959999213,20060,-26716.0,-57.11475970583205,-4731.8,0,58.15797889350815,1337.434914036974,1626.827490643374,0,0,0,0,0,0,-1.5431993545381197
2021-09-02,SILVER,2021-10-05,88096.0,88411.0,87513.0,87735.0,0.11022852532414085,361.0,898.0,1.0193425354159098,0.6492204899777283,89.0,-2051.0,88152.4,86948.65,83724.82,87399.93044753309,86095.94206763666,1.3195719542511652,5.22088909835816,1638.2142857142858,10519.39860398235,0.6090699234047136,30128,0.7920084121976867,0,30128,55.36128806065129,16655,-3405.0,-16.974077766699903,-7072.4,0,53.08712800286841,1303.9883798964293,1562.2596684939851,0,0,0,0,0,0,-1.187341082455503
2021-09-03,SILVER,2021-10-05,89806.0,90448.0,89180.0,90014.0,1.9410642934980071,208.0,1268.0,1.4119323875910295,0.49369085173501576,3846.0,646.0,88217.0,87337.6,83925.2,87770.09499406646,86370.76117373764,2.8262741362253987,7.007192118696176,1684.0,9725.592621098796,0.7538045850948993,36645,0.9605001048437828,0,36645,14.576625919610123,59923,43268.0,259.7898528970279,843.8,1,59.08707774103612,1399.333820328815,1529.6744988609512,0,0,1,0,0,0,-3.082199407611964
2021-09-06,SILVER,2021-10-05,88393.0,89104.0,87895.0,88334.0,-1.5733915328597248,59.0,1209.0,1.367755365243854,0.4119106699751861,2682.0,-1504.0,88066.6,87649.35,84061.66,87865.92653344086,86520.55664234968,0.8484375525888032,5.152574907514313,1706.5714285714287,8443.700588074193,0.5880715738606742,12637,0.33042746127537626,0,0,-4.818951227916367,14030,-45893.0,-76.58661949501861,-5196.6,0,51.19438827098079,1345.3698910911771,1492.8135773069964,0,0,0,0,0,0,-3.8543776090866926
2021-09-07,SILVER,2021-10-05,86676.0,87195.0,85840.0,86750.0,-1.9424615071329199,74.0,1355.0,1.563293183810974,0.6169741697416974,224.0,-4358.0,87630.8,87817.4,84145.2,87682.86091291149,86532.07096513858,-1.2997424200670873,3.007658190841549,1733.5,7469.80441088212,0.34719814104674734,5660,0.15367531067663293,0,0,-9.313649422740099,43289,29259.0,208.54597291518172,-697.4,0,43.99620313241576,1150.789947772908,1424.4088514001787,0,0,1,0,0,0,-2.028243112280216
2021-09-08,SILVER,2021-10-05,86641.0,86848.0,86294.0,86848.0,-0.04038026674050288,207.0,554.0,0.639420135963343,0.6263537906137184,-1358.0,-2567.0,87374.1,87979.4,84238.7,87522.57461861741,86540.13978253573,-1.521265205263953,2.851777152306485,1651.5,6332.176597596554,0.2886350799963478,11922,0.328424775933147,0,0,1.182910535860853,29739,-13550.0,-31.30125436023008,1935.8,0,38.64931364931365,982.4348360816803,1336.0140483364792,0,0,0,0,0,0,-3.4440969056220494
2021-09-09,SILVER,2021-10-05,87050.0,87773.0,86763.0,86811.0,0.4720628801606619,239.0,1010.0,1.1602527283170592,0.28415841584158413,-1046.0,-957.0,87278.4,88059.5,84357.06,87449.8708311378,86577.9072060516,-1.1463839790141892,3.192311348925629,1629.7857142857142,5943.029530466039,0.3301371388405608,33161,0.8887608378113986,0,33161,22.289941733347,71687,41948.0,141.05383503144017,11006.4,1,42.90326920489707,871.963625086195,1243.2039636864224,0,0,1,0,0,0,-3.121194715680643
2021-09-10,SILVER,2021-10-05,87038.0,88049.0,86559.0,86914.0,-0.013785180930503405,124.0,1490.0,1.7118959534915785,0.3214765100671141,-2768.0,1078.0,87386.2,88049.65,84465.46,87386.50608788582,86611.98815375149,-1.148954027642352,3.04567097604156,1637.4285714285713,5968.60181458306,0.3305046924845558,8970,0.24156670957595214,0,0,19.574941240939495,46491,-25196.0,-35.147237295465004,-2686.4,0,39.89109681069232,774.5179341343319,1149.4667577760044,0,0,0,0,0,0,-2.6700981180633745
2021-09-13,SILVER,2021-10-05,84986.0,85505.0,84309.0,84937.0,-2.3575909372917536,49.0,1196.0,1.4072906125714824,0.5660535117056856,-3407.0,-725.0,87313.7,87948.8,84557.36,87017.19745898031,86491.54458680694,-3.3687781982244243,0.506922165025019,1719.857142857143,6514.166405449447,0.045175880443971604,8407,0.2310367523493225,0,0,6.623292878981319,14781,-31710.0,-68.20674969348906,150.2,0,29.914984059511156,525.6528721733775,1024.703980655479,1,0,0,1,0,0,-1.3814039959522744
2021-09-14,SILVER,2021-10-05,84918.0,85308.0,84266.0,84785.0,-0.08001317864119173,133.0,1042.0,1.2270661108363363,0.6257197696737045,-1758.0,-1534.0,87160.3,87793.95,84612.8,86694.24400375257,86374.98572852495,-3.2757952000109314,0.3607019268952181,1627.7142857142858,7054.232201869047,0.09230857197499072,32843,0.908065394643346,0,0,37.47191633686978,30448,15667.0,105.99418171977537,-2568.2,0,33.86975485035343,319.2582752276212,883.6148395699074,0,0,1,1,0,0,-1.8688617254292377
2021-09-15,SILVER,2021-10-05,83657.0,84328.0,82753.0,83947.0,-1.4849619633057753,290.0,1575.0,1.882687641201573,0.573968253968254,-2984.0,-4342.0,86726.1,87541.8,84619.88,86226.97569548294,86173.65345233791,-4.4376514990553115,-1.1378886379890925,1687.7857142857142,7900.1366650398995,0.008261671321304568,14046,0.383711781803877,0,0,37.778409551314994,61550,31102.0,102.14792433000524,6362.2,0,33.71762239856267,53.32224314502673,717.5563202849314,0,0,1,1,0,0,-1.587434404771866
2021-09-16,SILVER,2021-10-05,84333.0,84518.0,84188.0,84188.0,0.8080614891760485,145.0,330.0,0.39130589448970154,0.4393939393939394,-2717.0,-3763.0,86349.8,87251.1,84649.16,85935.59481925478,86037.30875216474,-3.344485055202749,-0.373494550920533,1584.0,7996.506595151877,0.13507814752892322,28800,0.7644296041289815,0,28800,44.89343556010947,59294,-2256.0,-3.6653127538586516,-2478.6,0,43.21348127137732,-101.71393290995911,553.7022696459533,0,0,0,1,0,0,-2.4237249949604545
2021-09-17,SILVER,2021-10-05,84714.0,85160.0,84385.0,84620.0,0.4517804418199267,94.0,775.0,0.9148428831125907,0.42451612903225805,-2324.0,-5092.0,85840.6,87028.8,84718.44,85747.65715475405,85939.28588163402,-2.659809166620708,-0.005240889704770683,1612.4285714285713,8090.970728306216,0.21390330311025746,19547,0.5327457240934778,0,19547,39.51748424866791,31446,-27848.0,-46.96596620231389,-3009.0,0,45.88662430893638,-191.62872687996423,404.63607034076983,0,0,0,0,0,0,-1.7517765658568833
2021-09-20,SILVER,2021-10-05,83812.0,84180.0,83538.0,83846.0,-1.0647590717000721,34.0,642.0,0.7660000954517253,0.42679127725856697,-1174.0,-4581.0,85382.5,86724.55,84743.44,85449.86374633035,85781.70914966112,-3.358391597304342,-1.0991293249365406,1601.5714285714287,8105.002533198247,0.14064786061816245,36389,1.0693290429697544,0,0,54.6851478896253,27101,-4345.0,-13.817337658207718,2464.0,0,39.25081433224756,-331.84540333077894,257.3397756064601,0,0,0,1,0,0,-1.8040376079797642
2021-09-21,SILVER,2021-10-05,83331.0,83387.0,83131.0,83131.0,-0.5739034983057278,200.0,256.0,0.3072086018408515,0.78125,-1587.0,-3345.0,85048.0,86339.4,84760.62,85123.88470843337,85600.17513857513,-3.484388355721715,-1.6866559022338383,1455.0714285714287,7566.471905368409,0.10240386303879152,35346,1.112341941453037,0,0,59.91961167664624,76178,49077.0,181.089258698941,9146.0,0,29.18673087212413,-476.2904301417584,110.6137344568164,1,0,1,1,0,0,-0.6312176740948747
2021-09-22,SILVER,2021-10-05,82329.0,82606.0,81912.0,82264.0,-1.2024336681427106,65.0,694.0,0.8429593460384555,0.600864553314121,-1328.0,-4312.0,84616.8,85995.45,84733.38,84693.90244559746,85357.86586905103,-4.263539524474838,-2.837583016280012,1492.2857142857142,7865.959329186357,0.03388393626753606,27748,0.9596486222429729,0,0,46.70640069161167,38016,-38162.0,-50.09582819186642,-4706.8,0,26.20678273784965,-663.963423453577,-44.301697125262265,1,0,0,1,0,0,-0.01700494358002648
2021-09-23,SILVER,2021-10-05,82289.0,82922.0,81356.0,82341.0,-0.04858555308578927,52.0,1566.0,1.9030490101957735,0.5957854406130269,-2044.0,-4761.0,84140.7,85709.55,84735.76,84323.91745396708,85130.54247134355,-3.9908621618011093,-2.8875176194796564,1436.142857142857,8286.00468513614,0.0871894682685902,30848,1.1173957376829469,0,0,30.008634395251182,28932,-9084.0,-23.89520202020202,-6072.4,0,14.030050722557192,-806.6250173764711,-196.76636117550404,1,0,0,1,0,0,-0.8640279988819891
2021-09-24,SILVER,2021-10-05,83230.0,83570.0,83012.0,83175.0,1.143530727071651,55.0,558.0,0.6704313348552204,0.3906810035842294,-1484.0,-3808.0,83759.9,85573.05,84768.0,84155.62246104908,84989.76154754031,-2.738069988156321,-1.8143639109097771,1391.142857142857,8571.385588413134,0.22664279586635838,12607,0.4723023004460029,0,12607,31.39046238331982,54653,25721.0,88.9015622839762,4641.4,1,24.125488623834826,-834.1390864912391,-324.24090623865106,1,0,1,0,0,0,-2.083383395410309
2021-09-27,SILVER,2021-10-05,82300.0,82806.0,81445.0,82284.0,-1.1173855580920322,16.0,1361.0,1.6537059538274606,0.6282145481263777,-1512.0,-2686.0,83491.3,85402.5,84781.16,83870.14208242614,84790.51995142622,-3.6327976347296627,-2.9265464166803135,1336.2857142857142,9054.50643253597,0.15735294097846733,38583,1.5326953557936385,1,0,52.62253621040126,62802,8149.0,14.910434925804616,7140.2,0,26.191512513601737,-920.3778690000763,-443.4682987909361,1,1,1,1,1,0,-2.140947752126367
2021-09-28,SILVER,2021-10-05,82805.0,83575.0,82088.0,82717.0,0.6136087484811759,88.0,1487.0,1.795785278666747,0.4821788836583726,-526.0,-2113.0,83280.0,85220.15,84803.12,83706.2740697452,84643.44439946873,-2.834012847900402,-2.3561868950104614,1402.9285714285713,9283.222151590628,0.23983709960165372,17563,0.7564520019295707,0,17563,18.10828666745799,17549,-45253.0,-72.0566224005605,-11725.8,0,30.14492753623189,-937.1703297235363,-542.2087049774561,0,0,0,0,0,0,-3.339170339955317
2021-09-29,SILVER,2021-10-05,82315.0,82887.0,81532.0,82065.0,-0.5917517058148691,250.0,1355.0,1.6461155317985785,0.5778597785977859,-14.0,-1342.0,83145.8,84935.95,84823.44,83492.23190516901,84470.96703654512,-3.085795826148995,-2.9572486095824484,1418.857142857143,9242.425061125454,0.2164218283982664,38690,1.6102717775835518,1,0,35.860842328041784,35362,17813.0,101.50435922274772,-530.8,0,25.69551380761729,-978.7351313761028,-629.5139902571855,1,1,1,0,1,0,-4.087954807750713
2021-09-30,SILVER,2021-10-05,81578.0,82094.0,81147.0,81630.0,-0.8953410678491203,52.0,947.0,1.1608521905415676,0.4551214361140444,-711.0,-2755.0,82870.3,84610.05,84816.76,83197.73468898918,84256.67318198622,-3.583557745208758,-3.818537751265192,1395.857142857143,9204.338608560967,0.1705846960932218,34176,1.4105178006884198,0,0,24.190074489090584,57842,22480.0,63.57106498501215,5782.0,0,23.91553602140263,-1058.9384929970402,-715.3988908051565,1,0,1,1,0,0,-0.9549143151339822
2021-10-01,SILVER,2021-10-05,81496.0,81958.0,81017.0,81782.0,-0.10051729632989392,286.0,941.0,1.154657897320114,0.5090329436769394,-1734.0,-3218.0,82548.5,84194.55,84828.32,82935.92935222162,84052.17887220946,-3.2051361994333396,-3.9283107339624395,1268.142857142857,8200.201638085273,0.17091662874888675,19925,0.8517359597151333,0,0,23.23303641168734,56539,-1303.0,-2.252688357940602,377.2,0,29.460922787193965,-1116.2495199878467,-795.5690166416946,1,0,0,1,0,0,-0.7902228330224796
2021-10-04,SILVER,2021-10-05,80538.0,81195.0,80296.0,80541.0,-1.1755178168253666,3.0,899.0,1.1162432640492685,0.26918798665183535,-1762.0,-3274.0,82221.1,83801.8,84823.0,82567.01714418753,83791.86932611988,-3.894665747036463,-5.051695884370985,1279.4285714285713,7814.143786479923,0.08232148151061044,26251,1.0904249795423298,0,0,17.791786376944962,43717,-12822.0,-22.67815136454483,-3817.0,0,26.667376944385254,-1224.8521819323505,-881.4256496998257,1,0,0,1,0,0,-0.40105291911892527
2021-10-05,SILVER,2021-10-05,80040.0,80134.0,79884.0,80076.0,-0.6183416523876883,36.0,250.0,0.312343828085957,0.624,-2765.0,-3291.0,81892.0,83470.0,84805.06,82178.24527585099,83513.95307974063,-4.10926081226788,-5.618839253223803,1171.5,8010.416376587993,0.07180752675668081,22648,0.9087006239091621,0,0,16.70589231382444,64596,20879.0,47.75945284443124,9409.4,0,29.027020758436734,-1335.7078038896434,-972.2820805377893,1,0,1,1,0,0,0.4935032483758121
2021-10-06,SILVER,2021-10-05,78950.0,79289.0,78471.0,79059.0,-1.3618190904547745,109.0,818.0,1.0360987967067765,0.5855745721271394,-3365.0,-3379.0,81554.1,83085.45,84755.18,81681.59215648929,83175.88248124132,-4.97734561225822,-6.849351272689167,1222.0714285714287,8391.254843742092,0.007171444913978165,25108,0.9814406554403741,0,0,19.941687684503552,33016,-31580.0,-48.888476066629515,-469.2,0,20.21688613477923,-1494.2903247520298,-1076.6837293806375,1,0,0,1,0,1,1.773274224192527
2021-10-07,SILVER,2021-10-05,80799.0,81062.0,80566.0,80594.0,2.341988600379996,205.0,496.0,0.6138689835270239,0.46975806451612906,-779.0,-1490.0,81405.1,82772.9,84728.32,81545.80874779864,82999.81711226048,-2.3847177034995686,-4.637552119527458,1313.857142857143,7741.729538844986,0.2450311341805817,15979,0.646302940093918,0,15979,15.188597106149455,65200,32184.0,97.48000969227041,1471.6,1,31.36601618277011,-1454.0083644618426,-1152.1486563968786,0,0,1,0,0,0,-0.7871384546838451
2021-10-08,SILVER,2021-10-05,80852.0,82185.0,80236.0,81127.0,0.06559487122366203,275.0,1949.0,2.4105773512096174,0.31605951770138535,-644.0,-2378.0,81167.3,82463.6,84723.52,81439.06894044501,82840.71954838933,-1.9543168137214548,-4.56959295364499,1369.0714285714287,6790.551999885676,0.2626702512509825,7722,0.31312217928495256,0,7722,15.934377124834507,70287,5087.0,7.802147239263801,2749.6,1,34.67274233637116,-1401.6506079443207,-1202.0490467063669,0,0,1,0,0,0,-0.1150249839212388
2021-10-11,SILVER,2021-10-05,80215.0,80490.0,79657.0,80247.0,-0.7878592984712829,32.0,833.0,1.0384591410584054,0.6698679471788715,-323.0,-2085.0,80958.8,82225.05,84734.32,81250.75064191502,82646.2218040642,-2.444571331972438,-5.333517752901075,1405.7857142857142,6637.253645739955,0.19715636808755524,10355,0.4182368218040527,0,0,-1.2603105779042807,52607,-17680.0,-25.154011410360376,1778.0,0,34.12148389726865,-1395.4711621491879,-1240.7334697949311,0,0,0,1,0,1,1.5957115252758212
2021-10-12,SILVER,2021-10-05,80435.0,80966.0,80065.0,80698.0,0.27426291840677575,263.0,901.0,1.1201591347050412,0.41065482796892344,395.0,-2370.0,80721.8,82000.9,84725.22,81125.25054315887,82482.42759635574,-1.909613187172329,-5.063687057997608,1368.7857142857142,6308.592890068685,0.2517830002209977,33799,1.3625057948521557,0,33799,26.827955053928605,37621,-14986.0,-28.486703290436633,-5395.0,0,39.51273532668881,-1357.1770531968796,-1264.022186475321,0,0,0,0,0,1,0.7185926524522906
2021-10-13,SILVER,2021-10-05,80350.0,81007.0,80011.0,80232.0,-0.1056753900665175,118.0,996.0,1.2395768512756689,0.34036144578313254,1400.0,-1965.0,80525.3,81835.55,84707.74,81005.98122882674,82324.46999662569,-1.8152868771579134,-5.144441346209927,1328.0714285714287,6270.83642200724,0.26310177781284055,37705,1.450780989978626,0,0,15.95434447597782,22823,-14798.0,-39.334414289891285,-2038.6,0,39.3168044077135,-1318.4887677989464,-1274.9155027400461,0,0,0,0,0,0,0.17548226509023024
2021-10-14,SILVER,2021-10-05,80163.0,80638.0,79708.0,80454.0,-0.2327317983820798,291.0,930.0,1.1601362224467646,0.489247311827957,-636.0,-1415.0,80383.8,81627.05,84700.24,80876.29180900725,82164.36110798676,-1.7935843571463173,-5.356820712668588,1303.0,5974.489413109899,0.25494977080595055,28070,1.0815726150591745,0,0,14.565690210019508,39986,17163.0,75.200455680673,-5042.8,0,31.570724672515325,-1288.0692989795061,-1277.5462619879381,0,0,1,0,0,0,0.11227124733355787
2021-10-15,SILVER,2021-10-05,80759.0,81191.0,79612.0,80884.0,0.7434851490089045,125.0,1579.0,1.9552000396240665,0.7264091196960102,-93.0,-737.0,80310.1,81429.3,84674.88,80858.24691531382,82060.26028517292,-0.8231680734084695,-4.624606494866016,1288.2857142857142,5257.928044991626,0.3725163231097297,16284,0.6314124188632716,0,16284,14.536786767215336,74325,34339.0,85.87755714500076,807.6,1,40.35307374483536,-1202.0133698590944,-1262.4396835621694,0,0,1,0,0,0,-3.233076189650689
2021-10-18,SILVER,2021-10-05,81495.0,81842.0,81359.0,81585.0,0.9113535333523215,90.0,483.0,0.5926743972022823,0.2815734989648033,1280.0,957.0,80405.8,81313.45,84661.62,80956.20892834247,82018.38915293789,0.22327179574843145,-3.740325309154249,1259.4285714285713,4758.418928040133,0.5381534292683176,26737,1.05649775557944,0,26737,17.78106534565999,67771,-6554.0,-8.818028927009758,3032.8,0,42.02969092236554,-1062.1802245954168,-1222.387791768819,0,0,0,0,0,0,-5.762316706546414
2021-10-19,SILVER,2021-10-05,81013.0,81258.0,80681.0,81051.0,-0.5914473280569377,38.0,577.0,0.7122313702739067,0.5753899480069324,578.0,973.0,80503.1,81197.55,84615.58,80964.94601628979,81943.9158823499,-0.22728518286574276,-4.257584714304389,1220.7857142857142,4366.2953054884565,0.4577330466475727,28241,1.1318153491009721,0,0,19.716100850880252,64973,-2798.0,-4.128609582269704,5470.4,0,42.070645554202194,-978.9698660601134,-1173.7042066270778,0,0,0,0,0,0,-3.6549689555997187
2021-10-20,SILVER,2021-10-05,80491.0,80781.0,80103.0,80451.0,-0.6443410316862686,40.0,678.0,0.8423301984072753,0.5722713864306784,141.0,1541.0,80657.2,81105.65,84557.38,80892.0312445529,81836.29248365731,-0.7578386955779212,-4.809018444043565,1202.357142857143,4273.714671656344,0.35617898076434357,32414,1.2870231583962835,0,0,20.107551118759897,24690,-40283.0,-61.99959983377711,373.4,0,43.20200125078174,-944.2612391044095,-1127.8156131225442,0,0,0,0,0,0,-1.1280764309053186
2021-10-21,SILVER,2021-10-05,80253.0,80446.0,80161.0,80446.0,-0.29568523188927553,193.0,285.0,0.35512691114350864,0.32280701754385965,90.0,-546.0,80602.6,81003.85,84453.48,80793.71874539091,81719.01155894196,-0.9269312507985803,-4.973720443491489,1158.7142857142858,4186.06073333291,0.3206308871677108,64737,2.4083974151497225,1,0,33.71536977236083,49107,24417.0,98.89428918590522,1824.2,0,42.37516869095816,-925.2928135510447,-1087.3110532082444,0,1,1,0,0,0,-1.0977782762015127
2021-10-22,SILVER,2021-10-05,78148.0,78342.0,77983.0,78170.0,-2.6229549051125844,22.0,359.0,0.45938475712750165,0.4596100278551532,-2611.0,-2704.0,80332.2,80749.75,84271.74,80386.68509225386,81454.49218420552,-3.2219913993541773,-7.266659024721697,1235.142857142857,4373.84434059824,-0.09484284245107391,79427,2.6282316425496433,1,0,41.15195845162067,67888,18781.0,38.24505671289224,-1287.4,0,37.14777371477737,-1067.8070919516613,-1083.4102609569277,0,1,1,1,0,1,2.276449813175001
2021-10-25,SILVER,2021-10-05,76799.0,77336.0,76378.0,76497.0,-1.7262118032451257,302.0,958.0,1.2474120756780687,0.4394572025052192,-4696.0,-3416.0,79990.6,80474.7,84067.66,79834.73353959942,81109.64091130141,-4.567522463581718,-8.646202356530445,1314.857142857143,5382.98185414914,-0.18283715226846062,15960,0.5486506322717265,0,0,29.751612314031536,20956,-46932.0,-69.13151072354466,-9363.0,0,34.03290964627057,-1274.9073717019928,-1121.7096831059407,0,0,0,1,0,1,4.477922889620959
2021-10-26,SILVER,2021-10-05,78052.0,78210.0,77609.0,77878.0,1.631531660568486,174.0,601.0,0.7699994875211397,0.7371048252911814,-2961.0,-2383.0,79752.3,80237.05,83868.4,79560.46684119951,80883.14899194575,-2.723243190022568,-6.935150783847069,1303.5714285714287,5328.70778845399,0.08994749069662383,69222,2.1855552924461286,1,69222,40.48352236438677,66227,45271.0,216.02882229433095,250.8,1,45.64584949573313,-1322.6821507462446,-1161.9041766340015,0,1,1,1,0,1,6.581509762722288
2021-10-27,SILVER,2021-10-05,79583.0,79954.0,79319.0,79553.0,1.9615128375954471,30.0,635.0,0.7979091011899525,0.415748031496063,-908.0,-767.0,79675.6,80100.45,83686.06,79563.93348101497,80786.84165920904,-0.64600136453665,-4.902919315355506,1288.5714285714287,4980.460934068542,0.39610399381703576,81187,2.402170584380136,1,81187,41.056363592316444,46533,-19694.0,-29.737116281878993,4368.6,0,43.916349809885936,-1222.9081781940622,-1174.1049769460137,0,1,0,0,0,1,5.930914893884372
2021-10-28,SILVER,2021-10-05,79372.0,79489.0,79184.0,79421.0,-0.2651320005528812,49.0,305.0,0.38426649196190094,0.6163934426229508,-881.0,-791.0,79596.5,79990.15,83470.56,79534.40525316651,80682.03857334169,-0.7727826488636341,-4.9101862980193225,1177.857142857143,4817.519829254103,0.3716870875660303,33130,0.98177362309435,0,0,37.69243017793018,66234,19701.0,42.33769582876668,3425.4,0,42.71079590228526,-1147.633320175184,-1168.8106455918478,0,0,1,0,0,1,6.0789699138235145
2021-10-29,SILVER,2021-10-05,79927.0,80204.0,79452.0,79918.0,0.6992390263569126,9.0,752.0,0.9408585334117382,0.6316489361702128,1779.0,-832.0,79513.3,79911.7,83285.9,79594.80444498704,80626.10979013119,0.019146132543798856,-4.032975569694263,1151.9285714285713,4604.200023090321,0.503323052848111,89610,2.4069751512921274,1,89610,58.93921167617026,77594,11360.0,17.151312014977194,1941.2,1,48.57000993048659,-1031.305345144152,-1141.3095855023087,0,1,1,0,0,1,4.201333717016778
2021-11-01,SILVER,2021-12-05,80238.0,80433.0,80181.0,80433.0,0.3891050583657574,195.0,252.0,0.31406565467733494,0.2261904761904762,3439.0,-1257.0,79387.6,79896.7,83092.72,79693.75760729672,80597.36091678814,0.427176591774132,-3.4355837671459075,1123.7142857142858,4577.577037782699,0.5745590947313304,35151,0.9330233076659685,0,35151,46.44269208176308,66901,-10693.0,-13.780704693661882,9189.0,0,49.03060722369845,-903.6033094914164,-1093.7683303001304,0,0,0,0,0,1,1.8968568508686656
2021-11-02,SILVER,2021-12-05,83189.0,84078.0,82276.0,82865.0,3.6778085196540244,324.0,1802.0,2.166151774874082,0.5066592674805771,5137.0,2176.0,79605.2,80054.15,82935.82,80231.48720617415,80789.33418221124,3.9159119171211065,0.3052721972243031,1326.857142857143,5444.9219645458215,1.075738278787526,28365,0.7472309777490341,0,28365,43.949647426445765,21519,-45382.0,-67.83456151627031,-8941.6,0,60.89659937053811,-557.8469760370936,-986.584059447523,0,0,0,0,0,0,-1.4593275553258245
2021-11-03,SILVER,2021-12-05,84303.0,84549.0,83891.0,84327.0,1.3391193547223734,24.0,658.0,0.7805178937878842,0.6261398176291794,4720.0,3812.0,79986.4,80321.8,82837.72,80857.87378983966,81049.60572426967,4.956562228436113,1.76885602356028,1357.5714285714287,6528.116949416319,1.1098542705114922,11026,0.2959519326391284,0,11026,36.35919344362074,41115,19596.0,91.06371113899345,-1083.6,1,64.83445606994411,-191.7319344300049,-827.6136344440195,0,0,1,0,0,0,-3.591805748312634
2021-11-04,SILVER,2021-12-05,84197.0,84278.0,83891.0,83891.0,-0.12573692513908608,306.0,387.0,0.4596363290853593,0.7906976744186046,4825.0,3944.0,80380.8,80491.7,82761.52,81371.58551447971,81282.74604099045,4.6033317720957605,1.7344775688025011,1274.2142857142858,7388.127272148704,1.0015208676721108,37767,0.9849147682449939,0,0,50.63994322679449,76266,35151.0,85.49434512951477,2006.4,0,62.76737967914438,88.83947348926449,-644.3230128573628,0,0,1,0,0,0,-5.033433495255175
2021-11-05,SILVER,2021-12-05,83285.0,83591.0,82896.0,83412.0,-1.0831739848213173,127.0,695.0,0.834484000720418,0.5597122302158274,3358.0,5137.0,80894.5,80613.35,82708.02,81665.95697379053,81431.06114906522,3.31415330091107,0.6976107032909215,1289.7857142857142,7797.205359006504,0.842641995046852,33523,0.8457821902082728,0,0,47.24702941057579,11832,-64434.0,-84.48587837306269,-13152.4,0,56.56158357771261,234.8958247253031,-468.47924534082955,0,0,0,0,0,0,-4.691120850093054
2021-11-08,SILVER,2021-12-05,81760.0,82060.0,81551.0,81745.0,-1.8310620159692648,15.0,509.0,0.6225538160469667,0.4106090373280943,1522.0,4961.0,81390.6,80690.6,82629.0,81680.42513166892,81455.4269898752,1.3253092677461737,-1.0516888743661426,1355.5,7852.991963509237,0.6361773964584723,15482,0.3880993235460376,0,0,49.85595888767331,51368,39536.0,334.1446923597025,-3106.6,0,52.54375808758428,224.99814179372333,-329.78376791391895,0,0,1,0,0,0,-4.1046966731898245
2021-11-09,SILVER,2021-12-05,81975.0,82493.0,81700.0,82043.0,0.26296477495106885,68.0,793.0,0.9673681000304971,0.3467843631778058,-1214.0,3923.0,81782.9,80767.6,82539.46,81725.7443421814,81493.91387951406,1.4949063733477213,-0.6838668438102289,1347.142857142857,7931.192665339215,0.6522343550266477,30108,0.7582484832763748,0,30108,25.930878294444984,79715,28347.0,55.18416134558479,11639.2,1,55.16138007790762,231.83046266733436,-217.46092179766828,0,0,1,0,0,0,-2.4324489173528514
2021-11-10,SILVER,2021-12-05,81275.0,81696.0,80948.0,81135.0,-0.8539188777066165,140.0,748.0,0.9203322054752383,0.43716577540106955,-3028.0,1692.0,81952.1,80813.85,82404.98,81656.39905876887,81477.69803658708,0.5706323854141265,-1.371252077240958,1396.9285714285713,7933.330968302354,0.5581281685892748,5493,0.14418571687311502,0,0,16.02681361838855,47570,-32145.0,-40.324907482907854,1291.0,0,53.443860358538885,178.7010221817909,-138.22853300177644,0,0,0,0,0,0,-0.5512150107659182
2021-11-11,SILVER,2021-12-05,79959.0,80163.0,79861.0,80163.0,-1.6191940941248872,204.0,302.0,0.3776935679535762,0.32450331125827814,-4238.0,587.0,82010.8,80803.65,82242.24,81395.2607420352,81365.20188572878,-1.045311690746636,-2.7762376122051213,1335.7857142857142,7949.506362694461,0.3937481195104418,21465,0.5683616013684104,0,0,51.023118142798445,16615,-30955.0,-65.07252470044145,-11930.2,0,56.44529859776497,30.058856306422967,-104.57105514013656,0,0,0,0,0,1,1.1005640390700233
2021-11-12,SILVER,2021-12-05,79378.0,79692.0,78784.0,79544.0,-0.7266223939769167,166.0,908.0,1.1438937740935775,0.6541850220264317,-3907.0,-549.0,81955.9,80734.6,82033.68,81084.91293556824,81218.00174604516,-1.6803204573999322,-3.237304482744152,1293.2857142857142,8051.349663908535,0.33150651050702934,34550,0.8932322468475107,0,0,40.071095571008506,48311,31696.0,190.76737887451097,7295.8,0,59.709359234997365,-133.08881047692557,-110.27460620749437,0,0,1,0,0,1,3.638287686764595
2021-11-15,SILVER,2021-12-05,78404.0,78663.0,77999.0,78495.0,-1.227040237849275,91.0,664.0,0.8468955665527269,0.6099397590361446,-3356.0,-1834.0,81772.5,80580.05,81833.9,80672.46479163466,81009.55717226405,-2.7004823154118207,-4.191294805697876,1291.0,8277.02204011957,0.23709747425433123,18833,0.4919216759763403,0,0,41.59937135555872,33434,-14877.0,-30.794229057564525,-3586.8,0,51.35363790186125,-337.09238062938675,-155.63816109187286,0,0,0,0,0,1,5.045660935666548
2021-11-16,SILVER,2021-12-05,79981.0,80483.0,79126.0,79960.0,2.0113769705627282,21.0,1357.0,1.6966529550768308,0.630066322770818,-1994.0,-3208.0,81451.7,80528.45,81700.0,80566.08559292163,80933.36775209632,-0.6798218517803299,-2.1040391676866586,1303.642857142857,8283.030869128823,0.433907043369793,7970,0.2138391779131228,0,7970,37.761832956337834,25739,-7695.0,-23.015493210504278,-10795.2,0,51.525137952176586,-367.2821591746906,-197.96696070843643,0,0,0,0,0,1,1.9717182830922344
2021-11-17,SILVER,2021-12-05,80827.0,81394.0,80468.0,80920.0,1.0577512159137825,93.0,926.0,1.145656773107996,0.3876889848812095,-448.0,-3476.0,81104.1,80545.25,81583.72,80606.2262709337,80925.48865934844,0.34980337139682355,-0.9275379940998048,1376.0714285714287,8287.20244841685,0.5339982040687113,37779,1.006386648641089,0,37779,81.27615369152913,76202,50463.0,196.05656785422897,5726.4,1,55.316816487612364,-319.26238841474697,-222.22604624969856,0,0,1,0,0,1,2.736709267942643
2021-11-18,SILVER,2021-12-05,80839.0,81022.0,80639.0,80725.0,0.014846524057565702,114.0,383.0,0.47378121946090374,0.5221932114882507,880.0,-3358.0,80768.3,80574.55,81459.5,80642.03761386697,80919.0820919893,0.32820537005791167,-0.7617282207722855,1344.0,8286.374711092009,0.5319138355698553,34958,0.9697006682329966,0,34958,56.276767061426696,43649,-32553.0,-42.719351198131285,5406.8,0,53.470319634703195,-277.0444781223341,-233.18973262422568,0,0,0,0,0,1,3.394401217234256
2021-11-19,SILVER,2021-12-05,82266.0,82574.0,82038.0,82407.0,1.7652370761637393,141.0,536.0,0.6515449882089807,0.4253731343283582,2888.0,-1019.0,80666.4,80780.45,81364.06,80891.87798096435,81018.85378887899,1.8389969355209126,1.1085238371831523,1431.7857142857142,8087.077096076682,0.6836943041782914,22145,0.6672954420813472,0,22145,53.73524397096797,57445,13796.0,31.606680565419598,1826.8,1,57.11279461279461,-126.97580791464134,-211.94694768230883,0,0,1,0,0,0,0.4035689106070552
2021-11-22,SILVER,2021-12-05,82360.0,82632.0,82196.0,82632.0,0.11426348673815312,272.0,436.0,0.5293831957260806,0.3761467889908257,3956.0,600.0,80726.4,81058.5,81311.54,81117.74290696983,81118.19795266574,1.605630501427981,1.289435669278932,1188.642857142857,7269.852210181969,0.6790270231597215,6806,0.2079533128618788,0,6806,52.1903022172055,49470,-7975.0,-13.882844459918186,3207.2,0,46.36371611544872,-0.45504569591139443,-169.64856728502937,0,0,0,0,0,0,0.09227780475959203
2021-11-23,SILVER,2021-12-05,81558.0,82545.0,81056.0,81732.0,-0.9737736765420113,174.0,1489.0,1.8256945977096053,0.3371390194761585,1577.0,-417.0,80684.7,81233.8,81244.34,81185.474767436,81150.7758820979,0.39909495801008577,0.38606997115122543,1197.857142857143,6703.094223447406,0.5483657232306158,10664,0.35784514405750223,0,0,48.41173012892106,58621,9151.0,18.498079644228827,6576.4,0,37.620636781816536,34.698885338089895,-128.77907676040553,0,0,1,0,0,0,0.07479339856298585
2021-11-24,SILVER,2021-12-05,83039.0,83689.0,82465.0,82918.0,1.8158856274062662,121.0,1224.0,1.4740061898625947,0.46895424836601307,2212.0,1764.0,80861.1,81406.6,81231.98,81470.63249552276,81290.64433527584,2.0052428181498723,2.224517979249064,1320.642857142857,6699.098622791527,0.7436745735383382,33900,1.2355915987060915,0,33900,78.37649538360658,42926,-15695.0,-26.773681786390547,-6655.2,0,45.35387578237843,179.98816024692496,-67.02562935893943,0,0,0,0,0,0,-3.2575055094594108
2021-11-25,SILVER,2021-12-05,83583.0,84704.0,82364.0,83643.0,0.6551138621611496,60.0,2340.0,2.7996123613653494,0.520940170940171,2744.0,3624.0,81223.5,81617.15,81216.98,81795.61211159619,81460.44845858873,2.408623677744207,2.9132085433366326,1394.857142857143,6680.877758277347,0.7942502573953542,19126,0.7153637130391363,0,19126,44.94137618926592,47997,5071.0,11.813353212505252,869.6,1,51.23201587564081,335.1636530074611,13.412227114340673,0,0,1,0,0,0,-2.8199514255291147
2021-11-26,SILVER,2021-12-05,82598.0,82899.0,81969.0,82385.0,-1.178469305959351,213.0,930.0,1.1259352526695563,0.6763440860215054,332.0,3220.0,81545.5,81750.7,81174.66,81919.05640211984,81544.7115357303,1.0364437246408935,1.7534289641619645,1386.2857142857142,6537.45639896841,0.6296069829442693,10154,0.44606987139358395,0,0,34.15440945604538,69940,21943.0,45.71744067337542,2499.0,0,53.62644971438463,374.3448663895397,85.59875496938048,0,0,1,0,0,1,0.5762851400760309
2021-11-29,SILVER,2021-12-05,82436.0,82584.0,82239.0,82530.0,-0.19613065691663767,94.0,345.0,0.4185064777524382,0.5710144927536231,76.0,4032.0,81948.7,81860.6,81147.14,81998.58618640908,81610.73290345397,0.702902250899693,1.5882999696600528,1355.2857142857142,6403.393100535963,0.5898586094849984,27208,1.2164838751503393,0,0,55.49882037592554,50724,-19216.0,-27.47497855304547,250.8,0,52.004173550126076,387.85328295511135,146.04966056652665,0,0,0,0,0,0,-0.8309476442331021
2021-11-30,SILVER,2021-12-05,81619.0,81704.0,81469.0,81692.0,-0.9910718618079462,73.0,235.0,0.28792315514769845,0.6382978723404256,61.0,1638.0,82112.5,81782.1,81112.9,81940.18831157692,81611.3452809759,-0.19943239413026298,0.6239451431276726,1351.0,6281.941892188595,0.4740366907559563,18767,0.8574809697434913,0,0,58.16449071335787,41704,-9020.0,-17.78250926583077,-3383.4,0,51.48046135307282,328.8430306010123,182.6083345734238,0,0,0,0,0,1,0.8453913917102636
2021-12-01,SILVER,2022-02-05,80334.0,80412.0,80033.0,80033.0,-1.5743883164459294,301.0,379.0,0.47178031717579105,0.7941952506596306,-2705.0,-493.0,82063.2,81583.65,81073.0,81693.08241748816,81516.72711201473,-1.531740734816344,-0.9115241819101304,1363.2857142857142,5934.127988969034,0.2894130355255276,25043,1.108732658758005,0,0,24.107153021572753,38391,-3313.0,-7.944082102436212,-907.0,0,51.618192802278415,176.35530547342205,181.3577287534235,0,0,0,0,0,1,1.7103592501307041
2021-12-02,SILVER,2022-02-05,81226.0,81332.0,81037.0,81037.0,1.1103642293424976,189.0,295.0,0.36318420210277497,0.6406779661016949,-2357.0,387.0,82101.9,81435.1,81051.74,81621.22358402844,81495.19177038402,-0.2567688871260744,0.21499846887925508,1350.642857142857,5403.581642615696,0.46130344393227535,6525,0.31034556562560195,0,6525,17.4593826655549,73291,34900.0,90.90672292985336,5058.8,1,57.76601109430156,126.03181364442571,170.29254573162396,0,0,1,0,0,0,0.048014182650875335
2021-12-03,SILVER,2022-02-05,83074.0,83710.0,82389.0,83027.0,2.275133577918398,47.0,1321.0,1.590148542263524,0.5185465556396669,476.0,808.0,82182.7,81424.55,81048.62,81844.72764802407,81612.14052813336,2.0257403940212098,2.498969137290684,1429.5714285714287,5345.738052533823,0.8085542134295517,38528,1.8109347973227043,1,38528,70.17138140997046,12526,-60765.0,-82.90922487072082,-11482.8,0,68.28217976824304,232.58711989071162,182.7514605634415,0,1,0,0,0,0,-2.82639574355394
2021-12-06,SILVER,2022-02-05,81751.0,82490.0,81140.0,81702.0,-1.592556034378989,49.0,1350.0,1.6513559467162482,0.4525925925925926,-685.0,-609.0,82121.8,81424.1,81037.64,81830.30800986652,81622.4264149383,0.4014781864337391,0.8802822984479812,1419.2142857142858,5345.268506868364,0.5611568903563865,21978,1.0175,0,0,72.80242417196123,34686,22160.0,176.91202299217625,-3207.6,0,57.06981945997763,207.88159492822888,187.77748743639899,0,0,1,0,0,0,-2.2189331017357588
2021-12-07,SILVER,2022-02-05,82309.0,82456.0,82110.0,82110.0,0.6825604579760558,199.0,346.0,0.420367153045232,0.5751445086705202,690.0,751.0,82196.9,81440.8,81027.72,81903.95293142552,81673.28371753547,1.0660504317246358,1.5812860092817602,1368.642857142857,5382.4748915240925,0.6613012633588262,6055,0.2968522871843647,0,6055,59.88892415737396,16574,-18112.0,-52.21703280862595,-5026.0,0,56.05887162714637,230.66921389005438,196.3558327271301,0,0,0,0,0,0,-2.8028526649576597
2021-12-08,SILVER,2022-02-05,81708.0,82230.0,81139.0,81771.0,-0.7301753149716261,63.0,1091.0,1.3352425711068685,0.5215398716773603,1374.0,-1331.0,82063.8,81462.45,81015.58,81873.80632659083,81675.85529401431,0.3014272219900125,0.8546751131078716,1424.857142857143,5385.175514902745,0.5455973996242975,15046,0.7207664670658682,0,0,52.94861207687654,18733,2159.0,13.026426933751667,-3931.6,0,53.3894999609954,197.951032576515,196.6748726970071,0,0,1,0,0,0,-3.007049493317668
2021-12-09,SILVER,2022-02-05,81265.0,81650.0,81018.0,81306.0,-0.5421745728692362,41.0,632.0,0.7777025779856027,0.39082278481012656,39.0,-2318.0,81832.0,81527.75,81009.32,81780.14381480761,81645.42156853178,-0.32228290367390244,0.3156180054344278,1350.2142857142858,5201.698487790971,0.44948765280865344,20678,0.9924336413790785,0,0,61.04991172942681,60290,41557.0,221.8384668766348,-2600.2,0,45.771018166455434,134.72224627583637,184.28434741277297,0,0,1,0,0,0,-2.1460653417830553
2021-12-10,SILVER,2022-02-05,80726.0,81086.0,80161.0,80695.0,-0.6632621669845573,31.0,925.0,1.1458513985580854,0.6108108108108108,-2348.0,-1872.0,81644.8,81595.15,80993.92,81617.96784329874,81577.31626715905,-1.0651981153291517,-0.33079026178754933,1397.9285714285713,4861.145851490757,0.3212047063485137,31624,1.528515878942548,1,0,71.03445697772734,46051,-14239.0,-23.617515342511197,6705.0,0,43.34690553745928,40.65157613968768,155.5577931581559,0,1,0,0,0,0,-1.524911428783787
2021-12-13,SILVER,2022-02-05,79937.0,80333.0,79224.0,79816.0,-0.9773802740133286,121.0,1109.0,1.3873425322441422,0.6429215509467989,-1814.0,-2499.0,81394.9,81671.8,80981.9,81359.35740586817,81455.8113584806,-2.1241113823865803,-1.2902883236871379,1398.857142857143,4155.911067382462,0.0825704708612447,10255,0.5061585502789918,0,0,47.48189567800416,25909,-20142.0,-43.73846387700593,-1755.4,0,43.3928425857993,-96.45395261242811,105.15544400403911,0,0,0,1,0,0,-0.8056344371192314
2021-12-14,SILVER,2022-02-05,80002.0,80736.0,79082.0,80170.0,0.0813140348024044,168.0,1654.0,2.067448313792155,0.5562273276904474,-2307.0,-1617.0,81233.2,81672.85,80981.14,81150.53318958076,81348.12162822277,-2.0457838804449775,-1.2090963402095838,1364.7857142857142,4148.752664798929,0.09726449489825532,14411,0.7001579011296004,0,14411,54.636949272388236,38133,12224.0,47.18051642286465,4311.8,1,36.00589807391024,-197.58843864200753,44.60666747482978,0,0,1,1,0,0,-1.903702407439814
2021-12-15,SILVER,2022-02-05,79251.0,79514.0,79066.0,79514.0,-0.9387265318367088,263.0,448.0,0.5652925515135455,0.41294642857142855,-2457.0,-1083.0,81124.9,81594.05,80987.16,80858.29731426065,81192.77928539144,-2.8715941909979987,-2.1437472310425547,1264.5,4630.801494795771,-0.005970727234408669,38971,1.8879377582707186,1,0,68.33531826894047,61571,23438.0,61.46382398447538,8567.6,0,30.412371134020617,-334.4819711307937,-31.211060246294913,0,1,1,1,0,0,-1.6125979482908732
2021-12-16,SILVER,2022-02-05,79521.0,79728.0,79328.0,79444.0,0.34068970738538873,77.0,400.0,0.5030117830510179,0.4825,-1744.0,-1705.0,80954.4,81528.15,80961.6,80652.55926591286,81068.94378276984,-2.4619103953665014,-1.7793620679433284,1183.2857142857142,4950.764963751368,0.09457780470371867,36235,1.7499800781900854,1,36235,75.02773925424403,60908,-663.0,-1.0768056390183744,123.6,0,35.12520545296336,-416.3845168569824,-108.24575156843241,0,1,0,1,0,0,-1.0550672149495102
2021-12-17,SILVER,2022-02-05,79495.0,79579.0,79393.0,79397.0,-0.03269576589831624,98.0,186.0,0.23397697968425687,0.5483870967741935,-1231.0,-3579.0,80596.5,81389.6,80934.46,80474.47322500318,80952.35535441653,-2.3278158388786845,-1.7785501997542288,1170.9285714285713,5216.255305342987,0.13678925031537945,24194,1.162703523577017,0,0,22.65796573982373,21278,-39630.0,-65.06534445393052,-4954.6,0,35.59322033898306,-477.88212941335223,-182.1730271374164,0,0,0,1,0,0,-0.4176363293288886
2021-12-20,SILVER,2022-02-05,79293.0,79613.0,79029.0,79371.0,-0.25410403170010865,78.0,584.0,0.736508897380601,0.4520547945205479,-644.0,-2458.0,80350.7,81236.25,80916.02,80292.70811346424,80829.44014297827,-2.3920971241286986,-2.0058079969825555,1143.5714285714287,5451.782731122104,0.1435569618527271,24476,1.1283474476647966,0,0,27.07010080660259,61458,40180.0,188.8335369865589,7109.8,0,37.87531276063386,-536.732029514038,-253.08482761274075,0,0,1,1,0,0,-1.269973389832646
2021-12-21,SILVER,2022-02-05,78479.0,78949.0,78186.0,78423.0,-1.0265723329928256,56.0,763.0,0.972234610532754,0.3840104849279161,-1523.0,-3830.0,79967.7,81082.3,80876.9,80013.6760960082,80655.33346572061,-3.2106883993177333,-2.9648762502024613,1109.357142857143,5969.726447051362,0.06391636650522643,20110,0.9073190099349401,0,0,32.531284850888454,74265,12807.0,20.838621497608113,7226.4,0,39.83115886415963,-641.6573697124113,-330.7993360326749,0,0,1,1,0,0,-0.10576077676830743
2021-12-22,SILVER,2022-02-05,77973.0,78135.0,77717.0,77951.0,-0.644758470418838,22.0,418.0,0.5360830030908135,0.6124401913875598,-1278.0,-3735.0,79594.2,80829.0,80829.36,79699.72592739156,80456.64209788946,-3.533385294881788,-3.5338149405117156,1092.5,6282.84508131328,0.04542886812625011,65142,2.7455608333368455,1,0,40.07523901545238,66782,-7483.0,-10.076078906618191,1042.2,0,31.37950772753291,-756.9161704979051,-416.022702925721,0,1,0,1,0,1,1.4530670873250997
2021-12-23,SILVER,2022-02-05,78682.0,79193.0,78146.0,78799.0,0.9092891128980485,117.0,1047.0,1.3306728349558985,0.5119388729703916,-839.0,-2583.0,79335.9,80583.95,80799.74,79543.15270779285,80325.18712767542,-2.3602094461738314,-2.620973780361181,1002.2142857142857,5996.465411521378,0.18282148407866014,21285,0.893042575285566,0,21285,29.599528660944806,65415,-1367.0,-2.0469587613428764,901.4,0,21.09004739336494,-782.0344198825769,-489.22504631709216,1,0,0,1,0,0,-1.3738847512772934
2021-12-24,SILVER,2022-02-05,79163.0,79495.0,78533.0,78860.0,0.6113215220762136,303.0,962.0,1.2152141783408916,0.6548856548856549,-332.0,-1563.0,79179.6,80412.2,80767.82,79484.66767582472,80239.09919229207,-1.553495613849636,-1.986954705475531,932.7857142857143,5809.059146575659,0.2849565706804037,37475,1.487085471204708,0,37475,31.91227547511657,64160,-1255.0,-1.9185202170755922,8576.4,0,30.84098312111341,-754.4315164673462,-542.266340347143,0,0,0,0,0,0,-1.3251140052802446
2021-12-27,SILVER,2022-02-05,78286.0,78626.0,77806.0,78492.0,-1.1078407842047389,206.0,820.0,1.047441432695501,0.5853658536585366,-1007.0,-1651.0,79014.5,80204.7,80703.64,79300.25726415937,80094.42517804822,-2.392253820536698,-2.995701309135498,979.3571428571429,5777.358507684054,0.16789320803822877,31267,1.2308267642919706,0,0,37.012914141892814,64399,239.0,0.3725062344139607,588.2,0,21.560865262264954,-794.167913888843,-592.646655055483,1,0,1,1,0,0,-0.9631351710395218
2021-12-28,SILVER,2022-02-05,78396.0,78739.0,78017.0,78408.0,0.1405104360932885,12.0,722.0,0.9209653553752744,0.5249307479224377,-83.0,-1606.0,78853.9,80043.55,80651.3,79161.140761981,79968.61590560019,-2.0583170036811245,-2.79635914114218,947.3571428571429,5831.8896062032145,0.21749293775253375,24642,0.9589446238860567,0,24642,30.84140955447906,35298,-29101.0,-45.18858988493611,-7793.4,0,24.8404740200547,-807.4751436191873,-635.6123527682239,1,0,0,0,0,0,-0.415837542731772
2021-12-29,SILVER,2022-02-05,79106.0,79644.0,78635.0,79040.0,0.9056584519618438,66.0,1009.0,1.2755037544560464,0.466798810703667,1133.0,-145.0,78839.4,79982.15,80623.6,79152.65756783007,79904.7184311113,-1.0954319182467516,-1.8823272590159776,987.2142857142857,5883.588346542674,0.351085774803596,42795,1.6097665565778685,1,42795,21.16556361887847,32191,-3107.0,-8.802198424839936,-6918.2,0,34.238574974448824,-752.0608632812218,-658.9020548708236,0,1,0,0,0,0,-2.15912825828635
2021-12-30,SILVER,2022-02-05,77601.0,78352.0,76935.0,77587.0,-1.9025105554572375,14.0,1417.0,1.8260073968118968,0.4700070571630205,-1081.0,-1920.0,78647.4,79800.9,80570.56,78913.94101893314,79734.07262139935,-2.7567358262876667,-3.6856638454542177,1063.4285714285713,6126.587978036841,0.14092574726970397,20365,0.7466106479546571,0,0,16.62635762231281,66964,34773.0,108.02087539995652,309.8,0,30.00639795265515,-820.1316024662083,-691.1479643899005,0,0,1,1,0,0,-2.313114521720081
2021-12-31,SILVER,2022-02-05,78114.0,78244.0,77968.0,78108.0,0.6610739552325384,6.0,276.0,0.35332974882863505,0.5289855072463768,-1049.0,-1381.0,78509.3,79552.9,80569.88,78790.8731698665,79614.06724203643,-1.8087335596816638,-3.0481365989374747,1002.0714285714286,5465.703656726371,0.23674020942770815,78502,2.6815096685601856,1,78502,48.49689582109032,43092,-23872.0,-35.64900543575653,-4213.6,0,37.909537073882476,-823.1940721699211,-717.5571859459046,0,1,0,0,0,0,-4.753309265944645
2022-01-03,SILVER,2022-02-05,77532.0,78340.0,76920.0,77264.0,-0.7450649051386482,268.0,1420.0,1.8315018315018317,0.4309859154929577,-754.0,-1761.0,78333.2,79341.95,80584.54,78597.20037450243,79459.84003892262,-2.2812018106436724,-3.7879970525363724,985.3571428571429,5338.05964747438,0.16093484907828878,31177,1.0484862242624495,0,0,42.35182916903581,72513,29421.0,68.2748538011696,1622.8,0,34.66981132075472,-862.6396644201886,-746.5736816407614,0,0,1,1,0,0,-3.959655368106072
2022-01-04,SILVER,2022-02-05,78070.0,78501.0,77760.0,78303.0,0.6939070319351925,233.0,741.0,0.9491482003330345,0.4183535762483131,-326.0,-409.0,78292.3,79130.0,80584.9,78516.09262457897,79356.88892492835,-1.339567799823076,-3.120807992564357,987.7142857142857,4656.964089008019,0.2723839008117001,9414,0.3148158056662832,0,9414,37.15515100028319,61097,-11416.0,-15.743383944947798,5159.8,0,42.47099324238174,-840.7963003493787,-765.418205382485,0,0,0,0,0,0,-4.307672601511464
2022-01-05,SILVER,2022-02-05,77398.0,77986.0,77006.0,77404.0,-0.8607659792493894,6.0,980.0,1.2661825886973823,0.4,-1708.0,-575.0,78234.8,78914.5,80541.2,78344.07837464374,79211.78604160032,-1.921700067794892,-3.902598918317578,1029.642857142857,4223.106464502285,0.14090415130495004,22494,0.7429745405541096,0,0,28.65651174436157,40279,-20818.0,-34.07368610570077,1617.6,0,37.125530624620986,-867.7076669565868,-785.8760976973053,0,0,0,1,0,0,-4.4639396366831186
2022-01-06,SILVER,2022-02-05,75806.0,76142.0,75396.0,75873.0,-2.056900695108399,67.0,746.0,0.9840909690525815,0.5495978552278821,-1795.0,-2876.0,77947.2,78641.55,80469.88,77953.60477854469,78959.50559407438,-3.6056639270207707,-5.795808319833464,1159.357142857143,4479.333498353139,-0.1330294453499644,25437,0.833629649778541,0,0,36.6973834337523,24404,-15875.0,-39.412597134983486,-8512.0,0,31.19967383549077,-1005.9008155296906,-829.8810412637824,0,0,0,1,0,0,-1.7030314223148564
2022-01-07,SILVER,2022-02-05,74401.0,74950.0,73754.0,74542.0,-1.8534152969421958,141.0,1196.0,1.6075052754667276,0.5409698996655519,-3713.0,-4762.0,77471.0,78325.3,80359.36,77407.05019723011,78621.83851303183,-5.010258498850311,-7.414643421749502,1264.2142857142858,5464.801066345593,-0.2181048225464957,8937,0.30419480448752856,0,0,22.604473932981517,45198,20794.0,85.20734305851501,421.2,0,27.791901216633377,-1214.7883158017212,-906.8624961713703,1,0,1,1,0,0,-1.7419120710743135
2022-01-10,SILVER,2022-02-05,74462.0,75076.0,74005.0,74310.0,0.08198814532063281,152.0,1071.0,1.4383175310896834,0.42670401493930904,-3070.0,-3824.0,77088.6,78051.55,80243.84,76953.9655515024,78313.70232688134,-4.598947746713554,-7.20533812938164,1261.642857142857,6243.635172591079,-0.07491347600797704,26326,0.8722200594710555,0,26326,43.71835727753787,59997,14799.0,32.742599230054424,-2503.2,1,30.42588441672352,-1359.7367753789295,-997.4373520128822,0,0,1,1,0,0,-1.8734388009991676
2022-01-11,SILVER,2022-02-05,74707.0,75043.0,74455.0,74778.0,0.3290268861969814,71.0,588.0,0.7870748390378413,0.42857142857142855,-3363.0,-3689.0,76719.7,77786.8,80074.2,76608.27854357896,78046.53919155679,-3.9592835802475523,-6.702783168611109,1249.2142857142858,6634.6584221754165,0.035801272043455505,13974,0.46331508675139005,0,13974,41.145265097117736,10567,-49430.0,-82.38745270596863,-10106.0,0,33.67,-1438.2606479778333,-1085.6020112058725,0,0,0,1,0,0,-3.5404982130188603
2022-01-12,SILVER,2022-02-05,73943.0,74202.0,73668.0,73903.0,-1.0226618656886233,40.0,534.0,0.7221778937830491,0.5149812734082397,-3455.0,-5163.0,76203.4,77521.4,79867.0,76198.23569072066,77742.57332551554,-4.616015706630678,-7.417331313308376,1236.2857142857142,7312.246155017958,0.010629165903509418,22500,0.7669404359971164,0,0,39.879905125144326,71032,60465.0,572.2059241033405,6150.6,0,26.434609646941823,-1544.3376347948797,-1177.349135923674,1,0,1,1,0,0,-3.2552100942617965
2022-01-13,SILVER,2022-02-05,74515.0,74890.0,74275.0,74641.0,0.7735688300447574,126.0,615.0,0.8253371804334698,0.3902439024390244,-1291.0,-3086.0,75894.8,77271.1,79673.36,75939.27635368671,77503.4938199218,-3.56679275951812,-6.474384913602238,1235.2142857142858,7527.152802040073,0.13384561566851358,6750,0.2422558868180497,0,6750,38.12117162824048,12179,-58853.0,-82.85420655479221,-2445.0,0,27.094421446875614,-1564.217466235088,-1254.722801985957,1,0,0,1,0,0,-3.920016104140106
2022-01-14,SILVER,2022-02-05,73105.0,73281.0,72794.0,72794.0,-1.8922364624572197,311.0,487.0,0.6661651049859791,0.6386036960985626,-1296.0,-5009.0,75393.9,76951.6,79469.76,75503.23383773491,77177.67946289055,-4.9987264722241065,-8.00903387653366,1261.2142857142858,8086.399904192425,0.024312420165403744,9027,0.3330412566063144,0,0,12.946996982197433,12019,-160.0,-1.3137367599967198,-6635.8,0,25.742110684521023,-1674.4456251556403,-1338.6673666198935,1,0,0,1,0,0,-3.017577457082279
2022-01-17,SILVER,2022-02-05,73067.0,73636.0,72788.0,73053.0,-0.05198002872580654,14.0,848.0,1.1605786469952235,0.3290094339622642,-1395.0,-4465.0,74947.4,76640.3,79295.9,75128.42863192954,76873.18468786162,-4.662429557295578,-7.8552611169051545,1270.2142857142858,8476.358314375422,0.07843924625745362,10745,0.40672718050434925,0,0,20.878685160834376,28704,16685.0,138.8218653798153,-6258.6,0,24.87979636089375,-1744.7560559320846,-1419.8851044823318,1,0,1,1,0,0,-3.374984603172431
2022-01-18,SILVER,2022-02-05,72062.0,72458.0,71708.0,71975.0,-1.3754499295167477,87.0,750.0,1.0407704476700619,0.472,-2645.0,-6008.0,74346.6,76319.45,79097.64,74656.67038086345,76516.80063690891,-5.578460012486984,-8.8948797966665,1278.142857142857,9215.154152978415,0.03799470640174224,26448,0.9892613081679141,0,0,42.47339071128781,28030,-674.0,-2.3481047937569666,3492.6,0,17.694001100715468,-1860.1302560454642,-1507.9341347949585,1,0,0,1,0,0,-0.8464932974383169
2022-01-19,SILVER,2022-02-05,71536.0,71916.0,71227.0,71598.0,-0.7299270072992692,62.0,689.0,0.9631514202639231,0.44847605224963716,-2407.0,-5862.0,73760.4,75997.6,78902.86,74176.567245346,76147.85244158233,-5.870711706685482,-9.336619737231326,1182.7142857142858,10007.021063654218,0.054153031994240264,33451,1.3300305559918173,0,0,31.227027849395814,79445,51415.0,183.42846949696755,1682.6,0,19.439685578957977,-1971.2851962363347,-1600.6043470832337,1,0,1,1,0,0,-0.7604562737642585
2022-01-20,SILVER,2022-02-05,71594.0,71950.0,71134.0,71662.0,0.0810780585998705,68.0,816.0,1.139760315110205,0.5637254901960784,-2921.0,-4212.0,73339.2,75643.2,78735.56,73779.24920760046,75810.53003850215,-5.353025784207962,-9.070310797306831,1195.0714285714287,10406.091786721983,0.11088177165929716,33207,1.289760027032643,0,33207,29.845736443428315,13420,-66025.0,-83.10781043489206,248.2,0,15.568229826784957,-2031.2808309016982,-1686.7396438469268,1,0,0,1,0,0,0.1564376903092438
2022-01-21,SILVER,2022-02-05,70899.0,70946.0,70783.0,70798.0,-0.9707517389725417,101.0,163.0,0.22990451205235615,0.7116564417177914,-2206.0,-3502.0,72989.0,75230.0,78565.98,73336.1339448927,75446.7129986131,-5.757011830386814,-9.758651263562163,1151.5714285714287,10673.89409531001,0.09424367889288005,10938,0.4479152163408382,0,0,29.626234250603414,69875,56455.0,420.6780923994039,11571.2,0,15.384615384615387,-2110.579053720401,-1771.5075258216216,1,0,1,1,0,0,-0.15797119846542262
2022-01-24,SILVER,2022-02-05,70601.0,70790.0,70355.0,70500.0,-0.4203162244883596,101.0,435.0,0.6161385816064928,0.5655172413793104,-2466.0,-3861.0,72602.9,74845.75,78409.92,72915.34410721691,75087.77129501213,-5.671330703480158,-9.95909701221478,1121.2142857142858,11028.377243800584,0.11510656498569499,17150,0.7232030091992266,0,0,15.84820518617847,57653,-12222.0,-17.4912343470483,5789.8,0,10.02034043464296,-2172.427187795227,-1851.6914582163427,1,0,0,1,0,1,0.9121683828840951
2022-01-25,SILVER,2022-02-05,71452.0,71838.0,71133.0,71437.0,1.205365363096833,15.0,705.0,0.9866763701505906,0.4524822695035461,-610.0,-3255.0,72277.4,74498.55,78239.34,72690.21424456815,74818.45490278902,-4.0894084515738935,-8.675098741886112,1133.5714285714287,10894.020337588387,0.22034658412668073,18406,0.7865089318716442,0,18406,21.2725062296768,26740,-30913.0,-53.61906579015836,-258.0,0,18.77100840336135,-2128.240658220864,-1907.001298217247,1,0,0,0,0,1,1.4261322286290097
2022-01-26,SILVER,2022-02-05,70992.0,71310.0,70673.0,70865.0,-0.6437888372613831,127.0,637.0,0.8972842010367365,0.5007849293563579,-544.0,-2951.0,71982.3,74092.85,78042.64,72428.95051463459,74535.01379887873,-4.185086685152489,-9.034343276957314,1046.2142857142858,10410.827018061565,0.20215142422207244,24781,1.1013068046725878,0,0,18.63471968267043,75263,48523.0,181.46222887060583,-836.4,0,21.30424415832141,-2106.063284244141,-1946.8136954226259,1,0,1,0,0,0,-0.7888212756366914
2022-01-27,SILVER,2022-02-05,71706.0,71827.0,71472.0,71827.0,1.0057471264367734,121.0,355.0,0.49507712046411734,0.6591549295774648,112.0,-2809.0,71701.4,73798.1,77859.98,72317.72735853695,74325.45722118401,-2.834896833387317,-7.903906474160404,959.2857142857143,10067.55923172104,0.2921939218983504,23325,1.0298263313237186,0,23325,25.047172771730594,74559,-704.0,-0.9353865777340764,12227.8,0,32.49317916071196,-2007.7298626470583,-1958.9969288675125,0,0,0,0,0,0,-2.659470616126963
2022-01-28,SILVER,2022-02-05,70787.0,71391.0,70476.0,70735.0,-1.2816221794549998,52.0,915.0,1.2926102250413212,0.33989071038251367,-112.0,-2318.0,71469.6,73431.75,77630.4,72082.23084183896,74063.34927887408,-3.601643703166546,-8.81536099260083,970.6428571428571,9541.728222585545,0.22282274884545542,8148,0.42588890195617235,0,0,15.1670870268217,29465,-45094.0,-60.48096138628469,-8082.0,0,28.521332554061942,-1981.1184370351257,-1963.4212305010353,1,0,0,0,0,0,-0.7035190077274075
2022-01-31,SILVER,2022-02-05,71245.0,71414.0,70830.0,70830.0,0.6470114569059326,415.0,584.0,0.8197066460804268,0.7106164383561644,644.0,-1822.0,71287.4,73117.4,77408.1,71953.42609694066,73854.58266562414,-2.560813158017099,-7.961828284120144,973.4285714285714,8902.226465447107,0.289670594511667,33879,1.7584088732719674,1,33879,44.8434363946893,61432,31967.0,108.4914305107755,755.8,1,30.25775547445255,-1901.1565686834801,-1950.9682981375245,0,1,1,0,0,0,-1.5481788195662853
2022-02-01,SILVER,2022-02-05,72471.0,72885.0,71733.0,72416.0,1.7208225138606315,55.0,1152.0,1.5896013577844932,0.640625,1019.0,409.0,71328.3,72837.45,77226.36,72033.05285125748,73752.0950607631,-0.5031065749830577,-6.15769019801011,1016.3571428571429,7591.190958500694,0.45172694218821585,12933,0.6651819696751496,0,12933,24.046606228108594,14131,-47301.0,-76.9973303815601,-2521.8,0,42.026002166847235,-1719.0422095056128,-1904.5830804111424,0,0,0,0,0,0,-2.768003753225428
2022-02-02,SILVER,2022-02-05,70432.0,70859.0,69998.0,70285.0,-2.8135392087869637,147.0,861.0,1.2224557019536575,0.5040650406504065,-560.0,-1104.0,71217.9,72489.15,76974.22,71786.7370279871,73506.16209329916,-2.837872978231907,-8.499235198485936,1125.357142857143,6552.936155086005,0.1860720215619139,14436,0.7581972594393878,0,0,22.560912316741017,20652,6521.0,46.146769513834826,-10922.2,0,30.915209871926706,-1719.425065312069,-1867.5514773913278,0,0,1,1,0,0,-0.6289754656974103
2022-02-03,SILVER,2022-02-05,69799.0,69948.0,69572.0,69572.0,-0.89873920945025,227.0,376.0,0.5386896660410607,0.6037234042553191,-1907.0,-1795.0,71038.4,72188.8,76698.54,71480.9313313737,73231.55749379552,-3.3104858371381747,-8.995660152070684,1063.857142857143,6184.77691041326,0.11359964399422146,22669,1.1993228050683808,0,0,28.336958182399666,74973,54321.0,263.03021499128414,82.8,0,33.3366935483871,-1750.6261624218314,-1844.1664143974285,0,0,1,1,0,0,0.4011518789667474
2022-02-04,SILVER,2022-02-05,70289.0,71297.0,69796.0,70115.0,0.702015788191801,174.0,1501.0,2.1354692768427492,0.3284477015323118,-498.0,-610.0,70977.4,71983.2,76452.36,71297.55728039313,73013.5902720329,-2.3536047299925498,-8.061700122795425,1110.5,6038.026809096686,0.21941164662475943,11474,0.6029950048217528,0,11474,30.104612145598384,57147,-17826.0,-23.776559561442124,5536.4,0,36.60817585807944,-1716.032991639775,-1818.539729845898,0,0,0,0,0,0,-0.45384057249356224
2022-02-07,SILVER,2022-02-05,70142.0,70347.0,69926.0,70157.0,-0.2091365647540866,15.0,421.0,0.6002110005417581,0.5130641330166271,-1103.0,-459.0,70931.5,71767.2,76206.48,71119.77923725573,72800.87988151195,-2.2645442486261094,-7.957958430831599,1043.5,5775.158941535919,0.21858783170255558,16228,0.8760787002421255,0,0,28.568609373002705,57671,524.0,0.9169335223196295,-752.2,0,39.90960689510195,-1681.1006442562211,-1791.0519127279626,0,0,1,0,0,1,1.149097544980183
2022-02-08,SILVER,2022-02-05,70465.0,71119.0,69723.0,70652.0,0.4604944255937937,187.0,1396.0,1.981125381395019,0.5315186246418339,-2006.0,-987.0,70832.8,71555.1,75983.4,71019.04396998562,72627.8517421407,-1.523441375946656,-7.262638944822151,1083.5714285714287,5171.551313626871,0.28921218530160814,38538,1.951128133598965,1,38538,41.58409109088441,29171,-28500.0,-49.41825180766764,3008.0,0,44.24873805176673,-1608.8077721550799,-1754.6030846133863,0,1,0,0,0,1,1.0118498545377137
2022-02-09,SILVER,2022-02-05,69989.0,70304.0,69320.0,70033.0,-0.6755126658624877,44.0,984.0,1.4059352183914615,0.6798780487804879,-443.0,-1003.0,70732.5,71357.4,75776.5,70860.57566691091,72432.38124272287,-1.9176707671523827,-7.637592129486054,1107.0714285714287,4832.217910736683,0.21681740656613344,6843,0.3607502846779976,0,0,29.896196602309043,65692,36521.0,125.19625655616879,9008.0,0,41.751464693185326,-1571.805575811959,-1718.0435828531008,0,0,1,0,0,1,2.1260483790309905
2022-02-10,SILVER,2022-02-05,70079.0,70393.0,69841.0,69994.0,0.12859163582847888,85.0,552.0,0.7876824726380228,0.4311594202898551,280.0,-1627.0,70569.8,71135.6,75553.56,70740.33325661693,72258.05670622487,-1.4853322387103023,-7.245932554336284,1088.5714285714287,3937.242508205876,0.2316395934977656,5073,0.2686266047831739,0,5073,27.8971586820345,68541,2849.0,4.336905559276616,-1286.4,1,45.506356861025864,-1517.7234496079473,-1677.9795562040701,0,0,1,0,0,1,1.5339830762425262
2022-02-11,SILVER,2022-02-05,69970.0,70792.0,69340.0,70034.0,-0.15553874912598298,64.0,1452.0,2.0751750750321563,0.43388429752066116,-319.0,-817.0,70488.1,70978.85,75291.48,70621.82044790663,72088.5710242823,-1.421338891796649,-7.067838220207647,1153.4285714285713,3600.8369261080807,0.21982902289040657,21059,1.080694119790317,0,0,65.9158369757311,19470,-49071.0,-71.59364467982667,-7535.4,0,46.468942361499714,-1466.7505763756635,-1635.733760238389,0,0,0,0,0,1,1.1433471487780478
2022-02-14,SILVER,2022-02-05,70948.0,71364.0,70460.0,70883.0,1.3977418893811544,65.0,904.0,1.2741726334780403,0.5398230088495575,806.0,-297.0,70458.4,70872.9,75075.42,70672.00191745946,72004.08428174286,0.10596433897865874,-5.4976981813754735,1164.642857142857,3017.5946921875,0.5248873714533097,25733,1.2716477358364693,0,25733,36.55578686474828,71344,51874.0,266.43040575243964,2734.6,1,47.21915691900242,-1332.0823642834002,-1575.0034810473915,0,0,1,0,0,0,-0.7258837458420251
2022-02-15,SILVER,2022-02-05,71178.0,71425.0,70542.0,71079.0,0.32418109037604115,99.0,883.0,1.2405518559105342,0.7202718006795017,713.0,-1293.0,70329.1,70828.7,74852.8,70749.84777631186,71942.89285346562,0.49316167033985225,-4.909368787807541,1172.0714285714287,2821.4642260623805,0.6238009671621759,30395,1.487522818144891,0,30395,44.55005934877956,54308,-17036.0,-23.878672348060103,5027.4,0,51.05298913043479,-1193.045077153758,-1498.6118002686649,0,0,0,0,0,0,-0.564781252634241
2022-02-16,SILVER,2022-02-05,71477.0,71963.0,71186.0,71312.0,0.4200736182528253,165.0,777.0,1.087062971305455,0.3745173745173745,1488.0,1045.0,70433.6,70825.75,74648.18,70861.71734918695,71908.38227172743,0.9195102063868014,-4.248167872277654,1168.5,2809.4771568281576,0.7318046966202238,25202,1.258787713808355,0,25202,41.679411306298306,60639,6331.0,11.65758267658541,-1010.6,1,48.63965783533325,-1046.6649225404835,-1408.2224247230288,0,0,1,0,0,0,-1.439623934972089
2022-02-17,SILVER,2022-02-05,71154.0,71623.0,70693.0,70905.0,-0.45189361612826273,249.0,930.0,1.3070242010287547,0.4956989247311828,1075.0,1355.0,70569.1,70803.75,74445.96,70906.6839108505,71852.50210345133,0.49467718870822525,-4.421945797998986,1147.0714285714287,2734.726350209239,0.628074971732803,18273,0.9480573721798367,0,0,33.22692298412215,31326,-29313.0,-48.34017711373868,-7443.0,0,52.34624728295615,-945.8181926008401,-1315.741578298591,0,0,0,0,0,0,-0.6296202602805183
2022-02-18,SILVER,2022-02-05,70770.0,71330.0,70421.0,70714.0,-0.5396745088118715,56.0,909.0,1.284442560406952,0.38393839383938394,800.0,481.0,70617.2,70797.3,74246.84,70885.6556168735,71772.31676245494,-0.03856079257260221,-4.682812090049889,1167.2142857142858,2733.376427559735,0.49001235258900094,38099,1.846579618266593,1,0,49.01527301386657,14597,-16729.0,-53.40292408861649,-974.6,0,46.93429714728282,-886.6611455814418,-1229.9254917551611,0,1,0,0,0,1,2.3823654090716406
2022-02-21,SILVER,2022-02-05,70433.0,71025.0,70079.0,70455.0,-0.4761904761904745,22.0,946.0,1.3431204123067313,0.37420718816067655,-515.0,291.0,70646.3,70788.9,74056.76,70816.01629120065,71673.1081133842,-0.5027624387439191,-4.893219741182298,1117.642857142857,2747.6296080731554,0.3704701685575524,31280,1.465881239250751,0,0,43.082181797507914,40788,26191.0,179.42727957799548,-6111.2,0,35.14144065325168,-857.0918221835454,-1155.358757840838,0,0,1,0,0,1,3.9498530518364974
2022-02-22,SILVER,2022-02-05,70776.0,70864.0,70667.0,70762.0,0.48698763363763664,14.0,197.0,0.2783429411099808,0.5532994923857868,-402.0,311.0,70677.4,70755.1,73872.24,70809.85993870824,71606.65566054093,0.029538506764875152,-4.191344407588026,971.7857142857143,2675.8349095488375,0.5078106462866643,83077,3.3809276724760653,1,83077,45.89348178609763,75020,34232.0,83.92664509169363,4142.4,1,53.33204184424641,-796.7957218326919,-1083.6461506392088,0,1,1,0,0,1,3.080140160506386
2022-02-23,SILVER,2022-02-05,70448.0,71072.0,69905.0,70390.0,-0.46343393240646513,58.0,1167.0,1.6565409947762888,0.4652956298200514,-1029.0,459.0,70723.3,70727.9,73696.18,70754.18917890696,71520.82931531567,-0.3957419914913269,-4.4075283142219766,993.7142857142857,2679.513200093643,0.39554072732680984,70685,2.630878628228581,1,0,52.62620352982075,59477,-15543.0,-20.71847507331378,-232.4,0,56.68107885526046,-766.6401364087069,-1020.2449477931085,0,1,0,0,0,1,5.047694753577106
2022-02-24,SILVER,2022-02-05,70706.0,70752.0,70571.0,70572.0,0.36622757210993395,134.0,181.0,0.2559895906995163,0.7458563535911602,-448.0,627.0,70786.0,70677.9,73519.88,70746.77545907511,71460.47158825524,0.03975783094857915,-3.827372950010262,908.2142857142857,2516.438887333963,0.511166573581994,68522,2.352500918382411,1,68522,54.906782843598606,43071,-16406.0,-27.58377187820502,2349.0,0,54.50810810810811,-713.6961291801272,-958.9351840705123,0,1,0,0,0,1,4.194834950357819
2022-02-25,SILVER,2022-02-05,72456.0,73113.0,72138.0,72544.0,2.475037479138975,88.0,975.0,1.3456442530639285,0.3261538461538461,1686.0,2486.0,71034.6,70761.35,73379.1,71009.73308075586,71534.21443356966,2.39488082123927,-1.2579876286299583,1050.0714285714287,2977.8495313869207,1.069085167715213,25282,0.8431830309498399,0,25282,17.08447489440423,71923,28852.0,66.98706786468853,11465.2,1,68.57739242132305,-524.4813528138038,-872.0444178191706,0,0,1,0,0,0,-0.681793088219057
2022-02-28,SILVER,2022-02-05,73215.0,73542.0,72612.0,73022.0,1.0475322954620836,193.0,930.0,1.2702315099364885,0.6483870967741936,2782.0,2267.0,71261.3,70859.85,73257.54,71349.00491448573,71658.71706812005,3.323673420138476,-0.05806910797167582,1027.9285714285713,3684.6991221882636,1.1391702339596512,19702,0.6729939897831437,0,19702,12.657892418318223,67492,-4431.0,-6.160755252144656,5340.8,0,70.63325330132054,-309.7121536343184,-759.5779649822002,0,0,0,0,0,0,-2.8341186915249605
2022-03-01,SILVER,2022-04-05,72956.0,73117.0,72706.0,73069.0,-0.3537526463156415,113.0,411.0,0.5633532540161192,0.6082725060827251,2180.0,1778.0,71439.1,70884.1,73147.08,71596.23492764178,71754.81210011116,2.9229404055352246,-0.2612271057163208,982.5,3883.457580423623,1.033519410755089,24249,0.812608177688713,0,0,13.154098443962445,41770,-25722.0,-38.11118354767973,-6650.0,0,73.01070265239646,-158.57717246937682,-639.3778064796355,0,0,0,0,0,0,-4.565765666977356
2022-03-02,SILVER,2022-04-05,74004.0,74242.0,73565.0,73856.0,1.4364822632819685,148.0,677.0,0.9148154153829522,0.6484490398818316,3556.0,2527.0,71691.8,71062.7,73067.7,71966.6603233892,71921.41861121405,4.139020892817193,1.2814143595597,1034.9285714285713,4750.658520557918,1.119135218259084,17714,0.5903712233188968,0,17714,12.167646639182282,45399,3629.0,8.688053627005022,-2815.6,1,76.50236326806211,45.24171217514959,-502.45390274867856,0,0,1,0,0,0,-6.276687746608292
2022-03-03,SILVER,2022-04-05,73672.0,73852.0,73561.0,73561.0,-0.4486243986811522,111.0,291.0,0.39499402758171354,0.38144329896907214,2966.0,2518.0,71943.6,71256.35,72967.5,72229.02027363701,72051.09130667966,3.3900838311252173,0.9654983383012985,962.8571428571429,5130.86844398448,0.9708072378725954,13656,0.4620663052967091,0,0,12.62618820792914,67439,22040.0,48.54732483094342,4873.6,0,74.26586261143157,177.92896695734817,-366.37732880747325,0,0,1,0,0,0,-5.809534151373656
2022-03-04,SILVER,2022-04-05,71962.0,72164.0,71676.0,71751.0,-2.321098924964704,211.0,488.0,0.6781356827214363,0.5860655737704918,-494.0,1192.0,72062.8,71340.0,72823.48,72187.94023153902,72044.49195062931,0.8718811326044296,-1.1829701079926365,1005.8571428571429,5083.233947835106,0.6223630480877047,10741,0.36388521405062413,0,0,-0.358292457648977,54415,-13024.0,-19.312267382375182,-3501.6,0,56.06459330143541,143.44828090970987,-264.41220686403665,0,0,0,0,0,0,-1.6411439370779022
2022-03-07,SILVER,2022-04-05,71140.0,71518.0,70787.0,71069.0,-1.1422695311414377,71.0,731.0,1.0275513072814169,0.4829001367989056,-2075.0,707.0,72133.5,71389.9,72680.56,72026.71865745609,71977.49254687899,-0.3500495168083919,-2.119631439273442,1026.7142857142858,4962.09852041633,0.44963824297889454,21661,0.7271427228660051,0,0,11.598169448338679,22569,-31846.0,-58.524303960305055,-8984.6,0,49.78775692582663,49.2261105771031,-201.68454337580872,0,0,0,0,0,0,-0.09839752600506045
2022-03-08,SILVER,2022-04-05,69625.0,70288.0,69306.0,69761.0,-2.129603598538099,136.0,982.0,1.4104129263913825,0.32484725050916496,-3331.0,-1151.0,72018.4,71347.9,72505.14,71657.22347938592,71803.23383970276,-2.414787260732263,-3.972325272387584,1101.642857142857,5147.367466150143,0.16528521397975918,36555,1.2312205604234416,0,0,1.9149783979388388,12369,-10200.0,-45.19473614249635,-5880.2,0,40.892997639653814,-146.01036031683907,-190.5497067640148,0,0,0,1,0,1,1.8427289048473967
2022-03-09,SILVER,2022-04-05,69359.0,69739.0,68461.0,69430.0,-0.3820466786355503,71.0,1278.0,1.8425871191914533,0.702660406885759,-4645.0,-1089.0,71909.5,71316.4,72310.2,71303.65063640347,71622.17948120627,-2.7446702301293873,-4.08130526537058,1126.5,5315.522199430037,0.13175772265425237,33690,1.085639525141465,0,0,2.6228561335054734,10528,-1841.0,-14.883984153933216,-6974.2,0,41.123528829987144,-318.52884480280045,-216.14553437177193,0,0,0,1,0,1,3.252642050779279
2022-03-10,SILVER,2022-04-05,69392.0,69744.0,68506.0,69528.0,0.047578540636394884,136.0,1238.0,1.784067327645838,0.715670436187399,-4280.0,-1314.0,71778.1,71282.05,72146.02,71009.55053849524,71456.98100111692,-2.651509040494771,-3.8172861094763144,1150.0,5483.07289564432,0.15529365814169033,37833,1.1580207159998042,0,37833,4.15860341407645,40314,29786.0,282.92173252279633,-5425.0,1,42.9405737704918,-447.43046262167627,-262.4025200217528,0,0,1,1,0,1,0.6052570901544847
2022-03-11,SILVER,2022-04-05,70781.0,70944.0,70611.0,70855.0,2.001671662439475,74.0,333.0,0.4704652378463147,0.5105105105105106,-1181.0,-1675.0,71610.6,71322.6,71999.36,70974.38891718828,71406.90833436752,-0.7593665962822524,-1.6921817082818522,1193.2857142857142,5366.390126470098,0.3990755447822316,10704,0.3329119061725861,0,10704,3.298261510013488,28047,-12267.0,-30.42863521357345,-5273.6,0,51.60932297447281,-432.5194171792391,-296.42589945325005,0,0,0,0,0,0,-1.0709088597222418
2022-03-14,SILVER,2022-04-05,71070.0,71535.0,70874.0,70913.0,0.40830166287562086,157.0,661.0,0.9300689461094694,0.29652042360060515,-70.0,-2145.0,71396.1,71328.7,71870.12,70989.09831454392,71381.9521614514,-0.36268710911596186,-1.1132860220631262,1216.357142857143,5360.324593471043,0.4517379973005557,17175,0.5413754245502329,0,17175,11.550768965822279,29748,1701.0,6.064819766819984,1435.8,1,51.36642498605689,-392.85384690747014,-315.71148894409407,0,0,1,0,0,0,-0.5571971295905446
2022-03-15,SILVER,2022-04-05,70908.0,71003.0,70857.0,70861.0,-0.22794428028704017,47.0,146.0,0.20590060359902976,0.3493150684931507,1283.0,-2048.0,71191.3,71315.2,71726.88,70976.62165076793,71346.84459393648,-0.5709862694067984,-1.1416640456130318,1148.2142857142858,5372.143761058134,0.42420158169412203,17696,0.5691898950781286,0,0,9.546229331087144,45109,15361.0,51.63708484604006,6548.0,0,52.17145015105741,-370.22294316854095,-326.61377978898344,0,0,1,0,0,0,-2.0068257460371184
2022-03-16,SILVER,2022-04-05,71615.0,71830.0,71295.0,71504.0,0.9970666215377566,111.0,535.0,0.7470501989806605,0.5981308411214953,2256.0,-2389.0,70952.4,71322.1,71611.22,71074.83370449595,71366.7079573486,0.41067214790365697,0.005278502446961294,1192.357142857143,5377.059560372349,0.5544721509426077,33054,1.049919955276599,0,33054,20.919983292492834,23919,-21190.0,-46.975104746281225,2678.2,0,54.11647495697853,-291.8742528526491,-319.66587440171656,0,0,0,0,0,0,-1.6449067932695665
2022-03-17,SILVER,2022-04-05,69812.0,70122.0,69452.0,69998.0,-2.517628988340437,186.0,670.0,0.9597203919097004,0.5373134328358209,420.0,-3860.0,70566.4,71255.0,71491.34,70880.55159611195,71251.54440495241,-2.0251210441372534,-2.349011782406088,1174.9285714285713,5543.778684729885,0.2397082239277182,26076,0.8181334722198256,0,0,21.099735751098088,57498,33579.0,140.38630377524143,3436.8,0,38.08364881918153,-370.99280884045584,-329.93126128946443,0,0,1,0,0,1,1.3206898527473787
2022-03-18,SILVER,2022-04-05,70023.0,70787.0,69424.0,69855.0,0.30224030252679057,168.0,1363.0,1.9465032917755594,0.43947175348495965,-758.0,-1939.0,70372.5,71217.65,71403.78,70748.6205813255,71160.54111569667,-1.6774633816195765,-1.933763170521223,1194.7142857142858,5638.268382925453,0.288117571058201,19986,0.6453987967797874,0,19986,20.898847702077667,65808,8310.0,14.452676614838778,7552.2,1,34.86630001896454,-411.9205343711801,-346.32911590580756,0,0,1,0,0,1,0.5541036516573127
2022-03-21,SILVER,2022-04-05,70674.0,70870.0,70541.0,70800.0,0.9296945289404945,126.0,329.0,0.4655177292922433,0.40425531914893614,-396.0,-466.0,70325.9,71229.7,71328.02,70737.14049189081,71124.50103305247,-0.7801520994753552,-0.9169187648837076,1218.857142857143,5614.0938585522235,0.4010169737092172,19440,0.6400021070028213,0,19440,10.459005318414132,38906,-26902.0,-40.87952832482373,1831.6,0,39.568476869628824,-387.36054116165906,-354.53540095697787,0,0,0,0,0,0,0.3933554065144183
2022-03-22,SILVER,2022-04-05,69485.0,69829.0,69204.0,69609.0,-1.682372583977132,124.0,625.0,0.8994747067712456,0.4496,-1423.0,-140.0,70311.9,71165.15,71223.58,70544.50349313839,71003.05651208562,-2.3609168251594976,-2.44101742709367,1232.0,5817.033756676858,0.21116722537985982,12960,0.48233934582726223,0,0,0.24971981297424506,76896,37990.0,97.64560736133244,6357.4,0,29.60556006859825,-458.5530189472338,-375.33892455502905,1,0,1,0,0,1,4.877311649996402
2022-03-23,SILVER,2022-04-05,70437.0,70847.0,70242.0,70694.0,1.3700798733539576,257.0,605.0,0.8589235770972642,0.32231404958677684,-1178.0,1078.0,70419.7,71164.6,71153.46,70527.96449419402,70961.12640007929,-1.022418449622433,-1.006922221350875,1297.642857142857,5818.183966985438,0.3749437961864593,27462,1.1114663731033394,0,27462,12.22328514071479,31946,-44950.0,-58.45557636287973,1605.4,0,36.17403196854432,-433.1619058852666,-386.9035208210766,0,0,0,0,0,1,3.706858611241251
2022-03-24,SILVER,2022-04-05,70734.0,70962.0,70438.0,70676.0,0.4216533923931953,58.0,524.0,0.7408035739531201,0.5648854961832062,922.0,1342.0,70553.9,71166.0,71077.84,70559.66226431802,70944.30222229565,-0.6070314476013827,-0.4837513351559312,1192.5714285714287,5816.379050849442,0.4257269864595724,22821,1.0177564404168071,0,22821,9.303571780464313,57020,25074.0,78.48869968071119,-95.6,1,44.03072136885086,-384.63995797763346,-386.450808252388,0,0,1,0,0,1,3.597986823875364
2022-03-25,SILVER,2022-04-05,70411.0,70538.0,70092.0,70512.0,-0.45664037096728727,101.0,446.0,0.6334237548110381,0.7152466367713004,388.0,-370.0,70516.9,71063.75,71023.96,70536.79114673063,70904.79835397746,-0.9185414504582153,-0.8630327005140326,1154.5,5721.2632944318175,0.38590806498360514,32258,1.4165859742267248,0,0,20.609522078229606,32161,-24859.0,-43.5969835145563,-6729.4,0,46.275671809543276,-368.00720724683197,-382.76208805127686,0,0,0,0,0,1,3.544900654727244
2022-03-28,SILVER,2022-04-05,70952.0,71275.0,70308.0,71275.0,0.7683458550510558,323.0,967.0,1.3628932235877778,0.6659772492244054,278.0,-118.0,70505.1,70950.6,70981.66,70600.66943184899,70908.29477220135,0.001973203891149869,-0.04178544147883199,1092.5714285714287,5350.755326906976,0.5002616453032255,32353,1.3823587219387972,0,32353,14.593568549685775,37738,5577.0,17.34087870402039,-233.6,1,57.528650856688984,-307.62534035235876,-367.7347385114933,0,0,1,0,0,1,1.7688014432292252
2022-03-29,SILVER,2022-04-05,72874.0,73087.0,72497.0,72784.0,2.708873604690498,90.0,590.0,0.809616598512501,0.6389830508474577,3389.0,1966.0,70701.7,70946.5,70997.9,70950.41259617991,71053.9025668531,2.716835925662295,2.6424725238352207,1153.7857142857142,5325.317405909882,0.8619502563097773,28416,1.2034278381623331,0,28416,13.073331963745682,13925,-23813.0,-63.100853251364676,-12594.2,0,66.78765880217786,-103.48997067318123,-314.88578494383086,0,0,0,0,0,0,0.07547273375963992
2022-03-30,SILVER,2022-04-05,73048.0,73277.0,72823.0,72823.0,0.23876828498503588,225.0,454.0,0.6215091446719965,0.4955947136563877,2611.0,1433.0,70845.0,70898.7,71028.14,71273.11835061377,71201.61348782694,3.031508335131678,2.8437461546930565,1097.7857142857142,4916.020487302856,0.9372032227187082,27115,1.1259166369079752,0,27115,3.9366938422380953,18463,4538.0,32.58886894075403,-2696.6,1,67.22902921771913,71.5048627868382,-237.60765539769707,0,0,1,0,0,0,-1.1280254079509364
2022-03-31,SILVER,2022-04-05,73279.0,73638.0,72884.0,73003.0,0.31623042383090993,276.0,754.0,1.0289441722730932,0.5238726790450928,2545.0,3467.0,71191.7,70879.05,71061.84,71581.71552744243,71355.49397021013,3.3859793549715986,3.120043049828155,1040.7857142857142,4738.690109924617,1.0064585242604471,29968,1.2036211453036765,0,29968,7.0999699217106835,67153,48690.0,263.7166224340573,2026.6,1,63.21413457469318,226.2215572323039,-144.84181287169687,0,0,1,0,0,0,-1.3318959046930225
2022-04-01,SILVER,2022-04-05,72907.0,73240.0,72474.0,73010.0,-0.5076488489198838,103.0,766.0,1.050653572359307,0.5652741514360313,2496.0,2884.0,71480.1,70926.3,71102.0,71785.60544629744,71470.42034278714,2.792617125100276,2.5386065089589605,1044.4285714285713,4989.309008164331,0.8969888408913637,27731,1.0770282394155595,0,0,8.688987929936179,71009,3856.0,5.74211129808051,7769.6,0,59.63293130571578,315.1851035103027,-52.83642959529696,0,0,1,0,0,0,-1.3524078620708573
2022-04-04,SILVER,2022-04-05,72207.0,72641.0,71935.0,71935.0,-0.9601272854458442,272.0,706.0,0.9777445400030468,0.38526912181303113,1255.0,1533.0,71633.4,70979.65,71134.12,71850.4353776363,71524.981798877,1.7291575824902008,1.508249487025361,1098.642857142857,5117.423739179532,0.7398374773234597,27785,1.0664430277232966,0,0,8.981651955981917,51552,-19457.0,-27.400752017349916,2762.8,0,56.44793011019558,325.45357875930495,22.821572075623422,0,0,0,0,0,0,0.18834739014222998
2022-04-05,SILVER,2022-04-05,72929.0,73330.0,72412.0,72874.0,0.9999030564903588,55.0,918.0,1.2587585185591466,0.5631808278867102,55.0,3444.0,71977.8,71144.85,71163.66,72016.36839646148,71628.98314710833,2.507771117656435,2.480676232785099,1113.0,5232.87973852799,0.8409499337169701,18828,0.7481061922992107,0,18828,9.091303446594358,66271,14719.0,28.55175356921167,10469.2,1,56.51268834258525,387.3852493531449,95.73430753112773,0,0,1,0,0,0,-0.3907910433435259
2022-04-06,SILVER,2022-04-05,72224.0,72712.0,71813.0,72287.0,-0.9666936335339882,63.0,899.0,1.2447385910500663,0.457174638487208,-824.0,1787.0,72156.5,71288.1,71188.3,72048.31172008278,71673.05846954475,1.3128418347522155,1.4548739048411004,1038.2142857142858,5033.131644152629,0.6859478484110981,9541,0.39820368028514075,0,0,-7.031058638243826,19797,-46474.0,-70.12720496144618,266.8,0,63.414905450500555,375.2532505380368,151.63809613250953,0,0,0,0,0,1,1.8318010633584403
2022-04-07,SILVER,2022-04-05,72303.0,72679.0,72138.0,72330.0,0.10938192290650406,27.0,541.0,0.748240045364646,0.3049907578558225,-976.0,1569.0,72313.4,71433.65,71200.24,72087.49453237774,71719.72080513403,1.2170034710532165,1.5488150039943611,979.5,4776.554367015458,0.6820035810757877,18311,0.7966846501914375,0,18311,3.8508215638402206,23965,4168.0,21.053695004293573,-8637.6,1,62.86972228494017,367.773727243708,194.86522235474922,0,0,1,0,0,1,1.1451806978963528
2022-04-08,SILVER,2022-04-05,71921.0,72111.0,71452.0,71982.0,-0.528332157725131,61.0,659.0,0.9162831440052279,0.7116843702579666,-986.0,1510.0,72464.4,71490.65,71222.92,72061.879988935,71734.63037512409,0.6019668306275098,0.9801339231809111,979.7857142857143,4754.162767623173,0.5905206702073345,35531,1.4666867558157055,0,0,9.11977851502239,23733,-232.0,-0.9680784477362869,-9455.2,0,57.25928513214577,327.2496138109127,221.34210064598193,0,0,0,0,0,1,1.389024068074693
2022-04-11,SILVER,2022-04-05,72343.0,73192.0,71332.0,72375.0,0.5867549116391535,32.0,1860.0,2.5710849702113543,0.5435483870967742,136.0,1391.0,72603.5,71554.3,71244.88,72105.12922140655,71779.69479178157,1.1022398374381372,1.5413318121947783,1007.6428571428571,4795.478414199606,0.6644674278304797,19588,0.8045674854185493,0,19588,4.6032608250395555,63223,39490.0,166.39278641553955,2334.2,1,68.26898491434416,325.4344296249765,242.16056644178084,0,0,1,0,0,0,-0.3193121656552811
2022-04-12,SILVER,2022-04-05,72644.0,73011.0,72380.0,72830.0,0.4160734279750722,186.0,631.0,0.868619569406971,0.4183835182250396,-285.0,-230.0,72580.5,71641.1,71248.34,72188.03241811323,71843.71739979775,1.399894753151465,1.958866690788871,958.0714285714286,4849.528315641859,0.7068036177384924,17380,0.7143385586637183,0,17380,4.692928774209197,36926,-26297.0,-41.594040143618614,-5869.0,0,65.38836982289779,344.3150183154794,262.5914568165206,0,0,0,0,0,0,-1.2182699190573207
2022-04-13,SILVER,2022-04-05,73547.0,73922.0,73210.0,73407.0,1.2430482902923812,140.0,712.0,0.9680884332467674,0.47331460674157305,1323.0,499.0,72630.4,71737.7,71310.64,72397.10435378812,71969.88648129422,2.522104834696405,3.136081796489276,1011.8571428571429,5139.951111788949,0.8520072391058755,22818,0.9579988580257279,0,22818,8.279653201815744,38783,1857.0,5.028976872664237,3797.2,1,68.08537996656808,427.21787249390036,295.51673995199656,0,0,1,0,0,0,-1.9756074347016193
2022-04-14,SILVER,2022-04-05,73131.0,73556.0,72726.0,73032.0,-0.5656247025711436,99.0,830.0,1.1349496109720911,0.4879518072289157,828.0,-148.0,72615.6,71903.65,71377.28,72510.01137628226,72055.89489008723,1.706936991376663,2.4569723026711037,1025.2857142857142,4946.437701704475,0.7481280618528922,35857,1.4751444515981724,0,0,12.94181638593848,46394,7611.0,19.624577778923747,4485.8,0,67.28081321473952,454.11648619502375,327.23668920060203,0,0,1,0,0,0,-0.5168806662017476
2022-04-15,SILVER,2022-04-05,72920.0,73405.0,72641.0,72808.0,-0.28852333483748716,112.0,764.0,1.047723532638508,0.36518324607329844,999.0,13.0,72616.9,72048.5,71429.9,72573.0865491619,72119.90267600669,1.2096018654101057,2.086101198517716,1010.7857142857143,4690.985487305064,0.685781858067668,26711,1.0838875655847133,0,0,11.13759182675376,74796,28402.0,61.219123162477906,10212.6,0,63.05039787798408,453.1838731552125,352.42612599152415,0,0,1,0,0,0,-1.269884805266045
2022-04-18,SILVER,2022-04-05,72112.0,72556.0,71723.0,72232.0,-1.1080636313768544,120.0,833.0,1.155147548258265,0.4669867947178872,-231.0,-95.0,72607.4,72120.4,71469.3,72502.15015698315,72119.31729259879,-0.011647189976753012,0.8992672378209903,943.7857142857143,4508.960603766376,0.4981370429377942,10097,0.4176360977889732,0,0,4.898209633950258,38287,-36509.0,-48.811433766511584,-4987.2,0,44.07096171802054,382.83286438435607,358.5074736700906,0,0,0,0,0,1,0.8805746616374529
2022-04-19,SILVER,2022-04-05,71759.0,72096.0,71280.0,71888.0,-0.4895163079653875,129.0,816.0,1.1371395922462688,0.5870098039215687,-885.0,-1170.0,72490.4,72234.1,71495.18,72387.81936360113,72092.62712277666,-0.6577225991602385,0.36900389648645826,970.7857142857143,3791.34302547836,0.3746882049956264,33393,1.3252137057408861,0,0,31.194091139937466,40436,2149.0,5.612871209548942,702.0,0,40.24224072672217,295.1922408244718,345.8444271009668,0,0,1,0,0,1,3.0184367117713458
2022-04-20,SILVER,2022-04-05,72094.0,72614.0,71565.0,72159.0,0.46684039632658436,65.0,1049.0,1.4550448026188032,0.5042897998093422,-1453.0,-130.0,72477.4,72316.95,71537.28,72342.61638458556,72092.72881738578,-0.30829563470251037,0.7782236059296651,991.8571428571429,3399.348166618991,0.43441389670251274,27076,1.0753448323794923,0,27076,34.23492457772055,13188,-27248.0,-67.38549807102582,-5119.0,0,41.16857952004769,249.8875671997812,326.6530551207297,0,0,0,0,0,1,3.0612811052237356
2022-04-21,SILVER,2022-04-05,72753.0,72979.0,72288.0,72925.0,0.9140843898243878,172.0,691.0,0.9497890121369565,0.6729377713458755,-378.0,450.0,72522.4,72417.9,71590.76,72405.75232541855,72141.63779387572,0.4627308994047133,1.6234497301048423,997.5714285714286,3071.4752567182877,0.6091006672663359,59345,2.1975478705874076,1,59345,36.96095067507191,16765,3577.0,27.123142250530783,-5925.8,1,48.89937106918239,264.11453154282935,314.14535040514966,0,1,1,0,0,1,4.4135637018404745
2022-04-22,SILVER,2022-04-05,71994.0,72107.0,71824.0,71824.0,-1.0432559482083215,170.0,283.0,0.39308831291496515,0.6007067137809188,-926.0,73.0,72529.7,72497.05,71631.24,72342.4058138157,72130.70166099604,-0.6938903031226827,0.506427084048796,994.5,2467.400413390802,0.29612145751864766,85792,2.8903907444966275,1,0,32.01325067302115,61626,44861.0,267.5872353116612,-2634.0,0,48.49043231750532,211.70415281965688,293.6571108880511,0,1,1,0,0,1,4.5948273467233385
2022-04-25,SILVER,2022-04-05,72747.0,72989.0,72560.0,72989.0,1.0459204933744415,242.0,429.0,0.5897150397954555,0.4358974358974359,635.0,404.0,72570.1,72586.8,71667.22,72404.65107322867,72176.35338981115,0.22070128453106774,1.506658134639517,985.3571428571429,1998.6882435082225,0.5801525703272282,30110,1.0182738043906505,0,30110,30.00996955363762,20807,-40819.0,-66.23665336059456,-3496.0,0,48.715777589613324,228.2976834175206,280.585225393945,0,0,0,0,0,1,2.0481944272616053
2022-04-26,SILVER,2022-04-05,73925.0,74150.0,73796.0,74150.0,1.6193107619558278,225.0,354.0,0.47886371322286103,0.3644067796610169,2166.0,1281.0,72698.2,72639.35,71722.16,72638.55090811657,72305.88276834365,1.7699084587072904,3.0713520061303177,1005.8571428571429,2320.950177474064,1.0539326145291033,26242,0.8907384181433389,0,26242,29.852567252212992,20204,-603.0,-2.898063151823904,-4046.4,0,61.25148829210213,332.6681397729117,291.0018082697384,0,0,0,0,0,0,-1.6124450456543795
2022-04-27,SILVER,2022-04-05,74301.0,74927.0,73729.0,74411.0,0.5086236050050763,110.0,1198.0,1.6123605335056055,0.4774624373956594,2207.0,754.0,72773.6,72702.0,71778.64,72894.31230686785,72453.66922994783,2.1993892877775028,3.5140816265117323,1052.7857142857142,2739.5615477089304,1.0836700406812283,46877,1.5395225795221854,1,46877,34.587032307879255,67944,47740.0,236.28984359532765,10951.2,1,62.71639511201629,440.6430769200233,320.9300619997954,0,1,1,0,0,0,-0.36204088774040727
2022-04-28,SILVER,2022-04-05,75964.0,77079.0,75279.0,76235.0,2.238193294841251,271.0,1800.0,2.369543467958507,0.38055555555555554,3211.0,2833.0,73056.9,72836.25,71874.84,73366.5719519651,72713.69373143317,4.294221627280372,5.689278751785748,1190.4285714285713,3985.2016524295614,1.2848410878012109,87205,2.6179118546781983,1,87205,37.47562359428874,52120,-15824.0,-23.289768044271753,7071.0,0,72.12432964868118,652.8782205319294,387.3196937062222,0,1,0,0,0,0,-1.7718919488178613
2022-04-29,SILVER,2022-04-05,75302.0,75742.0,74748.0,75052.0,-0.8714654309936232,250.0,994.0,1.32001806060928,0.5573440643863179,3308.0,2382.0,73295.1,72956.0,71965.48,73664.33011320124,72905.42012169739,3.215636822194199,4.6362783934742104,1144.4285714285713,4555.879209156235,1.0149390254432333,68622,1.940917171185772,1,0,37.895355253407644,32658,-19462.0,-37.340752110514195,-5793.6,0,65.77796736696172,758.9099915038532,461.6377532657484,0,1,0,0,0,0,-0.9468540012217471
2022-05-02,SILVER,2022-06-05,74237.0,74923.0,73897.0,74159.0,-1.4143050649385147,78.0,1026.0,1.3820601586809813,0.3313840155945419,1490.0,2125.0,73507.6,73057.5,72041.56,73752.43317270874,73004.05566823832,1.6144817438319132,3.0474631587655825,1197.0714285714287,4635.942599889997,0.7544250655795409,38402,1.0701019609154467,0,0,39.71142914938045,47081,14423.0,44.163757731643095,5254.8,0,57.854255004437434,748.3775044704234,518.9857035066834,0,0,1,0,0,1,0.8297749100852675
2022-05-03,SILVER,2022-06-05,72733.0,73280.0,72123.0,72626.0,-2.02594393631208,107.0,1157.0,1.5907497284588838,0.5272255834053586,-1192.0,974.0,73605.0,73047.7,72080.7,73595.59729998432,72983.97747059104,-0.43081438566853864,0.9049579152255776,1256.7857142857142,4643.825482917135,0.43223259548455073,37543,1.0195793009894885,0,0,16.415543219773845,44986,-2095.0,-4.4497780420976625,4956.4,0,46.21113386706386,611.619829393283,537.5125286840033,0,0,0,0,0,1,1.600373970549819
2022-05-04,SILVER,2022-06-05,74032.0,74143.0,73960.0,74139.0,1.7859843537321396,107.0,183.0,0.24719040414955695,0.39344262295081966,-269.0,1938.0,73798.8,73138.1,72152.38,73662.7361769098,73061.60876906577,1.2222083975383475,2.6050699921471687,1298.2142857142858,4655.31915803405,0.6920169100452158,34362,0.9027640943591038,0,34362,17.459961950397318,60304,15318.0,34.050593517983366,-1528.0,1,53.8752688172043,601.1274078440329,550.2355045160093,0,0,1,0,0,1,2.7299005835314456
2022-05-05,SILVER,2022-06-05,74618.0,74788.0,74254.0,74461.0,0.7915496001728917,157.0,534.0,0.7156450186282131,0.6816479400749064,-1346.0,1865.0,73985.3,73253.85,72230.62,73809.6998420006,73176.89700839423,1.862222941183288,3.30521875625601,1297.642857142857,4764.804876990296,0.7862971381236631,32315,0.8336493538991777,0,32315,4.946311049952087,75592,15288.0,25.351552135845058,4694.4,1,57.074999999999996,632.8028336063726,566.748970334082,0,0,1,0,0,1,2.104049961135383
2022-05-06,SILVER,2022-06-05,74589.0,74863.0,74429.0,74702.0,-0.03886461711651856,113.0,434.0,0.5818552333453995,0.3686635944700461,-713.0,2595.0,74244.8,73387.25,72273.28,73929.5921740005,73281.49722999465,1.637546031497297,3.204116376065956,1243.142857142857,4733.795339449163,0.7538660659841366,32746,0.8478137326354952,0,0,0.6232023680335715,68548,-7044.0,-9.318446396444068,7178.0,0,61.037340700472335,648.0949440058466,583.0181650684349,0,0,0,0,0,1,2.3006073281583075
2022-05-09,SILVER,2022-06-05,74853.0,75261.0,74636.0,75058.0,0.3539395889474273,205.0,625.0,0.8349698742869357,0.3472,616.0,2106.0,74455.4,73512.75,72306.04,74071.65491646196,73397.90484258765,1.8231531264984644,3.5224719815938013,1231.7142857142858,4799.423803135782,0.7792522717256862,15057,0.39213490461618594,0,15057,1.7116699727110167,49986,-18562.0,-27.078835268716816,581.0,0,63.896873877111034,673.750073874311,601.1645468296101,0,0,0,0,0,1,2.832217813581286
2022-05-10,SILVER,2022-06-05,73897.0,74405.0,73558.0,74000.0,-1.2771699197092978,103.0,847.0,1.1461899671163918,0.4002361275088548,1164.0,-28.0,74452.6,73575.4,72324.86,74044.78492931397,73434.87485424783,0.43710261853826937,2.1737200735680644,1249.2857142857142,4738.89641161327,0.567863901648469,26061,0.6711295325579328,0,0,10.304521752354878,76151,26165.0,52.34465650382107,6233.0,0,57.670382030119974,609.9100750661455,602.9136524769172,0,0,1,0,0,1,4.775565990500291
2022-05-11,SILVER,2022-06-05,76053.0,76336.0,75607.0,76097.0,2.917574461750805,44.0,729.0,0.9585420693463768,0.6117969821673526,2021.0,1752.0,74627.8,73700.7,72365.84,74353.7410940349,73628.81005022948,3.1916928875845185,5.09516644870011,1360.2857142857142,5230.803194841021,0.9497014917938422,39157,0.9876035663392058,0,39157,7.466306263242856,38214,-37937.0,-49.81812451576473,-4418.0,0,62.45283018867924,724.931043805409,627.3171307426155,0,0,0,0,0,1,2.097221674358671
2022-05-12,SILVER,2022-06-05,76188.0,76238.0,76037.0,76037.0,0.1775077906196909,151.0,201.0,0.263821074184911,0.7512437810945274,1570.0,224.0,74650.2,73853.55,72416.16,74635.93477187568,73818.37967613841,3.1609177893276588,5.208561183028755,1308.2857142857142,5648.3914393952,0.9132946565491498,16322,0.4220652026349984,0,16322,-6.968285411985947,48745,10531.0,27.557963050191027,-5369.4,1,66.60858545857752,817.5550957372616,665.3647237415448,0,0,1,0,0,1,1.0080327610647346
2022-05-13,SILVER,2022-06-05,76305.0,76769.0,75932.0,76176.0,0.15356749094346256,129.0,837.0,1.096913701592294,0.44563918757467147,1716.0,1003.0,74750.5,74022.8,72503.02,74892.71403774095,74002.57377420223,3.083104124675096,5.243891909605966,1297.0,5979.0206696768,0.8817013062982709,9276,0.2453968253968254,0,9276,-9.154202550405483,52548,3803.0,7.8018258282900765,-3200.0,1,64.83736447039199,890.1402635387203,710.31983170098,0,0,1,0,0,1,1.4350304698250442
2022-05-16,SILVER,2022-06-05,76973.0,77224.0,76816.0,77165.0,0.8754341130987386,192.0,408.0,0.5300559936601146,0.38480392156862747,2120.0,2736.0,75024.1,74265.85,72619.68,75212.75803193465,74222.60534648356,3.6452151291609725,5.994683534821426,1262.4285714285713,6245.680582358007,0.9334435557986751,17306,0.4535061824480582,0,17306,3.906381552777023,20681,-31867.0,-60.64360204003958,-5861.0,0,63.27526132404181,990.1526854510885,766.2864024510018,0,0,0,0,0,1,2.8100762605069307
2022-05-17,SILVER,2022-06-05,77426.0,77974.0,77145.0,77546.0,0.5885180517843924,120.0,829.0,1.070699764936843,0.33896260554885405,3529.0,4693.0,75493.4,74549.2,72775.7,75553.25679625239,74459.89383933663,3.858928063614369,6.389907620263362,1248.357142857143,6385.4526246034075,0.9505240535205878,39017,1.0149668393526292,0,39017,16.67542780987197,16984,-3697.0,-17.876311590348624,-11833.4,0,63.519944622306824,1093.3629569157638,831.7017133439542,0,0,0,0,0,1,3.8514194198331313
2022-05-18,SILVER,2022-06-05,77648.0,78434.0,76817.0,77642.0,0.28672538940408554,6.0,1617.0,2.0824747578817226,0.5139146567717996,1595.0,3616.0,75855.0,74826.9,72941.48,75875.52498144432,74696.04985123762,3.7701682149066795,6.45246024621382,1165.4285714285713,6518.077843885403,0.9328116459435161,32742,0.8455014144627689,0,32742,15.914449594729422,37579,20595.0,121.26118699952895,-127.0,1,58.32344800316331,1179.4751302067016,901.2563967165038,0,0,1,0,0,1,5.521069441582526
2022-05-19,SILVER,2022-06-05,76956.0,77068.0,76749.0,76891.0,-0.8912013187718948,65.0,319.0,0.4145225843339051,0.6489028213166145,768.0,2338.0,76088.8,75037.05,73092.76,76041.75190737596,74863.45356596075,2.557336675682209,5.285393519139249,1142.7857142857142,6475.871651145339,0.7963230439659204,36600,0.9737227869755266,0,0,17.68846888979497,64933,27354.0,72.79065435482583,3237.6,0,58.15099546619357,1178.2983414152113,956.6647856562454,0,0,1,0,0,1,5.864390041062426
2022-05-20,SILVER,2022-06-05,77400.0,77498.0,77086.0,77086.0,0.5769530640885812,314.0,412.0,0.5322997416020672,0.7621359223300971,1095.0,2811.0,76369.9,75307.35,73225.14,76250.71315239504,75051.34589440809,2.7788124266754757,5.701402551091061,1081.142857142857,6132.72310427326,0.841226884765406,22629,0.6572551776017984,0,22629,13.737881181199,37399,-27534.0,-42.40370843792832,-3029.8,0,66.60367454068242,1199.3672579869453,1005.2052801223854,0,0,0,0,0,1,4.076227390180878
2022-05-23,SILVER,2022-06-05,79136.0,79477.0,78621.0,78967.0,2.242894056847544,169.0,856.0,1.0816821674080066,0.6016355140186916,2163.0,4283.0,76798.2,75626.8,73386.46,76694.60343664195,75353.91286519267,4.640154019474574,7.834606002251632,1078.5,6535.6947168286715,1.0369283835984882,13245,0.39435722303439197,0,13245,14.992871169623353,41481,4082.0,10.91473034038344,4160.0,1,82.81233985856308,1340.690571449275,1072.3023383877635,0,0,1,0,0,1,1.6692782046097858
2022-05-24,SILVER,2022-06-05,80408.0,81355.0,79841.0,80715.0,1.6073594824100201,307.0,1514.0,1.8828972241568005,0.37450462351387054,2982.0,6511.0,77449.3,75950.95,73576.46,77265.89521562011,75728.28968999321,5.868326860954343,9.284953366878474,1136.2857142857142,7599.817778979166,1.0864680087893752,36414,1.0680189705791774,0,36414,25.177281170397308,10944,-30537.0,-73.61683662399653,-1208.0,0,82.76464542651593,1537.6055256269028,1165.3629758355914,0,0,0,0,0,0,0.15172619639836832
2022-05-25,SILVER,2022-06-05,81935.0,82907.0,81099.0,81725.0,1.899064769674652,210.0,1808.0,2.206627204491365,0.46238938053097345,4287.0,5882.0,78037.5,76332.65,73782.86,77984.21902860163,76188.04600925297,7.339388846057364,11.048826245011375,1260.7857142857142,9119.525959517836,1.1143246946024605,35098,1.0475154412872938,0,35098,19.79074836764419,19114,8170.0,74.65277777777777,-3693.0,1,84.28450941804891,1796.1730193486583,1291.524984538205,0,0,1,0,0,0,-0.4283883566241533
2022-05-26,SILVER,2022-06-05,81469.0,81599.0,81236.0,81500.0,-0.5687435162018639,31.0,363.0,0.4455682529551117,0.6418732782369146,4513.0,5281.0,78565.6,76607.9,74016.0,78520.33917804754,76579.22778634535,6.345429126761086,10.069444444444445,1279.7142857142858,10197.637282595068,0.9766888510828624,15588,0.520900514952331,0,0,20.063679140302263,49846,30732.0,160.78267238673223,-3017.4,0,80.96867122794382,1941.1113917021867,1421.4422659710012,0,0,1,0,0,0,-1.7896377763321019
2022-05-27,SILVER,2022-06-05,80555.0,81092.0,79859.0,80717.0,-1.1218991272754053,162.0,1233.0,1.5306312457327291,0.5644768856447688,3155.0,4250.0,78990.6,76870.55,74226.64,78833.36391988637,76873.72943180124,4.793057939614061,8.525726073549874,1346.7142857142858,10701.09853485314,0.8443057727204231,5442,0.2033168821755878,0,0,17.87169910872264,42596,-7250.0,-14.54479797777154,1039.4,0,74.24732097295458,1959.6344880851248,1529.080710393826,0,0,0,0,0,1,1.1371112904226925
2022-05-30,SILVER,2022-06-05,80457.0,80628.0,80255.0,80255.0,-0.12165601142076765,202.0,373.0,0.4636016754291112,0.5415549597855228,1321.0,3484.0,79339.0,77181.55,74422.3,79083.1540860577,77139.15688129744,4.2438251110530905,8.108725476100572,1280.857142857143,10857.05827948876,0.8016885343784147,16803,0.6541657663760431,0,0,30.09146649695837,16907,-25689.0,-60.30847966945253,-4914.8,0,80.09174311926606,1943.9972047602496,1612.0640092671108,0,0,0,0,0,1,1.0987235417676524
2022-05-31,SILVER,2022-06-05,80530.0,81128.0,80210.0,80560.0,0.09073169519122626,30.0,918.0,1.1399478455234073,0.3485838779956427,122.0,3104.0,79649.4,77571.4,74643.2,79305.74576512574,77390.33044564578,3.814034553972219,7.88658578410358,1172.2142857142858,10396.7715960801,0.7845691061555577,15599,0.6343906510851419,0,15599,16.829567792878713,38114,21207.0,125.43325249896493,5434.0,1,75.38845412271748,1915.4153194799583,1672.7342713096805,0,0,1,0,0,1,0.5314789519433751
2022-06-01,SILVER,2022-06-05,81584.0,82421.0,80682.0,81737.0,1.3088290078231646,153.0,1739.0,2.131545401059031,0.518688901667625,-351.0,3936.0,80043.0,77949.0,74866.14,79656.24641664485,77700.9726348572,4.6633054946182755,8.973161966143842,1292.9285714285713,10425.969277166849,0.8486486391208486,12058,0.5136801746631876,0,12058,16.167823800836224,35009,-3105.0,-8.146612793199349,3179.0,0,77.71158586688578,1955.2737817876477,1729.2421734052741,0,0,0,0,0,0,-1.9060109825455973
2022-06-02,SILVER,2022-06-05,80011.0,80113.0,79937.0,80013.0,-1.9280741321827777,2.0,176.0,0.21996975415880318,0.42045454545454547,-1458.0,3055.0,80348.5,78218.65,75051.68,79710.82389100717,77872.08577301593,2.291461179654732,6.6078734013682405,1350.7857142857142,10085.291115491767,0.6777192130078249,22206,0.9668107783336164,0,0,23.40551008853742,60241,25232.0,72.07289554114655,2079.0,0,66.55646890636169,1838.7381179912336,1751.1413623224662,0,0,1,0,0,0,-1.8634937696066791
2022-06-03,SILVER,2022-06-05,81471.0,81938.0,81148.0,81938.0,1.8247490969991675,467.0,790.0,0.9696701893925446,0.4088607594936709,916.0,4071.0,80755.6,78562.75,75272.88,79981.6202154676,78138.67201205179,3.7018179735307126,8.234200684230489,1422.7857142857142,9875.845184351056,0.7944811249783784,16894,0.7618248803870904,0,16894,24.83057693651677,45725,-14516.0,-24.09654554207268,625.8,0,68.76668891855807,1842.9482034158136,1769.5027305411359,0,0,0,0,0,0,-2.6672067361392395
2022-06-06,SILVER,2022-06-05,81341.0,81966.0,81070.0,81070.0,-0.15956598053294968,271.0,896.0,1.1015355109969143,0.30245535714285715,884.0,2205.0,80976.1,78887.15,75480.66,80190.75556693412,78375.88149264053,3.110582648758392,7.764028560428588,1415.2857142857142,9522.111599076685,0.7577001933308516,7939,0.3638438482479216,0,0,23.676769621050624,28996,-16729.0,-36.58611262985237,2417.8,0,66.78672498070492,1814.8740742935915,1778.576999291627,0,0,0,0,0,0,-2.4034619687488474
2022-06-07,SILVER,2022-06-05,80958.0,81721.0,80208.0,81129.0,-0.47085725525872757,171.0,1513.0,1.8688702784159688,0.495703899537343,428.0,550.0,81031.1,79240.2,75642.34,80308.79317202118,78567.14953022271,2.167839051390586,7.027360602540857,1407.857142857143,8438.771933603653,0.7035604248480314,27149,1.2411425332126431,0,0,30.381133030781427,16047,-12949.0,-44.65788384604773,-4413.4,0,63.99932329555067,1741.643641798466,1771.190327792995,0,0,0,0,0,0,-3.3807653351120335
2022-06-08,SILVER,2022-06-05,80029.0,80567.0,79704.0,80001.0,-1.1475085846982425,28.0,863.0,1.0783590948281248,0.3765932792584009,-1555.0,-1906.0,80840.5,79439.0,75781.96,80265.7480686333,78675.43475020622,0.7427082415438261,5.604288936311483,1433.2142857142858,7906.762888086989,0.5746196652600959,6031,0.29830002126828203,0,0,22.963977112954915,38767,22720.0,141.58409671589703,751.6,0,62.74152085579235,1590.3133184270846,1735.014925919813,0,0,1,0,0,0,-3.6986592360269404
2022-06-09,SILVER,2022-06-05,78520.0,78874.0,78276.0,78642.0,-1.885566482150225,122.0,598.0,0.7615894039735099,0.4080267558528428,-1491.0,-2949.0,80545.6,79555.6,75886.78,79997.17144268971,78663.92106500575,-1.301731116351339,3.469932444096325,1519.7142857142858,7355.196762190317,0.3592015912716912,15208,0.7542827667615637,0,0,43.739080433813555,26347,-12420.0,-32.03755771661465,-6778.8,0,54.26699177080158,1333.2503776839585,1654.6620162726424,0,0,0,0,0,0,-2.2058074375955172
2022-06-10,SILVER,2022-06-05,79298.0,79563.0,79062.0,79368.0,0.9908303616912972,70.0,501.0,0.631793992282277,0.47105788423153694,-2173.0,-1257.0,80419.9,79705.25,76014.6,79889.60660535283,78710.88987500532,-0.5109450130323911,4.3194333720101055,1445.857142857143,6699.223631374509,0.439209373741052,5562,0.2784271519034866,0,5562,43.905219036769175,34102,7755.0,29.434091167874897,-2324.6,1,50.66578990629623,1178.7167303475144,1559.4729590876168,0,0,1,0,0,0,-1.2371056016545183
2022-06-13,SILVER,2022-06-05,79386.0,79665.0,78765.0,79269.0,0.11097379505158322,117.0,900.0,1.1337011563751795,0.69,-1955.0,-1071.0,80312.8,79825.9,76158.18,79812.12866606777,78760.89803241233,-0.5510742753918142,4.238310316764407,1351.642857142857,6199.499049372214,0.42904265385046875,25951,1.2715624425797758,0,25951,59.686380144569895,14263,-19839.0,-58.17547357926222,-2946.6,0,45.34693134219632,1051.2306336554466,1457.824494001183,0,0,0,0,0,0,-1.6199329856649787
2022-06-14,SILVER,2022-06-05,78221.0,78615.0,77757.0,78257.0,-1.4675131635300986,36.0,858.0,1.0968921389396709,0.5407925407925408,-2737.0,-2309.0,80081.9,79865.65,76264.02,79567.33964051888,78720.90558556697,-2.059270787879388,2.566059329156784,1289.5,5977.128798486228,0.22484280405392648,33351,1.6571554921753302,1,0,63.25444673736005,77438,63175.0,442.929257519456,12278.2,0,32.514124293785315,846.4340549519111,1335.5464061913287,0,1,1,0,0,0,-1.8626711496912596
2022-06-15,SILVER,2022-06-05,77069.0,77334.0,76554.0,76783.0,-1.4727502844504636,286.0,780.0,1.0120800840804993,0.6602564102564102,-2960.0,-4515.0,79630.4,79836.7,76360.92,79182.97969582367,78598.54220885831,-3.466701404241404,0.9272806037433831,1358.642857142857,6177.120719150349,0.05194335260122796,23680,1.2037199419489792,0,0,62.62470092061843,40540,-36898.0,-47.648441333712135,354.6,0,30.54130550150363,584.4374869653548,1185.324622346134,0,0,0,1,0,0,-0.6552569775136566
2022-06-16,SILVER,2022-06-05,76788.0,77148.0,76492.0,76881.0,-0.3646083379828413,93.0,656.0,0.8543001510652706,0.45121951219512196,-1732.0,-3223.0,79308.1,79828.3,76450.62,78814.52128108157,78464.4279711651,-3.808549098502665,0.441304465549141,1290.5,6244.556514530617,0.01312795505566303,26586,1.3867351010476405,0,0,55.43590748192348,73769,33229.0,81.9659595461273,9484.4,0,32.35266560479715,350.09330991646857,1018.2783598602009,0,0,1,1,0,0,-0.5821222065947804
2022-06-17,SILVER,2022-06-05,78317.0,78993.0,77584.0,78363.0,1.9911965411262278,46.0,1409.0,1.7990985354393043,0.5202271114265437,-981.0,-3154.0,78992.7,79874.15,76578.54,78737.97954553056,78453.50738070843,-1.949504313973913,2.270166028237162,1421.357142857143,5993.069298870309,0.24017487161486412,14308,0.7628654908400692,0,14308,53.20983363284777,50843,-22926.0,-31.07809513481272,3348.2,0,41.15994712491738,284.47216482213116,871.5171208525869,0,0,0,0,0,0,-5.514766908844823
2022-06-20,SILVER,2022-06-05,78100.0,78669.0,77829.0,78200.0,-0.2770790505254306,100.0,840.0,1.0755441741357235,0.32261904761904764,-1286.0,-3241.0,78668.6,79822.35,76693.68,78639.82884621815,78427.32164880409,-2.1577290069761235,1.833684340091657,1415.7857142857142,6169.560083268618,0.22083098685254898,14609,0.7760919686779503,0,0,58.720903925639234,37690,-13153.0,-25.869834588832287,4685.4,0,40.08001306335729,212.5071974140592,739.7151361648814,0,0,0,0,0,0,-5.286811779769526
2022-06-21,SILVER,2022-06-05,76764.0,77353.0,76331.0,76926.0,-1.7106274007682498,162.0,1022.0,1.3313532384972122,0.42367906066536204,-1457.0,-4194.0,78249.2,79640.15,76776.08,78351.23979295383,78304.11263778157,-3.6114321733447188,-0.0157340671730072,1407.0714285714287,6715.070532216341,0.07168729856204398,86237,4.04584575614768,1,0,83.55395175350867,12994,-24696.0,-65.52401167418414,-12888.8,0,30.766161213088594,47.127155172260245,601.1975399663571,0,1,0,1,0,0,-3.8716064822052005
2022-06-22,SILVER,2022-06-05,76564.0,76935.0,76263.0,76620.0,-0.2605387942264614,56.0,672.0,0.8776970900161956,0.4479166666666667,-505.0,-3465.0,77902.7,79371.6,76836.42,78076.27982480708,78175.2154053533,-3.537285376633463,-0.35454540958571246,1337.4285714285713,6885.587376237265,0.09224974623235963,56687,2.5313024684742613,1,0,87.90590370299844,77546,64552.0,496.7831306756965,7401.2,0,34.55229900510889,-98.93558054622554,461.1709158638406,0,1,1,1,0,0,-2.8094143461679115
2022-06-23,SILVER,2022-06-05,76341.0,76395.0,76277.0,76364.0,-0.2912595998119216,23.0,118.0,0.15456962837793584,0.5423728813559322,-447.0,-2179.0,77684.8,79115.2,76900.62,77809.31369791368,78039.34759754935,-3.5065322466479225,-0.7277184501243232,1220.2857142857142,7094.642319533334,0.10897253518166418,82660,3.2103464346745376,1,0,77.27134819787233,17377,-60169.0,-77.591365125216,-11278.4,0,24.143145161290334,-230.03389963567315,322.9299527639379,1,1,0,1,0,0,-0.3759447741056575
2022-06-24,SILVER,2022-06-05,73998.0,74741.0,73452.0,73868.0,-3.0691240617754523,130.0,1289.0,1.7419389713235491,0.4235841737781226,-4319.0,-5300.0,77154.8,78787.35,76922.18,77222.95774438849,77739.98851624939,-6.078831182924676,-3.8014783252372633,1362.642857142857,8296.330935388309,-0.07728531290511266,34300,1.2614514414749052,0,0,77.7635907464921,36467,19090.0,109.8578580882776,-2875.2,0,19.739553284430897,-517.0307718608965,154.93780783897103,1,0,1,1,0,1,4.163626043947134
2022-06-27,SILVER,2022-06-05,73971.0,74254.0,73668.0,73866.0,-0.03648747263439445,105.0,586.0,0.7922023495694258,0.5170648464163823,-4129.0,-5415.0,76613.3,78463.05,76959.36,76722.65655294411,77460.80418171239,-5.725051473273092,-3.883036449367563,1296.4285714285713,9178.494358812022,0.010589664884708663,48642,1.6899646838308229,1,0,45.28725475979352,10048,-26419.0,-72.44632133161488,-5528.4,0,20.336248620191895,-738.1476287682744,-23.679279482478066,1,1,0,1,0,1,3.9028808587149015
2022-06-28,SILVER,2022-06-05,73792.0,73979.0,73502.0,73967.0,-0.24198672452717673,175.0,477.0,0.6464115351257589,0.6079664570230608,-2972.0,-4429.0,76170.4,78126.15,77000.02,76271.78631402964,77189.04090899295,-5.5476303388814046,-4.166258658114639,1240.9285714285713,9854.394458685681,0.06018099151898001,19847,0.6844914253196644,0,0,36.51594562133409,46978,36930.0,367.5358280254777,6796.8,0,21.719415978960726,-917.2545949633059,-202.39434257864363,1,0,1,1,0,1,2.8471921075455335
2022-06-29,SILVER,2022-06-05,74413.0,74661.0,74167.0,74627.0,0.8415546400693863,214.0,494.0,0.6638624971443162,0.4979757085020243,-2151.0,-2656.0,75904.8,77767.6,77046.4,75985.81918879431,76983.40824906754,-4.31362161105654,-3.4179403580180177,1177.7857142857142,9822.70790405717,0.1584852127574289,70912,2.2203053107666584,1,70912,65.14503811655558,57606,10628.0,22.623355613265783,-3988.0,1,29.74652332577176,-997.5890602732252,-361.43328611756,1,1,1,1,1,1,5.121416956714553
2022-06-30,SILVER,2022-06-05,76054.0,76964.0,75074.0,76017.0,2.2052598336312235,37.0,1890.0,2.485076393089121,0.5185185185185185,-287.0,-734.0,75831.4,77569.75,77112.42,75996.30854436442,76914.56319358105,-1.9540478085851767,-1.3725674800505525,1285.5,9698.500274730788,0.3437129497279852,25980,0.8086744182789055,0,25980,57.581538018985086,59222,1616.0,2.805263340624231,8369.0,1,35.257225958916564,-918.2546492166293,-472.79755873737383,0,0,1,0,0,1,2.9505351460804166
2022-07-01,SILVER,2022-08-05,77079.0,77220.0,77027.0,77086.0,1.3477266152996492,7.0,193.0,0.2503924544947392,0.2694300518134715,3081.0,-1238.0,75707.6,77350.15,77214.12,76162.87646061605,76926.74369776023,-0.3505487707522147,-0.17499390007940951,1304.5,8979.693045979104,0.46980409033898896,30905,0.9414448993517571,0,30905,64.09544712636749,58115,-1107.0,-1.8692377832562168,4329.6,0,40.33838679956445,-763.867237144179,-531.0114944187349,0,0,0,0,0,1,1.6243075286394477
2022-07-04,SILVER,2022-08-05,76858.0,77600.0,76151.0,76719.0,-0.2867188209499383,139.0,1449.0,1.8852949595357673,0.48792270531400966,2887.0,-1242.0,75583.4,77126.0,77296.34,76269.8185435982,76921.65157200022,-0.347483338951845,-0.5670902399777228,1291.642857142857,8159.689983791322,0.4671556149152279,12972,0.3921538989414687,0,0,58.08245437128286,50647,-7468.0,-12.850382861567578,8119.8,0,43.801728058208276,-651.8330284020194,-555.1758012153919,0,0,0,0,0,1,1.9139191756225766
2022-07-05,SILVER,2022-08-05,75893.0,76529.0,75247.0,76071.0,-1.2555622056259597,178.0,1282.0,1.689220349702871,0.5039001560062403,2101.0,-871.0,75496.3,76872.75,77335.7,76211.84645996771,76845.45515925947,-1.2745088474134203,-1.8655032539952403,1287.642857142857,7376.648547238699,0.36718223137162337,35653,1.064140006954383,0,0,26.536986579082406,64607,13960.0,27.563330503287453,3525.8,0,44.559585492227974,-633.6086992917553,-570.8623808306646,0,0,1,0,0,1,3.474628753639993
2022-07-06,SILVER,2022-08-05,78224.0,78526.0,77715.0,78328.0,3.071429512603263,104.0,811.0,1.0367662098588668,0.6276202219482121,3811.0,1660.0,75662.3,76782.5,77414.16,76521.40854304959,76947.56959190691,1.87738091361964,1.0461135275510274,1428.857142857143,6886.680171859189,0.7093171112970156,31329,0.9010625860142455,0,31329,28.75078884236239,67410,2803.0,4.338539167582467,1960.8,1,55.584072172966245,-426.16104885732057,-541.9221144359958,0,0,1,0,0,0,0.2480057271425649
2022-07-07,SILVER,2022-08-05,78298.0,78602.0,78098.0,78602.0,0.09460012272448637,304.0,504.0,0.6436946026718434,0.3968253968253968,2244.0,1957.0,75858.0,76771.4,77460.84,76794.73030565734,77047.60147398789,1.988500926126143,1.0807525454152105,1307.357142857143,6842.232741160988,0.7231143046065067,24184,0.6866991786812048,0,24184,21.888327765447706,31996,-35414.0,-52.535232161400394,-5445.2,0,49.91668859072174,-252.8711683305446,-484.11192521490557,0,0,0,0,0,0,-0.487879639326675
2022-07-08,SILVER,2022-08-05,78331.0,79002.0,77914.0,78193.0,0.04214667041304576,138.0,1088.0,1.3889775440119494,0.38327205882352944,1252.0,4333.0,76291.3,76723.05,77521.42,77031.07948940237,77142.66803147027,2.095784773936903,1.044330715304237,1325.0714285714287,6591.609783417633,0.743938893962607,19799,0.5510498307801924,0,19799,25.925617308421693,64921,32925.0,102.90348793599198,1361.2,1,51.02950352081291,-111.58854206789692,-409.6072485855039,0,0,1,0,0,0,-1.1362040571421277
2022-07-11,SILVER,2022-08-05,78329.0,79020.0,77733.0,78270.0,-0.0025532675441364283,59.0,1287.0,1.6430696166170895,0.4630924630924631,1471.0,4358.0,76727.1,76670.2,77603.26,77230.75956795586,77230.54447358358,2.1635524623647817,0.9351926710295486,1290.642857142857,6293.052289294457,0.763592279826103,20052,0.5627107323910856,0,0,21.872060432076815,56022,-8899.0,-13.707429029127704,1075.0,0,57.91603439554881,0.21509437228087336,-327.642779993947,0,0,0,0,0,0,-1.1451697327937291
2022-07-12,SILVER,2022-08-05,78530.0,79222.0,77875.0,78567.0,0.2566099401243527,37.0,1347.0,1.7152680504265887,0.4862657757980698,2637.0,4738.0,77200.9,76685.65,77719.2,77430.64271134726,77326.80043850331,2.405078394719228,1.043242853760722,1338.857142857143,6362.857917965448,0.7898618865576909,11044,0.31993696280052025,0,11044,23.299521722988118,50148,-5874.0,-10.485166541715751,-2891.8,0,59.943354238316815,103.84227284394728,-241.34576942636815,0,0,0,0,0,0,-1.9954157646759203
2022-07-13,SILVER,2022-08-05,78418.0,78686.0,77820.0,78520.0,-0.14262065452693706,102.0,866.0,1.1043382896783902,0.6905311778290993,194.0,4005.0,77601.4,76753.1,77806.92,77582.54383267845,77407.63003565122,2.169163199922862,0.7853800150423661,1380.2142857142858,6543.147016857838,0.7544494255914664,24871,0.719254688921118,0,0,10.090112672035175,77764,27616.0,55.06899577251336,2070.8,0,60.624040920716105,174.9137970272277,-158.093856135649,0,0,1,0,0,0,-2.6422505037108825
2022-07-14,SILVER,2022-08-05,77916.0,78496.0,77574.0,77882.0,-0.6401591471345891,34.0,922.0,1.1833256327326866,0.37093275488069416,-382.0,1862.0,77787.6,76809.5,77872.88,77633.84478149714,77445.28707004743,1.4405770119581562,0.055372293923115906,1239.7142857142858,6625.479811820958,0.6670067725549205,28767,0.8293093557119341,0,0,17.99289987621089,18888,-58876.0,-75.71112597088627,-2621.6,0,74.69120241996471,188.55771144971368,-88.76354261857645,0,0,0,0,0,0,-1.867395656861235
2022-07-15,SILVER,2022-08-05,77441.0,77780.0,77237.0,77306.0,-0.6096308845423226,135.0,543.0,0.7011789620485273,0.3756906077348066,-890.0,362.0,77823.8,76765.7,77929.92,77604.17635357451,77444.96950930318,0.8796897572744116,-0.6273841933881085,1246.357142857143,6502.82751132999,0.6038471340080013,25234,0.7161791668322256,0,0,14.86906752596931,49159,30271.0,160.2657772130453,-3152.4,0,70.69911715581007,159.20684427133529,-39.16946524059411,0,0,1,0,0,0,-1.5327797936493588
2022-07-18,SILVER,2022-08-05,77432.0,77741.0,77089.0,77568.0,-0.011621750752188742,136.0,652.0,0.8420291352412439,0.5260736196319018,-897.0,574.0,77881.2,76732.3,77981.5,77577.68768379382,77444.00880491035,0.9118715325879677,-0.7046543090348352,1258.857142857143,6414.24875693128,0.6090852610360483,26381,0.7364304297821499,0,0,21.12623391563853,52197,3038.0,6.179946703553774,-765.0,0,72.16268874817341,133.6788788834674,-4.599796415781803,0,0,1,0,0,0,0.24537658849054655
2022-07-19,SILVER,2022-08-05,76963.0,77342.0,76746.0,77074.0,-0.6056927368529808,111.0,596.0,0.7743980873926433,0.3640939597315436,-1567.0,1070.0,77988.2,76742.25,78042.82,77483.12034782555,77408.37852306514,0.28765119604911243,-1.383625040714837,1245.7857142857142,6417.545669573185,0.5343978853234529,22274,0.6827352937119632,0,0,2.0848494946026497,34474,-17723.0,-33.95405866237523,-3134.8,0,65.81885856079404,74.74182476040733,11.268527819456024,0,0,0,0,0,0,-2.1867650689292257
2022-07-20,SILVER,2022-08-05,76346.0,76694.0,75424.0,76206.0,-0.8016839260423847,140.0,1270.0,1.6634794226285596,0.7259842519685039,-2072.0,-1878.0,77800.4,76731.35,78048.68,77308.1787558524,77329.6838176529,-0.502206725152113,-2.181561558760498,1173.5,6425.601724025095,0.4400289628037175,27304,0.8763781675787582,0,0,5.555888966154816,27333,-7141.0,-20.714161396994836,-10086.2,0,52.075042637862424,-21.505061800504336,4.713809895463952,0,0,0,0,0,0,-0.10740575799648966
2022-07-21,SILVER,2022-08-05,76461.0,77119.0,75959.0,76668.0,0.1506300264584981,207.0,1160.0,1.517113299590641,0.43275862068965515,-1455.0,-1837.0,77616.7,76737.35,78054.14,77177.84356264434,77265.33686819713,-0.36012450260532297,-2.041070467242352,1173.0714285714287,6420.357133861078,0.4569572230581176,22572,0.8018159148310369,0,22572,6.103444119712266,46355,19022.0,69.59353162843449,5493.4,1,44.95592556317336,-87.49330555279448,-13.727613194187734,0,0,1,0,0,1,1.228077058892769
2022-07-22,SILVER,2022-08-05,76254.0,76457.0,76104.0,76432.0,-0.27072625259936256,178.0,353.0,0.4629265350014426,0.42492917847025496,-1187.0,-2077.0,77409.0,76850.15,78053.12,77035.71378377598,77190.42302610844,-0.7757304312353251,-2.3049943423145614,1095.0714285714287,5906.287999822496,0.39906519966213794,30965,1.106511317933059,0,0,11.634949975725842,76258,29903.0,64.50868298996872,5419.8,0,45.05890052356021,-154.70924233246478,-41.92393902184315,0,0,1,0,0,0,-0.894379311249246
2022-07-25,SILVER,2022-08-05,77622.0,77977.0,76933.0,77643.0,1.794004248957437,21.0,1044.0,1.344979516116565,0.6599616858237548,190.0,-707.0,77338.3,77032.7,78066.1,77125.91166319506,77222.39169084116,0.7649997987867527,-0.5688768876631545,1103.0714285714287,5276.744626437518,0.611678703768891,23384,0.8751022118934414,0,23384,9.058917722238721,41145,-35113.0,-46.04500511421753,-2210.4,0,63.26937835763623,-96.48002764610283,-52.835156746695084,0,0,0,0,0,0,-3.003014609260261
2022-07-26,SILVER,2022-08-05,75280.0,75566.0,74852.0,75292.0,-3.0171858493726056,12.0,714.0,0.9484590860786398,0.5994397759103641,-1683.0,-3250.0,77013.3,77107.1,78023.18,76841.92525347274,77078.51082485293,-2.3695612985055923,-3.515852596625763,1112.857142857143,4636.1421167088265,0.10590077827530991,22855,0.8505182933069365,0,0,13.325014631820164,59854,18709.0,45.47089561307571,5076.0,0,27.444069874348756,-236.5855713801866,-89.5852396733934,1,0,1,1,0,0,-0.39187035069075454
2022-07-27,SILVER,2022-08-05,76264.0,76524.0,75952.0,76349.0,1.3071200850159448,85.0,572.0,0.750026224693171,0.5454545454545454,-82.0,-2154.0,76797.9,77199.65,77995.5,76753.0136760154,77018.17668967863,-1.211987360046314,-2.2199998717874747,1165.7142857142858,3979.4457746889675,0.264879319137569,22920,0.936571014107816,0,22920,0.8335344793606533,77664,17810.0,29.755738964814384,10066.2,1,36.32329209252286,-265.16301366323023,-124.70079447136078,0,0,1,0,0,0,-3.2505507185565925
2022-07-28,SILVER,2022-08-05,77400.0,77570.0,76967.0,77267.0,1.4895625721178973,133.0,603.0,0.7790697674418604,0.7180762852404643,939.0,-516.0,76746.3,77266.95,78004.38,76852.5500335515,77046.45989785058,0.17219522706668622,-0.7748026456975937,1181.2857142857142,3832.5230881311873,0.5347160335216351,21702,0.8946197907112396,0,21702,-1.2643621857559553,45285,-32379.0,-41.69113102595797,-214.0,0,44.54854198383886,-193.90986429908662,-138.54260843690597,0,0,0,0,0,0,-5.506459948320414
2022-07-29,SILVER,2022-08-05,75572.0,76244.0,74715.0,75576.0,-2.361757105943152,4.0,1529.0,2.0232361191975863,0.5604970568999346,-682.0,-1869.0,76559.4,77191.6,77967.82,76655.54233608203,76937.24064615795,-2.0981557578803987,-3.0728318426756154,1281.142857142857,4120.935489093332,0.10698244263067988,6894,0.29898776119144066,0,0,-6.859553081953704,27533,-17752.0,-39.20061830628243,-9745.0,0,36.70043415340087,-281.6983100759244,-167.17374876470964,0,0,0,1,0,0,-4.439474937807654
2022-08-01,SILVER,2022-08-05,75291.0,76079.0,74606.0,74966.0,-0.3718308368178658,325.0,1473.0,1.9564091325656452,0.4650373387644263,-2331.0,-2141.0,76345.3,77113.25,77890.92,76445.61274591557,76815.29689459069,-2.363082868378651,-3.3378986921710494,1290.142857142857,4452.743376723258,0.09075791128547345,35985,1.4864644370044344,0,0,34.883464561847234,42624,15091.0,54.810590927250935,295.8,0,34.49497367161321,-369.68414867512183,-207.6758287467921,0,0,1,1,0,0,-2.077273512106361
2022-08-02,SILVER,2022-08-05,74985.0,75117.0,74863.0,75117.0,-0.4064230784555978,132.0,254.0,0.33873441354937656,0.48031496062992124,-295.0,-1978.0,76147.5,77067.85,77782.46,76220.90309269779,76679.71934684322,-2.7026185367828552,-3.5965177753442177,1258.857142857143,4727.851324584335,0.059451036632771743,33287,1.381768067031546,0,0,35.690509962757424,56996,14372.0,33.71809309309308,-571.6,0,33.86596484632014,-458.8162541454367,-257.90391382652103,0,0,1,1,0,0,-0.573448022937921
2022-08-03,SILVER,2022-08-05,73785.0,74022.0,73290.0,73554.0,-1.6003200640128057,231.0,732.0,0.9920715592600122,0.6762295081967213,-2479.0,-2561.0,75891.4,76845.9,77619.46,75846.14877074429,76465.2956915215,-3.9831663107595774,-4.940075594445009,1314.0714285714287,5428.879640162719,-0.06381798877166679,12991,0.5606032818012148,0,0,27.334996445462053,56947,-49.0,-0.08597094532949434,-4143.4,0,31.78089441651231,-619.146920777217,-330.1525152166602,0,0,0,1,0,1,2.5791149962729554
2022-08-04,SILVER,2022-08-05,73138.0,73358.0,72887.0,73358.0,-0.8768719929524993,220.0,471.0,0.6439880773332604,0.5329087048832272,-4262.0,-3323.0,75559.1,76587.9,77452.84,75429.51049832208,76218.8293440014,-4.5044974467246055,-5.570925481880325,1329.7142857142858,6176.868210040964,-0.05851928237547987,20439,0.889193422083007,0,0,34.801275755375784,37956,-18991.0,-33.34855216253709,-1465.8,0,31.305934486054397,-789.3188456793141,-421.985781309191,0,0,0,1,0,1,4.3889633295961055
2022-08-05,SILVER,2022-08-05,72217.0,72374.0,72146.0,72170.0,-1.2592633104542061,47.0,228.0,0.315715136325242,0.31140350877192985,-3355.0,-4037.0,75155.4,76282.2,77286.08,74935.27811396484,75922.39754074202,-5.32915935827755,-6.558852512638759,1354.0,7078.794973276701,-0.07427853403674128,34084,1.4381282897859726,0,0,37.75891478911161,61030,23074.0,60.79144272315313,6699.4,0,29.007326302230098,-987.1194267771789,-535.0125104027886,1,0,1,1,0,1,4.3646232881454505
2022-08-08,SILVER,2022-08-05,73727.0,73941.0,73541.0,73696.0,2.0909204203996223,31.0,400.0,0.5425420809201513,0.465,-1564.0,-3895.0,74765.9,76052.1,77151.48,74749.38917335487,75759.77550068706,-3.057246282482674,-4.438644598911124,1428.142857142857,7154.568701554672,0.17501884502209522,32659,1.342301464000066,0,32659,39.789078079232894,68597,7567.0,12.398820252334918,5194.6,1,37.98098350913683,-1010.3863273321913,-630.0872737886692,0,0,1,1,0,1,1.6316953083673553
2022-08-09,SILVER,2022-08-05,74555.0,75020.0,73772.0,74462.0,1.1230621075047242,93.0,1248.0,1.6739319965126416,0.6274038461538461,-430.0,-725.0,74693.4,75853.35,77031.98,74719.48314668488,75670.53287100654,-1.711658087612486,-3.2155216573687917,1410.5714285714287,6873.097182799946,0.31109680752817653,29976,1.1858908423401326,0,29976,39.1937818015637,52443,-16154.0,-23.549134801813487,-910.6,0,43.45059606523805,-951.0497243216523,-694.2797638952659,0,0,0,0,0,1,1.1038830393669103
2022-08-10,SILVER,2022-08-05,75688.0,76330.0,75407.0,75645.0,1.519683455167331,43.0,923.0,1.2194799704048198,0.30444203683640303,1903.0,-576.0,74635.8,75716.85,76914.06,74868.48573950259,75671.82673241346,-0.038102483132890254,-1.5940648562824504,1454.5,6435.0442226429,0.49551673632661425,22107,0.8793905883288914,0,22107,36.54024155523406,75464,23021.0,43.897183608870584,3703.4,1,47.36913756721802,-803.3409929108748,-716.0920096983878,0,0,1,0,0,0,-1.7915653736391504
2022-08-11,SILVER,2022-08-05,76348.0,76725.0,75713.0,76564.0,0.8720008455765704,216.0,1012.0,1.3255095090899565,0.6274703557312253,3210.0,-1052.0,74530.6,75638.45,76840.8,75096.10331804065,75721.91364112357,0.9380810949986453,-0.6413259622492254,1503.0714285714287,6129.362563234463,0.6157624455528331,7329,0.30452360276061513,0,7329,30.386894684694607,13952,-61512.0,-81.51171419484787,-4800.8,0,50.31035393555204,-625.8103230829147,-698.0356723752932,0,0,0,0,0,0,-1.8022737989207314
2022-08-12,SILVER,2022-08-05,75369.0,75631.0,74850.0,74994.0,-1.2822863729239797,375.0,781.0,1.0362350568536136,0.6645326504481434,3152.0,-203.0,74510.3,75534.85,76718.76,75138.08742295747,75695.77188992924,-0.2195675241295982,-1.759361074136228,1487.0,5891.799585686502,0.47185070578386257,7770,0.3350018754931253,0,0,37.81194813730973,66880,52928.0,379.35779816513764,1170.0,0,42.36529989833954,-557.6844669717684,-669.9654312945883,0,0,1,0,0,0,-0.7788347994533562
2022-08-15,SILVER,2022-08-05,74930.0,75544.0,74468.0,75121.0,-0.5824675927768697,191.0,1076.0,1.4360069398104898,0.42936802973977695,1203.0,-361.0,74474.2,75409.75,76590.54,75106.0739732717,75639.04804623078,-0.6361909434787941,-2.1680745428874033,1366.0,5632.665013818507,0.414827173491937,9846,0.4401991313153441,0,0,-1.7138002892219966,62201,-4679.0,-6.996112440191382,-1279.2,0,48.63834422657953,-532.9740729590703,-642.5671596274847,0,0,0,0,0,0,-0.6058988389163219
2022-08-16,SILVER,2022-08-05,75378.0,75681.0,75253.0,75429.0,0.5978913652742612,51.0,428.0,0.567804929820372,0.29205607476635514,823.0,393.0,74513.5,75330.5,76478.94,75147.90874661451,75619.7111539174,0.063055468900379,-1.4395335500204398,1330.7857142857142,5439.699914323835,0.5087320993341788,21651,0.9693320200573066,0,21651,11.02559701703932,52460,-9741.0,-15.660519927332361,3.4,0,46.403052939266,-471.80240730287915,-608.4142091625636,0,0,0,0,0,0,-0.34758152246013424
2022-08-17,SILVER,2022-08-05,74332.0,74843.0,73700.0,74153.0,-1.3876727957759516,179.0,1143.0,1.5376957434214067,0.552930883639545,-1356.0,547.0,74568.2,75229.8,76365.0,75022.38432405844,75524.3251425161,-1.1934100582481981,-2.662214365219669,1357.357142857143,5421.320499462687,0.334394590747958,19633,0.8943420893795453,0,0,16.19081366416053,32796,-19664.0,-37.4837971788029,-8533.6,0,37.45296908228366,-501.9408184576605,-587.119531021583,0,0,0,0,0,1,1.6049615239735242
2022-08-18,SILVER,2022-08-05,74972.0,75660.0,74509.0,74811.0,0.8610019910671118,161.0,1151.0,1.5352398228672037,0.40225890529973934,-1376.0,1834.0,74751.6,75155.35,76294.04,75014.63288958791,75483.41216899638,-0.24396134140817097,-1.7328221182152548,1260.4285714285713,5298.756680382125,0.46539754303517417,18628,0.8562530883349996,0,18628,9.945720515560335,41746,8950.0,27.289913404073673,5558.8,1,47.28211632542126,-468.7792794084671,-563.4514806989598,0,0,1,0,0,0,0.34146081203649364
2022-08-19,SILVER,2022-08-05,74782.0,75419.0,74223.0,75033.0,-0.25342794643333777,251.0,1196.0,1.5993153432644218,0.4673913043478261,-587.0,2565.0,75008.1,75081.75,76203.72,74978.8432142667,75431.45571203368,-0.3992315043269503,-1.8656831976181756,1240.642857142857,5204.471417621709,0.4424052942273671,5569,0.27185148483435806,0,0,-3.7406565348106056,10015,-31731.0,-76.0096775738993,-11373.0,0,47.67516214487987,-452.6124977669824,-541.2836841125644,0,0,0,0,0,1,1.992458078147148
2022-08-22,SILVER,2022-08-05,74476.0,74898.0,73741.0,74335.0,-0.40918937712283165,141.0,1157.0,1.5535205972393793,0.6352636127917026,-454.0,749.0,75083.0,74924.45,76105.52,74901.48271976413,75360.681214846,-0.5985362588580858,-2.1411324697604117,1292.7142857142858,4641.637002519303,0.4033853789607857,17432,0.8634896732440552,0,0,17.979277721179933,59757,49742.0,496.6749875187219,-488.8,0,47.67516214487987,-459.19849508187326,-524.8666463064262,0,0,1,0,0,1,1.156077125516945
2022-08-23,SILVER,2022-08-05,75116.0,75561.0,74471.0,74942.0,0.8593372361566098,174.0,1090.0,1.4510889823739281,0.591743119266055,-262.0,561.0,75139.1,74916.25,76043.42,74934.48537826195,75342.55668041296,0.26663107136302205,-1.219592701117333,1249.5,4633.368559754861,0.5431111830245958,95095,3.9956134177316245,1,95095,63.35277043963612,35957,-23800.0,-39.82796994494369,-3300.6,0,56.40704727062674,-408.0713021510164,-501.50757747534425,0,1,0,0,0,1,1.0423877735768678
2022-08-24,SILVER,2022-08-05,75525.0,75801.0,74837.0,75697.0,0.5444911869641578,172.0,964.0,1.276398543528633,0.7136929460580913,1193.0,-163.0,75122.8,74879.3,76012.54,75025.33378160626,75356.07100038236,0.8623210954162193,-0.6413941699619479,1254.2142857142858,4497.504730403132,0.6435684982463865,31602,1.3040383429032412,0,31602,59.30107363237697,31292,-4665.0,-12.973829852323604,-300.8,0,61.75977928859986,-330.7372187761066,-467.35350573549675,0,0,0,0,0,1,1.2194637537239326
2022-08-25,SILVER,2022-08-05,75228.0,75589.0,74608.0,75279.0,-0.39324726911618146,51.0,981.0,1.304035731376615,0.6320081549439348,256.0,-1120.0,75010.8,74770.7,75981.34,75056.51319982068,75346.58425961329,0.6116032082085668,-0.9914802766047512,1253.4285714285713,3844.558500420564,0.6189473381533869,34825,1.3991506663291833,0,0,67.00570627547174,41876,10584.0,33.82334142911927,26.0,0,65.80577427821522,-290.07105979260814,-431.8970165469191,0,0,1,0,0,1,1.2801084702504386
2022-08-26,SILVER,2022-08-05,76272.0,76737.0,75923.0,76129.0,1.3877811453182343,143.0,814.0,1.067233060625131,0.42874692874692877,1490.0,903.0,75101.1,74805.7,75940.44,75243.51116907904,75415.13357371601,1.9601447483280057,0.43660531858914386,1238.0714285714287,4014.6382887467917,0.8652383837692443,29200,1.122843717074146,0,29200,64.78876812586164,70727,28851.0,68.89626516381699,12142.4,1,64.04680428303345,-171.62240463697526,-379.8420941649303,0,0,1,0,0,0,0.30024124187119783
2022-08-29,SILVER,2022-08-05,75337.0,75640.0,75011.0,75369.0,-1.2258758128802172,32.0,629.0,0.8349151147510521,0.5182829888712241,861.0,407.0,75141.8,74808.0,75885.18,75257.8940661438,75409.34590158891,0.7071436210031012,-0.722380839051832,1235.7857142857142,4019.5287495450466,0.6316074676813482,15642,0.6259742078777025,0,0,57.473802769115444,57046,-13681.0,-19.343390784283233,-542.2,0,54.2657647828933,-151.45183544511383,-334.164042420967,0,0,0,0,0,0,0.10088004566149436
2022-08-30,SILVER,2022-08-05,75899.0,76443.0,75481.0,75744.0,0.745981390286321,155.0,962.0,1.2674738797612617,0.43451143451143454,783.0,521.0,75193.9,74853.7,75867.88,75356.52574827551,75445.61657554528,1.3964573561493994,0.04101867615121886,1188.0,4134.899802769796,0.7527993542430702,33125,1.326052885991477,0,33125,56.66112177408193,24817,-32229.0,-56.4965115871402,-2228.0,0,51.22745782431646,-89.09082726977067,-285.14939939072775,0,0,0,0,0,0,0.4624566858588387
2022-08-31,SILVER,2022-08-05,76446.0,76730.0,76251.0,76614.0,0.7206946073070819,168.0,479.0,0.6265860869110222,0.407098121085595,921.0,2114.0,75405.3,74986.75,75865.52,75524.13717161774,75519.71905143082,1.9460104618482597,0.7651433747504741,1173.2857142857142,4239.405295929697,0.8442110150216218,84392,2.9559162457706076,1,84392,73.0700105281854,19759,-5058.0,-20.381190313091835,-2306.6,0,50.57769394010847,4.418120186921442,-227.2358954751979,0,1,0,0,0,0,-0.4447583915443581
2022-09-01,SILVER,2022-10-05,76191.0,76364.0,76034.0,76352.0,-0.33356879365826764,161.0,330.0,0.43312202228609675,0.47575757575757577,963.0,1219.0,75527.2,75139.4,75862.52,75626.73145290732,75569.44356613964,1.3995320697264098,0.43299378929146554,1095.7142857142858,3990.379251201637,0.7635338482384434,9858,0.3518056896308681,0,0,64.75002397012415,58432,38673.0,195.72346778683132,3311.2,0,55.29775715390564,57.287886767677264,-170.3311390266229,0,0,1,0,0,0,-0.6916827446811302
2022-09-02,SILVER,2022-10-05,76501.0,76713.0,75996.0,76582.0,0.40687220275361646,81.0,717.0,0.9372426504228704,0.704323570432357,229.0,1719.0,75699.1,75353.6,75912.58,75761.23430630619,75638.4477464256,1.5226877017156368,0.7751284437967966,1070.0714285714287,3085.39688481763,0.8718808447775477,18491,0.6787805370482536,0,18491,80.5177928329625,16412,-42020.0,-71.91265060240963,-10863.0,0,60.29623803906148,122.78655988058017,-111.70759924518228,0,0,0,0,0,0,0.1490176598998706
2022-09-05,SILVER,2022-10-05,75413.0,75730.0,75212.0,75468.0,-1.4222036313250808,55.0,518.0,0.6868842242053758,0.38803088803088803,76.0,937.0,75792.8,75437.9,75941.42,75707.65979764369,75621.74791335705,-0.03300728148582368,-0.695825808893221,1108.5,2678.5988167422765,0.4907040950498598,30294,1.1169015512521545,0,0,65.59904860327852,67757,51345.0,312.85035339995125,2142.2,0,50.21163381303665,85.91188428664464,-72.1837025388169,0,0,1,0,0,1,0.7889886359115802
2022-09-06,SILVER,2022-10-05,76250.0,76614.0,75857.0,76519.0,1.1098882155596623,269.0,757.0,0.9927868852459016,0.5191545574636723,351.0,1134.0,75906.2,75522.65,75990.58,75791.09675185235,75668.28510496023,0.9630885568766534,0.3413844189635061,1074.4285714285713,2636.828485730308,0.7758427421184946,11908,0.45415973012812816,0,11908,14.977886602784844,30504,-37253.0,-54.98029723866169,1137.4,0,61.898263027295286,122.81164689212164,-33.1846326526292,0,0,0,0,0,0,-1.9134426229508197
2022-09-07,SILVER,2022-10-05,76106.0,76218.0,76010.0,76106.0,-0.18885245901639758,0.0,208.0,0.2733030247286679,0.46153846153846156,-340.0,581.0,75964.3,75543.55,76024.44,75839.54340541353,75700.70843051873,0.7445374224536669,0.10728129006934832,996.7142857142857,2684.967423109425,0.7094811263477571,15844,0.6115792439793567,0,0,24.960024437370393,18507,-11997.0,-39.329268292682926,-250.4,0,57.496033844526714,138.83497489479487,1.2192888568556164,0,0,0,0,0,0,-3.468846083094631
2022-09-08,SILVER,2022-10-05,75664.0,76231.0,75370.0,75485.0,-0.580768927548414,179.0,861.0,1.1379255656587017,0.34146341463414637,-527.0,436.0,76007.9,75509.35,76016.64,75812.5367276576,75697.98928751735,0.20480907331342962,-0.46389843065939174,972.7857142857143,2580.040399520658,0.5599409218664663,7911,0.30502240146824083,0,0,18.933209586140936,31050,12543.0,67.77435564921382,-5476.4,0,55.64227226202662,114.54744014024618,23.884919113533734,0,0,1,0,0,0,-2.1912666525692535
2022-09-09,SILVER,2022-10-05,76615.0,77101.0,76172.0,76684.0,1.2568724888982974,69.0,929.0,1.2125562879331724,0.47685683530678147,114.0,343.0,76042.2,75571.65,76007.36,75935.99261571027,75765.91600696051,1.380610321463149,0.7994488954753848,992.7857142857143,2757.5520112479862,0.8783609504894947,13991,0.533054442723603,0,13991,28.233929738902866,14820,-16230.0,-52.27053140096618,-318.4,0,62.640349840444394,170.07660874976136,53.12325704077926,0,0,0,0,0,0,-4.809763101220388
2022-09-12,SILVER,2022-10-05,76008.0,76326.0,75885.0,76325.0,-0.7922730535795841,317.0,441.0,0.5802020839911588,0.2789115646258503,595.0,671.0,76109.3,75625.55,75990.36,75947.07067483178,75783.84815459307,0.5057153303347838,0.023213470761290534,967.0714285714286,2714.5522767408693,0.6408887952819874,16572,0.6234024184492808,0,0,34.72183776784123,17835,3015.0,20.344129554655876,-9984.4,0,55.291884195538685,163.22252023870533,75.14310968036447,0,0,1,0,0,0,-2.041890327333965
2022-09-13,SILVER,2022-10-05,74791.0,75061.0,74322.0,74639.0,-1.6011472476581412,152.0,739.0,0.9880868018879277,0.6346414073071719,-1459.0,-1108.0,75998.5,75596.2,75968.32,75769.21364793458,75710.30384684543,-1.065132903505728,-1.5497512647377314,1018.6428571428571,2808.7693053234834,0.2133264029644959,34693,1.2738271174305358,0,0,34.47958744770294,23587,5752.0,32.25119147743201,-1383.4,0,46.02641836292768,58.90980108914664,71.8964479621209,0,0,1,0,0,0,-2.807824470858793
2022-09-14,SILVER,2022-10-05,73466.0,74176.0,72876.0,73413.0,-1.7716035351847181,53.0,1300.0,1.7695260392562546,0.45384615384615384,-2640.0,-2980.0,75700.5,75552.9,75873.16,75414.87308671387,75544.05911744948,-2.762170611584723,-3.172610709768782,1085.357142857143,3214.501326636586,-0.14921422887809802,22493,0.8215645631112288,0,0,15.486197722517772,67732,44145.0,187.15818035358458,9845.0,0,41.4166017147311,-129.18603073561098,31.679952222574524,0,0,1,1,0,1,0.9473770179402716
2022-09-15,SILVER,2022-10-05,74006.0,74139.0,73917.0,74068.0,0.7350338932295308,62.0,222.0,0.2999756776477583,0.4009009009009009,-1658.0,-2185.0,75482.0,75504.6,75787.32,75198.12338106558,75430.12881245321,-1.9847797352744148,-2.3504195688672023,1025.642857142857,3467.655880456412,0.06783485684203461,22634,0.8207102984022003,0,22634,24.380763690581222,61921,-5811.0,-8.57940116931436,6174.2,0,38.39139344262295,-232.0054313876317,-21.057124499466717,0,0,0,1,0,0,0.4850958030429965
2022-09-16,SILVER,2022-10-05,72930.0,73110.0,72632.0,72922.0,-1.4539361673377882,8.0,478.0,0.6554230083641848,0.6234309623430963,-3685.0,-3571.0,75124.9,75412.0,75679.3,74849.1813224401,75244.93408560482,-3.2912533814247067,-3.6328295848402443,1033.7142857142858,4125.828886417905,-0.10157608769735062,29561,1.0272029300007124,0,0,18.683849303581937,55499,-6422.0,-10.371279533599264,8135.8,0,37.84466215533785,-395.75276316472446,-95.99625223251827,0,0,0,1,0,1,1.8798848210612915
2022-09-19,SILVER,2022-10-05,74456.0,74731.0,74134.0,74310.0,2.092417386535028,146.0,597.0,0.8018158375416353,0.5393634840871022,-1552.0,-957.0,75029.2,75411.0,75601.84,74788.69188821854,75186.49452370817,-1.2663934969699382,-1.5156244874463327,1083.357142857143,4129.686721901933,0.26874759169136847,23033,0.7926506115313405,0,23033,10.092428999473276,16840,-38659.0,-69.65711093893583,-199.0,0,43.35941095260009,-397.8026354896283,-156.3575288839403,0,0,0,0,0,0,-0.8139035134844741
2022-09-20,SILVER,2022-10-05,72691.0,72854.0,72432.0,72854.0,-2.3705275599011477,163.0,422.0,0.5805395440976187,0.6137440758293838,-2100.0,-3559.0,74673.3,75289.75,75485.06,74465.97005926185,75001.64307750756,-3.4516650672900364,-3.701474172505126,1168.5714285714287,4792.040747564228,-0.042305488808903106,12351,0.49560611532442517,0,0,11.52392387392255,75077,58237.0,345.82541567695966,10298.0,0,34.4616403211123,-535.6730182457104,-232.22062675629434,0,0,1,1,0,1,2.0965456521440067
2022-09-21,SILVER,2022-10-05,74162.0,74977.0,73888.0,74507.0,2.0236342876009505,345.0,1089.0,1.4684070008899437,0.2516069788797062,696.0,-1944.0,74478.9,75221.6,75399.94,74419.20543476002,74939.44729398847,-1.4086379444202273,-1.6418315452240442,1302.4285714285713,4889.7683768198185,0.2833026191949929,30921,1.242458396870649,0,30921,23.253802746917675,41440,-33637.0,-44.80333524248439,-5258.4,0,42.371606887735915,-520.2418592284521,-289.8248732507259,0,0,0,0,0,0,0.05393597799412098
2022-09-22,SILVER,2022-10-05,74365.0,74539.0,74131.0,74394.0,0.27372508832015363,29.0,408.0,0.5486451959927385,0.5735294117647058,359.0,-1299.0,74349.0,75178.45,75328.92,74410.86613710463,74896.89564258192,-1.082025500658762,-1.2796147880521827,1280.357142857143,4949.378521326493,0.3356460318209845,24340,0.9990682477722092,0,24340,26.13241841121764,45183,3743.0,9.032335907335899,-3347.6,1,41.90418435415403,-486.0295054772869,-329.0657996960381,0,0,1,0,0,1,1.0986351106031063
2022-09-23,SILVER,2022-10-05,74301.0,74665.0,73952.0,74167.0,-0.08606199152827454,134.0,713.0,0.959610234047994,0.4894810659186536,1371.0,-2314.0,74117.6,75079.9,75266.12,74393.96365447316,74852.75522461289,-1.0374281265691538,-1.2822768066163042,1239.2142857142858,4896.334852670203,0.3409218275634839,19901,0.8327562218200458,0,0,16.62317029170565,12389,-32794.0,-72.58039528141114,-8622.0,0,45.43063773833005,-458.7915701397287,-355.01095378477623,0,0,0,0,0,1,1.3472227830042665
2022-09-26,SILVER,2022-10-05,73850.0,73912.0,73622.0,73622.0,-0.6069904846502716,228.0,290.0,0.3926878808395396,0.7862068965517242,-606.0,-2158.0,73901.8,75005.55,75194.48,74310.27693840038,74778.47705982675,-1.540619327503102,-1.788003587497375,1201.9285714285713,5009.904543685552,0.269346902735612,15638,0.6543767038880555,0,0,12.63630953580994,65076,52687.0,425.2724190814432,9647.2,0,39.814971991172975,-468.2001214263728,-377.64878731309557,0,0,1,0,0,1,2.171970209884902
2022-09-27,SILVER,2022-10-05,74215.0,74839.0,73523.0,74253.0,0.49424509140147954,38.0,1316.0,1.7732264367041704,0.5258358662613982,1524.0,-576.0,73844.2,74921.35,75139.52,74295.61894787724,74736.7380183581,-0.942788671053052,-1.2304044529430105,1278.7857142857142,4983.353894928994,0.3582581099209551,26378,1.1196000033955569,0,26378,8.569486306764986,76299,11223.0,17.245989304812824,244.4,1,42.12280263267517,-441.11907048085413,-390.3428439466473,0,0,1,0,0,1,1.2665903119315503
2022-09-28,SILVER,2022-10-05,74202.0,74366.0,74001.0,74366.0,-0.017516674526707465,164.0,365.0,0.4919004878574701,0.5506849315068493,40.0,736.0,73917.8,74809.15,75096.64,74281.21603281921,74697.12779477601,-0.8115985811895928,-1.1913182800189188,1243.357142857143,4806.249138251762,0.37367487982097397,27820,1.341912828725231,0,0,12.632713520881037,49023,-27276.0,-35.748830259898554,1516.6,0,43.684119578365305,-415.9117619567987,-395.4566275486776,0,0,0,0,0,1,1.2439017816231368
2022-09-29,SILVER,2022-10-05,75182.0,75470.0,74865.0,75254.0,1.320719118083069,72.0,605.0,0.8047138942832062,0.5239669421487604,817.0,1176.0,74035.4,74758.7,75071.06,74419.79818161626,74733.04425442223,0.5662217240267727,0.1477799833917389,1231.2857142857142,4643.944802246668,0.5911509542049718,30060,1.3825965770845885,0,30060,13.375203484129608,60029,11006.0,22.450686412500254,2969.2,1,43.824872877704045,-313.24607280596683,-379.0145166001355,0,0,1,0,0,0,0.30991460721981323
2022-09-30,SILVER,2022-10-05,75302.0,75745.0,74890.0,75302.0,0.1596126732462455,0.0,855.0,1.1354280098802156,0.4818713450292398,1001.0,2372.0,74272.6,74698.75,75052.02,74555.52153829069,74775.18912446503,0.8075771013571178,0.33307564539901247,1240.2142857142858,4381.547503601178,0.6376796667168828,37642,1.6582926748681124,1,37642,12.837052194002723,49941,-10088.0,-16.805210814772863,7510.4,0,46.82439726520331,-219.66758617434243,-347.14513051497687,0,1,0,0,0,0,-1.79942099811426
2022-10-03,SILVER,2022-10-05,75454.0,76408.0,74816.0,75365.0,0.2018538684231519,89.0,1592.0,2.109894770323641,0.4007537688442211,1604.0,998.0,74372.4,74700.8,75008.66,74693.74899393828,74825.4714115417,1.008289067854691,0.593718112015328,1233.5,4387.325400334346,0.6716763474946713,30378,1.3380345277920316,0,30378,13.115607892236332,63950,14009.0,28.05110029835205,-225.2,1,53.29817928564323,-131.7224176034215,-304.06058793266584,0,0,1,0,0,0,-3.4988204734010124
2022-10-04,SILVER,2022-10-05,75155.0,75248.0,74991.0,74991.0,-0.39626792482837514,164.0,257.0,0.3419599494378285,0.6381322957198443,940.0,2464.0,74618.8,74646.05,75006.16,74764.71068717854,74849.88093661268,0.6818177251174001,0.19843703503818422,1129.7857142857142,4165.428335843782,0.6221843131042368,13150,0.5776271603365611,0,0,12.082092208119851,75363,11413.0,17.84675527756059,-187.2,0,59.357340720221615,-85.17024943414435,-260.28252023296153,0,0,1,0,0,0,-2.246024881910718
2022-10-05,SILVER,2022-10-05,75125.0,75251.0,75027.0,75251.0,-0.03991750382542625,126.0,224.0,0.29816971713810314,0.4375,923.0,963.0,74715.1,74597.0,74983.38,74820.139812228,74870.26012649323,0.7078032628657989,0.1888685199306771,1097.7142857142858,3963.3997102431313,0.6332189631632209,29059,1.2404434332352954,0,0,9.144971247177974,71742,-3621.0,-4.804745034035274,4543.8,0,56.570757486788025,-50.12031426523754,-218.25007903941673,0,0,0,0,0,0,-1.9860232945091514
2022-10-06,SILVER,2022-10-05,75415.0,75963.0,74781.0,75553.0,0.3860232945091413,138.0,1182.0,1.567327454750381,0.5363790186125211,233.0,1050.0,74820.1,74584.55,74943.68,74911.65676419291,74910.61122823447,1.113434350679862,0.6288989278348849,1084.0,3912.88537500042,0.7122346862767244,39525,1.5805574439157035,1,39525,14.874936320850102,55215,-16527.0,-23.036714895040568,-962.8,0,66.07581834648725,1.045535958444816,-174.39095603984444,0,1,0,0,0,0,-2.5459126168534114
2022-10-07,SILVER,2022-10-05,73947.0,74678.0,73420.0,73718.0,-1.9465623549691724,229.0,1258.0,1.7012184402342219,0.4189189189189189,-1355.0,-354.0,74784.7,74451.15,74911.18,74763.24803124016,74839.23261873562,-0.6771554233883482,-1.2870976001178904,1097.857142857143,3446.951916662947,0.35374034445828,23193,0.9107043990089174,0,0,12.56661492830708,57857,2642.0,4.784931630897393,1583.2,0,46.68230999869639,-75.98458749546262,-154.7096823309681,0,0,1,0,0,0,-0.5625650803954183
2022-10-10,SILVER,2022-10-05,72814.0,73699.0,72372.0,73045.0,-1.532178452134636,231.0,1327.0,1.8224517263163678,0.33308214016578747,-2640.0,-1036.0,74681.1,74291.45,74861.64,74463.36371874168,74689.21538771817,-1.9887214477574435,-2.7352326238110725,1065.7857142857142,3415.8332203826576,0.06747010035973412,32801,1.248204333952977,0,0,18.85134758177744,65476,7619.0,13.168674490554299,305.2,0,50.87370365108681,-225.8516689764947,-168.9380796600734,0,0,1,1,0,1,1.421429944790837
2022-10-11,SILVER,2022-10-05,73467.0,73728.0,73234.0,73551.0,0.8968055593704616,84.0,494.0,0.6724107422380116,0.4716599190283401,-1688.0,-748.0,74606.3,74225.25,74831.28,74310.07699278143,74598.68091455386,-1.021552638758374,-1.8231413387556632,967.7857142857143,3457.7960428110964,0.28071291926646924,31246,1.196880434532793,0,31246,11.5093907503898,38173,-27303.0,-41.69924857963223,-7438.0,0,44.41408133740556,-288.60392177243193,-192.87124808254512,0,0,0,0,0,0,-0.08303047626825649
2022-10-12,SILVER,2022-10-05,73633.0,73967.0,73211.0,73839.0,0.225951787877543,206.0,756.0,1.0267135659283202,0.5582010582010583,-1492.0,-569.0,74549.4,74233.6,74828.24,74205.91130158429,74527.14899495727,-0.8090675920338039,-1.597311389389895,992.6428571428571,3430.031431495707,0.3248995637517797,17807,0.688275696798457,0,17807,6.661692540871587,19395,-18778.0,-49.19183716239227,-10469.4,0,44.081500646830534,-321.2376933729829,-218.5445371406327,0,0,0,0,0,0,-1.1815354528540192
2022-10-13,SILVER,2022-10-05,73495.0,73877.0,72913.0,73298.0,-0.18741596838374175,197.0,964.0,1.3116538540036737,0.6037344398340249,-1920.0,-1687.0,74380.7,74208.05,74835.38,74096.54033210978,74450.69351384933,-0.960879581123615,-1.7911046887180964,1010.5714285714286,3488.537253408198,0.29560201075583353,22535,0.8711889109462074,0,0,8.511652029415924,69768,50373.0,259.72157772621813,2910.6,0,43.56024288910195,-354.1531817395444,-245.66626606041507,0,0,1,0,0,0,-0.7429076807946119
2022-10-14,SILVER,2022-10-05,73531.0,73655.0,73299.0,73330.0,0.04898292400843385,201.0,356.0,0.48414954236988483,0.651685393258427,-416.0,-1771.0,74203.6,74238.1,74861.66,74009.53412716981,74382.56806837901,-0.9524758850240048,-1.7774919765337869,987.5,3341.436413469375,0.2883844213974337,10492,0.4211371344853192,0,10492,0.6452319223628166,56229,-13539.0,-19.405744754041965,-325.6,0,47.27023789149409,-373.03394120919984,-271.13980109017206,0,0,0,0,0,0,-1.890359168241966
2022-10-17,SILVER,2022-10-05,73849.0,74419.0,73163.0,73827.0,0.43247065863376566,22.0,1256.0,1.7007677829083672,0.5461783439490446,1035.0,-1605.0,74043.1,74207.75,74864.1,73984.83656914369,74343.04450775834,-0.483440071960139,-1.3559236002302915,983.2142857142857,3352.19240121037,0.3929804864808873,36357,1.4213223767284213,0,36357,27.227107131597204,36639,-19590.0,-34.83967347809849,-5767.4,0,46.84265010351967,-358.20793861465063,-288.55342859506777,0,0,0,0,0,0,-1.8199298568701
2022-10-18,SILVER,2022-10-05,73406.0,73932.0,73007.0,73480.0,-0.5998727132391801,74.0,925.0,1.2601149769773587,0.43135135135135133,-61.0,-1749.0,73868.2,74243.5,74841.12,73895.78478927544,74273.63380347994,-1.1280448793497073,-1.9175554828682353,1023.2142857142857,3133.6380740192835,0.2327387591618705,11302,0.44274255942179436,0,0,26.006933882134025,72583,35944.0,98.10311416796308,6882.0,0,43.60745261805332,-377.8490142045048,-306.41254571695515,0,0,1,0,0,0,-3.1414325804430154
2022-10-19,SILVER,2022-10-05,72763.0,73500.0,72108.0,73024.0,-0.8759501948069626,261.0,1392.0,1.9130602091722442,0.47054597701149425,-870.0,-2362.0,73632.0,74173.55,74782.62,73721.51020630998,74161.73500322217,-1.9016886747364834,-2.7006542429243523,1032.0714285714287,3402.5695491551305,0.0854456522864471,37314,1.4436547516336582,0,0,36.92423052803875,38924,-33659.0,-46.3731176721822,3905.8,0,29.46170826965529,-440.2247969121963,-333.1749959560034,1,0,0,1,0,0,-1.0802193422481206
2022-10-20,SILVER,2022-10-05,72949.0,73666.0,72494.0,73052.0,0.25562442450146605,103.0,1172.0,1.6066018725410902,0.38822525597269625,-546.0,-2466.0,73385.4,74102.75,74714.64,73602.6624822623,74071.90278076127,-1.5569597619521542,-2.3631780866507546,1054.7142857142858,3567.2042716649594,0.1765674426989016,9747,0.38805999860653534,0,9747,25.934748776530558,40104,1180.0,3.031548658925076,-5932.8,1,30.24349286314022,-469.2402984989749,-360.3880564645977,0,0,1,1,0,0,-0.7594346735390478
2022-10-21,SILVER,2022-10-05,72141.0,72565.0,71844.0,72106.0,-1.1076231339703035,35.0,721.0,0.999431668538002,0.4119278779472954,-1390.0,-1806.0,73204.8,73994.75,74650.08,73377.79133114502,73928.87294514933,-2.5052453045655265,-3.361121649166353,1019.9285714285714,3966.889673813159,0.03269433928620221,39215,1.5034725749963098,1,0,60.29970925967634,47594,7490.0,18.67644125274286,-1727.0,0,24.943276357585844,-551.0816140043025,-398.52676797253866,1,1,1,1,1,1,0.6792254058025256
2022-10-24,SILVER,2022-10-05,72505.0,72757.0,72124.0,72356.0,0.5045674443104442,149.0,633.0,0.873043238397352,0.6018957345971564,-1344.0,-309.0,73173.9,73927.5,74601.58,73243.5157417381,73823.40087513826,-1.9241824760745325,-2.810369431853858,1032.0714285714287,4184.654170455469,0.16006748895926776,59727,2.11143477307918,1,59727,61.38773155449671,13664,-33930.0,-71.29049880237004,-4595.0,0,30.152786099460755,-579.8851334001665,-434.79844105806427,0,1,0,1,0,1,1.3543893524584512
2022-10-25,SILVER,2022-10-05,71100.0,71655.0,70630.0,71275.0,-1.9377973932832249,175.0,1025.0,1.4416315049226442,0.4585365853658537,-2306.0,-2367.0,72937.2,73771.75,74516.02,72913.744089163,73621.66747697988,-3.6216437864087543,-4.584275971797747,1150.0,4874.996896084747,-0.04805163099606497,87320,2.78670475035504,1,0,66.48165613448946,20528,6864.0,50.23419203747073,-10411.0,0,25.003105204322452,-707.9233878168889,-489.42343040982917,1,1,1,1,1,1,5.412095639943741
2022-10-26,SILVER,2022-10-05,71977.0,72050.0,71839.0,71839.0,1.2334739803094186,138.0,211.0,0.29314920043902915,0.6540284360189573,-786.0,-1656.0,72771.6,73660.5,74468.92,72769.62961390715,73499.84025646286,-2.285485436563694,-3.3462550551290366,1133.4285714285713,5110.165307862131,0.17055860259356218,31235,0.9914220645765388,0,31235,64.35975950194495,38190,17662.0,86.0385814497272,-146.8,1,30.09956008335263,-730.210642555714,-537.5808728390061,0,0,1,1,0,1,5.393389554996735
2022-10-27,SILVER,2022-10-05,72395.0,72630.0,72182.0,72630.0,0.5807410700640503,235.0,448.0,0.6188272670764555,0.47544642857142855,-554.0,-1100.0,72661.6,73521.15,74417.38,72711.99428869066,73418.00023746562,-1.5317361058688477,-2.7176178467986976,1037.5714285714287,5018.557943430729,0.27560286984947147,87192,2.5374652412486522,1,87192,79.61946300390062,76033,37843.0,99.09138517936633,7185.8,1,39.773326304691615,-706.0059487749531,-571.2658880261955,0,1,1,0,0,1,2.5885765591546375
2022-10-28,SILVER,2022-10-05,72631.0,72884.0,72319.0,72589.0,0.3259893639063538,42.0,565.0,0.7779047514146852,0.552212389380531,490.0,-900.0,72571.6,73387.6,74374.36,72699.5336288921,73359.70392357928,-1.0309643591015454,-2.344033615885906,965.4285714285714,4783.525482538738,0.3418321376646124,82452,2.252642248380227,1,82452,84.41996649936546,71161,-4872.0,-6.40774400589218,4713.4,0,48.63249140636676,-660.170294687181,-589.0467693583926,0,1,0,0,0,1,0.7682669934325563
2022-10-31,SILVER,2022-10-05,73487.0,73789.0,73357.0,73721.0,1.1785601189574724,234.0,432.0,0.5878590771156803,0.30092592592592593,982.0,-362.0,72535.4,73289.25,74354.58,72820.68230137024,73369.13326257339,0.26982129029837254,-1.166814471953176,982.8571428571429,4373.983346536785,0.545210505923982,47565,1.2696967836483664,0,47565,55.53666154608809,42899,-28262.0,-39.71557454223521,5847.0,0,50.14505366985784,-548.4509612031543,-580.9276077273449,0,0,0,0,0,0,-1.1008749846911698
2022-11-01,SILVER,2022-12-05,74948.0,75255.0,74645.0,75049.0,1.98810673996761,101.0,610.0,0.8138976356940812,0.4967213114754098,3848.0,1542.0,72689.6,73278.9,74351.22,73147.96194731328,73486.08635423463,2.277736155973965,0.8026499094433136,1055.142857142857,4302.969921735465,0.8878948796664672,25422,0.6676769454213098,0,25422,57.7727304422851,27241,-15658.0,-36.499685307349814,1342.6,0,58.02906337770179,-338.12440692135715,-532.3669675661474,0,0,0,0,0,0,-2.9727277579121525
2022-11-02,SILVER,2022-12-05,75859.0,76195.0,75700.0,75838.0,1.2155094198644356,21.0,495.0,0.6525263976588144,0.3212121212121212,3882.0,3096.0,72999.2,73315.6,74357.9,73565.04472464969,73661.85773540243,3.4691116215375635,2.0187498571100124,1075.357142857143,4607.463857697847,1.0520173523989014,14244,0.3815232807145124,0,14244,30.360355942493168,56211,28970.0,106.34705040196764,3604.2,1,63.18902030796697,-96.8130107527395,-445.2561762034659,0,0,1,0,0,0,-3.5315519582383104
2022-11-03,SILVER,2022-12-05,74269.0,74719.0,73828.0,74192.0,-2.0959938833889136,77.0,891.0,1.1996930078498431,0.494949494949495,1874.0,1320.0,73131.2,73258.3,74338.72,73673.34553624204,73706.83123648373,1.379638894159429,-0.09378692557526033,1195.0,4269.345735650597,0.7367341655093151,38481,1.0321506020945568,0,0,54.76378515695715,73472,17261.0,30.707512764405553,-512.2,0,53.50893875998479,-33.48570024169749,-362.9020810111123,0,0,1,0,0,0,-2.27012616300206
2022-11-04,SILVER,2022-12-05,73189.0,73732.0,72683.0,73139.0,-1.4541733428482972,50.0,1049.0,1.433275492218776,0.48236415633937085,558.0,1048.0,73236.0,73220.4,74277.06,73598.83083835864,73668.47336711457,-0.042884223522398374,-1.4648668108296123,1218.5714285714287,4219.922753095918,0.4925591055009342,28644,0.7627233729819544,0,0,21.97456648621519,41346,-32126.0,-43.725500871080136,-5963.0,0,47.073949281787556,-69.64252875592501,-304.2501705600748,0,0,0,0,0,0,-0.5847873314295865
2022-11-07,SILVER,2022-12-05,72678.0,72893.0,72391.0,72740.0,-0.6981923513096233,62.0,502.0,0.6907179614188612,0.5717131474103586,-809.0,173.0,73253.3,73213.6,74223.88,73457.16455553424,73595.10496955054,-0.7315580711780404,-2.082725936720102,1209.5,4232.686124858592,0.3734609691811487,13521,0.36951810422810044,0,0,11.464275234689712,52220,10874.0,26.3000048372273,1864.2,0,46.791820906046176,-137.9404140162951,-270.98821925131887,0,0,1,0,0,0,-0.7361237238228899
2022-11-08,SILVER,2022-12-05,72720.0,73089.0,72509.0,72731.0,0.057789152150578005,11.0,580.0,0.7975797579757976,0.36379310344827587,-2228.0,1620.0,73415.3,73176.25,74160.3,73343.75462391358,73530.28237921346,-0.623494644778873,-1.9421442469892958,1151.5,4247.732943334122,0.392589763507618,6746,0.19074871557064854,0,6746,1.8336975082977758,27942,-24278.0,-46.49176560704711,140.2,0,49.79990693345742,-186.52775529987412,-254.0961264610299,0,0,0,0,0,0,-1.4713971397139713
2022-11-09,SILVER,2022-12-05,73180.0,73769.0,72768.0,73093.0,0.6325632563256356,87.0,1001.0,1.367860071057666,0.4115884115884116,-2679.0,1203.0,73535.6,73153.6,74094.98,73318.56160484997,73504.33553630876,0.03608844950897041,-1.234874481375116,1142.7142857142858,4225.982270118955,0.5062470683293356,22591,0.634487755967544,0,22591,31.744617557422764,59167,31225.0,111.74933791425094,591.2,1,51.04818949087939,-185.77393145879614,-240.43168746058316,0,0,1,0,0,0,-3.6567368133369778
2022-11-10,SILVER,2022-12-05,72583.0,72926.0,71840.0,72559.0,-0.8157966657556748,24.0,1086.0,1.496218122700908,0.6841620626151013,-1686.0,188.0,73554.4,73108.0,74022.82,73205.3982810269,73436.08845954514,-0.7181156644963615,-1.9451028750323303,1159.5,4242.632549179747,0.37625607593532906,31718,0.8794859174944717,0,0,17.869882901024244,46373,-12794.0,-21.623540149069587,-5419.8,0,52.04478164322723,-230.69017851824174,-238.48338567211488,0,0,0,0,0,0,-3.8769408814736237
2022-11-11,SILVER,2022-12-05,72761.0,73083.0,72606.0,72772.0,0.24523648788283836,11.0,477.0,0.655570978958508,0.3249475890985325,-428.0,130.0,73567.4,73069.5,73948.02,73137.02931471507,73386.08190698625,-0.4222007814477997,-1.6052086316848024,1150.0,4233.873727077007,0.42713528558326114,7696,0.21422735769093196,0,7696,10.839893252534571,77143,30770.0,66.3532659090419,7159.4,1,51.20504613067219,-249.05259227118222,-240.59722699192835,0,0,1,0,0,0,-5.58403540358159
2022-11-14,SILVER,2022-12-05,72143.0,72382.0,71836.0,71836.0,-0.849356111103472,307.0,546.0,0.7568301844946842,0.5622710622710623,-535.0,-1344.0,73433.0,72984.2,73882.62,72984.10172783583,73294.00176572801,-1.1525782292605757,-2.3545726992356193,1082.142857142857,4244.32879325503,0.3018061180046162,17012,0.48665224903596405,0,0,27.176071912974624,12016,-65127.0,-84.42373254864343,-8040.8,0,55.30249110320285,-309.90003789217735,-254.45778917197816,0,0,0,0,0,0,-5.825929057566222
2022-11-15,SILVER,2022-12-05,71650.0,72118.0,71383.0,71716.0,-0.6833649834356748,66.0,735.0,1.0258199581297975,0.363265306122449,-1070.0,-3298.0,73103.2,72896.4,73790.62,72778.85530816879,73172.22385715556,-1.7098238047420646,-2.900937815673585,1068.5714285714287,4385.623479649541,0.21579867588186227,19688,0.5565276384040253,0,0,33.404392983088705,79110,67094.0,558.372170439414,10233.6,0,48.2700243360491,-393.3685489867785,-282.23994113493825,0,0,1,0,0,0,-3.979064898813678
2022-11-16,SILVER,2022-12-05,70504.0,70647.0,70352.0,70366.0,-1.5994417306350317,138.0,295.0,0.4184159763985022,0.5152542372881356,-2676.0,-5355.0,72567.7,72783.45,73678.58,72428.87756845051,72974.57764551442,-3.131824611226862,-4.308687816730455,1114.642857142857,4880.952361771691,0.03299072987211028,28457,0.8146013943575893,0,0,42.25535409874932,56309,-22801.0,-28.821893565920863,-571.6,0,40.7112682974752,-545.7000770639133,-334.9319683207333,0,0,0,1,0,0,-3.4650516282764094
2022-11-17,SILVER,2022-12-05,69769.0,69938.0,69543.0,69608.0,-1.0424940428911844,161.0,395.0,0.5661540225601628,0.5721518987341773,-2814.0,-4500.0,72117.7,72624.45,73560.68,72019.66563484274,72737.12744955039,-3.9318025816374473,-5.1544928622193185,1142.9285714285713,5570.185365902609,-0.01263105488003658,10036,0.2871686872819982,0,0,18.766493120810694,17274,-39035.0,-69.32284359516241,-5819.8,0,36.59861397265406,-717.4618147076544,-411.4379375981175,0,0,0,1,0,1,0.6191861715088364
2022-11-18,SILVER,2022-12-05,68698.0,68879.0,68333.0,68466.0,-1.5350657168656578,232.0,546.0,0.7947829631139189,0.6684981684981685,-4063.0,-4491.0,71668.6,72452.3,73402.34,71508.64015255924,72437.93282365777,-5.181754064398236,-6.408978242383004,1162.7857142857142,6581.319285434409,-0.07044793561511509,34960,1.0064674747771363,0,0,46.15741507595942,25748,8474.0,49.056385318976496,-10279.0,0,28.017993206646466,-929.2926710985339,-515.0088842982009,1,0,1,1,0,1,2.8050307141401496
2022-11-21,SILVER,2022-12-05,67940.0,68340.0,67181.0,67696.0,-1.1033800110629155,244.0,1159.0,1.7059169855755076,0.6548748921484038,-4203.0,-4738.0,71194.8,72224.05,73240.98,70959.61859062704,72104.75261449795,-5.9316114230647585,-7.237724017346568,1144.857142857143,7718.805849829107,-0.05501460761509518,27159,0.8203413482667538,0,0,49.205647468428545,30175,4427.0,17.193568432499617,3631.8,0,15.61334641805692,-1145.134023870909,-641.0339122127425,1,0,1,1,0,1,4.205181042095967
2022-11-22,SILVER,2022-12-05,68799.0,69026.0,68266.0,68612.0,1.264350897851041,187.0,760.0,1.1046672190002762,0.7013157894736842,-2851.0,-3921.0,70802.7,72109.0,73121.14,70627.21573053057,71859.88205046106,-4.590273058841476,-5.910930819732842,1133.357142857143,8256.61870386661,0.09910950006085267,12910,0.43931812110683666,0,12910,48.96986024190651,21826,-8349.0,-27.66859983429991,-11456.8,0,15.180508976129403,-1232.6663199304894,-759.3603937562918,1,0,0,1,0,1,1.9084579717728454
2022-11-23,SILVER,2022-12-05,68061.0,68300.0,67629.0,67964.0,-1.0726900100292203,97.0,671.0,0.9858803132484096,0.6438152011922503,-2443.0,-5119.0,70290.8,71913.2,73013.04,70232.41331044894,71578.48338005655,-5.356735620164305,-6.782404896440408,1071.857142857143,9017.227170955506,0.07279550276742107,7693,0.2727109983037539,0,0,21.440813910293752,44129,22303.0,102.18546687437002,-2436.0,0,16.573336205039837,-1346.0700696076092,-876.7023289265553,1,0,1,1,0,1,3.8862197146677246
2022-11-24,SILVER,2022-12-05,70201.0,70500.0,69684.0,70475.0,3.144238256857812,274.0,816.0,1.1623766043218757,0.633578431372549,432.0,-2382.0,70052.6,71803.5,72936.94,70227.5804934568,71476.44757412643,-2.2317853586524334,-3.7511033503736275,1132.7857142857142,9131.31795410355,0.3245050705654327,20858,0.8379180199777846,0,20858,34.51366927752831,33490,-10639.0,-24.108862652677377,3243.2,0,35.55963657452155,-1248.8670806696318,-951.1352792751707,0,0,0,0,0,0,0.07264853777011723
2022-11-25,SILVER,2022-12-05,70625.0,70939.0,70453.0,70551.0,0.6039800002848983,74.0,486.0,0.6881415929203539,0.35390946502057613,1927.0,-2136.0,69839.0,71703.2,72890.84,70288.7219560019,71413.3773834504,-1.5036985797007625,-3.1085387409446734,1128.5,9154.477912618371,0.38222157393445394,33810,1.5053059698003834,1,33810,48.296894606120546,51435,17945.0,53.58315915198566,5137.4,1,39.994151476752116,-1124.6554274484952,-985.8393089098356,0,1,1,0,0,0,-0.35823008849557525
2022-11-28,SILVER,2022-12-05,70797.0,71377.0,70127.0,70822.0,0.24353982300884258,25.0,1250.0,1.7656115372120287,0.536,2857.0,-1346.0,69704.4,71568.7,72817.66,70366.91857815546,71367.71979949111,-1.0782646603892443,-2.7749587119388393,1176.357142857143,9028.388173451123,0.4145251638305431,25092,1.1759908890232413,0,25092,33.613377938131826,18520,-32915.0,-63.9933897151745,-2331.0,0,40.74501876985273,-1000.801221335656,-988.8316913949998,0,0,0,0,0,1,2.4379564105823692
2022-11-29,SILVER,2022-12-05,70112.0,70324.0,69809.0,70168.0,-0.9675551223921941,56.0,515.0,0.7345390232770425,0.5883495145631068,1313.0,-1538.0,69550.6,71326.9,72766.08,70327.70033536231,71274.70351804732,-1.7032844550933721,-3.6474137400283233,1172.0,8526.279662560642,0.3575111246544391,28243,1.3149765224334724,0,0,33.29614938341727,71877,53357.0,288.1047516198704,10010.2,0,35.54739023930658,-947.0031826850027,-980.4659896530004,0,0,1,0,0,1,3.3517800091282517
2022-11-30,SILVER,2022-12-05,70706.0,70956.0,70445.0,70724.0,0.8472158831583698,18.0,511.0,0.7227109439085792,0.5107632093933464,2645.0,202.0,69570.8,71069.25,72696.96,70385.9002837681,71232.57733152529,-0.5111211951723144,-2.7387114949511044,1136.5714285714287,7389.673121464119,0.4508435631685926,35505,1.57512976354199,1,35505,31.41342385688269,29798,-42079.0,-58.54306662771123,-2866.2,0,41.15540476863632,-846.6770477571845,-953.7082012738373,0,1,0,0,0,1,3.8935875314683335
2022-12-01,SILVER,2023-02-05,70252.0,70551.0,69947.0,70242.0,-0.6420954374452004,10.0,604.0,0.8597619996583727,0.5049668874172185,51.0,483.0,69619.1,70868.4,72614.7,70365.30024011148,71159.94197363453,-0.869781171862204,-3.2537488965732795,1155.0714285714287,6772.62693650226,0.4089865711223811,12692,0.5972270257934127,0,0,31.461407112768576,64638,34840.0,116.92059869789917,6229.6,0,38.47708275925415,-794.6417335230508,-921.89490772368,0,0,1,0,0,1,3.7393953197062006
2022-12-02,SILVER,2023-02-05,70372.0,70434.0,70204.0,70204.0,0.17081364231623652,168.0,230.0,0.32683453646336613,0.7304347826086957,-253.0,1674.0,69786.5,70727.55,72536.12,70366.33097240202,71101.57590151345,-0.5027036847734764,-2.983506699834504,1105.4285714285713,6419.265014493401,0.4446120390422824,33555,1.5609082155267455,1,33555,23.064725302802888,79072,14434.0,22.33051765215508,5527.4,1,41.476561748002695,-735.2449291114317,-884.5649120012304,0,1,1,0,0,1,3.548286250213153
2022-12-05,SILVER,2023-02-05,72523.0,72734.0,72139.0,72734.0,3.0566134257943522,211.0,595.0,0.820429381023951,0.6453781512605042,1726.0,4583.0,70244.8,70719.8,72509.58,70698.1262074171,71206.86657547542,2.549780966575127,0.018507899232071478,1219.857142857143,6380.988420380949,0.7825894487193482,11398,0.5328421598853721,0,11398,18.692943830940884,77309,-1763.0,-2.229613516794815,11757.8,0,53.623308707562046,-508.74036805832293,-809.4000032126489,0,0,0,0,0,1,2.6005543069095323
2022-12-06,SILVER,2023-02-05,72462.0,72875.0,71757.0,72724.0,-0.08411124746632304,262.0,1118.0,1.5428776462145677,0.6305903398926654,2350.0,3663.0,70611.1,70706.9,72474.52,70969.491406276,71299.8394217365,2.482218849928375,-0.01727503679914551,1207.0,6316.733719589072,0.7778492933075833,12252,0.5654877978422662,0,0,24.688709371466782,39894,-37415.0,-48.39669378726927,-6396.6,0,58.930852034300315,-330.3480154604913,-713.5896056622175,0,0,0,0,0,1,1.9665479837708042
2022-12-07,SILVER,2023-02-05,73459.0,74273.0,72933.0,73212.0,1.375893571803144,247.0,1340.0,1.8241468029785324,0.3925373134328358,2753.0,5398.0,71150.9,70720.85,72459.66,71352.49272838738,71459.7772423486,3.8717719031940283,1.3791673877575419,1267.7142857142858,6412.91621322764,0.9269742358947608,16721,0.782351358622545,0,16721,32.37733056244893,72963,33069.0,82.89216423522335,8633.0,1,66.43799002138275,-107.28451396121818,-592.3285873220177,0,0,1,0,0,1,2.758001061816796
2022-12-08,SILVER,2023-02-05,72879.0,73636.0,72114.0,72730.0,-0.7895560789011546,149.0,1522.0,2.0883930899161625,0.5026281208935611,2627.0,2678.0,71418.7,70735.65,72413.6,71587.34000094318,71564.90485402648,3.0300845471837836,0.6426969519537685,1273.857142857143,6490.294133305928,0.8302392705133471,22939,1.0957876735232017,0,0,18.98304784144684,64567,-8396.0,-11.507202280607975,-14.2,0,69.47731296002982,22.435146916701342,-469.37584047427396,0,0,0,0,0,1,4.4608186171599495
2022-12-09,SILVER,2023-02-05,72869.0,73386.0,72411.0,72828.0,-0.01372137378394811,41.0,975.0,1.3380175383221946,0.46974358974358976,2497.0,2244.0,71643.1,70741.05,72364.94,71784.51846233653,71661.50449446897,3.0080837081157217,0.6965527781823596,1235.142857142857,6519.328925747541,0.8264062949172326,16825,0.7865733219574339,0,0,10.108110229413047,45326,-19241.0,-29.800052658478794,-6749.2,0,74.68202303455183,123.01396786756231,-350.8978788059067,0,0,0,0,0,1,3.8205546940399895
2022-12-12,SILVER,2023-02-05,74409.0,74881.0,74027.0,74265.0,2.1133815477089035,144.0,854.0,1.14771062640272,0.44730679156908665,1886.0,3612.0,72004.3,70854.35,72344.04,72188.2848527463,71865.02268006386,5.016840885563122,2.8543609121083184,1301.2857142857142,7208.320604469918,0.9931315066363359,30251,1.3717905696483796,0,30251,20.666429268638012,65059,19733.0,43.535719013369814,-2450.0,1,76.29851865741608,323.26217268244363,-216.06586850823663,0,0,1,0,0,1,2.4513163730193925
2022-12-13,SILVER,2023-02-05,73887.0,74326.0,73448.0,73962.0,-0.7015280409627844,75.0,878.0,1.1883010543126666,0.5,1425.0,3775.0,72381.8,70966.2,72318.68,72449.6256446315,72014.79877783691,4.115762151559479,2.168623652975977,1286.357142857143,7678.599828503851,0.8803818489352259,29151,1.2941419334216784,0,0,19.04702619138316,15079,-49980.0,-76.82257643062451,-4963.0,0,77.8755980861244,434.8268667945813,-85.88732144767305,0,0,0,0,0,1,4.378307415377536
2022-12-14,SILVER,2023-02-05,75485.0,75808.0,75166.0,75375.0,2.1627620555713545,110.0,642.0,0.8505000993574883,0.4968847352024922,2026.0,4779.0,72859.7,71215.25,72325.88,72916.6063146882,72271.85072021936,5.99555572717922,4.367897079164464,1249.357142857143,8656.313534061977,0.9932526973750243,5036,0.23583072261792706,0,5036,8.203326112900244,35838,20759.0,137.66828038994626,-7425.0,1,76.66532095276544,644.7555944688356,60.2412617356287,0,0,1,0,0,1,2.9396568854739353
2022-12-15,SILVER,2023-02-05,76130.0,76529.0,75695.0,76460.0,0.854474398887195,330.0,834.0,1.0954945487981085,0.5215827338129496,3251.0,5878.0,73447.5,71533.3,72340.18,73410.97457396693,72557.63955575867,6.4259582599991845,5.238886604926899,1271.2142857142858,9581.626373318868,0.9797411024917474,33412,1.4834547642198455,0,33412,70.97492491779846,57109,21271.0,59.3532005134215,-1491.6,1,77.17444960015797,853.335018208265,218.86001303015595,0,0,1,0,0,0,0.24300538552476028
2022-12-16,SILVER,2023-02-05,75653.0,76239.0,75197.0,75833.0,-0.6265598318665466,180.0,1042.0,1.3773412819055424,0.43761996161228406,2784.0,5281.0,73975.6,71881.05,72374.3,73755.9015625874,72786.92551459136,5.247488733122286,4.530199255813178,1256.357142857143,9863.740422161121,0.8824056431498805,23171,1.056413319260588,0,0,51.47194482821296,35594,-21515.0,-37.673571591167764,-1946.4,0,73.27007858922752,968.9760479960387,368.8832200233325,0,0,0,0,0,0,0.0502293365762098
2022-12-19,SILVER,2023-02-05,76233.0,76708.0,75498.0,76265.0,0.7666582951105783,32.0,1210.0,1.5872391221649418,0.6074380165289256,1824.0,3710.0,74346.6,72295.7,72442.68,74136.99362988165,73042.1902912883,5.446105370028928,5.2321642435095,1272.2142857142858,9862.412823174847,0.8992227937110963,37761,1.6809749040120194,1,37761,64.3717975560944,52749,17155.0,48.19632522335225,-2462.0,1,79.63016748959241,1094.8033385933522,514.0672437373365,0,1,1,0,0,0,-0.9707082234727743
2022-12-20,SILVER,2023-02-05,77122.0,77310.0,76890.0,77281.0,1.1661616360368887,159.0,420.0,0.544591685900262,0.5523809523809524,3235.0,4660.0,74812.6,72711.85,72515.78,74596.22537913063,73344.39841785954,6.065242460479267,6.352024345597608,1288.857142857143,10181.81779034459,0.9331397487963432,20202,0.8849522633041811,0,20202,58.97250754979009,46292,-6457.0,-12.24099035052797,6242.6,0,80.19578313253012,1251.8269612710865,661.6191872440866,0,0,0,0,0,0,-2.1705868623739013
2022-12-21,SILVER,2023-02-05,77704.0,78002.0,77245.0,77876.0,0.7546484790332153,172.0,757.0,0.974209821888191,0.6063408190224571,2219.0,4245.0,75237.1,73194.0,72597.2,75074.34455157207,73667.33186838847,6.16170724376315,7.03443107998656,1297.5,10125.495158781909,0.9454103161649776,32650,1.3561110141965924,0,32650,61.48670596751445,61818,15526.0,33.53927244448285,5196.0,1,84.65401785714286,1407.012683183595,810.6978864319883,0,0,1,0,0,0,-2.172346339956759
2022-12-22,SILVER,2023-02-05,76315.0,76879.0,75968.0,76229.0,-1.787552764336453,86.0,911.0,1.1937364869291751,0.3809001097694841,185.0,3436.0,75580.7,73499.7,72653.6,75265.21462056098,73863.45543369303,3.8303557701596103,5.039530043934497,1405.0714285714287,10080.215294275084,0.7792896696957369,32662,1.3241494502643272,0,0,57.771704199465134,23429,-38389.0,-62.10003558833996,-6736.0,0,74.71924132767657,1401.7591868679447,928.9101465191795,0,0,0,0,0,0,-0.1585533643451484
2022-12-23,SILVER,2023-02-05,75691.0,76241.0,75053.0,75568.0,-0.8176636310030738,123.0,1188.0,1.5695393111466356,0.5370370370370371,38.0,2822.0,75862.9,73753.0,72696.8,75330.72006355159,73998.82910527133,2.627689721096091,4.118750756566998,1326.5,9880.014148721559,0.6961535652507918,87182,3.1893908907993413,1,0,77.1292145027468,67748,44319.0,189.16300311579667,6430.8,0,65.09433962264151,1331.890958280259,1009.5063088713955,0,1,1,0,0,0,-0.8627181567161222
2022-12-26,SILVER,2023-02-05,75493.0,75642.0,75441.0,75505.0,-0.2615898851911047,12.0,201.0,0.26624985097956105,0.25870646766169153,-740.0,1084.0,75971.3,73987.8,72729.68,75355.68620762057,74109.50843080679,2.0343894533963667,3.7994392385612135,1264.5,9585.272703475435,0.6570325692929154,27330,0.9957408669102885,0,0,62.284243934609776,58807,-8941.0,-13.197437562732484,1211.6,0,64.25547925877152,1246.1777768137836,1056.840602459873,0,0,0,0,0,0,-0.13511186467619513
2022-12-27,SILVER,2023-02-05,75448.0,75598.0,75381.0,75578.0,-0.05960817559244047,130.0,217.0,0.2876153112077192,0.3087557603686636,-1674.0,1561.0,76127.4,74254.6,72770.52,75369.8883295251,74208.65595445073,1.607173158295909,3.6793470762610956,1150.642857142857,8934.436691222654,0.6335730546025818,78675,2.625256519345313,1,0,81.43491547848485,17140,-41667.0,-70.85380992058768,-5830.4,0,60.27482177910941,1161.2323750743672,1077.718956982772,0,1,0,0,0,1,0.6653589227017284
2022-12-28,SILVER,2023-02-05,76016.0,76199.0,75734.0,76037.0,0.7528363906266655,21.0,465.0,0.6117133235108398,0.6064516129032258,-1688.0,531.0,76180.5,74520.1,72835.58,75469.29012498277,74342.53329115809,2.0073778752309703,4.366574687810543,1095.5714285714287,8405.078755383729,0.6779757267642282,33320,1.115902107387158,0,33320,83.94250354455508,73226,56086.0,327.2228704784131,2281.6,1,66.22530257577324,1126.7568338246783,1087.5265323511533,0,0,1,0,0,1,0.5932961481793306
2022-12-29,SILVER,2023-02-05,76194.0,76380.0,75954.0,75954.0,0.2341612292149131,240.0,426.0,0.559099141664698,0.5633802816901409,-121.0,64.0,76186.9,74817.2,72900.48,75580.7839519085,74479.67897329453,1.8402185593687053,4.517830335273518,1056.357142857143,7495.191283679189,0.6836911091245917,28332,0.9246359074776649,0,28332,26.099198152501522,24901,-48325.0,-65.99431895774725,294.4,0,66.90391459074733,1101.1049786139629,1090.2422216037153,0,0,0,0,0,1,1.6576108354988583
2022-12-30,SILVER,2023-02-05,75038.0,75383.0,74738.0,74917.0,-1.5171798304328465,121.0,645.0,0.8595644873264212,0.46511627906976744,-653.0,-615.0,76125.4,75050.5,72958.42,75497.27872853796,74521.03608638383,-0.016655451995656257,2.850363261704409,1016.6428571428571,6217.910903188749,0.4979896784957807,40670,1.3120624576571926,0,0,33.519057762432844,38525,13624.0,54.71266214208266,-5844.6,0,53.32769019151413,976.2426421541313,1067.4423057137985,0,0,1,0,0,1,4.259175351155415
2023-01-02,SILVER,2023-02-05,75391.0,75942.0,74860.0,75380.0,0.4704283163197376,11.0,1082.0,1.4351845711026516,0.4907578558225508,-102.0,-842.0,76041.2,75193.9,73016.14,75480.92815491674,74585.4778577628,0.26212232641212363,3.252513759286646,1025.2857142857142,5747.53269169468,0.5342929758859519,10067,0.32547214799655355,0,10067,19.697682739812883,30491,-8034.0,-20.853990914990263,-5663.2,0,58.10170221934928,895.4502971539332,1033.0439040018255,0,0,0,0,0,1,4.3559576076720035
2023-01-03,SILVER,2023-02-05,75950.0,76415.0,75650.0,75938.0,0.7414678144606057,12.0,765.0,1.0072416063199474,0.39215686274509803,502.0,-1172.0,75924.0,75368.3,73113.14,75553.09305416032,74686.5535720026,0.7718098988566773,3.8800959718047956,961.2142857142857,5168.98721221037,0.612536552349343,22045,0.7016209369161779,0,22045,36.24600000484189,78816,48325.0,158.4893903118953,12335.2,1,52.82057503336164,866.5394821577211,999.7430196330047,0,0,1,0,0,1,3.5299539170506913
2023-01-04,SILVER,2023-02-05,76467.0,77292.0,75788.0,76769.0,0.6807109940750511,302.0,1504.0,1.9668615219637229,0.45146276595744683,451.0,-1237.0,75800.3,75518.7,73202.94,75693.69412275104,74818.43849259499,1.2557154717970556,4.458919272914446,994.0714285714286,4927.8966325449,0.6924350429222123,27770,0.8685575595315357,0,27770,32.681194605153294,44980,-33836.0,-42.930369468128305,-5649.2,0,52.076401725200235,875.2556301560544,974.8455417376147,0,0,0,0,0,1,0.885349235617979
2023-01-05,SILVER,2023-02-05,77457.0,77796.0,77181.0,77242.0,1.294676134803252,215.0,615.0,0.7939889228862466,0.44878048780487806,1263.0,1142.0,75914.5,75747.6,73304.18,75964.97195002012,75013.88749314351,2.2567051629358477,5.665188533587044,1014.5714285714286,4549.473797218117,0.8757357611434639,12887,0.4095017627927594,0,12887,27.318138634014304,18078,-26902.0,-59.80880391285015,-1364.6,0,60.45433472415392,951.0844568766042,970.0933247654126,0,0,0,0,0,0,0.12264869540519255
2023-01-06,SILVER,2023-02-05,78234.0,78853.0,77614.0,78313.0,1.003137224524564,79.0,1239.0,1.583710407239819,0.5004035512510089,3196.0,2543.0,76168.8,76015.85,73416.24,76314.05318847856,75252.41434550325,2.9180098624168433,6.56225380106635,1027.857142857143,4208.78465267914,1.0270286277507714,38182,1.1734659380781738,0,38182,30.25426571523342,58704,40626.0,224.7261865250581,4035.8,1,61.3371104815864,1061.6388429753133,988.4024284073928,0,0,1,0,0,0,-0.6058746836413835
2023-01-09,SILVER,2023-02-05,78675.0,78984.0,78285.0,78909.0,0.5636935347802741,234.0,699.0,0.888465204957102,0.5579399141630901,3284.0,3182.0,76487.0,76229.15,73520.0,76677.27577486647,75505.9392087993,3.2085494853346863,7.011697497279652,1004.5,4552.791398228757,1.0372198693205124,37370,1.1360820824624738,0,37370,36.906778653171514,26997,-31707.0,-54.01165167620605,-698.8,0,59.26942819625164,1171.3365660671698,1024.9892559393481,0,0,0,0,0,0,-0.8236415633937084
2023-01-10,SILVER,2023-02-05,78631.0,78988.0,78379.0,78988.0,-0.055926278995865886,357.0,609.0,0.774503694471646,0.41379310344827586,2681.0,3183.0,76805.3,76466.35,73593.66,76977.84873257932,75737.42519333269,2.8308530484324073,6.84480157665755,985.1428571428571,4474.23807568301,0.9838030438667598,29918,0.9084753173954896,0,0,16.12561852748737,10868,-16129.0,-59.74367522317294,-13589.6,0,55.91274397244546,1240.4235392466362,1068.0761126008058,0,0,0,0,0,0,-2.20778064630998
2023-01-11,SILVER,2023-02-05,77144.0,78023.0,76265.0,77082.0,-1.8911116480777257,62.0,1758.0,2.2788551280721765,0.5,677.0,1128.0,76918.1,76549.3,73619.36,77003.41046602865,75841.61591975248,0.7768849617174776,4.787653682400933,1030.142857142857,4413.460768817575,0.6347468644565125,33026,0.9619708956180313,0,0,22.929313439964268,36398,25530.0,234.90982701509017,-1716.4,0,55.22237621267481,1161.7945462761709,1086.819799335879,0,0,1,0,0,0,-1.543866016799751
2023-01-12,SILVER,2023-02-05,77552.0,77891.0,76979.0,77628.0,0.5288810536140165,76.0,912.0,1.1759851454507944,0.6282894736842105,95.0,1358.0,77053.9,76620.4,73685.02,77087.8088558704,75968.31103680786,1.2158641823848557,5.247986632832556,1005.1428571428571,4482.421413289121,0.7078340954819806,16929,0.5052309262566982,0,16929,19.552273603258072,31246,-5152.0,-14.154623880432993,2633.6,0,62.05154772697838,1119.4978190625407,1093.3554032812115,0,0,0,0,0,0,-0.8265421910460079
2023-01-13,SILVER,2023-02-05,77760.0,78376.0,77209.0,77849.0,0.2682071384361384,89.0,1167.0,1.5007716049382716,0.4721508140531277,-474.0,2722.0,77326.1,76725.75,73776.44,77191.2228780442,76101.02873778506,1.3479829131680043,5.3995015210817945,1070.642857142857,4495.632851650531,0.7300565980650053,39937,1.1627930675556655,0,39937,28.78835999231265,30561,-685.0,-2.192280611918329,-5628.6,0,64.66175139050576,1090.1941402591328,1092.7231506767957,0,0,0,0,0,0,-1.1111111111111112
2023-01-16,SILVER,2023-02-05,78027.0,78202.0,77803.0,78058.0,0.343364197530871,31.0,399.0,0.5113614518051444,0.5614035087719298,-648.0,2636.0,77589.7,76815.45,73883.42,77319.80397372971,76243.69327572691,1.5772217698392745,5.6082677277256545,1086.7142857142858,4614.827448447555,0.7625341929973076,18563,0.5560139999430896,0,18563,30.961141792938037,26254,-4307.0,-14.093125224959913,-148.6,0,66.21400729284548,1076.110698002798,1089.4006601419962,0,0,0,0,0,0,-0.6369590013713202
2023-01-17,SILVER,2023-02-05,76895.0,76989.0,76765.0,76880.0,-1.450779858254192,15.0,224.0,0.29130632680928537,0.5803571428571429,-1736.0,945.0,77684.2,76804.1,73966.92,77254.44951623282,76291.93821826566,0.11835305667274817,3.958634481468205,1123.2142857142858,4606.588398552849,0.5197326073300906,33546,0.9851099974892116,0,0,27.13429269840965,44512,18258.0,69.5436885807877,6728.8,0,55.16026769989433,962.5112979671685,1064.0227877070308,0,0,1,0,0,1,0.8856232524871579
2023-01-18,SILVER,2023-02-05,75953.0,76396.0,75618.0,76019.0,-1.2250471422069031,66.0,778.0,1.0243176701381118,0.4305912596401028,-1191.0,-514.0,77632.8,76716.55,74022.38,77054.22651373547,76266.83168357931,-0.9952871968304139,2.6081571546334974,1184.0,4584.714277959283,0.3334574514990563,17888,0.5369361202703291,0,0,19.869711355636916,67865,23353.0,52.46450395398994,6293.4,0,48.70164852925331,787.3948301561613,1008.697196196857,0,0,1,0,0,1,2.20004476452543
2023-01-19,SILVER,2023-02-05,76911.0,77521.0,76385.0,76522.0,1.2613063341803565,389.0,1136.0,1.477031894007359,0.4630281690140845,-641.0,-546.0,77578.2,76746.35,74108.94,77032.19166546848,76314.54785516602,0.2145378900755465,3.7810013204884556,1192.0,4571.729010709823,0.5360148205666351,39283,1.1675384889734293,0,39283,37.18962418257014,33580,-34285.0,-50.51941354158992,466.8,0,60.31047010899482,717.6438103024557,950.4865190179769,0,0,0,0,0,1,2.063423957561337
2023-01-20,SILVER,2023-02-05,76896.0,77219.0,76787.0,77001.0,-0.019503061980730152,105.0,432.0,0.5617977528089888,0.2523148148148148,-864.0,-1338.0,77444.4,76806.6,74191.64,77011.23910155025,76357.61838441298,0.11639624719749887,3.645100714851431,1145.5714285714287,4463.241097536025,0.5200302869700112,21958,0.7226639635607277,0,0,13.151011873805242,52485,18905.0,56.298391899940434,4384.8,0,58.60491709548313,653.6207171372662,891.1133586418348,0,0,1,0,0,1,1.4981273408239701
2023-01-23,SILVER,2023-02-05,77530.0,77866.0,77303.0,77550.0,0.8244902205576388,20.0,563.0,0.7261705146394944,0.40319715808170514,-497.0,-1145.0,77329.9,76908.45,74299.38,77091.04847054252,76444.46146704906,0.8081686732732266,4.348111653152415,1141.7142857142858,4328.209835364396,0.6436044054337476,17634,0.5897658862876254,0,17634,11.394463573866304,60621,8136.0,15.501571877679332,6873.4,1,58.956916099773245,646.5870034934633,842.2080876121606,0,0,1,0,0,1,0.8074293821746421
2023-01-24,SILVER,2023-02-05,77576.0,77986.0,77180.0,77542.0,0.05933187153359665,34.0,806.0,1.0389811281839745,0.4913151364764268,681.0,-1055.0,77224.4,77014.85,74417.9,77165.65639815136,76528.27913615653,0.7286257130929867,4.2437370578852756,1091.857142857143,4137.856302355765,0.6356136992192116,24251,0.8922763330242689,0,24251,17.14098661549208,60665,44.0,0.07258210851024405,3230.6,1,56.64151395376692,637.3772619948286,801.2419224886942,0,0,1,0,0,0,0.23331958337630193
2023-01-25,SILVER,2023-02-05,77624.0,77942.0,77516.0,77942.0,0.06187480664123779,318.0,426.0,0.5487993404101824,0.2535211267605634,1671.0,480.0,77272.4,77095.25,74560.3,77236.17079843576,76609.44364458938,0.685839918801742,4.109023166484036,1027.357142857143,4060.208109781437,0.6302273148822568,24928,0.93156746091064,0,24928,16.381310866698367,60603,-62.0,-0.10220060990686619,-1452.4,0,51.12731200216012,626.7271538463829,766.338968760232,0,0,0,0,0,0,-0.3078944656291869
2023-01-26,SILVER,2023-02-05,78498.0,79432.0,77863.0,78392.0,1.125940430794592,106.0,1569.0,1.99877703890545,0.4047163798597833,1587.0,946.0,77367.0,77210.45,74734.88,77430.29836790719,76749.33670795313,1.6675851520098677,5.035292757545065,1056.7857142857142,4151.480846764316,0.8101423437864408,21455,0.8122171388984057,0,21455,19.862137051063012,31038,-29565.0,-48.78471362803821,-508.4,0,51.7590618336887,680.9616599540605,749.2635069989977,0,0,0,0,0,0,-1.7465413131544754
2023-01-27,SILVER,2023-02-05,78048.0,78212.0,77841.0,77985.0,-0.573263013070402,63.0,371.0,0.4753485034850348,0.5579514824797843,1152.0,288.0,77395.8,77360.95,74921.88,77525.32938822916,76845.53398884549,0.8881095694921055,4.172506082335354,1050.142857142857,3670.1083248029463,0.6872015589722115,32144,1.2368285874243192,0,0,11.25331296019777,24325,-6713.0,-21.628326567433465,-5632.0,0,45.82723279648609,679.7953993836709,735.3698854759324,0,0,0,0,0,0,-0.8981652316523165
2023-01-30,SILVER,2023-02-05,78156.0,78467.0,77549.0,78467.0,0.13837638376383854,311.0,918.0,1.174573929064947,0.6612200435729847,626.0,129.0,77408.7,77499.2,75126.2,77622.35563619391,76942.6055452273,0.8474926192786545,4.032947227465256,1072.2142857142858,3226.783074599982,0.7035463756984733,33013,1.216560075323321,0,33013,16.87558819208271,45892,21567.0,88.66187050359713,-2945.8,1,46.86551405569486,679.7500909666123,724.2459265740683,0,0,1,0,0,0,-1.5597011105993142
2023-01-31,SILVER,2023-02-05,77757.0,78010.0,77574.0,77627.0,-0.5105174266850865,130.0,436.0,0.5607212212405314,0.4197247706422018,181.0,862.0,77494.9,77589.55,75305.36,77643.07015370255,77002.93106039565,0.2158151452096282,3.2555982734827897,944.7857142857143,2882.627595203783,0.5580893627323232,26876,0.9816676954770088,0,0,6.945191122464658,11753,-34139.0,-74.38987187309336,-9782.4,0,54.7233780243489,640.1390933068906,707.4245599206328,0,0,0,0,0,0,0.4308293787054542
2023-02-01,SILVER,2023-02-05,77385.0,78141.0,76859.0,77299.0,-0.47841351904008844,86.0,1282.0,1.6566518059055375,0.41029641185647425,-239.0,1432.0,77638.1,77635.45,75491.84,77603.36705313291,77031.2324633293,-0.3225974731904009,2.507767726949037,971.2142857142857,2692.2370975589147,0.4069732750406406,31962,1.1585681921159945,0,0,13.505206404752323,27996,16243.0,138.20301199693694,-6521.4,0,48.70602820393616,572.1345898036088,680.366565897228,0,0,1,0,0,0,-0.10596368805324029
2023-02-02,SILVER,2023-02-05,77127.0,77461.0,76935.0,77104.0,-0.33339794533824296,23.0,526.0,0.6819920391043344,0.3650190114068441,-1371.0,216.0,77659.7,77618.95,75630.36,77530.07981418939,77038.32635493454,-0.6338014106091323,1.9788878434533426,925.4285714285714,2726.617175375286,0.3195749647427912,33084,1.156890411174462,0,0,1.895716066605918,78811,50815.0,181.50807258179742,9554.6,0,45.133015531293246,491.75345925484726,642.643944568752,0,0,1,0,0,0,0.03630375873559195
2023-02-03,SILVER,2023-02-05,77347.0,77805.0,76948.0,77477.0,0.2852438186367934,130.0,857.0,1.1079938459151615,0.46557759626604434,-701.0,451.0,77704.8,77574.6,75764.8,77501.91368892949,77061.19106938383,-0.2933950030035679,2.0883048592486184,955.0714285714286,2673.020101524977,0.41485286628777746,26143,0.9338319866835265,0,26143,4.208027791020985,55211,-23600.0,-29.945058430929695,6177.2,0,44.73358116480793,440.72261954566056,602.2596795641336,0,0,0,0,0,0,-0.7317672307911102
2023-02-06,SILVER,2023-02-05,76937.0,77239.0,76469.0,76969.0,-0.5300787360854375,32.0,770.0,1.0008188517878265,0.6077922077922078,-1219.0,-593.0,77645.5,77487.7,75887.6,77415.00389063265,77051.99173091096,-0.7106934390877483,1.3828346132964993,927.6428571428571,2518.036361093342,0.2812978364772775,31091,1.1231709321585392,0,0,8.069908998117407,72820,17609.0,31.89400662911377,5385.6,0,50.36623648412976,363.012159721693,554.4101755956456,0,0,1,0,0,1,1.5220245135630452
2023-02-07,SILVER,2023-02-05,78092.0,78343.0,77877.0,77890.0,1.501228277681732,202.0,466.0,0.5967320596219844,0.4613733905579399,335.0,516.0,77697.1,77460.75,76047.2,77519.15713822763,77129.02938047312,0.8149288510632804,2.688856394449767,936.8571428571429,2352.668317150761,0.7683123648999898,19179,0.7065519718543352,0,19179,0.4861650547883471,10824,-61996.0,-85.13595166163141,-185.8,0,67.98385740709601,390.12775775451155,521.5536920274187,0,0,0,0,0,0,0.276596834502894
2023-02-08,SILVER,2023-02-05,77303.0,77574.0,76611.0,77221.0,-1.010346770475845,82.0,963.0,1.2457472543109582,0.7185877466251298,-82.0,-321.0,77665.0,77468.7,76179.14,77485.90219388492,77141.91609303067,-0.2138928367198586,1.475285754079136,930.6428571428571,2338.8994622975006,0.429154714569377,37807,1.3806464099797142,0,0,9.91970791514728,23880,13056.0,120.62084257206207,-823.2,0,53.39217722395292,343.98610085425025,486.040173792785,0,0,1,0,0,1,2.552294218853085
2023-02-09,SILVER,2023-02-05,77155.0,77413.0,76910.0,77061.0,-0.19145440668537628,94.0,503.0,0.6519344177305425,0.4870775347912525,28.0,-1343.0,77530.7,77448.85,76317.2,77434.99416405646,77142.88527132469,-0.3794117020459385,1.0977866064268644,935.7142857142857,2353.899081143696,0.37516457168706147,15222,0.5576191836824406,0,0,5.3391588942654975,76617,52737.0,220.84170854271358,-438.8,0,52.190830654711554,292.108892731776,447.2539175805832,0,0,1,0,0,1,1.012248072062731
2023-02-10,SILVER,2023-02-05,76781.0,77183.0,76327.0,76769.0,-0.4847385133821547,12.0,856.0,1.1148591448405205,0.530373831775701,-566.0,-1267.0,77404.0,77399.9,76445.38,77334.37967727854,77116.07895493026,-0.7996134361930627,0.43903241765558015,927.5714285714286,2407.1884976371075,0.2428950825381953,28949,1.0822541571958368,0,0,9.374972303337067,21517,-55100.0,-71.91615437827114,-6738.8,0,43.37285436205982,218.3007223482855,401.4632785341237,0,0,0,0,0,1,1.8468110600278715
2023-02-13,SILVER,2023-02-05,78108.0,78234.0,77918.0,78174.0,1.7282921556114106,66.0,316.0,0.40456803400419933,0.6012658227848101,1171.0,-48.0,77399.2,77403.95,76557.08,77453.39818846645,77189.55458789838,0.9095789039189898,2.025834841140752,973.7857142857143,2425.975042176171,0.7902132081987329,21116,0.7856692383108632,0,21116,6.398833413865958,31683,10166.0,47.24636334061441,-8227.4,1,53.837276399307555,263.84360056807054,373.9393429409131,0,0,1,0,0,1,1.1868182516515593
2023-02-14,SILVER,2023-02-05,78308.0,78462.0,78195.0,78373.0,0.25605571772417957,65.0,267.0,0.3409613321755121,0.4232209737827715,216.0,551.0,77454.3,77474.6,76674.0,77584.87539024084,77272.40239620222,1.0757073931327095,2.1311005034301065,968.6428571428571,2504.279587552126,0.8327903178792521,22667,0.860799392385835,0,22667,8.99231217667655,26876,-4807.0,-15.172174352176249,3210.4,0,54.82778091473744,312.4729940386169,361.64607316045385,0,0,0,0,0,1,1.0522551974255505
2023-02-15,SILVER,2023-02-05,79276.0,79542.0,78844.0,78994.0,1.2361444552280831,282.0,698.0,0.8804682375498258,0.6189111747851003,1973.0,1891.0,77643.4,77640.75,76790.34,77845.04840712686,77420.81703352057,2.106174914590598,3.2369436051461724,927.6428571428571,2566.9913989151246,1.1370297932011373,13775,0.5272353919435371,0,13775,3.1770339880765066,66354,39478.0,146.8894180681649,8494.8,1,55.41933686263583,424.23137360629335,374.16313324962175,0,0,1,0,0,1,1.0923860941520762
2023-02-16,SILVER,2023-02-05,77936.0,78977.0,77505.0,78102.0,-1.6902971895655705,166.0,1472.0,1.8887292137138165,0.29279891304347827,781.0,809.0,77724.3,77692.0,76891.48,77859.04095987657,77458.97873474126,0.3140606497451475,1.3584339903458797,1007.2142857142857,2483.981862803339,0.598229380678581,34655,1.3382659888127064,0,0,17.983886862707234,19982,-46372.0,-69.88576423425867,-11327.0,0,49.30589985126425,400.0622251353052,379.34295162675846,0,0,0,0,0,1,2.239016629028947
2023-02-17,SILVER,2023-02-05,78199.0,78708.0,77539.0,78239.0,0.3374563744610981,40.0,1169.0,1.4949040269057148,0.564585115483319,1418.0,852.0,77809.5,77757.15,76998.08,77911.3423506648,77513.79512476042,0.5682435634536578,1.5596752542401033,1025.142857142857,2404.489581463742,0.683760413605547,19193,0.7451508704362275,0,19193,15.620186010981254,36598,16616.0,83.15483935541988,3016.2,1,50.2614617536179,397.5472259043745,382.9838064822817,0,0,1,0,0,1,3.610020588498574
2023-02-20,SILVER,2023-02-05,79035.0,79484.0,78576.0,79254.0,1.0690673793782635,219.0,908.0,1.1488581008413994,0.5055066079295154,927.0,2098.0,78019.3,77832.4,77090.6,78084.21275825483,77626.47696737075,1.5451148878873142,2.522227093835038,1075.357142857143,2649.1177160865336,0.9539624618027819,19676,0.7608867989466073,0,19676,13.979173006741775,24639,-11959.0,-32.676648997212965,-1408.8,0,57.37875288683603,457.7357908840786,397.9342033626411,0,0,0,0,0,1,5.32422344530904
2023-02-21,SILVER,2023-02-05,79132.0,79338.0,78848.0,79202.0,0.12273043588284516,70.0,490.0,0.6192185209523328,0.5795918367346938,824.0,1040.0,78123.3,77910.2,77195.5,78245.41079544638,77737.99719200996,1.568215715015496,2.50856591381622,1018.7857142857143,2877.9860209600592,0.924532986297281,89440,3.0715604206911356,1,89440,53.26690040918112,79852,55213.0,224.08782823978245,10595.2,1,60.41741204531902,507.4136034364201,419.83008337739693,0,1,1,0,0,1,4.778092301470959
2023-02-22,SILVER,2023-02-05,80142.0,80344.0,79908.0,80318.0,1.2763483799221653,176.0,436.0,0.5440343390481894,0.536697247706422,866.0,2839.0,78407.2,78036.1,77288.64,78537.1937499931,77916.07147408329,2.6986228168757718,3.691823274416526,1067.7857142857142,3484.4416663671436,1.1043722930783317,55497,1.8108342687097025,1,55497,39.75913566346239,19695,-60157.0,-75.33562089866253,-9331.8,0,66.49885082631062,621.1222759098018,460.08852188387795,0,1,0,0,0,1,2.9485163834194306
2023-02-23,SILVER,2023-02-05,79681.0,80441.0,79386.0,79755.0,-0.5752289685807654,74.0,1055.0,1.3240295679020093,0.2796208530805687,1745.0,2526.0,78659.8,78095.25,77359.66,78713.16394230185,78046.80692044749,2.0305332270528615,3.000711223394721,1081.9285714285713,3765.7966236277425,0.9210928412996408,50165,1.5636152817562112,1,0,44.77212448182782,58582,38887.0,197.44605229753748,7720.0,0,62.444017914267434,666.3570218543609,501.34222187797457,0,1,1,0,0,1,5.34004342314981
2023-02-24,SILVER,2023-02-05,81022.0,81240.0,80770.0,81240.0,1.6829608062147727,218.0,470.0,0.5800893584458542,0.5361702127659574,2823.0,4241.0,79083.9,78243.95,77467.04,79068.36948964003,78267.19159300694,3.5504981535313633,4.588996817227051,1130.5714285714287,4584.789768468414,1.1059274558466905,59737,1.7852003819217719,1,59737,37.66235886707415,41094,-17488.0,-29.852173022430094,899.2,0,69.81278494519353,801.1778966330894,561.3093568289976,0,1,0,0,0,1,5.549110118239491
2023-02-27,SILVER,2023-02-05,83243.0,84149.0,82432.0,83330.0,2.7412307768260424,87.0,1717.0,2.0626358973126866,0.47233546884100175,4208.0,5135.0,79597.4,78498.3,77607.24,79710.62033738772,78635.76999352494,6.044334718076693,7.26189979182354,1253.5,6400.690107529983,1.2412794433553618,13115,0.4039430260152861,0,13115,32.563608565386595,70635,29541.0,71.88640677471163,9199.2,1,72.64175824175824,1074.8503438627813,664.0175542357543,0,0,1,0,0,1,2.134714030008529
2023-02-28,SILVER,2023-02-05,82913.0,83814.0,82563.0,82897.0,-0.3964297298271302,16.0,1251.0,1.508810439858647,0.2797761790567546,3781.0,4605.0,80057.9,78756.1,77723.06,80203.29413163576,78952.60184585644,5.278194323995213,6.677477700955163,1237.0714285714287,7469.873460493865,1.0564886770819761,65522,1.9047231447902964,1,0,71.78868271058545,32187,-38448.0,-54.43193884051816,-9533.0,0,75.69622572370832,1250.6922857793252,781.3525005444685,0,1,0,0,0,1,2.0660210099743104
2023-03-01,SILVER,2023-04-05,82505.0,82907.0,82012.0,82880.0,-0.4920820619203292,375.0,895.0,1.0847827404399732,0.5508379888268157,2363.0,3229.0,80380.8,79012.1,77819.08,80557.40272676872,79215.74244986706,4.420715308161654,6.0215566670795875,1265.5,8058.98987009644,0.933416601373417,21800,0.6432262813996957,0,0,69.03869296417521,11214,-20973.0,-65.1598471432566,-1696.2,0,73.9352183249821,1341.6602769016608,893.414055815907,0,0,0,0,0,1,2.2604690624810617
2023-03-02,SILVER,2023-04-05,83936.0,84334.0,83351.0,84085.0,1.7344403369492722,149.0,983.0,1.1711303850552803,0.595116988809766,4255.0,6000.0,80980.8,79352.55,77971.5,81077.18692265045,79565.3911572843,5.776058866413237,7.6495899142635455,1335.0,8967.684906901879,1.011107386977033,28086,0.8348554994909599,0,28086,56.76428446586523,33940,22726.0,202.65739254503302,-4928.4,1,79.24466606719528,1511.7957653661433,1017.0903977259543,0,0,1,0,0,0,-1.0210160121997713
2023-03-03,SILVER,2023-04-05,85518.0,86045.0,84906.0,85616.0,1.884769348074733,98.0,1139.0,1.3318833461961226,0.5373134328358209,4496.0,7319.0,81712.7,79761.1,78168.04,81760.38893455038,80006.32514563363,7.217678793296474,9.402768701888913,1381.857142857143,10306.882148402365,1.0585491244694547,25101,0.747283761515824,0,25101,60.16317121263645,54406,20466.0,60.30053034767236,2662.4,1,79.66848174247278,1754.0637889167556,1164.4850759641145,0,0,1,0,0,0,-3.8611754250567136
2023-03-06,SILVER,2023-04-05,85020.0,85907.0,84719.0,84803.0,-0.5823335438153387,217.0,1188.0,1.397318278052223,0.25336700336700335,1777.0,5985.0,82311.2,80165.25,78358.58,82261.86756000418,80377.70846817929,6.0559282232638205,8.501200506696264,1441.4285714285713,10956.911964120023,0.9430764813934414,21491,0.6490856895195207,0,0,58.4733272501343,53481,-925.0,-1.7001801271918526,-3430.8,0,76.2474581573596,1884.159091824884,1308.4198791362683,0,0,0,0,0,0,-4.398964949423665
2023-03-07,SILVER,2023-04-05,84626.0,85451.0,84217.0,84408.0,-0.4634203716772478,218.0,1234.0,1.458180700966606,0.33144246353322526,1713.0,5494.0,82860.6,80491.95,78542.14,82625.58024308045,80692.39672979564,5.135979436452966,7.745981965859347,1441.4285714285713,11462.682590407203,0.8606529246007102,32207,0.9539691449169975,0,0,28.003206997921133,25977,-27504.0,-51.42760980535144,-1242.0,0,71.90468391745824,1933.1835132848064,1433.372605965976,0,0,0,0,0,0,-4.784581570675679
2023-03-08,SILVER,2023-04-05,84370.0,84732.0,83857.0,84419.0,-0.30250750360408807,49.0,875.0,1.0370984947256134,0.5862857142857143,1865.0,4228.0,83283.4,80845.3,78709.22,82893.95251337576,80964.81178684781,4.359808176851341,7.19201638639031,1377.4285714285713,11549.510527792212,0.8051817643283081,25897,0.7808403599518174,0,0,29.839063721614743,54839,28862.0,111.10597836547713,8725.0,0,78.90905823148813,1929.1407265279413,1532.526230078369,0,0,1,0,0,0,-4.508711627355695
2023-03-09,SILVER,2023-04-05,83079.0,83486.0,82934.0,83104.0,-1.5301647505037375,25.0,552.0,0.6644278337486007,0.26268115942028986,-857.0,3398.0,83623.2,81141.5,78846.92,82922.42135747179,81121.41832115539,2.387804021370076,5.367463941521117,1396.5,11164.547460600676,0.6735403971219948,34492,1.010634635303356,0,0,34.11875362509467,67874,13035.0,23.769580043399774,6786.8,0,70.0723922342876,1801.003036316397,1586.2215913259747,0,0,1,0,0,0,-2.734746446153661
2023-03-10,SILVER,2023-04-05,82216.0,82489.0,81911.0,82115.0,-1.0387703270381188,101.0,578.0,0.7030261749537803,0.527681660899654,-3302.0,1194.0,83742.6,81413.25,78990.48,82813.74114862998,81202.49844551425,0.9860188605663083,4.0834287878741895,1388.142857142857,10409.796347671974,0.577114861154755,6421,0.19456013380743667,0,0,24.07224145943709,68414,540.0,0.7955918319238586,2801.6,0,63.055076746285806,1611.2427031157276,1591.2258136839255,0,0,1,0,0,0,0.10460251046025104
2023-03-13,SILVER,2023-04-05,81280.0,82416.0,80160.0,81303.0,-1.1384645324511,23.0,2256.0,2.7755905511811023,0.49645390070921985,-3740.0,-1963.0,83546.3,81571.85,79108.26,82577.78097191769,81208.23930140209,-0.35778274000161303,2.7452759041849806,1514.2857142857142,9937.577065706078,0.4706316742934089,37015,1.0951961085994273,0,0,79.52356869737311,35538,-32876.0,-48.05449177069021,-3588.6,0,58.2475810167409,1369.541670515595,1546.8889850502594,0,0,0,0,0,0,0.11195866141732284
2023-03-14,SILVER,2023-04-05,80577.0,80833.0,80399.0,80833.0,-0.8649114173228334,256.0,434.0,0.5386152375988185,0.41013824884792627,-4049.0,-2336.0,83312.7,81685.3,79200.8,82269.96851469958,81161.48083463157,-1.3567924706158916,1.7376087110231173,1490.642857142857,9507.965600097465,0.38343458037031164,17970,0.535415006219693,0,0,34.41876903886947,66241,30703.0,86.39484495469638,8052.8,0,51.71057805741251,1108.4876800680067,1459.208724053809,0,0,1,0,0,1,2.176799831217345
2023-03-15,SILVER,2023-04-05,80566.0,80678.0,80483.0,80678.0,-0.013651538280157194,112.0,195.0,0.24203758409254522,0.4256410256410256,-3804.0,-1939.0,83118.8,81749.8,79282.78,82007.8195124381,81117.37114317738,-1.4480769371912872,1.6185355760733937,1429.2142857142858,9300.439161108428,0.37271568799134885,12283,0.36678646028520534,0,0,37.926923296216025,70481,4240.0,6.400869552090094,3128.4,0,53.60782715042805,890.4483692607173,1345.4566530951906,0,0,1,0,0,1,1.9636074770995209
2023-03-16,SILVER,2023-04-05,80807.0,81164.0,80565.0,80623.0,0.29913362957079137,184.0,599.0,0.7412724145185442,0.4040066777963272,-2272.0,-3129.0,82805.9,81893.35,79349.78,81823.07804898609,81094.38068812722,-1.3265423871413318,1.8364512163738844,1360.642857142857,8640.089889883617,0.3742663544193012,33488,1.0017409616569646,0,33488,52.307134851382514,37740,-32741.0,-46.45365417630284,-6026.8,0,49.0371697268249,728.6973608588742,1222.1047946479275,0,0,0,0,0,1,1.6273342655958023
2023-03-17,SILVER,2023-04-05,82302.0,82552.0,82086.0,82284.0,1.8500872449169092,18.0,466.0,0.5662073825666447,0.463519313304721,86.0,-3216.0,82484.3,82098.5,79431.14,81896.75834914208,81183.83397048817,0.2478729818449789,3.6142752074312425,1261.9285714285713,7911.3662137728825,0.5257224851563219,20945,0.6248993060320908,0,20945,49.624421160319855,73328,35588.0,94.29782723900371,982.8,1,45.49286330108247,712.9243786539155,1120.268711449125,0,0,1,0,0,1,0.5941532405044835
2023-03-20,SILVER,2023-04-05,81371.0,81718.0,81038.0,81240.0,-1.1311997278316444,131.0,680.0,0.835678558700274,0.48970588235294116,91.0,-3649.0,82119.4,82215.3,79485.06,81815.87244927407,81197.69812082237,-1.0269378084127927,2.3726974603780917,1262.857142857143,7409.61913645867,0.38605352252915864,5255,0.16023124524527882,0,0,43.571562891064964,60643,-12685.0,-17.29898538075496,5021.0,0,43.01630434782609,618.1743284516997,1019.84983484964,0,0,0,0,0,0,0.4485627557729412
2023-03-21,SILVER,2023-04-05,82331.0,82975.0,81654.0,82268.0,1.17978149463569,63.0,1321.0,1.6044989129246578,0.5124905374716124,1754.0,-2295.0,81889.9,82375.25,79559.06,81895.12284169345,81281.64640816888,-0.05371759114539865,3.484128646064952,1313.0714285714287,6817.416318750387,0.4935092712647904,16019,0.5500029184248746,0,16019,59.06863875859449,21881,-38762.0,-63.91834177069076,-8872.0,0,49.249482401656316,613.4764335245709,938.5751545846263,0,0,0,0,0,0,-0.2526387387496812
2023-03-22,SILVER,2023-04-05,82148.0,82477.0,81802.0,82080.0,-0.22227350572687765,68.0,675.0,0.8216876856405512,0.5125925925925926,1582.0,-2222.0,81667.7,82475.55,79659.14,81934.02701989445,81345.82074830451,-0.3971480032567263,3.1243872329025906,1230.642857142857,6492.403266004636,0.44954872847854166,20487,0.7483890293262416,0,0,63.817028013876424,46996,25115.0,114.77994607193453,-4697.0,0,41.35730858468678,588.2062715899374,868.5013779856886,0,0,1,0,0,0,0.18990115401470517
2023-03-23,SILVER,2023-04-05,82122.0,82536.0,81200.0,82043.0,-0.03165019233578592,79.0,1336.0,1.6268478605002314,0.6901197604790419,1315.0,-957.0,81572.0,82597.6,79750.54,81962.94593991069,81403.31550768936,-0.5758036553120257,2.9735974201554076,1175.4285714285713,5952.247363281436,0.42009740674859813,24346,0.933374482677979,0,0,62.38174428847217,42177,-4819.0,-10.254064175674527,887.4,0,30.678197542102865,559.6304322213255,806.7271888328161,0,0,0,0,0,1,0.8243832346995933
2023-03-24,SILVER,2023-04-05,82791.0,82881.0,82584.0,82584.0,0.8146416307444948,207.0,297.0,0.3587346450701163,0.696969696969697,489.0,575.0,81629.5,82686.05,79851.16,82090.33887223211,81506.10695156423,0.12692588411224998,3.6816497092841183,1144.7857142857142,5765.279229098989,0.5182038017292007,13744,0.5778626146769704,0,13744,66.1654337337828,47177,5000.0,11.854802380444319,-5230.2,1,37.55999553521599,584.2319206678803,762.228135199829,0,0,1,0,0,0,0.3732289741638584
2023-03-27,SILVER,2023-04-05,81736.0,82114.0,81512.0,81715.0,-1.2742930994914858,21.0,602.0,0.7365175687579525,0.37209302325581395,365.0,456.0,81675.1,82610.7,79925.34,82035.82519958101,81523.13606626316,-1.0588216780634918,2.2654392211531458,1148.0,5800.145348451566,0.34919343439668954,29756,1.2087950033006651,0,0,30.168824365403196,76126,28949.0,61.36252835067935,3096.6,0,34.97920997920998,512.6891333178501,712.3203348234333,0,0,1,0,0,1,4.646667319173925
2023-03-28,SILVER,2023-04-05,82123.0,82584.0,81852.0,82031.0,0.47347557991581635,92.0,732.0,0.8913459079673173,0.3702185792349727,-208.0,1546.0,81829.7,82571.2,80029.9,82049.23670733777,81567.57043172515,-0.5428042707384623,2.6153974951861816,1146.0714285714287,5808.506516988797,0.4228373078881644,22861,1.0168036578423,0,22861,32.996856037728534,66531,-9595.0,-12.604103722775395,8930.0,0,38.4781048097631,481.666275612617,666.1895229812701,0,0,0,0,0,1,3.4083021808750287
2023-03-29,SILVER,2023-04-05,82304.0,82401.0,81821.0,81821.0,0.22040110565859639,483.0,580.0,0.7047045101088647,0.8327586206896552,156.0,1738.0,82003.5,82561.15,80156.92,82088.43106005504,81622.12077011589,-0.31146610724292745,2.6785959340753136,1084.9285714285713,5813.215908600541,0.4557645881310643,30146,1.3163904718237593,0,30146,39.34822476665397,36119,-30412.0,-45.711021929626796,-2175.4,0,45.51556532808703,466.3102899391524,626.2136763728466,0,0,0,0,0,1,2.5709564541213066
2023-03-30,SILVER,2023-04-05,82799.0,83139.0,82233.0,83139.0,0.6014288491446251,340.0,906.0,1.09421611372118,0.6247240618101545,677.0,1992.0,82202.7,82504.3,80274.68,82197.74935850811,81709.29700936656,0.357193503853735,3.1446030055803487,1066.2142857142858,5674.057543815783,0.5519381408673223,26976,1.180827314510834,0,26976,21.03297784537625,37915,1796.0,4.972452171987052,-852.4,1,53.52351021394899,488.4523491415457,598.6614109265864,0,0,1,0,0,1,1.2451841205811665
2023-03-31,SILVER,2023-04-05,83100.0,84305.0,82049.0,83281.0,0.36353096051884304,181.0,2256.0,2.7148014440433212,0.4658687943262411,309.0,798.0,82282.5,82383.4,80398.76,82336.55714950687,81812.31204570978,0.8698354280109899,3.359803061639266,1066.2142857142858,4959.763389942789,0.6444826988023459,5591,0.25565284985939324,0,5591,16.85108166571394,12708,-25207.0,-66.4829223262561,-6893.8,0,61.91411364231474,524.2451037970895,583.778149500687,0,0,0,0,0,0,0.25391095066185315
2023-04-03,SILVER,2023-04-05,85534.0,86139.0,85295.0,85469.0,2.92900120336943,65.0,844.0,0.986742114246966,0.283175355450237,3798.0,4163.0,82698.8,82409.1,80558.84,82828.47143419812,82087.99263491647,3.791935599345211,6.175808887019729,1220.357142857143,5205.100640111632,1.1003534256223286,11277,0.5279790999494354,0,11277,34.51204558485231,48749,36041.0,283.6087503934529,-5475.4,1,76.45426406233322,740.4787992816418,615.1182794568781,0,0,1,0,0,0,-3.2945963008861976
2023-04-04,SILVER,2023-04-05,84922.0,85299.0,84327.0,84925.0,-0.7155049454018236,3.0,972.0,1.144579731989355,0.6121399176954733,2799.0,2591.0,82957.9,82423.9,80705.76,83150.55275201378,82297.91910640415,3.0307956794085285,5.224212001720826,1292.642857142857,5316.798704405141,0.9698504003791321,7260,0.3609883921845516,0,0,10.466578809141922,54989,6240.0,12.800262569488607,-2308.4,0,71.8455366098295,852.6336456096324,662.621352687429,0,0,1,0,0,0,-1.2128776995360449
2023-04-05,SILVER,2023-04-05,84420.0,84507.0,84222.0,84222.0,-0.5911306846282494,198.0,285.0,0.33759772565742713,0.6947368421052632,2116.0,2272.0,83185.1,82426.4,80841.68,83345.85232862705,82455.11028370755,2.4186425708268295,4.42633057600981,1299.857142857143,5332.375696481584,0.87386713042658,5347,0.2801830857867475,0,0,5.042404743805942,32106,-22883.0,-41.613777300914734,-802.6,0,67.65712051607858,890.7420449195051,708.2454911338442,0,0,0,0,0,1,1.0589907604832978
2023-04-06,SILVER,2023-04-05,83830.0,84115.0,83397.0,84115.0,-0.6988865197820382,285.0,718.0,0.8564952880830251,0.6030640668523677,1031.0,1708.0,83355.9,82463.95,80948.32,83420.33658576135,82556.95396639589,1.6565420404916364,3.559900934324508,1248.2857142857142,5450.7675905621145,0.7506160788005874,29741,1.578073265981832,1,0,48.780615244794724,27131,-4975.0,-15.495546003862204,-2156.8,0,58.19215097576668,863.3826193654677,739.2729167801689,0,1,0,0,0,1,1.1213169509722056
2023-04-07,SILVER,2023-04-05,83311.0,83627.0,83102.0,83627.0,-0.6191101037814617,316.0,525.0,0.63016888526125,0.3980952380952381,211.0,520.0,83407.9,82518.7,81053.58,83403.5155725673,82612.80922814434,0.9601460032695655,2.78509598218857,1210.0,5496.618535638263,0.6441431663600068,11869,0.6208025608301776,0,0,47.12612183477649,56553,29422.0,108.444215104493,8769.0,0,60.881759030738166,790.706344422957,749.5596023087265,0,0,1,0,0,1,0.7946129562722809
2023-04-10,SILVER,2023-04-05,82716.0,83109.0,82341.0,82742.0,-0.7141914032960828,26.0,768.0,0.9284781662556217,0.48828125,-2818.0,980.0,83505.9,82590.5,81144.78,83297.74394601848,82620.45298902254,0.15195452261458642,1.9363167908028107,1164.7142857142858,5372.770568240725,0.5233585258119618,33082,1.7483214116789052,1,0,53.348556531515854,68144,11591.0,20.495818082153015,3879.0,0,52.25172534799392,677.2909569959447,735.1058732461703,0,1,1,0,0,1,2.1047923013685383
2023-04-11,SILVER,2023-04-05,83892.0,84938.0,82883.0,84063.0,1.4217321920789283,171.0,2055.0,2.4495780288942925,0.49099756690997565,-1030.0,1769.0,83682.8,82756.25,81267.48,83389.16795432332,82714.64165650235,1.3724038969866323,3.22948367538898,1275.2142857142858,5139.68434418898,0.7209766055544052,27080,1.397486279295993,0,27080,53.85145659127197,16553,-51591.0,-75.70879314393049,-7687.2,0,59.13854537832739,674.5262978209648,722.9899581611293,0,0,0,0,0,0,0.05364039479330568
2023-04-12,SILVER,2023-04-05,85314.0,85879.0,84801.0,85344.0,1.69503647546847,30.0,1078.0,1.26356752701784,0.47588126159554733,894.0,3010.0,83983.8,82993.65,81426.06,83685.2959613505,82907.18671898366,2.79581630642827,4.774810423100421,1321.7142857142858,5190.042007740587,0.9470773062220623,33979,1.6605538437479381,1,33979,53.212443470618645,27881,11328.0,68.43472482329487,-845.0,1,64.59133296763576,778.1092423668306,734.0138150022697,0,1,1,0,0,0,-0.8603511733127036
2023-04-13,SILVER,2023-04-05,84770.0,85038.0,84543.0,84543.0,-0.6376444663244052,227.0,495.0,0.5839329951633833,0.4585858585858586,940.0,1971.0,84180.9,83191.8,81578.92,83852.17350575811,83045.17288794783,1.8970619700499292,3.9116477639076392,1322.5714285714287,4990.588970621728,0.8162352197887748,24422,1.2205416022169857,0,0,51.451373039058296,11379,-16502.0,-59.18726014131488,-3150.4,0,59.15102191806159,807.0006178102776,748.6111755638714,0,0,0,0,0,0,0.03774920372773387
2023-04-14,SILVER,2023-04-05,83973.0,84435.0,83709.0,83904.0,-0.9401911053438683,69.0,726.0,0.8645636097316994,0.36363636363636365,662.0,873.0,84268.2,83275.35,81711.44,83870.76219717994,83113.90082217392,0.8377629154365537,2.7677397436637974,1307.0,4963.425519156852,0.6405581684075529,27993,1.3747971053284254,0,0,60.840996209802675,79306,67927.0,596.9505228930486,4550.6,0,60.59687351965893,756.8613750060176,750.2612154523007,0,0,1,0,0,0,-0.7550045848070213
2023-04-17,SILVER,2023-04-05,84457.0,85129.0,84040.0,84480.0,0.5763757398211222,23.0,1089.0,1.2894135477225097,0.38292011019283745,1741.0,-1077.0,84160.5,83429.65,81861.84,83960.95262838302,83213.38965016104,1.231396751634468,3.1701706191798324,1329.0,4728.26613820449,0.7172783785791997,17386,0.8291643019634588,0,17386,46.88191869736813,29726,-49580.0,-62.51733790633748,-7683.6,0,60.95568907247465,747.5629782219767,749.7215680062359,0,0,0,0,0,0,0.497294481215293
2023-04-18,SILVER,2023-04-05,83937.0,84793.0,83381.0,83861.0,-0.615697929123693,76.0,1412.0,1.6822140414834936,0.3937677053824363,45.0,-985.0,84062.0,83509.95,81978.74,83957.26760863178,83266.99041681578,0.5113761893043918,2.388741276091819,1388.4285714285713,4631.221728091186,0.5922110892272084,39033,1.7646979040454274,1,0,62.89485878269484,19088,-10638.0,-35.78685325977259,507.0,0,57.42880538622509,690.2771918159997,737.8326927681887,0,1,0,0,0,1,3.2857976815945293
2023-04-19,SILVER,2023-04-05,84580.0,85091.0,83415.0,84543.0,0.7660507285225826,37.0,1676.0,1.9815559233861433,0.6951073985680191,-734.0,160.0,84078.0,83631.55,82124.28,84053.07259191919,83364.25038594054,1.134081575673292,2.9902484380989414,1443.4285714285713,4538.872844081896,0.7089615709848874,17938,0.8156843486188888,0,17938,60.1254436046499,44314,25226.0,132.1563285834032,3286.6,1,57.99443397073346,688.8222059786494,728.0305954102809,0,0,1,0,0,1,1.7959328446441238
2023-04-20,SILVER,2023-04-05,84802.0,84987.0,84636.0,84787.0,0.2624733979664118,15.0,351.0,0.41390533242140515,0.47293447293447294,32.0,972.0,84175.2,83765.55,82277.22,84168.2921931624,83470.75035735236,1.23732250310539,3.068625799461867,1311.357142857143,4419.689434196043,0.734507427599046,16159,0.7487257900101937,0,16159,13.511850221060275,65041,20727.0,46.77302883964436,10732.4,1,57.69439421338155,697.5418358100433,721.9328434902334,0,0,1,0,0,1,1.0978514657673168
2023-04-21,SILVER,2023-04-05,83339.0,83635.0,83092.0,83325.0,-1.7251951604914995,14.0,543.0,0.6515556942127935,0.4548802946593002,-634.0,28.0,84178.0,83792.95,82408.38,84040.70877882972,83460.99107162256,-0.5417520209039031,1.1292783573709315,1216.4285714285713,4344.472296706401,0.3955109000593369,18185,0.8340193679614567,0,0,20.774853549511228,26350,-38691.0,-59.48709275687642,-10591.2,0,39.12181583903261,579.7177072071645,693.4898162336196,0,0,0,0,0,1,3.2421795317918383
2023-04-24,SILVER,2023-04-05,84877.0,84965.0,84683.0,84886.0,1.8454745077334689,9.0,282.0,0.33224548464248266,0.6879432624113475,420.0,2161.0,84394.1,83950.0,82543.76,84169.36896670207,83565.88062187274,1.1042287075640262,2.8266703624841,1246.357142857143,3985.682164422673,0.732582519568335,59635,2.5596617735427936,1,59635,25.69575536667005,27769,1419.0,5.385199240986727,-391.4,1,49.79573309123922,603.4883448293258,675.4895219527609,0,1,1,0,0,1,1.7931830766874417
2023-04-25,SILVER,2023-04-05,86695.0,87033.0,86441.0,86511.0,2.1419230180143023,184.0,592.0,0.6828536824499682,0.42905405405405406,2758.0,2803.0,84674.4,84178.6,82711.5,84557.92758720944,83797.66724247477,2.9893583404808277,4.8161380219195635,1350.357142857143,4305.801305705856,1.0844208362948315,92037,3.439761107456796,1,92037,32.94342146951309,57249,29480.0,106.16154704886745,7632.2,1,59.22471818992782,760.2603447346773,692.4436865091443,0,1,1,0,0,0,0.45215987081146547
2023-04-26,SILVER,2023-04-05,86099.0,86672.0,85555.0,85976.0,-0.6874675586827417,123.0,1117.0,1.2973437554443141,0.4870188003581021,1519.0,785.0,84752.9,84368.35,82847.96,84795.01565071568,83968.13633562479,2.0513024137606037,3.924103864476559,1358.7142857142858,4252.045506515831,0.9070158697379761,38705,1.4237761980522168,0,0,24.601158763015995,56365,-884.0,-1.5441317752275197,2410.2,0,59.19591472805382,826.8793150908896,719.3308122254934,0,0,0,0,0,1,3.5714700519169793
2023-04-27,SILVER,2023-04-05,85733.0,86755.0,84896.0,85513.0,-0.42509204520377875,220.0,1859.0,2.1683599080867344,0.450242065626681,931.0,963.0,84849.2,84515.05,83003.9,84939.32093522097,84098.86697743037,1.4411042766939108,3.2879177966336597,1439.5,4148.695465223485,0.7935742115104579,59902,2.077690545436257,1,0,32.89033173902668,60185,3820.0,6.777255388982528,-971.2,0,59.9392646093237,840.4539577905962,743.555441338514,0,1,1,0,0,1,3.8246649481529866
2023-04-28,SILVER,2023-04-05,86041.0,86460.0,85441.0,86209.0,0.35925489601436045,168.0,1019.0,1.184319103683128,0.5888125613346418,2702.0,2068.0,85056.0,84662.1,83160.74,85108.81002211005,84242.7286828059,1.6287098949825176,3.463485293661402,1443.0,4137.891230033361,0.8332373722131108,62610,1.9762009974117796,1,62610,31.88019724864685,12786,-47399.0,-78.7555038630888,-2712.8,0,63.97411112045052,866.0813393041462,768.0606209316405,0,1,0,0,0,1,2.520891203031113
2023-05-01,SILVER,2023-06-05,86399.0,86905.0,85970.0,86035.0,0.4160807057100646,364.0,935.0,1.082188451255223,0.4588235294117647,1522.0,1942.0,85250.2,84705.35,83308.02,85307.30078793927,84402.45248407953,1.9994604827203877,3.7103030416519274,1351.0714285714287,4357.860078429105,0.8886425836348814,38836,1.1747144203182402,0,38836,31.87220182108163,11620,-1166.0,-9.119349288284063,-3229.8,0,61.314198032313385,904.8483038597333,795.4181575172591,0,0,0,0,0,0,0.4930612622831283
2023-05-02,SILVER,2023-06-05,87087.0,87538.0,86511.0,87288.0,0.7963055127952812,201.0,1027.0,1.1792804896253173,0.560856864654333,392.0,3150.0,85565.2,84813.6,83467.12,85581.10066671784,84601.3078556292,2.6804663403039064,4.3368933778953975,1290.5,4850.845161304955,0.9686605992157485,26975,0.7923173851617091,0,26975,16.367254281594914,46303,34683.0,298.4767641996558,-2189.2,1,58.56935717738037,979.7928110886423,832.2930882315359,0,0,1,0,0,0,-1.1207183620976724
2023-05-03,SILVER,2023-06-05,89174.0,89530.0,89012.0,89421.0,2.396454120592062,247.0,518.0,0.5808868055711306,0.3127413127413127,3075.0,4594.0,86024.6,85051.3,83647.76,86133.85441029971,84940.02579224926,4.847309800085356,6.606560653865692,1409.9285714285713,6201.58527780624,1.1647816349077713,19706,0.5668564722058816,0,19706,19.076938354673256,29589,-16714.0,-36.097013152495514,-5355.2,0,68.5228802153432,1193.828618050451,904.6001941953189,0,0,0,0,0,0,-3.4483145311413637
2023-05-04,SILVER,2023-06-05,89012.0,90056.0,87611.0,88958.0,-0.18166730212841875,54.0,2445.0,2.746820653395048,0.5730061349693252,3279.0,4210.0,86445.6,85310.4,83834.38,86576.64603948437,85241.6535113419,4.3389786004988915,6.17601036710714,1508.7857142857142,7020.19707625662,1.0272786447148874,10974,0.3244317123573183,0,0,15.637549989025251,12882,-16707.0,-56.46355064382034,-9460.6,0,72.38958499955568,1334.9925281424803,990.6786609847511,0,0,0,0,0,0,-1.2032085561497325
2023-05-05,SILVER,2023-06-05,88210.0,88372.0,87751.0,87751.0,-0.901002112074778,459.0,621.0,0.7040018138533046,0.7391304347826086,2169.0,4871.0,86932.7,85555.35,83978.14,86827.93126417909,85461.53102902028,3.1028451172252747,5.03923997364076,1516.2857142857142,7210.158363105555,0.8681819269856627,15928,0.46808166743808455,0,0,18.898066074432347,72248,59366.0,460.84458934947986,11892.4,0,66.21726730619653,1366.4002351588133,1065.8229758195637,0,0,1,0,0,0,-0.878585194422401
2023-05-08,SILVER,2023-06-05,86825.0,87271.0,86186.0,86763.0,-1.5701167668064842,62.0,1085.0,1.2496400806219408,0.5889400921658986,426.0,1948.0,87127.5,85760.8,84049.78,86827.48030045924,85562.52873057433,1.2408932752492945,3.3018765783800994,1560.0,6770.8190719640115,0.6571744849019138,26213,0.7781848192656627,0,0,2.5617372593230625,59322,-12926.0,-17.89115269626841,9540.4,0,61.61145062721132,1264.9515698849136,1105.6486946326336,0,0,0,0,0,1,0.9904981284192341
2023-05-09,SILVER,2023-06-05,86111.0,87113.0,85438.0,86100.0,-0.8223437949899215,11.0,1675.0,1.9451638002113554,0.4017910447761194,-976.0,-584.0,87069.1,85871.75,84113.74,86717.25256192705,85603.15623201327,0.2786131643992349,2.374475323532154,1559.9285714285713,6542.09158570852,0.5365708729181737,6950,0.21267936214552166,0,0,-10.220292977511283,34524,-24798.0,-41.80236674420957,-2355.8,0,56.12057247941153,1114.0963299137802,1107.338221688863,0,0,0,0,0,1,1.8336797853932714
2023-05-10,SILVER,2023-06-05,86099.0,86612.0,85440.0,85925.0,-0.013935501852258003,174.0,1172.0,1.3612237075924227,0.5622866894197952,-3075.0,0.0,87069.1,85911.0,84185.62,86622.13678316904,85639.88540001228,0.21883111592229165,2.272810962252229,1614.5714285714287,6523.383945872862,0.528819398269351,24477,0.7600797436279624,0,0,20.79303813275615,19745,-14779.0,-42.80790174950759,-1968.8,0,55.27364397820607,982.251383156763,1082.3208539824432,0,0,0,0,0,1,3.2950440771669824
2023-05-11,SILVER,2023-06-05,87941.0,88318.0,87429.0,87851.0,2.1393976701239215,90.0,889.0,1.0109050386054288,0.5759280089988752,-1071.0,2208.0,87289.9,86069.55,84265.72,86825.03881652765,85810.3383333447,2.1743462118716748,4.361536340044325,1650.9285714285713,6671.212054319127,0.7805262349273351,15411,0.485345317634906,0,15411,11.612599435826112,25861,6116.0,30.974930362116982,2595.8,1,68.15241401072893,1014.7004831829545,1068.7967798225454,0,0,1,0,0,1,4.180075277743033
2023-05-12,SILVER,2023-06-05,87435.0,87702.0,86959.0,87702.0,-0.5753857700048881,267.0,743.0,0.8497741179161663,0.6406460296096904,-775.0,1394.0,87429.3,86242.65,84304.06,86918.87899860032,85930.68364198583,1.3825526001346269,3.7138662123745907,1604.9285714285713,6470.62548347353,0.6842712119632575,26695,0.842439112906407,0,0,18.48257041546315,64261,38400.0,148.48613742701366,-1597.4,0,60.98419787014772,988.1953566144948,1052.6764951809355,0,0,1,0,0,1,4.161948876308115
2023-05-15,SILVER,2023-06-05,87685.0,87918.0,87396.0,87802.0,0.2859266883970868,117.0,522.0,0.5953127672920112,0.553639846743295,860.0,1286.0,87557.9,86404.05,84357.36,87036.74376804642,86060.63300183872,1.4825115257907437,3.944694333725,1488.2142857142858,6363.730051505147,0.7012891794014782,22771,0.7125512407297305,0,22771,20.809789228464275,12837,-51424.0,-80.02365353791568,-9297.0,0,54.91266375545852,976.1107662076975,1037.3633493862878,0,0,0,0,0,1,3.3004504761361693
2023-05-16,SILVER,2023-06-05,87690.0,88059.0,86969.0,87528.0,0.005702229571769024,162.0,1090.0,1.2430151670658,0.6614678899082569,1579.0,603.0,87618.2,86591.7,84418.64,87137.24472680851,86181.32685355438,1.268366367677275,3.8751631156341784,1484.642857142857,6014.252559765038,0.6826162085954885,9274,0.30437443897988287,0,9274,17.936638345960482,64380,51543.0,401.5190465061931,5971.2,1,58.386926726410124,955.9178732541332,1021.074254159857,0,0,1,0,0,1,4.584331166609648
2023-05-17,SILVER,2023-06-05,88936.0,89098.0,88652.0,88652.0,1.4209145854715555,284.0,446.0,0.5014842133669155,0.6367713004484304,2837.0,-238.0,87594.4,86809.5,84509.96,87413.97630729951,86385.37671625406,2.449616689417633,5.237299840160844,1452.4285714285713,6049.160637729976,0.85153637460651,12045,0.3991794368736412,0,12045,23.619278903046244,59831,-4549.0,-7.065858962410687,8017.2,0,65.45103714423541,1028.5995910454512,1022.5793215369758,0,0,0,0,0,1,3.9680219483673653
2023-05-18,SILVER,2023-06-05,91617.0,92220.0,90530.0,91557.0,3.0145273005307116,60.0,1690.0,1.84463582086294,0.6431952662721894,3676.0,2605.0,87854.9,87150.25,84680.72,88060.59533694574,86772.9043669019,5.125343874515564,8.191097099788475,1614.2142857142858,7120.80407937555,1.1272816876028564,34714,1.1161286277636755,0,34714,46.87067399579972,48255,-11576.0,-19.347829720379075,4478.8,0,71.88726644685194,1287.690970043841,1075.601651238349,0,0,0,0,0,1,3.1467959003241757
2023-05-19,SILVER,2023-06-05,91074.0,91168.0,90996.0,91035.0,-0.5926847637447219,39.0,172.0,0.18885741265344666,0.45348837209302323,3639.0,2864.0,88141.3,87537.0,84857.88,88524.19605433871,87091.50404342769,4.0405771273861335,7.325330305211485,1591.7857142857142,6994.245695006364,1.0057014228890027,39386,1.2246052819769793,0,0,43.70222215145491,39520,-8735.0,-18.101751113874208,-4948.2,0,68.08790528515051,1432.6920109110215,1147.0197231728835,0,0,0,0,0,1,4.495245624437271
2023-05-22,SILVER,2023-06-05,90579.0,91091.0,89967.0,90669.0,-0.5435140654852066,90.0,1124.0,1.2409057287009129,0.5444839857651246,2894.0,3754.0,88516.7,87822.1,85043.86,88840.31973828659,87349.83707724785,3.139187061115589,6.508570989134312,1590.7142857142858,7027.428835791594,0.8923056446987766,13562,0.45420825860599395,0,0,30.688395338045883,39541,21.0,0.05313765182186625,5340.8,0,63.715632364493324,1490.482661038739,1215.7123107460548,0,0,1,0,0,1,4.653396482628424
2023-05-23,SILVER,2023-06-05,91710.0,92012.0,91178.0,91612.0,1.2486337892889,98.0,834.0,0.9093882891723912,0.6378896882494005,4020.0,5599.0,89076.6,88072.85,85266.52,89281.80900931942,87672.81210856282,4.129706260215258,7.556869917993598,1518.5714285714287,7745.004423226608,0.969612385125629,32759,1.2180489428194827,0,32759,52.19203102984111,75772,36231.0,91.62894211072053,2278.4,1,60.76949210124002,1608.996900756596,1294.369228748163,0,0,1,0,0,1,4.102060843964671
2023-05-24,SILVER,2023-06-05,92465.0,93091.0,91997.0,92560.0,0.8232471922363871,95.0,1094.0,1.1831503812253286,0.42778793418647165,3529.0,6366.0,89713.2,88391.15,85504.5,89771.53070019337,88027.78898941002,4.608889012078705,8.14050722476595,1442.5714285714287,8440.54867510713,0.9826522725962835,17026,0.6596489052989651,0,17026,22.17067634033955,37350,-38422.0,-50.70738531383625,-4496.2,0,63.96054014716585,1743.7417107833462,1384.2437251551996,0,0,0,0,0,1,4.6201265343643545
2023-05-25,SILVER,2023-06-05,94500.0,94866.0,94334.0,94866.0,2.2008327475260936,366.0,532.0,0.5629629629629629,0.31203007518796994,2883.0,6559.0,90369.1,88829.5,85778.36,90498.98751554824,88507.21202723151,6.383577527735719,10.1676460123509,1524.0,9668.621890588576,1.0864848231907442,36589,1.4846389031468794,0,36589,37.364635624862146,54397,17047.0,45.64123159303881,1228.4,1,73.125,1991.7754883167363,1505.750077787507,0,0,1,0,0,1,3.3756613756613754
2023-05-26,SILVER,2023-06-05,95168.0,96079.0,94547.0,95324.0,0.7068783068783002,156.0,1532.0,1.609784801613988,0.40535248041775457,4094.0,7733.0,91142.4,89285.85,86035.68,91217.29712854081,89000.60372891805,6.587997986243053,10.614572930672493,1492.2142857142858,10828.652617745218,1.0432023916217192,36738,1.5732641870205062,1,36738,30.08331554964004,73865,19468.0,35.788738349541326,6869.0,1,82.37988046262517,2216.69339962276,1647.9387421545578,0,1,1,0,0,1,3.283666778749159
2023-05-29,SILVER,2023-06-05,94794.0,96161.0,93843.0,94785.0,-0.3929892400806989,9.0,2318.0,2.445302445302445,0.410267471958585,4215.0,7109.0,91853.3,89705.6,86304.14,91767.5591087653,89429.74419344265,5.67233260799771,9.837141068783028,1538.142857142857,11524.908559519012,0.9415132643978528,31844,1.3844103843821258,0,0,30.221118076966594,65956,-7909.0,-10.707371556217426,5283.0,0,84.61293151558638,2337.814915322655,1785.9139767881773,0,0,0,0,0,1,5.012975504778783
2023-05-30,SILVER,2023-06-05,95472.0,95692.0,95345.0,95437.0,0.7152351414646541,35.0,347.0,0.3634573487514664,0.3659942363112392,3762.0,7782.0,92631.5,90124.85,86566.96,92337.47309203217,89877.31869763209,5.933047322686245,10.286880814574051,1518.5714285714287,12332.475520477194,0.9335828594284605,28447,1.2327820259193212,0,28447,35.08163102861815,37453,-28503.0,-43.21517375219843,-7663.8,0,85.47959724430312,2460.1543944000878,1920.7620603105595,0,0,0,0,0,1,5.723143958438076
2023-05-31,SILVER,2023-06-05,96737.0,97232.0,96138.0,96668.0,1.3249958102899306,69.0,1094.0,1.1309013097367089,0.5475319926873857,4272.0,7801.0,93411.6,90503.0,86858.74,93014.32338556569,90385.44323854824,6.88816945294631,11.372787585912477,1485.7857142857142,13628.554605371435,0.9574219482925201,29879,1.2669128777439038,0,29879,32.597100075744734,72345,34892.0,93.16209649427283,6999.0,1,84.81633945535148,2628.8801470174512,2062.385677651938,0,0,1,0,0,1,6.05972895582869
2023-06-01,SILVER,2023-06-05,97690.0,98126.0,97266.0,97921.0,0.9851452908401059,231.0,860.0,0.8803357559627393,0.4930232558139535,3190.0,6073.0,94018.9,90936.9,87170.1,93733.65824932481,90926.52151717429,7.426138344280492,12.068243583522325,1514.857142857143,14973.036419546464,0.9510174029353331,16966,0.7103589477342288,0,16966,9.455078257594039,22906,-49439.0,-68.33782569631626,-6298.2,0,89.20406758926524,2807.136732150524,2211.3358885516554,0,0,0,0,0,1,5.847067253557171
2023-06-02,SILVER,2023-06-05,98293.0,98675.0,97732.0,98169.0,0.6172586754017884,124.0,943.0,0.9593765578423693,0.5949098621420997,3125.0,7219.0,94740.8,91441.05,87480.14,94435.09544173638,91472.18658997619,7.4932975944611275,12.360359734220818,1547.9285714285713,16100.229876097146,0.9255808800700787,22732,0.9384120641184945,0,22732,11.507785388742896,24988,2082.0,9.089321575133159,-9775.4,1,89.48779035139964,2962.908851760192,2361.650481193363,0,0,1,0,0,1,5.017651307824565
2023-06-05,SILVER,2023-06-05,99546.0,99792.0,98951.0,99555.0,1.2747601558605437,9.0,841.0,0.8448355534124927,0.7074910820451843,4752.0,8967.0,95637.5,92077.1,87836.34,95221.38845070002,92070.24684257054,8.111571715442812,13.331224866609883,1577.142857142857,17022.87673876458,0.9387566281903328,10289,0.439180969536062,0,10289,12.590648428252262,37723,12735.0,50.964462942212265,-5646.6,1,90.38147138964578,3151.1416081294738,2519.548706580585,0,0,1,0,0,1,3.8976955377413454
2023-06-06,SILVER,2023-06-05,100936.0,101108.0,100503.0,100946.0,1.3963393807887803,10.0,605.0,0.5993897122929381,0.715702479338843,5464.0,9226.0,96560.1,92818.35,88212.6,96100.55945828464,92726.96929867643,8.74573831575329,14.423563073755897,1588.142857142857,17794.34560811572,0.9561926680966375,25012,1.0279974353494337,0,25012,12.745113240481878,43800,6077.0,16.109535296768552,1269.4,1,90.4749055585537,3373.5901596082113,2690.3569971861107,0,0,1,0,0,1,3.9421019259728936
2023-06-07,SILVER,2023-06-05,102599.0,103325.0,101785.0,102496.0,1.647578663707705,103.0,1540.0,1.5009892883946239,0.5285714285714286,5862.0,10134.0,97573.5,93643.35,88618.5,97100.31954162547,93458.2308321078,9.563572853811824,15.776051275975107,1524.2142857142858,18647.02484636809,0.9802723262174609,23812,0.9800165037215687,0,23812,17.067993183473266,49107,5307.0,12.116438356164384,-4647.6,1,89.77256265391858,3642.088709517673,2880.703339652423,0,0,1,0,0,1,1.3119036247916647
2023-06-08,SILVER,2023-06-05,103402.0,104376.0,102873.0,103118.0,0.7826587003771923,284.0,1503.0,1.4535502214657356,0.35196274118429804,5712.0,8902.0,98463.7,94416.4,89030.56,98069.80884291386,94194.80632602573,9.51699069229499,16.14214265303959,1606.7857142857142,19760.02933728954,0.9547361669672779,28092,1.1267628230839577,0,28092,7.3753322480503245,37430,-11677.0,-23.778687356181404,2904.8,0,93.82198208445898,3875.0025168881257,3079.5631750995635,0,0,0,0,0,1,0.9816057716485175
2023-06-09,SILVER,2023-06-05,103225.0,103720.0,102552.0,103292.0,-0.1711765729869863,67.0,1168.0,1.131508839912812,0.5761986301369864,4932.0,8057.0,99269.4,95205.9,89433.06,98862.91517477327,94863.70956113494,8.42290236214353,15.42152309224352,1609.9285714285713,20106.140665557265,0.8988383515955943,30105,1.19930205042606,0,0,8.051183740124054,42535,5105.0,13.638792412503342,3509.4,0,95.9921443118999,3999.2056136383326,3263.4916628073174,0,0,1,0,0,1,0.7159118430612739
2023-06-12,SILVER,2023-06-05,103426.0,103770.0,102728.0,103414.0,0.19472027125211344,12.0,1042.0,1.0074836114710035,0.6698656429942419,3880.0,8632.0,100132.6,95992.95,89790.9,99564.92822480816,95497.95329734717,7.743329067395057,15.185391838148416,1582.0,20077.160901199415,0.8702241585141628,19294,0.7739813264067875,0,19294,5.792221579188228,78476,35941.0,84.49747266956624,8150.6,1,95.70135746606334,4066.974927460993,3424.1883157380526,0,0,1,0,0,1,0.5772242956316593
2023-06-13,SILVER,2023-06-05,104915.0,105092.0,104772.0,105020.0,1.4396766770444547,105.0,320.0,0.3050088166611066,0.446875,3979.0,9443.0,101076.9,96854.2,90190.76,100388.01619022229,96195.51231235848,8.322612751950874,16.325663515863496,1602.357142857143,19989.495750992995,0.9032517928622374,8621,0.34628609071482513,0,8621,1.3272130134721365,62284,-16192.0,-20.63305978898007,3696.8,0,95.93417945690673,4192.503877863812,3577.8514281632047,0,0,0,0,0,1,0.6624410236858409
2023-06-14,SILVER,2023-06-05,103945.0,104294.0,103742.0,103835.0,-0.9245579755039812,110.0,552.0,0.5310500745586608,0.3677536231884058,1346.0,7208.0,101797.7,97604.65,90581.26,100935.24446864963,96769.54843736897,6.495950756444499,14.753316524852938,1514.642857142857,19484.282001006795,0.8254084497274463,37442,1.4309709941927236,0,0,34.25497721848848,66232,3948.0,6.338706569905583,3425.0,0,87.8193321053896,4165.696031280662,3695.4203487866966,0,0,1,0,0,1,1.8519409302996777
2023-06-15,SILVER,2023-06-05,104417.0,105047.0,103759.0,104672.0,0.4540862956371239,255.0,1288.0,1.233515615273375,0.5108695652173914,1015.0,6727.0,102470.4,98244.65,90993.0,101470.89916578046,97336.0263308972,6.2826321840425985,14.75278318112382,1493.857142857143,19535.304366037017,0.815958732167537,26699,1.0362627936673046,0,26699,35.70750391404314,54420,-11812.0,-17.834279502355354,3398.0,0,87.62509153038809,4134.872834883252,3783.310846006008,0,0,0,0,0,1,1.4700671346619802
2023-06-16,SILVER,2023-06-05,103964.0,105142.0,102630.0,103782.0,-0.4338374019556168,182.0,2512.0,2.416220999576777,0.5310509554140127,739.0,5671.0,103037.5,98889.15,91406.06,101854.45314027579,97826.98734342335,5.131857236107304,13.738629583202691,1507.7142857142858,18944.095628982177,0.7678855776169171,7347,0.30406307229102647,0,0,25.0607305409982,47710,-6710.0,-12.33002572583609,1035.0,0,87.06548100242523,4027.4657968524407,3832.141836175295,0,0,0,0,0,0,0.33280751029202416
2023-06-19,SILVER,2023-06-05,104023.0,104477.0,103470.0,104380.0,0.05675041360471145,357.0,1007.0,0.9680551416513656,0.5491559086395233,597.0,4477.0,103485.2,99561.35,91832.2,102188.07573407951,98285.9512439105,4.481307254270853,13.275082160723583,1515.5,17756.938867295336,0.7512623393786327,34486,1.3680062041457497,0,34486,67.47339861484515,50498,2788.0,5.843638650178162,-5595.6,1,86.38413752021104,3902.124490169008,3846.1383669740376,0,0,1,0,0,1,1.1757015275467926
2023-06-20,SILVER,2023-06-05,105610.0,106229.0,105022.0,105240.0,1.5256241408150073,370.0,1207.0,1.1428841965722942,0.4871582435791218,695.0,4674.0,103952.6,100256.35,92266.56,102714.5256211442,98828.4733739912,5.339961009950985,14.461837528135874,1547.357142857143,16913.682099040132,0.8165277654298481,22110,0.8959941644884809,0,22110,49.57523925156385,41283,-9215.0,-18.248247455344767,-4200.2,0,86.74728733537646,3886.0522471529985,3854.12114300983,0,0,0,0,0,0,0.4308304137865733
2023-06-21,SILVER,2023-06-05,105870.0,106472.0,105558.0,105962.0,0.24618880787803388,92.0,914.0,0.863322943232266,0.3413566739606127,1925.0,3271.0,104279.7,100926.6,92677.68,103199.98321789125,99350.06793888075,4.8980149930741685,14.234624776968962,1513.4285714285713,15934.986144033814,0.8102230497922863,24807,0.9896850458098865,0,24807,51.274819002808364,76169,34886.0,84.50451759804278,1987.4,1,85.9402460456942,3849.9152790105,3853.279970209964,0,0,1,0,0,1,2.765655993199206
2023-06-22,SILVER,2023-06-05,105952.0,106094.0,105750.0,106052.0,0.07745348068386448,100.0,344.0,0.3246753246753247,0.5872093023255814,1535.0,2550.0,104534.7,101499.2,93101.32,103623.37041513874,99839.0999434081,4.3870296514652365,13.802897746240324,1467.642857142857,15326.08468420399,0.7905373480409732,51527,1.9962072565757996,1,51527,60.248559237270584,72457,-3712.0,-4.873373682206672,3607.4,0,85.26567823924854,3784.2704717306333,3839.4780705140984,0,1,0,0,0,1,2.342570220477197
2023-06-23,SILVER,2023-06-05,104310.0,104816.0,103230.0,104144.0,-1.5497583811537319,166.0,1586.0,1.5204678362573099,0.6809583858764187,346.0,1085.0,104643.2,101956.3,93508.06,103729.00573588663,100170.27772537788,2.3085380697416413,11.551881196123631,1555.0,14292.23507105658,0.6646838292470091,60497,2.2405964356083614,1,0,61.272820025734084,35968,-36489.0,-50.35952357950233,-2348.4,0,71.17709815078236,3558.7280105087557,3783.32805851303,0,1,0,0,0,1,4.2431214648643465
2023-06-26,SILVER,2023-06-05,105246.0,106143.0,104227.0,105335.0,0.8973252804141518,89.0,1916.0,1.820496740968778,0.5318371607515657,1223.0,1820.0,104825.2,102478.9,93923.84,103962.38946882715,100546.25715312766,2.7001655950639654,12.054617869116088,1580.2857142857142,12867.898852735641,0.7150389921204374,35165,1.294427501569031,0,35165,60.67660277654105,72508,36540.0,101.59030249110322,4402.0,1,69.96479525662404,3416.1323156994913,3709.8889099503226,0,0,1,0,0,1,3.640993481937556
2023-06-27,SILVER,2023-06-05,106065.0,106644.0,105771.0,106337.0,0.7781768428253732,272.0,873.0,0.8230801866779806,0.33676975945017185,455.0,1150.0,104940.2,103008.55,94366.4,104285.86801208452,100955.05291956266,2.967180879645425,12.396997236304454,1509.5,11416.792173674185,0.7677153050966296,79385,2.6716947096170576,1,79385,78.78337786640417,73220,712.0,0.9819606112428936,6387.4,1,67.41708542713567,3330.815092521865,3634.0741464646317,0,1,1,0,0,1,4.772545137415736
2023-06-28,SILVER,2023-06-05,108798.0,109192.0,108316.0,108316.0,2.57672182152453,482.0,876.0,0.8051618595930072,0.5502283105022832,2928.0,4853.0,105425.5,103611.6,94850.76,104980.04216407152,101536.01196255801,5.005617131672509,14.704405109669134,1605.9285714285713,10923.446103632974,0.9747952203723581,73150,2.2947651747817384,1,73150,44.566808526665596,15738,-57482.0,-78.50587271237367,-12086.2,0,72.7104377104377,3444.0302015135094,3596.0653574744074,0,1,0,0,0,1,2.050589165242008
2023-06-29,SILVER,2023-06-05,108434.0,108906.0,107978.0,108543.0,-0.33456497362084336,109.0,928.0,0.8558201302174594,0.49137931034482757,2482.0,4017.0,105827.2,104148.8,95323.4,105511.4202926759,102046.97403940557,4.1144977186487,13.753810711745496,1588.7857142857142,10223.317298680573,0.9191594445134798,54977,1.627624347012578,1,0,44.95169904934341,13098,-2640.0,-16.774685474647356,-11871.8,0,71.58365791000249,3464.446253270333,3569.7415366335927,0,1,0,0,0,1,2.750059944297914
2023-06-30,SILVER,2023-06-05,108736.0,109353.0,108194.0,108194.0,0.2785104303078434,542.0,1159.0,1.0658843437316068,0.46764452113891286,4426.0,4772.0,106304.4,104670.95,95831.34,106007.50947841807,102542.45744389403,3.8836467998045334,13.4660122669682,1597.142857142857,9421.686292246333,0.9314567343794258,68882,1.9088844518282555,1,68882,54.72915009300152,48244,35146.0,268.3310429073141,2455.2,1,71.81952662721893,3465.0520345240366,3548.803636211682,0,1,1,0,0,1,3.2169658622719246
2023-07-03,SILVER,2023-08-05,109078.0,109726.0,108364.0,108867.0,0.31452324896998896,211.0,1362.0,1.2486477566512038,0.5242290748898678,3832.0,5055.0,106809.9,105147.55,96315.36,106479.89263558452,103026.5717073093,3.738032888070143,13.250887501225142,1575.4285714285713,8898.313545718906,0.9417072942873527,29174,0.7878647121730958,0,29174,12.0256224923852,18253,-29991.0,-62.16524334632285,-10851.0,0,68.88667090100716,3453.3209282752214,3529.7070946243903,0,0,0,0,0,1,3.1408716698142616
2023-07-04,SILVER,2023-08-05,111127.0,112245.0,109597.0,111489.0,1.878472285887156,362.0,2648.0,2.3828592511270887,0.5777945619335347,5062.0,5517.0,107361.6,105657.1,96804.0,107194.83223010998,103626.6034326938,5.177030223241026,14.795876203462665,1717.857142857143,9485.726709115697,1.076645329107307,26957,0.7260861191953446,0,26957,14.854401935030117,64333,46080.0,252.4516517832685,-1777.4,1,79.67768595041322,3568.228797416188,3537.41143518275,0,0,1,0,0,1,0.7360947384524013
2023-07-05,SILVER,2023-08-05,111029.0,111528.0,110671.0,110900.0,-0.08818738920334246,129.0,857.0,0.7718704122346414,0.4177362893815636,2231.0,5159.0,107877.5,106078.6,97302.6,107784.70419470844,104174.9291043461,4.666728256217554,14.106920061745518,1687.0714285714287,10169.186265640688,0.9868039458305767,5634,0.1555599426245011,0,0,5.7245870718294665,60969,-3364.0,-5.229042637526615,9046.2,0,78.19375746205014,3609.7750903623382,3551.8841662186683,0,0,0,0,0,1,1.0762953822875105
2023-07-06,SILVER,2023-08-05,111416.0,111740.0,110724.0,111154.0,0.34855758405460957,262.0,1016.0,0.9118977525669562,0.6811023622047244,2982.0,5464.0,108423.9,106479.3,97816.26,108343.36508783021,104711.30472624638,4.6363002010719425,13.90335308260611,1580.2142857142858,10893.343450790242,0.9531850136095609,34881,0.9541537872363706,0,34881,46.86504186204315,54411,-6558.0,-10.756285981400382,8262.6,0,81.95540308747856,3632.0603615838336,3567.9194052917014,0,0,0,0,0,1,2.0167659941121565
2023-07-07,SILVER,2023-08-05,112234.0,112682.0,111800.0,112189.0,0.7341853952753663,45.0,882.0,0.7858581178608979,0.49206349206349204,3498.0,7924.0,109216.3,106929.75,98340.12,108941.9243050871,105268.5414131911,4.960499767370634,14.128394392848012,1598.7142857142858,11585.203112502088,0.9578469577521656,17771,0.49445886650918325,0,17771,40.21895768384278,45421,-8990.0,-16.52239436878572,-564.6,0,83.05821724776553,3673.382891896006,3589.0121026125626,0,0,0,0,0,0,0.09177254664361957
2023-07-10,SILVER,2023-08-05,112504.0,113184.0,111805.0,112969.0,0.2405688115900695,465.0,1379.0,1.2257341961174715,0.5068890500362582,3426.0,7258.0,109942.1,107383.65,98862.22,109489.93595045831,105804.50130851028,4.768277107362253,13.798779756311358,1539.642857142857,12106.826279766945,0.9229308228001246,23298,0.6446507380916147,0,23298,47.51639599180064,11454,-33967.0,-74.78258955108869,-1359.8,0,81.04845973698433,3685.434641948028,3608.296610479656,0,0,0,0,0,0,0.02933229040745218
2023-07-11,SILVER,2023-08-05,111945.0,112757.0,111415.0,111535.0,-0.496871222356543,410.0,1342.0,1.1988029836080218,0.3949329359165425,818.0,5880.0,110530.1,107735.15,99359.38,109867.63811192625,106259.35306343544,3.9075919047776013,12.666765835294056,1570.2142857142858,12525.300258614792,0.8361077110390633,19340,0.5273138485322326,0,0,33.24253416603357,27522,16068.0,140.28287061288634,-7362.2,0,76.64239978949215,3608.285048490812,3608.294298081887,0,0,1,0,0,0,-0.26620215284291393
2023-07-12,SILVER,2023-08-05,112224.0,112610.0,111786.0,111988.0,0.24922953235964052,236.0,824.0,0.7342457941260336,0.5315533980582524,1195.0,3426.0,110872.7,108149.1,99820.38,110230.15532547605,106701.17876244022,3.767853824026269,12.425939472480465,1604.5,12604.299410165084,0.823294446394512,38356,1.0444922206352296,0,38356,43.86041858893587,48575,21053.0,76.49516750236174,-2478.8,1,77.03914468011726,3528.9765630358306,3592.430751072676,0,0,1,0,0,1,0.904441117764471
2023-07-13,SILVER,2023-08-05,113663.0,114630.0,112618.0,114003.0,1.2822569147419527,340.0,2012.0,1.7701450779937182,0.5193836978131213,2247.0,5229.0,111395.6,108611.4,100313.4,110758.28527540281,107216.86922448169,4.651077142915022,13.307893063140124,1581.9285714285713,13005.465370982536,0.8884213179538356,11351,0.3157023759030448,0,11351,39.304146360853835,13192,-35383.0,-72.84199691199176,-8243.8,0,91.0399297937692,3541.4160509211215,3582.227811042365,0,0,0,0,0,0,-2.1035869192261334
2023-07-14,SILVER,2023-08-05,112337.0,113406.0,111353.0,112754.0,-1.1666065474252862,417.0,2053.0,1.8275367866330772,0.47929858743302484,103.0,3601.0,111755.7,109030.05,100795.94,111001.16446380239,107596.13817081638,3.033062903300509,11.449925463267665,1610.0714285714287,12636.878060495277,0.7616904257656806,8838,0.24530035276844123,0,0,34.56100500183217,65268,52076.0,394.75439660400247,3969.4,0,80.08485362749258,3405.0262929860037,3546.7875074310928,0,0,1,0,0,0,-1.568494796905739
2023-07-17,SILVER,2023-08-05,112537.0,113130.0,112125.0,112513.0,0.17803573177137544,24.0,1005.0,0.8930396225241477,0.4099502487562189,33.0,3459.0,112101.6,109455.75,101310.18,111237.44685398662,107962.1279359411,2.815064535211718,11.081630691012501,1582.0,12078.2163113266,0.7551080325586232,6973,0.2012197849288603,0,6973,38.21544005311603,20402,-44866.0,-68.7411901697616,1789.6,0,78.98083467669711,3275.318918045523,3492.493789553979,0,0,0,0,0,0,-1.2884651270248897
2023-07-18,SILVER,2023-08-05,111647.0,111840.0,111371.0,111371.0,-0.7908510090014809,276.0,469.0,0.4200739831791271,0.5884861407249466,-298.0,520.0,112153.6,109757.6,101820.9,111300.45503029638,108235.08142216768,1.7214297688724918,9.650376297989908,1441.9285714285713,11659.22972268553,0.6620518717736354,15247,0.44438291485113884,0,0,50.841131234560564,46527,26125.0,128.05117145377903,3801.0,0,65.27941649683578,3065.3736081286916,3407.0697532689214,0,0,1,0,0,1,1.3533726835472515
2023-07-19,SILVER,2023-08-05,113239.0,114078.0,112055.0,113714.0,1.4259227744587877,475.0,2023.0,1.7864869876985843,0.5852694018783984,1015.0,2210.0,112374.6,110126.05,102363.7,111598.69271794308,108605.74205756267,2.8267153865956303,10.624176343762489,1549.2857142857142,11451.225591039634,0.7718442646379983,36655,1.0501992671096099,0,36655,72.79193096752984,62181,15654.0,33.644980333999605,2721.2,1,72.77035352099327,2992.950660380404,3324.2459346912183,0,0,1,0,0,0,-0.1253984934519026
2023-07-20,SILVER,2023-08-05,111272.0,111742.0,110874.0,111627.0,-1.7370340607034684,355.0,868.0,0.7800704579768495,0.45852534562211983,-2391.0,-144.0,112360.2,110392.05,102830.32,111548.43229979799,108803.24264589135,0.7971135602609039,8.209329699645,1635.4285714285713,10787.631785377249,0.5815702665336407,11683,0.3549909300014889,0,0,14.067609737815298,37002,-25179.0,-40.49307666328943,4762.0,0,60.379829731499676,2745.1896539066365,3208.4346785343023,0,0,0,0,0,1,1.0074412251060463
2023-07-21,SILVER,2023-08-05,110575.0,111451.0,110091.0,110725.0,-0.6263929829606774,150.0,1360.0,1.2299344336423241,0.3558823529411765,-1762.0,-1659.0,112194.3,110705.3,103293.12,111398.67348444444,108934.48393138089,-0.11769987525439424,7.049724124898159,1635.2857142857142,9143.191390320979,0.48574895849408345,16244,0.5291541319399766,0,0,22.8768220371216,22460,-14542.0,-39.30057834711638,-8561.6,0,55.954180256145094,2464.189553063552,3059.5856534401523,0,0,0,0,0,1,3.9213203707890574
2023-07-24,SILVER,2023-08-05,111087.0,111230.0,110901.0,110907.0,0.4630341397241722,180.0,329.0,0.29616426764607917,0.5653495440729484,-1450.0,-1417.0,112052.6,110997.35,103761.16,111350.72371760683,109093.92956609343,0.08076769400350024,7.060291153260041,1455.857142857143,7562.1460919390665,0.5118551002466822,34058,1.1114555832221051,0,34058,30.73320951428583,40482,18022.0,80.24042742653606,4016.0,1,49.818742069965566,2256.7941515134007,2899.027353054802,0,0,1,0,0,1,1.7337762294417889
2023-07-25,SILVER,2023-08-05,113158.0,113727.0,111911.0,113147.0,1.8643045540882364,11.0,1816.0,1.6048357164318916,0.6866740088105727,1511.0,1213.0,112173.9,111352.0,104270.52,111628.76622259039,109394.97182045688,1.6218837560169552,8.523482955681045,1583.2142857142858,6205.819883068878,0.7910171474565749,33371,1.1774398419307035,0,33371,32.23035306343714,26447,-14035.0,-34.66972975643496,-4016.0,0,58.18405473975551,2233.7944021335134,2765.980762870545,0,0,0,0,0,0,-2.6326022022305096
2023-07-26,SILVER,2023-08-05,113097.0,113320.0,112754.0,113061.0,-0.053906926598212834,36.0,566.0,0.5004553613270025,0.6060070671378092,-142.0,873.0,112261.2,111566.95,104753.74,111854.64834219188,109669.19613005267,1.3714186862686513,7.964641644298327,1551.0714285714287,5899.600482462556,0.7593480701868381,8822,0.35111599324991244,0,0,15.041494219535718,58228,31781.0,120.1686391651227,-790.6,0,56.628026180900555,2185.4522121392074,2649.8750527242773,0,0,1,0,0,0,-2.0566416438986006
2023-07-27,SILVER,2023-08-05,112393.0,112973.0,111708.0,112468.0,-0.6224745130286369,75.0,1265.0,1.1255149342040873,0.541501976284585,1121.0,-1270.0,112134.2,111764.9,105169.26,111937.47167416236,109870.9593796784,0.561983234450177,6.868680068681672,1559.857142857143,5143.382118907146,0.6221180899025762,33878,1.4074401812996324,0,0,50.4838366446474,60126,1898.0,3.259600192347323,4624.8,0,50.63260921460969,2066.512294483953,2533.2025010762127,0,0,1,0,0,0,-1.9956758872883542
2023-07-28,SILVER,2023-08-05,114911.0,115781.0,114545.0,115244.0,2.240353046897936,333.0,1236.0,1.0756150412058028,0.2961165048543689,4336.0,2574.0,112391.6,112073.65,105646.0,112394.93757044508,110244.29572192444,2.5316834064028484,8.769854040853415,1703.357142857143,5045.623808915436,1.0623387924772574,10914,0.5154860725714083,0,10914,45.91929821778331,30545,-29581.0,-49.19835013139075,1617.0,0,58.1235234559568,2150.6418485206377,2456.690370565098,0,0,0,0,0,0,-5.255371548415731
2023-07-31,SILVER,2023-08-05,113013.0,113266.0,112700.0,113212.0,-1.6517130648937006,199.0,566.0,0.5008273384477891,0.5530035335689046,1926.0,476.0,112439.2,112270.4,106094.68,112490.02409806891,110449.38492770781,0.6614388120110073,6.520892470762914,1765.4285714285713,4241.747683510679,0.675069347685809,23164,1.1098254818115396,0,0,59.25361996127663,65114,34569.0,113.17400556555901,4926.4,0,53.30568280302092,2040.6391703611007,2373.4801305242986,0,0,1,0,0,0,-2.8439206109031705
2023-08-01,SILVER,2023-08-05,110179.0,110858.0,109913.0,109942.0,-2.5076761080583654,237.0,945.0,0.8576952050753773,0.2814814814814815,-2979.0,-1468.0,112292.4,112223.0,106464.06,112134.48192913523,110429.35641454427,-1.8213735152330628,3.4893841170438202,1928.0,4531.773952652147,0.04896249871338306,32180,1.52274415721458,1,0,51.28009858867242,67801,2687.0,4.1266087170193755,8270.8,0,44.53471591212785,1705.1255145909672,2239.8092073376324,0,1,1,1,0,0,-0.038119786892238994
2023-08-02,SILVER,2023-08-05,110771.0,111572.0,109636.0,111076.0,0.5373074723858506,305.0,1936.0,1.7477498623285879,0.5862603305785123,-2326.0,-2468.0,112045.6,112210.1,106830.18,111924.71547849904,110454.66334680024,-1.2825048725560406,3.6888639521154105,1894.4285714285713,4594.45870358948,0.1867748536131818,8688,0.40816326530612246,0,8688,29.939117226986305,23890,-43911.0,-64.7645314965856,-6867.6,0,41.90460194827007,1470.0521316988015,2085.857792209866,0,0,0,1,0,0,-1.2006752669922633
2023-08-03,SILVER,2023-08-05,110150.0,110838.0,109752.0,110219.0,-0.5606160457159337,69.0,1086.0,0.9859282796187018,0.3664825046040516,-2243.0,-1122.0,111933.4,112146.8,107143.18,111651.68232796072,110432.0956914817,-1.7805233854198272,2.806356876844618,1807.0,4907.590443174384,0.0931200814083398,19683,0.9589441529399728,0,0,49.40721710331561,62482,38592.0,161.54039347007117,471.2,0,43.6265081307921,1219.5866364790127,1912.6035610636957,0,0,1,1,0,0,-2.0926009986382206
2023-08-04,SILVER,2023-08-05,108872.0,109637.0,108335.0,109021.0,-1.1602360417612312,149.0,1302.0,1.1958997722095672,0.41244239631336405,-6039.0,-1703.0,111763.1,111978.7,107417.26,111224.03889288983,110316.53304766826,-2.774366910850007,1.3542888731289602,1864.857142857143,5712.5410476507095,-0.043838542968130056,18080,0.8801844103178253,0,0,44.6888457074121,73397,10915.0,17.469031080951325,8570.4,0,39.950644365231696,907.5058452215744,1711.5840178952717,0,0,1,1,0,0,0.09185098096847674
2023-08-07,SILVER,2023-08-05,109799.0,110482.0,108778.0,110122.0,0.8514585935777808,323.0,1704.0,1.551926702428984,0.5991784037558685,-3214.0,-1288.0,111634.3,111843.45,107717.36,111004.80214013754,110278.1972663595,-1.8279568450365196,1.932501873421331,1903.2857142857142,6007.794021982409,0.1597003837815691,35953,1.6979866722710506,1,35953,43.60784384532225,11740,-61657.0,-84.00479583634208,-10674.8,0,44.9430823117338,726.6048737780511,1514.5881890718276,0,1,0,1,0,0,0.0245903878906001
2023-08-08,SILVER,2023-08-05,110137.0,110261.0,109892.0,109892.0,0.3078352261860262,245.0,369.0,0.33503727176153336,0.6639566395663956,-42.0,-3021.0,111332.2,111753.05,108010.66,110871.29411857792,110267.73820959212,-1.4460902856790063,1.968639021370665,1762.642857142857,6196.7293886235275,0.23920920236296225,14916,0.7118891598696111,0,14916,37.95830832389387,40121,28381.0,241.74616695059626,-5536.0,1,40.886120578211305,603.5559089857998,1332.3817330546221,0,0,1,0,0,0,-0.37407955546274185
2023-08-09,SILVER,2023-08-05,109441.0,110026.0,108085.0,109433.0,-0.6319402199079338,8.0,1941.0,1.7735583556436803,0.6986089644513137,-1330.0,-3656.0,110966.6,111613.9,108264.74,110651.24886956593,110206.49834221492,-1.9468005329085305,1.086466378619664,1740.2857142857142,6510.615124955861,0.16625273368240676,34677,1.669671983147758,1,0,58.56288546949891,21218,-18903.0,-47.11497719398818,-534.4,0,44.18619419571982,444.75052735100326,1154.8554919138985,0,1,0,1,0,1,2.463427783006369
2023-08-10,SILVER,2023-08-05,107845.0,108513.0,107282.0,107730.0,-1.4583200080408587,115.0,1231.0,1.141453011266169,0.45735174654752236,-2305.0,-4548.0,110511.8,111323.0,108467.84,110219.51827424808,110031.57253908788,-3.124242070371801,-0.5742162838312227,1797.357142857143,7027.717754872167,0.005102492542649864,32360,1.4830974554520788,0,0,29.492996284500396,44722,23504.0,110.77387124139881,-3552.0,0,41.79983179142136,187.94573516020318,961.4735405631594,0,0,1,1,0,1,2.715007649867866
2023-08-11,SILVER,2023-08-05,108972.0,109266.0,108630.0,108630.0,1.0450183133200452,342.0,636.0,0.5836361634181257,0.5377358490566038,100.0,-5939.0,109917.9,111154.75,108681.42,110027.59238590223,109953.08568434064,-1.9637037553500862,0.26736860817608177,1852.0714285714287,7259.523762837198,0.19932600659372615,18453,0.8274906445978578,0,18453,31.973846953420672,59431,14709.0,32.889852868834126,-2793.2,1,43.87347198887666,74.50670156159322,784.0801727628462,0,0,1,1,0,0,-0.11562603237528907
2023-08-14,SILVER,2023-08-05,109826.0,110075.0,109683.0,109902.0,0.7836875527658549,76.0,392.0,0.35692823193050827,0.3647959183673469,27.0,-3187.0,109599.2,111019.2,108887.02,109996.5781726865,109943.67192994503,-1.074769048957295,0.8623433720566472,1742.2857142857142,7229.7367907274165,0.334959413525213,27703,1.1871128642102804,0,27703,25.762466195500913,61543,2112.0,3.5537009304908107,9960.6,1,39.616055846422334,52.90624274146103,637.8453867585692,0,0,1,0,0,0,-1.6653615719410704
2023-08-15,SILVER,2023-08-05,109725.0,110276.0,109203.0,110276.0,-0.09196365159434006,551.0,1073.0,0.9778992936887674,0.4864864864864865,-412.0,-454.0,109553.8,110923.1,109062.8,109954.79691535012,109927.47400920837,-1.0801176671045127,0.60717311493928,1778.5,7293.29415429628,0.3357258085779746,13640,0.5865127858927336,0,0,16.79387408381981,52000,-9543.0,-15.506231415433113,2375.8,0,39.517532952001986,27.322906141751446,515.7408906352057,0,0,0,0,0,0,-1.6049213943950784
2023-08-16,SILVER,2023-08-05,112137.0,112681.0,111609.0,111725.0,2.198222829801777,412.0,1072.0,0.9559734967049235,0.4925373134328358,2696.0,1366.0,109690.4,110868.0,109253.56,110290.52046683471,110091.14260111885,1.14460439441498,2.6392183467522727,1890.4285714285713,7061.54037169597,0.6797058337422242,34263,1.4809067922978842,0,34263,39.2135620013074,40921,-11079.0,-21.305769230769233,3940.6,0,49.280575539568346,199.37786571586912,452.4682856513384,0,0,0,0,0,0,-3.4252744410854583
2023-08-17,SILVER,2023-08-05,110773.0,111258.0,110169.0,110766.0,-1.2163692625984268,7.0,1089.0,0.9830915475792839,0.5546372819100092,2928.0,623.0,109752.7,110843.05,109400.98,110364.74808732168,110141.65055659151,-0.063197467049132,1.2541203927058096,1789.0,7051.597203175246,0.49006608035290783,37849,1.5483456604267574,1,0,27.604785306797936,40614,-307.0,-0.7502260453068121,-821.6,0,37.56461113114557,223.09753073017055,406.59413466710487,0,1,0,0,0,0,-2.487970895434808
2023-08-18,SILVER,2023-08-05,108846.0,110296.0,107782.0,108985.0,-1.7395935832739018,139.0,2514.0,2.309685243371369,0.4232299124900557,-126.0,-26.0,109750.1,110756.6,109513.4,110131.09453542603,110045.67644128845,-1.725043925147581,-0.6094231390861704,1844.7142857142858,7273.0418337741285,0.23730386217116575,21078,0.853826990460373,0,0,23.98816511864509,71189,30575.0,75.28192248978185,2351.6,0,37.49925001499971,85.41809413758165,342.35892656120024,0,0,1,0,0,0,-0.330742516950554
2023-08-21,SILVER,2023-08-05,107997.0,108186.0,107807.0,108023.0,-0.7800011024750586,26.0,379.0,0.3509356741390965,0.5013192612137203,-1829.0,-1802.0,109569.9,110602.1,109604.82,109802.77229920664,109893.92263082265,-2.355380232382573,-1.4669245385376364,1697.5,7669.168557147088,0.1603151983702003,70957,2.6744486260645384,1,0,37.766666137196495,27601,-43588.0,-61.22856059222632,-6788.4,0,42.56913227080779,-91.15033161600877,255.65707492575842,0,1,0,1,0,0,-0.9787308906728891
2023-08-22,SILVER,2023-08-05,107964.0,108474.0,107143.0,107940.0,-0.03055640434456164,24.0,1331.0,1.2328183468563596,0.6168294515401953,-1761.0,-2173.0,109352.6,110342.4,109665.8,109519.88425317485,109750.96539890986,-2.1554724203932434,-1.5518055765790273,1654.2857142857142,7618.38434591901,0.18780782223542616,51340,1.8716801738249136,1,0,40.853284279438114,30514,2913.0,10.553965436034929,-4297.2,0,40.06230970756922,-231.08114573500643,158.30943079360546,0,1,1,1,0,1,0.7558074913860175
2023-08-23,SILVER,2023-08-05,108296.0,108510.0,107992.0,108015.0,0.3075099107109791,281.0,518.0,0.4783186821304573,0.5868725868725869,-3841.0,-1145.0,109238.1,110102.35,109752.82,109331.59436807103,109643.1901841758,-1.6406098507434272,-1.3273645269433687,1615.7142857142858,7362.476159556536,0.2546545535967063,31025,1.0870688733902008,0,31025,23.648140773819904,77612,47098.0,154.34882349085663,7338.2,1,43.29911811478965,-311.59581610476016,64.32838141393233,0,0,1,0,0,0,0.37397503139543475
2023-08-24,SILVER,2023-08-05,108017.0,108384.0,107034.0,108067.0,-0.2576272438501892,50.0,1350.0,1.2498032717072312,0.7281481481481481,-2756.0,172.0,109255.3,109883.55,109824.82,109129.34908067549,109522.73165201463,-1.69866190162222,-1.6460942071200362,1582.5,7255.5650626939605,0.24274229727505733,52315,1.7756831704676208,1,0,31.178514890361793,26292,-51320.0,-66.12379528938823,-2864.4,0,46.66926373198286,-393.3825713391416,-27.213809136682457,0,1,0,0,0,1,1.9756149494986899
2023-08-25,SILVER,2023-08-05,108486.0,109725.0,107896.0,108322.0,0.43419091439309554,164.0,1829.0,1.6859318253046478,0.3225806451612903,-360.0,-486.0,109206.7,109562.3,109915.26,109030.3722990331,109445.93671482836,-0.9823634589635329,-1.3003289989033324,1591.4285714285713,5591.5492778256885,0.3075130976188894,98120,2.901053154437027,1,98120,44.231719531544265,41510,15218.0,57.880724174653885,-5935.8,1,44.695806738304924,-415.5644157952629,-104.88393046839855,0,1,1,0,0,1,1.9652305366591083
2023-08-28,SILVER,2023-08-05,106940.0,107458.0,106472.0,106472.0,-1.4250686724554318,468.0,986.0,0.9220123433701142,0.4746450304259635,-1057.0,-2886.0,108918.1,109258.65,109973.6,108708.7765607203,109260.31177298923,-2.1221660710616455,-2.758480217070284,1702.2857142857142,5047.375601557171,0.04062265560647692,90397,2.4310823112722324,1,0,38.43188704319764,38000,-3510.0,-8.455793784630206,2079.8,0,38.23334560176666,-551.5352122689219,-194.21418682850322,0,1,0,1,0,1,4.0144005984664295
2023-08-29,SILVER,2023-08-05,108780.0,109040.0,108646.0,109040.0,1.7205909855994017,260.0,394.0,0.36219893362750505,0.3401015228426396,816.0,-945.0,108823.6,109188.7,110037.0,108719.73401291718,109224.73312313817,-0.37430613241113514,-1.142343030071703,1705.7142857142858,4987.306177216291,0.4180519532032989,85225,2.1393911552586724,1,85225,42.93608968449544,40383,2383.0,6.271052631578944,1973.8,1,47.75612736777786,-504.9991102209897,-256.37117150700055,0,1,1,0,0,1,2.9601029601029603
2023-08-30,SILVER,2023-08-05,108701.0,109380.0,107815.0,108909.0,-0.07262364405221655,208.0,1565.0,1.439729165325066,0.5661341853035143,405.0,-3436.0,108480.0,109085.2,110093.62,108716.85185708376,109185.93807697979,-0.35220176522571084,-1.2649416015205925,1663.2857142857142,4773.336928356875,0.41951123380426236,63917,1.500485356552196,1,0,25.316382879410746,21785,-18598.0,-46.05403263749598,-11165.4,0,53.23947926127763,-469.086219896024,-298.9141811848053,0,1,0,0,0,1,3.5979429812053243
2023-08-31,SILVER,2023-08-05,110151.0,110556.0,109099.0,110163.0,1.3339343704289686,12.0,1457.0,1.3227297074016577,0.7220315717227179,2134.0,-622.0,108417.8,109085.25,110177.6,108937.49003291702,109257.42414535164,0.976988181261903,-0.024142838471709147,1694.2857142857142,4773.524858946883,0.7232626898344302,50917,1.1530313580959821,0,50917,22.23588513548024,50910,29125.0,133.69290796419554,4923.6,1,54.35537495382342,-319.9341124346247,-303.1181674347692,0,0,1,0,0,1,3.025846338208459
2023-09-01,SILVER,2023-10-05,110618.0,111656.0,109658.0,110668.0,0.42396346832984655,50.0,1998.0,1.8062159865483012,0.4804804804804805,2132.0,1772.0,108595.0,109172.55,110303.76,109196.03002785286,109358.20754199226,1.3240049811055956,0.2848860274572737,1758.2142857142858,4959.663566692121,0.7914411392150232,10813,0.24689525731860745,0,10813,18.790565914656582,49028,-1882.0,-3.6967197014339037,1503.6,0,53.01186492242166,-162.17751413940277,-274.93003677569595,0,0,0,0,0,1,4.216311992623262
2023-09-04,SILVER,2023-10-05,111233.0,111842.0,110691.0,111472.0,0.5559673832468581,239.0,1151.0,1.034764862945349,0.47089487402258906,4293.0,3236.0,108918.6,109244.25,110423.5,109509.4100235678,109497.08105740024,1.8204619465097704,0.7330867070868067,1769.0,5268.427009832376,0.8774845881490679,39269,0.8932548104372671,0,39269,21.443026961187435,34855,-14173.0,-28.90797095537244,-629.0,0,55.51895769287074,12.32896616756625,-217.47823618704354,0,0,0,0,0,1,3.9017198133647386
2023-09-05,SILVER,2023-10-05,112000.0,112314.0,111599.0,112050.0,0.689543570702944,50.0,715.0,0.6383928571428572,0.5608391608391609,3220.0,4036.0,109322.2,109337.4,110542.2,109892.57771224968,109682.48246055577,2.4352142999559216,1.3187723783315357,1635.0714285714287,5773.5696009382955,0.9611705035247677,21498,0.48538296892356875,0,21498,19.682206415192873,34281,-574.0,-1.646822550566629,-1220.4,0,49.42997420321212,210.09525169391418,-131.963538610852,0,0,0,0,0,1,4.069642857142857
2023-09-06,SILVER,2023-10-05,112612.0,113181.0,111892.0,112815.0,0.5464285714285699,203.0,1289.0,1.144638226831954,0.5585725368502715,3911.0,4316.0,109753.8,109495.95,110618.48,110310.95037190357,109899.48375977387,2.8458130186550306,1.8021581927359733,1586.5714285714287,6475.460459956346,0.9812090227821435,30989,0.70259644858796,0,30989,28.053989344022234,14841,-19440.0,-56.70779732213179,-1388.8,0,58.16245006657789,411.466612129705,-23.277508462740585,0,0,0,0,0,1,3.4188185983731754
2023-09-07,SILVER,2023-10-05,113484.0,114647.0,113040.0,113417.0,0.7743402124107623,67.0,1607.0,1.4160586514398505,0.2762912258867455,3333.0,5467.0,110300.5,109777.9,110719.48,110799.11185314917,110165.0034812721,3.375998265588981,2.496868663039245,1518.2857142857142,7189.6271362242405,1.0154787487277581,30568,0.6944621144653859,0,30568,21.055926789060372,70155,55314.0,372.7107337780473,3849.0,1,72.71302644466209,634.1083718770678,108.19966760522111,0,0,1,0,0,1,4.384759084981143
2023-09-08,SILVER,2023-10-05,115282.0,115585.0,115142.0,115585.0,1.584364315674458,303.0,443.0,0.3842750819729012,0.3160270880361174,4664.0,6796.0,110980.1,110093.4,110850.4,111488.78695266468,110544.04026043712,4.7129074040769074,3.9978204859883286,1594.142857142857,8659.042796256777,1.0992117283729084,6041,0.13920573690783986,0,6041,4.276561437549283,36918,-33237.0,-47.37652341244387,-2422.0,0,82.64181378259701,944.7466922275635,275.5090725296896,0,0,0,0,0,1,1.9725542582536737
2023-09-11,SILVER,2023-10-05,115573.0,116400.0,115216.0,115647.0,0.2524244895126815,74.0,1184.0,1.024460730447423,0.3015202702702703,4340.0,8633.0,111843.4,110380.75,110980.3,112117.1274214855,110916.55579670104,4.703945207837417,4.138302022971642,1583.642857142857,9940.484018716292,1.0223337203926741,35099,0.8019695654160764,0,35099,53.16496659977374,66313,29395.0,79.62240641421529,6291.6,1,83.32311465358676,1200.571624784454,460.5215829806425,0,0,1,0,0,1,3.896238740882386
2023-09-12,SILVER,2023-10-05,116558.0,117067.0,116083.0,116603.0,0.8522751853806687,45.0,984.0,0.8442148973043464,0.48272357723577236,4558.0,7778.0,112621.2,110722.4,111088.92,112800.3385874108,111334.44055250096,5.270478241078594,4.923155252567044,1651.357142857143,11341.01515181613,1.014557111676683,29364,0.6590920313699437,0,29364,52.10315979544536,27443,-38870.0,-58.6159576553617,-1367.6,0,84.22535211267606,1465.898034909842,661.5968733664824,0,0,0,0,0,1,2.9933595291614474
2023-09-13,SILVER,2023-10-05,116462.0,117289.0,115982.0,116166.0,-0.08236242900530044,296.0,1307.0,1.122254469268946,0.36725325172149964,3850.0,7761.0,113397.3,110938.65,111197.58,113363.67111242452,111714.25977083424,4.978742755568061,4.734293677973925,1648.2857142857142,12405.13477896349,0.9452470769899615,28482,0.6434697937223175,0,0,54.30299733695157,42250,14807.0,53.95547134059689,5481.8,0,85.52199882224278,1649.411341590283,859.1597670112426,0,0,1,0,0,1,1.396163555494496
2023-09-14,SILVER,2023-10-05,118460.0,118855.0,117758.0,118528.0,1.7155810478954425,68.0,1097.0,0.9260509876751646,0.6399270738377393,4976.0,8309.0,114228.2,111323.0,111338.46,114147.72171051305,112213.94423225393,6.411074081726148,6.3962982782409545,1688.5714285714287,14107.258840754279,1.0059097646512314,8676,0.20268896961768038,0,8676,49.383019435734155,11922,-30328.0,-71.78224852071006,-11646.6,0,87.17203339296363,1933.7774782591296,1074.08330926082,0,0,0,0,0,0,-0.14266419044403172
2023-09-15,SILVER,2023-10-05,117556.0,117934.0,117037.0,117360.0,-0.7631267938544628,196.0,897.0,0.7630405934193065,0.5785953177257525,2274.0,6938.0,114922.0,111758.5,111444.9,114672.07221658796,112609.65206690179,5.187524886250263,5.483516966680401,1646.357142857143,14945.5593968326,0.8879078625339818,26781,0.6215181603935052,0,0,78.12727869736275,41976,30054.0,252.0885757423251,1011.6,0,91.5531548457805,2062.420149686164,1271.750677345889,0,0,1,0,0,0,-0.14801456327197252
2023-09-18,SILVER,2023-10-05,120076.0,120378.0,119499.0,119923.0,2.143659192214775,153.0,879.0,0.7320363769612579,0.6564277588168373,4503.0,8843.0,115806.3,112362.45,111596.34,115503.44572172826,113162.71487676093,6.864882351710917,7.598510847219544,1697.9285714285713,16234.813404339628,0.9751240317882645,35048,0.8487390480987645,0,35048,54.897697742022466,21991,-19985.0,-47.61053935582238,-8864.4,0,91.9800802735246,2340.730844967329,1485.546710870177,0,0,0,0,0,0,-1.2592025050801159
2023-09-19,SILVER,2023-10-05,120047.0,121015.0,119301.0,119851.0,-0.024151370798497496,196.0,1714.0,1.4277741218022941,0.4352392065344224,3489.0,8047.0,116611.0,112966.6,111758.38,116202.4540722316,113672.66192292678,6.267693282793315,7.416553461136423,1708.5714285714287,17054.57214325579,0.9151613972209751,8065,0.20610547540342625,0,0,51.72428026817175,63744,41753.0,189.86403528716292,7260.2,0,92.32318710832587,2529.7921493048198,1694.3957985571055,0,0,1,0,0,0,-1.9617316551017518
2023-09-20,SILVER,2023-10-05,118088.0,118335.0,117828.0,117836.0,-1.6318608544986568,252.0,507.0,0.42934083056703476,0.5128205128205128,1626.0,5476.0,117158.6,113456.2,111875.66,116492.53806111903,113999.72400270998,4.082456489817218,5.552896849949306,1734.5714285714287,17045.189652031666,0.7717364895642522,7036,0.1854947140861037,0,0,46.03356753473333,32733,-31011.0,-48.649284638554214,-1903.4,0,78.52368288650902,2492.814058409058,1854.0794505274962,0,0,0,0,0,0,-0.8298895738771086
2023-09-21,SILVER,2023-10-05,118291.0,118794.0,117913.0,118794.0,0.17190569744596207,503.0,881.0,0.744773482344388,0.42905788876276957,-169.0,4807.0,117639.3,113969.9,111968.22,116769.22451325456,114317.59629880553,3.791439669596978,5.646941605394815,1654.7857142857142,16759.025164465886,0.7578371926525906,21924,0.6021182897138126,0,21924,67.3291720507116,12473,-20260.0,-61.894723978859254,110.2,0,78.10828632134222,2451.6282144490397,1973.589203311805,0,0,0,0,0,0,-3.13464253408966
2023-09-22,SILVER,2023-10-05,117382.0,118362.0,116207.0,117694.0,-0.768443922191886,312.0,2155.0,1.8358862517251366,0.5452436194895591,-174.0,2100.0,117849.3,114414.7,112069.12,116863.49766506156,114544.58916556067,2.593460455693196,4.740717157411431,1721.2857142857142,16186.789264544728,0.6833161568674726,37844,1.1331336186827516,0,0,82.61437101861009,18108,5635.0,45.17758358053396,-4773.6,0,72.05049128594995,2318.908499500889,2042.6530625496218,0,0,1,0,0,0,-2.8752278884326388
2023-09-25,SILVER,2023-10-05,118564.0,119020.0,118409.0,119020.0,1.0069687004821803,456.0,611.0,0.5153334907729159,0.25368248772504093,-1512.0,2991.0,118148.4,114995.9,112189.66,117125.11340889825,114842.32330144505,3.102806273962816,5.6817535591069595,1761.0714285714287,14959.006603664078,0.7385251971963186,21407,0.7148020829333365,0,21407,30.169706349089097,38715,20607.0,113.8005301524188,3344.8,1,72.85833681571249,2282.7901074531983,2090.680471530337,0,0,1,0,0,0,-6.501130191289092
2023-09-26,SILVER,2023-10-05,117692.0,118279.0,116848.0,117404.0,-0.7354677642454677,288.0,1431.0,1.2158855317268802,0.5897973445143256,-2355.0,1134.0,118261.8,115441.5,112310.56,117212.3267306062,115053.41046430098,1.9494722435172793,4.791570801534604,1791.5714285714287,13928.825423712347,0.661571412631015,26518,0.981682757803708,0,0,34.191192821297584,42210,3495.0,9.027508717551335,-4306.8,0,67.37583800793541,2158.9162663052266,2104.3276304853152,0,0,1,0,0,0,-7.509431397206267
2023-09-27,SILVER,2023-10-05,117108.0,117681.0,116532.0,117125.0,-0.49621044760901345,17.0,1149.0,0.9811456091812686,0.5013054830287206,-980.0,646.0,118326.4,115861.85,112387.94,117196.2764643591,115205.60228176018,1.0755481636103637,4.199792255290022,1729.0714285714287,12454.496902516054,0.6000562294690721,22059,0.8851961685239507,0,0,32.8100612596744,47317,5107.0,12.099028666192835,2916.8,0,62.64480111653873,1990.6741825989302,2081.5969409080385,0,0,1,0,0,0,-6.199405676811149
2023-09-28,SILVER,2023-10-05,114583.0,114718.0,114287.0,114287.0,-2.156129384841343,296.0,431.0,0.3761465487899601,0.6867749419953596,-3708.0,-3877.0,117938.7,116083.45,112454.16,116794.23393138078,115159.48359422239,-1.2925615150135503,1.8930735866063082,1780.5,11322.561694526608,0.3674814021348788,28052,1.1798129677645925,0,0,42.48073179122749,75516,28199.0,59.595916900902424,12608.6,0,47.678820482167765,1634.750337158388,1992.2276201581085,0,0,1,0,0,0,-3.228227573025667
2023-09-29,SILVER,2023-10-05,114007.0,114286.0,113543.0,113848.0,-0.5026923714687159,159.0,743.0,0.6517143684159745,0.6244952893674294,-3375.0,-3549.0,117583.8,116252.9,112522.8,116365.42871116835,115074.1144390948,-1.9319087953934864,1.3190215671846035,1770.2142857142858,10304.999861592165,0.28205725083309285,9267,0.39102338249783225,0,0,14.916328082564723,43362,-32154.0,-42.579056094072776,5050.8,0,44.89636292530309,1291.3142720735486,1852.0449505411966,0,0,0,0,0,0,-2.233196207250432
2023-10-02,SILVER,2023-10-05,110856.0,111301.0,109576.0,110653.0,-2.763865376687391,203.0,1725.0,1.5560727430179693,0.7420289855072464,-7708.0,-9220.0,116661.8,116234.05,112518.18,115517.82429406553,114761.66151768036,-4.626914402449199,-1.4772546089885148,1980.0,10463.942738860496,-0.013960190170694917,10988,0.4930604479185831,0,0,13.686565564724162,64604,21242.0,48.987592823209255,5177.8,0,33.716015535755076,756.162776385172,1632.8685157099917,0,0,1,1,0,0,-0.5574799740203507
2023-10-03,SILVER,2023-10-05,108854.0,109260.0,108670.0,109124.0,-1.8059464530562175,270.0,590.0,0.5420103992503721,0.31186440677966104,-8838.0,-11193.0,115542.5,116076.75,112432.1,114492.620556517,114324.05696081514,-6.22239165035203,-3.1824541211984885,2042.7857142857142,11825.657520388428,-0.11076942128142743,32974,1.4424889868804984,0,0,41.394536522978136,14889,-49715.0,-76.95343941551607,-5464.2,0,30.405892654785205,168.56359570185305,1340.007531708364,0,0,0,1,0,1,1.2383559630330534
2023-10-04,SILVER,2023-10-05,109848.0,110507.0,109262.0,109761.0,0.9131497234828201,87.0,1245.0,1.1333843128686913,0.4706827309236948,-7260.0,-8240.0,114718.5,115938.55,112367.12,113778.06354782208,113992.49718593995,-5.253257005543025,-2.2418657699868034,1989.9285714285713,12731.335000906576,0.02160947775183785,29036,1.2756656539895306,0,29036,41.47614569326846,41971,27082.0,181.892672442743,-1069.2,1,26.610537751222168,-214.43363811787276,1029.1192977431167,1,0,1,1,0,0,0.3413808171291239
2023-10-05,SILVER,2023-10-05,110884.0,111473.0,109905.0,111121.0,0.9431214041220493,237.0,1568.0,1.4140904007791926,0.6243622448979592,-3699.0,-7407.0,113977.8,115808.55,112336.94,113332.8230020033,113762.23813512959,-4.252319884844429,-1.2933768714013416,2004.357142857143,13350.776612934045,0.1311413078974621,13680,0.6241715924360258,0,13680,15.027788589217504,60551,18580.0,44.26866169497987,-2993.0,1,32.008413331895156,-429.4151331262983,737.4124115692337,0,0,1,1,0,0,-1.9064968796219475
2023-10-06,SILVER,2023-10-05,111461.0,112128.0,110295.0,111596.0,0.520363623245923,135.0,1833.0,1.6445214021047723,0.6361156573922532,-2546.0,-5921.0,113385.7,115617.5,112267.94,113044.85023246432,113591.77605104592,-3.595044002854239,-0.7187626316114843,1933.7142857142858,13903.661827395379,0.20104997866028712,6485,0.2955889558667685,0,6485,2.50683702448191,13201,-47350.0,-78.1985433766577,-6032.2,0,24.04964154467136,-546.9258185815997,480.544765539067,1,0,0,0,0,0,-0.6666008738482518
2023-10-09,SILVER,2023-10-05,110238.0,110745.0,109863.0,110745.0,-1.0972447761997461,507.0,882.0,0.8000870843084962,0.42517006802721086,-618.0,-8326.0,112553.1,115350.75,112212.44,112613.0271197775,113343.3481954129,-4.432350894987678,-1.7595553576769225,1925.4285714285713,14713.30813994928,0.15250846707152396,19713,0.9311783920132074,0,0,27.248035135429934,47958,34757.0,263.29065979850014,-3329.2,0,22.435789355364477,-730.3210756353947,238.37159730417468,1,0,1,1,0,1,1.4913187829967887
2023-10-10,SILVER,2023-10-05,110202.0,110682.0,109625.0,109876.0,-0.03265661568606637,326.0,1057.0,0.9591477468648482,0.5458845789971618,1348.0,-7490.0,111804.1,115032.95,112212.9,112242.09987058096,113110.65573649343,-4.199622803727103,-1.7920399526257624,1842.4285714285713,15358.287814386043,0.18544996301769612,25043,1.1951474427194937,0,0,27.56429787155496,15681,-32277.0,-67.3026398098336,158.4,0,25.154379332073106,-868.5558659124654,16.98610466084665,1,0,0,1,0,1,1.2867280085660877
2023-10-11,SILVER,2023-10-05,110223.0,111547.0,109431.0,110500.0,0.019055915500620912,277.0,2116.0,1.919744517931829,0.3742911153119093,375.0,-6885.0,111115.6,114721.0,112201.94,111931.4691212608,112896.75531156799,-3.920816589813548,-1.7637306449425048,1930.642857142857,15874.537626090081,0.21665316458682501,7419,0.372800020099745,0,7419,22.20830172275426,56870,41189.0,262.6681971813022,2979.8,1,24.286078531361554,-965.2861903071898,-179.46835433276064,1,0,1,0,0,1,1.3218656723188444
2023-10-12,SILVER,2023-10-05,108770.0,109425.0,107653.0,109019.0,-1.3182366656686928,249.0,1772.0,1.6291256780362233,0.6303611738148984,-2114.0,-5813.0,110534.3,114236.5,112174.34,111445.08925645145,112591.06973293332,-4.78524814748351,-3.034865192877441,1960.2857142857142,16312.490454928979,0.16488869280237686,22140,1.076118100802228,0,0,39.33379359602645,77203,20333.0,35.7534728327765,3330.4,0,23.47215377033021,-1145.9804764818691,-372.7707787625824,1,0,1,1,0,1,2.948423278477521
2023-10-13,SILVER,2023-10-05,110718.0,111261.0,110276.0,110502.0,1.7909350004596813,216.0,985.0,0.8896475731136761,0.44873096446700506,-743.0,-3289.0,110205.4,113894.6,112211.26,111333.22937084353,112452.3238267901,-2.7890698944462735,-1.330757715402175,2021.2142857142858,16287.249046902696,0.304963994174075,17961,0.8921196347281446,0,17961,44.14275194940579,38152,-39051.0,-50.582231260443244,4990.2,0,26.920814213436884,-1119.0944559465715,-522.0355141993803,1,0,0,0,0,0,-1.2175075416824725
2023-10-16,SILVER,2023-10-05,111882.0,112678.0,111573.0,112107.0,1.051319568633824,225.0,1105.0,0.9876477002556264,0.27963800904977376,1644.0,1026.0,110308.0,113484.9,112252.92,111417.65562148299,112410.07761739823,-1.4124346058374235,-0.33043238429788574,2038.642857142857,15286.656521983328,0.3951438466812604,11487,0.6060174414003766,0,11487,38.68114814248836,60061,21909.0,57.425560914237785,2420.6,1,33.19838056680162,-992.4219959152397,-616.1128105425522,0,0,1,0,0,0,-2.5044243041776157
2023-10-17,SILVER,2023-10-05,111620.0,112009.0,111192.0,111695.0,-0.2341752918253115,75.0,817.0,0.7319476796273069,0.5238678090575275,1418.0,2766.0,110584.6,113063.55,112282.58,111448.78552587022,112351.55334944281,-1.2767598399307318,-0.5901004412260581,2014.142857142857,14048.433423059934,0.39724477053573287,36110,1.7738239390091441,1,0,40.10758312831571,67619,7558.0,12.583873062386575,10387.6,0,33.82838283828383,-902.7678235725907,-673.4438131485599,0,1,1,0,0,0,-3.026339365705071
2023-10-18,SILVER,2023-10-05,111680.0,111853.0,111361.0,111629.0,0.053753807561363054,51.0,492.0,0.44054441260744986,0.6483739837398373,1457.0,1832.0,110767.8,112743.15,112327.36,111484.35698342865,112301.80865689149,-0.9429841192125591,-0.5763155120889519,1847.7857142857142,13265.838566945255,0.41985806290082067,21360,1.0136024884510533,0,21360,37.2171163360626,68235,616.0,0.9109865570327891,2273.0,1,39.99172584982417,-817.4516734628414,-702.2453852114163,0,0,1,0,0,0,-4.180694842406877
2023-10-19,SILVER,2023-10-05,111977.0,112809.0,111436.0,111793.0,0.26593839541546593,184.0,1373.0,1.226144654705877,0.39402767662053895,3207.0,1093.0,110877.1,112427.45,112410.0,111560.14821674732,112277.74875638101,-0.40065838013758837,-0.38519704652610975,1871.5714285714287,12201.611729605269,0.46308274595338483,29882,1.3917214880363276,0,29882,46.4954239567716,47890,-20345.0,-29.816076793434455,-5862.6,0,42.86417322834646,-717.6005396336986,-705.3164160958729,0,0,0,0,0,0,-4.725077471266421
2023-10-20,SILVER,2023-10-05,109370.0,109916.0,108911.0,109212.0,-2.3281566750314786,158.0,1005.0,0.9188991496754136,0.45671641791044776,-1348.0,-2091.0,110668.0,112026.85,112417.96,111223.20233724773,112062.35995961205,-2.37161894670787,-2.71127495997971,1774.0714285714287,11548.89032901515,0.26994759459053824,22502,1.0868352480058345,0,0,49.285212671525265,71401,23511.0,49.093756525370644,6649.8,0,44.5687134502924,-839.1576223643206,-732.0846573495625,0,0,1,0,0,0,-0.3657310048459358
2023-10-23,SILVER,2023-10-05,109080.0,109909.0,107939.0,109527.0,-0.2651549785133045,447.0,1970.0,1.806013934726806,0.5791878172588832,-2802.0,-1158.0,110552.2,111552.65,112403.04,110893.47890074807,111841.4444070482,-2.2165766568521628,-2.9563613226119094,1758.642857142857,10045.677260448516,0.25385930327114686,31577,1.488592891505776,0,0,32.92034634627032,21217,-50184.0,-70.28472990574362,-7768.8,0,50.94418449197861,-947.9655063001264,-775.2608271396753,0,0,0,0,0,1,0.671067106710671
2023-10-24,SILVER,2023-10-05,108242.0,109204.0,107897.0,108242.0,-0.7682434910157632,0.0,1307.0,1.2074795365939284,0.26396327467482783,-3378.0,-1960.0,110356.2,111080.15,112373.38,110485.55906986375,111574.818895415,-2.555046963836468,-3.676475692018879,1733.9285714285713,8639.735500339593,0.17150036018018863,20042,0.9594592330358063,0,0,26.563571556304897,58351,37134.0,175.0200311071311,-1853.6,0,43.20182864883169,-1089.259825551242,-838.0606268219886,0,0,1,1,0,1,0.8009829825760796
2023-10-25,SILVER,2023-10-05,107011.0,107196.0,106826.0,107178.0,-1.1372664954453882,167.0,370.0,0.34575884722131367,0.5,-4669.0,-3212.0,110035.0,110575.3,112270.86,109951.01152065393,111236.75823649537,-3.2234142706372966,-4.684973465064755,1719.0,7327.899574124836,0.013598683504654381,64312,2.79599156576745,1,0,55.689680974818955,43741,-14610.0,-25.038131308803624,-4898.8,0,33.871908053635394,-1285.7467158414365,-927.5978446258782,0,1,0,1,0,1,2.6670155404584577
2023-10-26,SILVER,2023-10-05,106686.0,107441.0,106223.0,106517.0,-0.3037070955322352,169.0,1218.0,1.14166807266183,0.38013136288998356,-5291.0,-2084.0,109826.6,110180.45,112189.12,109448.70205593795,110899.66503379201,-3.1715699109960043,-4.905217190401347,1675.0714285714287,7091.187886535132,0.007212323814558886,74405,2.9386847504754305,1,0,37.41676468928473,30654,-13087.0,-29.919297684095014,-3447.2,0,29.689493832411742,-1450.9629778540693,-1032.2708712715166,1,1,0,1,0,1,4.696961175786889
2023-10-27,SILVER,2023-10-05,108970.0,109390.0,108780.0,108800.0,2.1408619687681707,170.0,610.0,0.5597870973662475,0.3114754098360656,-400.0,-1748.0,109651.8,109928.6,112191.6,109375.05558579366,110756.72688314076,-0.8720205660765312,-2.8715162275963673,1754.0714285714287,6174.140216302447,0.3447395157193094,14460,0.5653118989162901,0,14460,31.24771634568658,71314,40660.0,132.64174332876624,-17.4,1,45.05305867665419,-1381.6712973471003,-1102.1509564866333,0,0,1,0,0,1,3.636780765348261
2023-10-30,SILVER,2023-10-05,109812.0,110227.0,109407.0,110050.0,0.7726897311186587,238.0,820.0,0.7467307762357484,0.49390243902439024,732.0,-2070.0,109444.8,109876.4,112227.9,109442.27780336386,110686.74711401922,-0.05861131234732316,-2.1526732657387284,1768.357142857143,6112.388579549326,0.48946402062600175,82550,2.8312337731377477,1,82550,81.94071276647011,11408,-59906.0,-84.00314103822531,-1961.8,0,48.56849214505946,-1244.4693106553605,-1130.6146273203788,0,1,0,0,0,1,2.937748151386005
2023-10-31,SILVER,2023-10-05,109109.0,109934.0,108481.0,108815.0,-0.6401850435289402,294.0,1453.0,1.331695827108671,0.43220922229869235,867.0,-2511.0,109193.7,109889.15,112250.8,109391.00429515404,110569.87695742521,-0.709942701349491,-2.79891100998835,1721.0,6080.643078874826,0.3716994255574108,51912,1.7244334602276126,1,0,56.79372933585512,52903,41495.0,363.7359747545582,-1089.6,0,46.10598434004474,-1178.8726622711692,-1140.266234310537,0,1,1,0,0,1,2.846694589813856
2023-11-01,SILVER,2023-12-05,109865.0,110987.0,108902.0,109774.0,0.6928850965548294,91.0,2085.0,1.8977836435625541,0.4618705035971223,2854.0,-1815.0,109012.2,109890.0,112282.18,109463.92671128418,110517.66384946779,-0.02275002275002275,-2.152772594903299,1686.357142857143,6080.565209188586,0.49588854010442623,36127,1.1861115260675645,0,36127,57.83774764321455,11218,-41685.0,-78.79515339394742,-6504.6,0,54.02366429043874,-1053.7371381836128,-1122.9604150851521,0,0,0,0,0,1,2.9964046784690304
2023-11-02,SILVER,2023-12-05,111697.0,113817.0,110500.0,111705.0,1.667501023983986,8.0,3317.0,2.9696410825716,0.36086825444678927,5011.0,-280.0,108984.2,109930.65,112355.78,109807.47644800968,110605.02208284054,1.606785732641448,-0.5863338761922162,1790.7142857142858,6234.027273131069,0.7833401142810286,8196,0.2715332384711844,0,8196,46.11671059528055,60572,49354.0,439.95364592619006,5983.6,1,53.62834482247425,-797.5456348308653,-1057.8774590342948,0,0,1,0,0,1,1.7959300607894573
2023-11-03,SILVER,2023-12-05,112933.0,114035.0,111786.0,112959.0,1.1065650823209205,26.0,2249.0,1.9914462557445567,0.5100044464206314,3963.0,3563.0,109340.5,110004.25,112444.72,110288.32622523895,110777.46489151902,2.662397134656161,0.43424004257380766,1817.7142857142858,6662.619794521714,0.939579338206893,14552,0.47574989783408256,0,14552,56.341427244718226,68798,8226.0,13.58053225912963,-503.2,1,53.87451153874512,-489.1386662800651,-944.1297004834489,0,0,1,0,0,1,1.761221255080446
2023-11-06,SILVER,2023-12-05,113038.0,113335.0,112422.0,112997.0,0.09297548103743836,41.0,913.0,0.8076929881986588,0.6746987951807228,3226.0,3958.0,109736.3,110144.25,112566.68,110711.35295981757,110944.91193659168,2.6272365556985497,0.41870294122559804,1824.5714285714287,7194.777155397256,0.9022014771964432,36921,1.1740370581183481,0,36921,67.6802226014464,40105,-28693.0,-41.706154248670025,5739.4,0,55.28867671192003,-233.5589767741185,-802.015555741583,0,0,0,0,0,1,2.4451954210088642
2023-11-07,SILVER,2023-12-05,112215.0,113302.0,111855.0,112303.0,-0.7280737451122676,88.0,1447.0,1.2894889275052355,0.248790601243953,3106.0,3973.0,110133.6,110244.9,112635.38,110942.68327369179,111038.99253388119,1.7870214404475906,-0.37322198406930807,1892.7857142857142,7429.828009629069,0.765160915898289,9746,0.31763465496422294,0,0,63.97288801749208,79634,39529.0,98.56377010347836,5346.2,0,51.8879243418731,-96.30926018940227,-660.8742966311469,0,0,1,0,0,1,4.490487011540346
2023-11-08,SILVER,2023-12-05,113157.0,114305.0,112372.0,113314.0,0.8394599652452817,157.0,1933.0,1.7082460652014457,0.40610450077599586,3292.0,6146.0,110748.2,110391.6,112724.5,111283.34738543151,111195.88197581592,2.505081908406069,0.38367879209932176,1944.0,7872.789262960403,0.8512605136035511,7999,0.2604515165871376,0,7999,40.0917438378765,75063,-4571.0,-5.740010548258279,12769.0,0,53.98271904954772,87.4654096155864,-511.2063553818002,0,0,0,0,0,1,2.9993725531783277
2023-11-09,SILVER,2023-12-05,113703.0,114356.0,113007.0,113871.0,0.4825154431453704,168.0,1349.0,1.186424280801738,0.5159377316530763,2006.0,7017.0,111449.9,110638.25,112795.54,111655.60163382666,111381.59442205177,2.7700636985852545,0.8045176254309403,1821.357142857143,8244.744252523,0.871721657595643,20595,0.6722746680245995,0,20595,54.269331688957706,17619,-57444.0,-76.52771671795692,-8590.6,0,66.98815964871011,274.0072117748932,-354.16364195046157,0,0,0,0,0,1,4.114227417042646
2023-11-10,SILVER,2023-12-05,114922.0,115691.0,114031.0,114696.0,1.0720913256466513,226.0,1660.0,1.4444579801952628,0.5367469879518072,1989.0,5952.0,112045.1,110848.45,112881.62,112158.12445939178,111643.84668708498,3.674882237866207,1.8075396153953185,1822.642857142857,9092.819374014798,0.9479963620130054,27063,0.8704756206999701,0,27063,65.46648200694777,21939,4320.0,24.51898518644644,-9371.8,1,71.34921795059202,514.2777723067993,-180.47535909900938,0,0,1,0,0,1,3.27091418527349
2023-11-13,SILVER,2023-12-05,115802.0,116694.0,115424.0,115737.0,0.7657367605854448,65.0,1270.0,1.096699538868068,0.29763779527559053,2764.0,5990.0,112644.1,111044.45,112973.0,112718.72069640843,111951.85804359721,4.284365405024747,2.504138156904747,1855.857142857143,10089.404841872281,0.9715392111391526,11200,0.360411963746418,0,11200,12.51645361921318,28226,6287.0,28.656730024157895,-2375.8,1,77.54299038181288,766.8626528112218,8.992243283036828,0,0,1,0,0,1,5.018911590473394
2023-11-14,SILVER,2023-12-05,117254.0,118303.0,116281.0,117534.0,1.253864354674361,280.0,2022.0,1.7244614256230064,0.4812067260138477,5039.0,8145.0,113458.6,111326.15,113078.08,113416.45597388406,112344.60929962705,5.324759726263781,3.692952692511226,1933.357142857143,11517.41976038384,1.0146855913326935,28377,0.9246665732561284,0,28377,31.564508369580928,35322,7096.0,25.139941897541274,-8862.4,1,86.72642524202223,1071.8466742570163,221.56312947783272,0,0,1,0,0,1,2.911627748307094
2023-11-15,SILVER,2023-12-05,116551.0,117176.0,115651.0,116760.0,-0.5995531069302507,209.0,1525.0,1.3084400820241782,0.5901639344262295,3394.0,6686.0,114127.2,111569.7,113156.86,113898.69351636343,112656.19379595097,4.464742667588067,2.9994999861254543,1960.857142857143,12431.218027294992,0.9007089240219789,18410,0.6027883463102542,0,0,31.09287957886398,68215,32893.0,93.12326595323029,-1369.6,0,84.43761781749633,1242.4997204124666,425.7504476647595,0,0,1,0,0,1,5.671337011265455
2023-11-16,SILVER,2023-12-05,118381.0,119490.0,117580.0,118056.0,1.5701280984290245,325.0,1910.0,1.6134345883207608,0.4193717277486911,4678.0,6684.0,114795.6,111889.9,113254.8,114588.27912923059,113080.25351476941,5.801327912528303,4.526254074882475,1977.642857142857,13846.918921590142,0.9687757642517189,8598,0.29168306352028006,0,8598,33.494504139284075,26878,-41337.0,-60.598108920325444,1851.8,0,83.92818516115076,1508.0256144611776,642.2054810240431,0,0,0,0,0,1,4.301365928654091
2023-11-17,SILVER,2023-12-05,118681.0,119132.0,118226.0,118764.0,0.25341904528597414,83.0,906.0,0.763390938734928,0.5022075055187638,3759.0,5748.0,115370.4,112355.45,113322.78,115217.92849396435,113495.12362478649,5.629944964841495,4.7282814629150485,1952.5714285714287,14885.451433496608,0.9249484826349083,15564,0.5342890392477936,0,15564,33.8413858581761,16560,-10318.0,-38.388272936974474,-1075.8,0,83.27455541382156,1722.8048691778677,858.3253586548082,0,0,0,0,0,1,3.2734810121249405
2023-11-20,SILVER,2023-12-05,121614.0,121886.0,121132.0,121132.0,2.4713307100546755,482.0,754.0,0.6199944085384906,0.6392572944297082,5812.0,8576.0,116228.0,112982.15,113443.6,116201.93949489291,114096.5218748023,7.640012161213082,7.202169183629568,2077.714285714286,16676.725831625285,1.0175986034159537,35898,1.2232526361881462,0,35898,31.534380496710583,48278,31718.0,191.53381642512076,4010.4,1,90.19091084399305,2105.4176200906077,1107.7438109419681,0,0,1,0,0,0,0.23845938789941948
2023-11-21,SILVER,2023-12-05,120668.0,121138.0,120156.0,120679.0,-0.7778709688029295,11.0,982.0,0.8138031623959957,0.5213849287169042,3414.0,8453.0,117073.3,113603.45,113525.8,116889.02572644784,114583.29803222435,6.218605156797618,6.291257141548439,2032.9285714285713,17390.678711976652,0.9062262386076267,25598,0.864092303070299,0,0,36.02544972125429,46212,-2066.0,-4.279381913086711,2178.0,0,84.30177176605068,2305.7276942234894,1347.3405875982726,0,0,0,0,0,1,0.6704345808333609
2023-11-22,SILVER,2023-12-05,123161.0,123629.0,122964.0,123629.0,2.065999270726282,468.0,665.0,0.5399436509934151,0.2962406015037594,6610.0,10004.0,118073.7,114410.95,113659.78,117853.94484545587,115218.6833631707,7.647913071257604,8.359351038687565,1962.142857142857,18214.80348681254,0.9803812462942579,22862,0.8297869637571615,0,22862,36.74914648746513,33946,-12266.0,-26.542889292824377,-6853.8,0,84.93417844953682,2635.2614822851756,1604.9247665356534,0,0,0,0,0,0,-0.8566023335309068
2023-11-23,SILVER,2023-12-05,123473.0,124378.0,122686.0,123239.0,0.25332694602999695,234.0,1692.0,1.3703400743482381,0.4651300236406619,5092.0,9770.0,119050.7,115250.3,113760.04,118718.4148692319,115830.11422515805,7.134645202658906,8.538112328371199,1916.0,18406.94080074542,0.9467173599899341,15265,0.6206634369669827,0,15265,17.679196749959125,41740,7794.0,22.959995286631706,2972.4,1,84.035133040558,2888.3006440738536,1861.5999420432936,0,0,1,0,0,0,-0.4810768346116155
2023-11-24,SILVER,2023-12-05,122566.0,122991.0,121638.0,122362.0,-0.734573550492823,204.0,1353.0,1.1038950443026614,0.6858832224685883,3885.0,7644.0,119815.1,115930.1,113860.24,119310.35104319622,116329.06872699819,5.7240526834704655,7.646005313180434,1981.857142857143,18517.20355834256,0.8583640466602918,14705,0.5975966090811926,0,0,14.171776374456561,17253,-24487.0,-58.66554863440345,138.6,0,79.252118383888,2981.282316198034,2085.5364168742417,0,0,0,0,0,0,-0.3899939624365648
2023-11-27,SILVER,2023-12-05,121904.0,123069.0,121307.0,122090.0,-0.540117161366116,186.0,1762.0,1.4453996587478672,0.3388195232690125,290.0,6102.0,120425.3,116534.7,113896.8,119709.37395962758,116742.0265990724,4.607468848334447,7.030223851767563,2004.357142857143,18310.16095706771,0.7932415511032117,30544,1.38794725218798,0,0,30.804450976842322,42813,25560.0,148.14814814814815,-1093.0,0,80.04341085271318,2967.3473605551844,2261.8986056104304,0,0,1,0,0,0,0.14437590234938968
2023-11-28,SILVER,2023-12-05,121477.0,122068.0,119756.0,121102.0,-0.35027562672266255,375.0,2312.0,1.9032409427298995,0.7443771626297578,809.0,4223.0,120847.6,117153.1,113925.4,119981.31642737718,117092.76536951147,3.690811425391214,6.628548155196301,2020.2142857142858,17405.638670150336,0.7484194968045172,19298,0.9470992692347331,0,0,11.785942314865219,74331,31518.0,73.617826361152,5623.8,0,76.64958360025625,2888.551057865712,2387.229096061487,0,0,1,0,0,1,3.0598384879442198
2023-11-29,SILVER,2023-12-05,122106.0,122496.0,121239.0,121951.0,0.5177934917721005,155.0,1257.0,1.0294334430740504,0.6897374701670644,-1055.0,5555.0,121403.1,117765.15,114005.76,120308.19082316532,117464.116082881,3.6860225627021284,7.105114688942038,2013.642857142857,16509.857178126927,0.7629247456938015,37670,1.8417790989607907,1,37670,24.81845139645636,37632,-36699.0,-49.372401824272515,737.2,0,76.77308354043204,2844.0747402843263,2478.598224906055,0,1,0,0,0,1,4.636954776997036
2023-11-30,SILVER,2023-12-05,122879.0,123286.0,121823.0,123026.0,0.6330565246589037,147.0,1463.0,1.1906021370616624,0.7218045112781954,-594.0,4498.0,121852.9,118324.25,114097.52,120703.69992729372,117865.21859526017,3.849379987618768,7.696468775132007,1976.142857142857,16072.47872672716,0.7833881492358636,11050,0.5365184564776714,0,11050,23.081532237869546,58365,20733.0,55.09406887755102,3325.0,1,76.0936577687414,2838.4813320335525,2550.5748463315545,0,0,1,0,0,1,4.532100684413122
2023-12-01,SILVER,2024-02-05,122088.0,122397.0,121930.0,121933.0,-0.6437226865453005,155.0,467.0,0.38251097568966647,0.33832976445396146,-478.0,3407.0,122193.6,118782.0,114191.64,120916.66916924853,118178.01721783349,2.783249987371824,6.9150070880845576,1917.357142857143,15564.330773312977,0.7124087471636465,26034,1.229767806573972,0,0,28.53982907423789,77593,19228.0,32.94440161055427,12068.0,0,70.73492545190659,2738.6519514150423,2588.1902673482523,0,0,1,0,0,1,5.278979097044754
2023-12-04,SILVER,2024-02-05,122080.0,122830.0,121785.0,122022.0,-0.006552650547142491,58.0,1045.0,0.8559960681520314,0.2822966507177033,176.0,466.0,122240.2,119234.1,114261.96,121095.6431432103,118467.05297947545,2.386817194074509,6.8422071527566946,1813.357142857143,14838.508814285364,0.6917915092155476,13484,0.6742674267426743,0,0,10.654445042005324,43431,-34162.0,-44.02716739912106,123.6,0,67.59515823246318,2628.5901637348434,2596.2702466255705,0,0,0,0,0,1,5.456258191349934
2023-12-05,SILVER,2024-02-05,125194.0,126228.0,124324.0,125381.0,2.550786369593716,187.0,1904.0,1.5208396568525648,0.4569327731092437,3717.0,4526.0,122692.8,119883.05,114412.0,121726.15958271641,118965.34535136617,4.430109177235645,9.423836660490158,1995.142857142857,14195.485329759424,0.8741295120686094,36323,1.703158225429447,1,36323,30.461537937580328,47436,4005.0,9.221523796366649,-5379.0,1,76.8,2760.8142313502467,2629.179043570506,0,1,1,0,0,1,3.593622697573366
2023-12-06,SILVER,2024-02-05,127768.0,129044.0,127168.0,127876.0,2.0560090739172754,108.0,1876.0,1.4682862688623128,0.31982942430703626,5662.0,4607.0,123153.5,120613.6,114625.2,122655.67349306773,119617.39384385756,5.931669397149238,11.465890572055711,2060.214285714286,14379.924274745514,0.997526959343227,25796,1.1611085354710646,0,25796,28.632207742265287,28413,-19023.0,-40.10245383253226,-1843.8,0,77.82322603592388,3038.279649210177,2710.999164698441,0,0,0,0,0,0,0.3255901321144575
2023-12-07,SILVER,2024-02-05,128448.0,128719.0,127585.0,128516.0,0.5322146390332572,68.0,1134.0,0.882847533632287,0.7610229276895943,5569.0,4975.0,123651.0,121350.85,114902.5,123546.80064798039,120271.51281838663,5.848455120009454,11.788690411435782,2076.5,14460.241493216949,0.9908043896313312,34069,1.488353196099675,0,34069,35.16227547870476,48485,20072.0,70.64371942420722,-1976.0,1,78.3117861905038,3275.2878295937553,2823.856897677504,0,0,1,0,0,0,-0.48268560039860486
2023-12-08,SILVER,2024-02-05,128533.0,129206.0,128125.0,128446.0,0.06617463876432694,87.0,1081.0,0.8410291520465561,0.3774283071230342,6445.0,5967.0,124247.7,122031.4,115193.02,124313.9082405988,120883.47483183947,5.327809072091286,11.580545418463718,1924.7857142857142,14489.045409696933,0.9487252138535467,26827,1.1725804900649517,0,26827,33.40344164754899,78232,29747.0,61.35299577188822,127.8,1,74.022637316853,3430.4334087593306,2945.1721998938697,0,0,1,0,0,0,-2.4429523935487385
2023-12-11,SILVER,2024-02-05,128741.0,128901.0,128576.0,128836.0,0.161826145814703,95.0,325.0,0.25244483109498916,0.5076923076923077,6661.0,6837.0,124931.4,122678.35,115550.72,124994.99928050669,121465.51373318469,4.94190702760511,11.415143064448234,1846.9285714285713,14426.209789278015,0.9202524494344962,15315,0.6634364840248914,0,15315,18.341076212552476,26101,-52131.0,-66.63641476633603,-3466.0,0,79.54329210275928,3529.485547321994,3062.034869379495,0,0,0,0,0,0,-2.1244203478301396
2023-12-12,SILVER,2024-02-05,129693.0,130246.0,129220.0,129661.0,0.7394691667766962,32.0,1026.0,0.7910989798986838,0.46101364522417154,4499.0,8216.0,125753.0,123300.3,115967.5,125717.7686219672,122074.95716035619,5.1846589181048195,11.835643607045078,1742.9285714285713,14773.589413831447,0.9327113622106604,31519,1.356154628906544,0,31519,32.60345438854478,18831,-7270.0,-27.85333895253056,-5721.0,0,76.94274872133312,3642.8114616110106,3178.190187825798,0,0,0,0,0,0,-2.0856946789726507
2023-12-13,SILVER,2024-02-05,128184.0,128703.0,127076.0,128301.0,-1.1635169207281804,117.0,1627.0,1.2692691755601324,0.6810079901659496,416.0,6078.0,126360.8,123881.95,116334.22,126097.18883397225,122527.47885218165,3.4727012288715207,10.185979671329724,1809.0,13938.62145113165,0.8086424303208785,14107,0.6126472772438473,0,0,17.559009921229762,61897,43066.0,228.69736073495832,6696.8,0,67.6852616562805,3569.7099817905982,3256.4941466187584,0,0,1,0,0,0,-1.4682019596829556
2023-12-14,SILVER,2024-02-05,127828.0,128854.0,127314.0,127701.0,-0.2777257692067603,127.0,1540.0,1.204743874581469,0.33376623376623377,-620.0,4949.0,126855.7,124354.3,116673.1,126363.4674748996,122920.11004831635,2.7933895329715153,9.56081564645149,1787.9285714285713,13347.570839908236,0.7602496020934307,8869,0.38494174224224553,0,0,20.912590934061853,15004,-46893.0,-75.75972987382265,-6696.2,0,70.6062030075188,3443.3574265832576,3293.8668026116584,0,0,0,0,0,1,0.6579153237162437
2023-12-15,SILVER,2024-02-05,125393.0,126211.0,124639.0,125348.0,-1.9049034640297946,45.0,1572.0,1.2536584976832836,0.4796437659033079,-3140.0,3305.0,127186.2,124689.9,116951.74,126214.1647864535,123103.2870817744,0.5638788707024434,7.21772929586169,1889.857142857143,12250.103288073733,0.5573954344274402,20447,0.8781566741109775,0,0,20.406869291388634,55924,40920.0,272.7272727272727,-4461.6,0,61.997111615432225,3110.8777046791074,3257.2689830251484,0,0,1,0,0,1,1.1786941854808481
2023-12-18,SILVER,2024-02-05,126006.0,126869.0,125497.0,125756.0,0.48886301468185067,250.0,1372.0,1.0888370395060554,0.37099125364431484,-2735.0,3926.0,127578.8,124909.5,117267.1,126182.13943469143,123318.30285349481,0.8778355529403289,7.452132780634972,1830.142857142857,11947.559063633089,0.5917760685810386,32370,1.4008378195918227,0,32370,31.058661758931645,31509,-24415.0,-43.65746370073671,1081.6,0,65.37651931825897,2863.8365811966214,3178.5825026594434,0,0,0,0,0,0,-0.995190705204514
2023-12-19,SILVER,2024-02-05,126988.0,127640.0,126048.0,126979.0,0.7793279685094356,9.0,1592.0,1.2536617633162188,0.5904522613065326,-2705.0,1794.0,127758.2,125225.5,117602.82,126306.11798320044,123590.13227175447,1.407460940463404,7.980403871267707,1857.0714285714287,11382.032710884,0.6548493177597899,12971,0.5770980479394917,0,12971,8.127914834030113,47170,15661.0,49.70325938620712,5667.8,1,66.1870026525199,2715.9857114459737,3086.0631444167498,0,0,1,0,0,0,-1.4820297980911583
2023-12-20,SILVER,2024-02-05,126302.0,126576.0,126080.0,126098.0,-0.5402085236400289,204.0,496.0,0.3927095374578391,0.4475806451612903,-1882.0,-1466.0,127611.6,125382.55,117924.4,126305.48444732346,123791.01136273562,0.7333157604467265,7.104212529383237,1817.4285714285713,11248.19768299989,0.581741984441616,36269,1.5669255959838595,1,0,28.987685192975583,53555,6385.0,13.536145855416581,-1668.4,0,61.415327152671246,2514.4730845878366,2971.7451324509675,0,1,1,0,0,0,0.2913651406945258
2023-12-21,SILVER,2024-02-05,128669.0,129716.0,127364.0,128382.0,1.8740795870215932,287.0,2352.0,1.8279461253293334,0.5548469387755102,841.0,221.0,127633.7,125642.35,118322.38,126669.1022246583,124152.34385438483,2.408940934326677,8.744431949391142,1993.5,11463.416173111298,0.7640268794479724,76627,2.923054622025047,1,76627,36.908007905132,24662,-28893.0,-53.95014471104472,1931.6,0,69.85937594302614,2516.75837027347,2880.7477800154684,0,1,0,0,0,0,0.4196815083664286
2023-12-22,SILVER,2024-02-05,126871.0,127388.0,125786.0,126937.0,-1.397383985264511,66.0,1602.0,1.2626999077803438,0.6772784019975031,1478.0,-1662.0,127467.5,125857.6,118645.44,126700.16342086472,124353.72579109707,0.8051957132505261,6.932891816154078,2124.785714285714,11132.437905794533,0.5910312735247785,71115,2.449268474127955,1,0,38.31436531658567,75930,51268.0,207.8825723785581,4001.2,0,63.04809630154148,2346.43762976765,2773.885749965905,0,1,1,0,0,1,1.32181507200227
2023-12-25,SILVER,2024-02-05,124752.0,125884.0,124120.0,124805.0,-1.6702004398168269,53.0,1764.0,1.4140053866871873,0.35827664399092973,-1254.0,-3989.0,127068.6,126000.0,118902.84,126400.44597150091,124383.22758434914,-0.9904761904761904,4.919276949146045,2025.0,10557.276841868123,0.38178769784167516,36607,1.2477525150528235,0,0,37.75314234844139,57403,-18527.0,-24.400105360200186,5178.8,0,48.727251785302926,2017.2183871517773,2622.552277403079,0,0,0,0,0,1,4.369469026548672
2023-12-26,SILVER,2024-02-05,125106.0,125644.0,124478.0,125302.0,0.283762985763758,196.0,1166.0,0.9320096558118716,0.5385934819897084,-1882.0,-4587.0,126609.9,126181.45,119172.56,126201.30043742385,124436.76628180475,-0.8523043601099822,4.978864262041532,1833.2857142857142,9713.2502858644,0.38928011032876514,22057,0.7482960887221259,0,22057,23.19801603439965,46365,-11038.0,-19.228960158876717,-161.0,0,41.21104067617538,1764.5341556190979,2450.948653046283,0,0,0,0,0,1,4.049366137515387
2023-12-27,SILVER,2024-02-05,126670.0,126774.0,126561.0,126561.0,1.2501398813805853,109.0,213.0,0.16815346964553565,0.5117370892018779,368.0,-1514.0,126458.5,126409.65,119472.36,126273.40806243557,124602.19100167108,0.2059573774628803,6.024523161675218,1871.4285714285713,8926.61168936384,0.5291656015809689,46135,1.5429998110339453,1,46135,39.638565383463,72188,25823.0,55.695028577590854,3726.6,1,44.45345645121038,1671.2170607644948,2295.002334589926,0,1,1,0,0,1,2.580721559958948
2023-12-28,SILVER,2024-02-05,129209.0,130768.0,127646.0,129315.0,2.0044209362911403,106.0,3122.0,2.4162403547740485,0.5006406149903908,540.0,1381.0,126596.6,126726.15,119817.0,126725.03759129165,124943.4361126584,1.959224674623198,7.838620563025281,2086.9285714285716,8608.081713076594,0.788432438580165,22330,0.7330071511691841,0,22330,38.191758700615324,36673,-35515.0,-49.197927633401676,2402.2,0,51.828806406233085,1781.6014786332526,2192.3221633985913,0,0,0,0,0,1,1.6283695408214598
2023-12-29,SILVER,2024-02-05,128548.0,129066.0,128025.0,128690.0,-0.5115742711421012,142.0,1041.0,0.8098142328157575,0.5024015369836695,1677.0,3155.0,126912.1,127049.15,120200.56,127005.49334647755,125210.44084505406,1.1797402816154268,6.944593269781773,2145.214285714286,7551.2435253409785,0.698490486364274,38050,1.2248767477832307,0,0,32.17715604284254,73471,36798.0,100.34085021678072,-491.8,0,49.49036176392923,1795.0525014234881,2112.868231003571,0,0,1,0,0,1,2.9522046239536985
2024-01-01,SILVER,2024-02-05,130203.0,130410.0,129899.0,130318.0,1.2874568254659824,115.0,511.0,0.39246407532852545,0.5949119373776908,5451.0,4197.0,127331.8,127455.3,120623.02,127497.41744701947,125580.26004171673,2.1558146267750318,7.942082696984369,2170.714285714286,6467.273415562086,0.9248621982469853,13554,0.436270936031943,0,13554,19.908137824721877,27156,-46315.0,-63.0384777667379,-6049.4,0,51.2985029025359,1917.1574053027434,2073.7260658634054,0,0,0,0,0,0,-0.18509558151501884
2024-01-02,SILVER,2024-02-05,130172.0,131209.0,129396.0,129957.0,-0.023808975215622308,215.0,1813.0,1.392772639277264,0.42801985659128516,5066.0,3184.0,127650.2,127704.2,121061.62,127908.89168593954,125920.38892751548,1.9324344853184179,7.525407309104244,2113.285714285714,6533.855939002358,0.8776942777799913,7429,0.250783593237046,0,0,21.382071287999167,67287,40131.0,147.779496243924,4184.4,0,55.47356828193833,1988.5027584240597,2056.6814043755367,0,0,1,0,0,1,1.5940448022616232
2024-01-03,SILVER,2024-02-05,129939.0,130338.0,129649.0,129978.0,-0.1789939464708179,39.0,689.0,0.5302488090565574,0.420899854862119,3269.0,3637.0,128013.9,127812.75,121520.18,128221.21604194885,126218.0638217736,1.6635664282319254,6.927919297025406,2052.5,6833.384658775933,0.811156199478587,33208,1.107163992498437,0,0,38.120962675175655,11645,-55642.0,-82.69353664155037,-12108.6,0,55.85186006542107,2003.1522201752523,2045.97556753548,0,0,0,0,0,1,3.4485412385811807
2024-01-04,SILVER,2024-02-05,131313.0,132699.0,129717.0,131408.0,1.057419250571412,95.0,2982.0,2.2709099632176555,0.5352112676056338,2104.0,2644.0,128278.3,127956.0,122012.72,128696.87511241826,126595.46650164222,2.6235580980962205,7.622385600452149,2037.7142857142858,7505.129866687683,0.947294058814411,12444,0.43040207522697793,0,12444,20.740843402723804,69076,57431.0,493.1816230141692,6480.6,1,67.4363807728558,2101.4086107760377,2057.062176183592,0,0,1,0,0,1,1.6441631826247212
2024-01-05,SILVER,2024-02-05,132343.0,133552.0,131890.0,132345.0,0.7843853997700156,2.0,1662.0,1.255827659944236,0.27256317689530685,3795.0,5472.0,128825.5,128146.5,122480.18,129257.81740281545,127021.2097237428,3.2747675512011645,8.052584507958763,2092.214285714286,8464.181721264307,0.9957951209219968,15510,0.5471546020429221,0,15510,23.92401009308937,60151,-8925.0,-12.920551276854475,-2664.0,0,68.2170988328638,2236.607679072651,2092.9712767614037,0,0,0,0,0,1,1.3412118510234767
2024-01-08,SILVER,2024-02-05,129962.0,131337.0,128904.0,129420.0,-1.799112911147549,542.0,2433.0,1.8720856865853095,0.4348540896013153,-241.0,5210.0,129346.5,128207.55,122883.18,129366.15318699768,127239.0460405026,1.368445150071113,5.760609385271449,2221.1428571428573,8605.67181144937,0.703871358150772,15537,0.5478925514189242,0,0,28.793840350045066,77384,17233.0,28.64956526076041,10045.6,0,57.9129416773095,2127.10714649508,2099.798450708139,0,0,1,0,0,1,3.8165002077530352
2024-01-09,SILVER,2024-02-05,132247.0,132465.0,132042.0,132289.0,1.7582062449023494,42.0,423.0,0.3198560269798181,0.4846335697399527,2075.0,7141.0,130060.6,128335.25,123345.94,129809.36038899803,127610.00559305795,3.048071359973195,7.216338048905377,2335.0714285714284,9255.568281342043,0.9226374741230695,12147,0.44349678613611593,0,12147,30.58660161177133,43541,-33843.0,-43.733846790034114,-4749.2,0,64.57750968564562,2199.354795940075,2119.7097197545263,0,0,0,0,0,1,2.354684794362065
2024-01-10,SILVER,2024-02-05,134420.0,135488.0,132755.0,135015.0,1.6431374624755302,595.0,2733.0,2.0331795863710758,0.6092206366630076,4481.0,7750.0,130835.6,128647.05,123837.04,130518.6895599214,128114.44962320181,4.487432863792833,8.545876096521694,2322.714285714286,10732.528223266738,1.0378928319503493,8598,0.31710906294603836,0,8598,16.74863013677894,60955,17414.0,39.99448795388254,9862.0,1,64.23726295984552,2404.2399367195903,2176.6157631475394,0,0,1,0,0,0,0.07811337598571641
2024-01-11,SILVER,2024-02-05,133472.0,134471.0,132902.0,133376.0,-0.7052521946138923,96.0,1569.0,1.1755274514504916,0.3632887189292543,2159.0,4263.0,131261.9,128929.25,124272.54,130973.04501224119,128511.30520666834,3.5234440594356986,7.402649048615251,2228.8571428571427,11527.58952299162,0.8940763149953898,11718,0.4299213205093162,0,0,25.5372379506593,19290,-41665.0,-68.3537035518005,-9957.2,0,67.05949242776657,2461.739805572841,2233.6405716326,0,0,0,0,0,0,0.02397506593143131
2024-01-12,SILVER,2024-02-05,134118.0,134462.0,133530.0,133923.0,0.48399664349076943,195.0,932.0,0.6949104519900386,0.630901287553648,1775.0,5570.0,131818.9,129365.5,124696.24,131456.88424112715,128926.61593210032,3.6736997112831475,7.555769123431463,2103.0714285714284,11908.88563437789,0.8990717642195467,18782,0.6912033680615614,0,18782,24.525713735575575,68942,49652.0,257.3976153447382,1758.2,1,76.20006713662303,2530.2683090268256,2292.966119111445,0,0,1,0,0,0,-0.46600754559417823
2024-01-15,SILVER,2024-02-05,134922.0,135711.0,134184.0,135022.0,0.5994721066523434,100.0,1527.0,1.1317650197892115,0.48330058939096265,4960.0,4719.0,132290.8,129811.3,125133.92,131989.97897326143,129370.71845564844,3.9370224317913745,7.822083732372487,2133.5714285714284,12448.69211308469,0.9105411197878526,5051,0.195722470109796,0,5051,23.652835643751985,40143,-28799.0,-41.77279452293232,-7448.2,0,76.78454485920105,2619.2605176129873,2358.2249988117537,0,0,0,0,0,0,0.3238908406338477
2024-01-16,SILVER,2024-02-05,135361.0,135546.0,135147.0,135446.0,0.32537317857725956,85.0,399.0,0.29476732589150495,0.5363408521303258,3114.0,5189.0,132809.7,130229.95,125596.84,132508.59759275967,129814.4430144893,3.9399922982386175,7.774208331993069,2059.0,13085.937456516112,0.8921041207059268,21702,0.8269476251262218,0,21702,61.137546192583,34509,-5634.0,-14.034825498841641,-1806.4,0,75.26600383743241,2694.154578270376,2425.4109147034783,0,0,0,0,0,1,0.6560235222848531
2024-01-17,SILVER,2024-02-05,134525.0,134995.0,134074.0,134845.0,-0.6176077304393401,320.0,921.0,0.6846311094592084,0.48968512486427795,105.0,4586.0,133268.3,130641.1,126024.2,132818.81334771973,130163.37316156417,2.972954146895574,6.745371127132728,1858.2142857142858,13074.277383274384,0.7970642190113366,15184,0.6027968280119496,0,0,23.433638320414126,46741,12232.0,35.44582572662205,-2842.8,0,67.1528136293237,2655.4401861555525,2471.416768993893,0,0,1,0,0,1,0.8667533915629065
2024-01-18,SILVER,2024-02-05,133504.0,133811.0,133168.0,133168.0,-0.7589667348076534,336.0,643.0,0.4816335091083413,0.5225505443234837,32.0,2191.0,133487.4,130882.85,126420.22,132924.22667883977,130410.82700144831,2.002668798853321,5.603359968840427,1870.5714285714287,13174.953032576246,0.6989494758363819,17468,0.7857390256080391,0,0,31.190563473848783,36898,-9843.0,-21.058599516484456,3521.6,0,65.62815338042381,2513.399677391455,2479.8133506734057,0,0,0,0,0,1,2.578199904122723
2024-01-19,SILVER,2024-02-05,133493.0,133803.0,133338.0,133689.0,-0.008239453499525595,196.0,465.0,0.34833287138651464,0.3333333333333333,-625.0,1150.0,133602.4,131213.95,126791.64,133011.73026671057,130639.13611245214,1.7368961150853155,5.285332692281605,1770.7857142857142,12802.990471393394,0.6780091928594516,27072,1.351629999276055,0,0,34.22477906333061,72948,36050.0,97.70177245379152,801.2,0,61.57472558401351,2372.5941542584333,2458.3695113904114,0,0,1,0,0,0,-0.7423610226753463
2024-01-22,SILVER,2024-02-05,135359.0,135603.0,135138.0,135519.0,1.397826103241373,160.0,465.0,0.3435309066999609,0.4752688172043011,437.0,5397.0,134142.1,131744.3,127182.78,133372.84868721664,130988.7556596779,2.743724016902448,6.428716214569301,1792.0,11767.936462674275,0.807165152655707,20479,1.0653522518890377,0,20479,31.77201337452768,71768,-1180.0,-1.6175906124910933,6325.0,0,66.16189942045241,2384.0930275387364,2443.5142146200765,0,0,0,0,0,0,-0.7698047414652887
2024-01-23,SILVER,2024-02-05,136249.0,136876.0,135515.0,136210.0,0.6575107676622949,39.0,1361.0,0.9989064139920293,0.5393093313739897,888.0,4002.0,134542.3,132301.45,127562.68,133815.3335045679,131378.40338859064,2.9837541463075334,6.8094524197829704,1851.142857142857,10641.2153223637,0.870967965633001,33467,1.690828944210779,1,33467,40.296008318142114,53262,-18506.0,-25.785865566826438,3750.6,0,68.88769157088123,2436.930115977273,2442.197394891516,0,1,0,0,0,0,-3.375437617890774
2024-01-24,SILVER,2024-02-05,135691.0,135961.0,135169.0,135783.0,-0.4095442902333213,92.0,792.0,0.5836790944130414,0.6590909090909091,1166.0,1271.0,134669.4,132752.5,127945.48,134103.89758078824,131697.8549894358,2.2135176362027082,6.053766025966689,1715.2857142857142,9632.13966501638,0.8050724036604803,28402,1.5022267356372907,1,0,41.70428624098444,15506,-37756.0,-70.8873117795051,-6247.0,0,63.777693856999,2406.0425913524523,2434.9664341837033,0,1,0,0,0,0,-3.366472352624714
2024-01-25,SILVER,2024-02-05,136946.0,137883.0,136074.0,137228.0,0.9248955347075372,282.0,1809.0,1.3209586260277775,0.4820342730790492,3442.0,3474.0,135016.8,133139.35,128316.78,134541.1441068208,132086.6064716998,2.8591472017851927,6.7249349617407805,1711.9285714285713,9720.7321599961,0.8916011610386264,12210,0.6635653185222221,0,12210,32.374528397348506,30605,15099.0,97.37520959628532,-1258.6,1,64.28349779681002,2454.5376351209998,2438.880674371163,0,0,1,0,0,0,-5.472960144874622
2024-01-26,SILVER,2024-02-05,132502.0,133210.0,131802.0,132734.0,-3.245074700977024,232.0,1408.0,1.0626254698042294,0.4971590909090909,-991.0,-1616.0,134855.2,133337.05,128593.2,134227.4296288484,132117.376362685,-0.6262700427225505,3.039663061499366,1833.7142857142858,8742.107030137675,0.40447954971024447,11057,0.6484682671639996,0,0,25.401887973095178,38231,7626.0,24.91749714099003,-6943.4,0,56.98723591549297,2110.0532661633915,2373.1151927296087,0,0,1,0,0,0,-3.744094428763339
2024-01-29,SILVER,2024-02-05,134317.0,134422.0,134010.0,134010.0,1.3697906446695107,307.0,412.0,0.30673704743256625,0.7451456310679612,-1042.0,-605.0,134794.7,133542.75,128847.26,134241.20968594865,132280.31144693054,0.5797768879254022,4.245134898483681,1792.0714285714287,8261.301018991056,0.5937201051287399,35916,1.9767681854582382,1,35916,55.1952012201299,23515,-14716.0,-38.492322983965884,-9650.6,0,55.84547610979329,1960.8982390181045,2290.671801987308,0,1,0,0,0,0,-3.730726564768421
2024-01-30,SILVER,2024-02-05,131650.0,132024.0,131341.0,131866.0,-1.985601226948186,216.0,683.0,0.5187998480820357,0.45241581259150804,-4599.0,-3711.0,134423.6,133616.65,129066.9,133842.56204195655,132233.62171012087,-1.4718599815217597,2.001365183482369,1773.142857142857,7848.948842801139,0.24943778595222163,32268,1.6623563958580188,1,0,21.21374855584883,48622,25107.0,106.77014671486288,-928.0,0,42.39010989010988,1608.940331835678,2154.325507956982,0,1,1,0,0,0,-2.292442081276111
2024-01-31,SILVER,2024-02-05,131123.0,131753.0,130196.0,131106.0,-0.40030383592859486,17.0,1557.0,1.1874346987179976,0.5953757225433526,-4568.0,-3402.0,134083.4,133675.85,129226.14,133424.16788165554,132151.3534352971,-1.9097316381380822,1.4678609142082248,1772.2857142857142,7442.7052552050445,0.15699971818517547,28259,1.4746223951199022,0,0,22.97475104128846,26600,-22022.0,-45.29225453498417,2218.8,0,43.39389166994769,1272.8144463584467,1978.0232956372752,0,0,0,1,0,0,-1.4818147845915668
2024-02-01,SILVER,2024-02-05,129451.0,130154.0,129009.0,129470.0,-1.275138610312454,19.0,1145.0,0.8845045615715599,0.3860262008733624,-7495.0,-4053.0,133678.1,133582.75,129345.7,132812.91128447777,131951.3272549047,-3.093026607103088,0.08140974149121533,1852.5714285714287,8097.987053327306,-0.01021938819997881,18864,0.9681516894154599,0,0,18.145931527406802,37892,11292.0,42.45112781954887,1457.4,0,37.59106620579634,861.5840295730741,1754.7354424244352,0,0,1,1,0,0,-0.24179032993178884
2024-02-02,SILVER,2024-02-05,127541.0,127948.0,127293.0,127559.0,-1.4754617577307227,18.0,655.0,0.5135603453007268,0.3786259541984733,-4961.0,-5952.0,133082.9,133342.65,129445.2,132001.8480099427,131624.636347134,-4.350933478523184,-1.471047207621447,1892.9285714285713,9698.006677449564,-0.09823118223772395,39293,1.9006273671379579,1,0,23.47750050520369,79310,41418.0,109.30539427847567,8215.8,0,31.4650193360454,377.2116628087242,1479.2306865012931,0,1,1,1,0,1,1.8386244423361902
2024-02-05,SILVER,2024-02-05,129306.0,130258.0,128761.0,129267.0,1.3838687167263775,39.0,1497.0,1.1577188993550183,0.364061456245825,-5011.0,-6053.0,132477.6,133309.85,129593.24,131587.10216225922,131452.88550660555,-3.0034164767269678,-0.22164736370508617,2042.4285714285713,9906.093416630712,0.09581947881914898,12043,0.5874920727840383,0,12043,18.977780575496347,31801,-47509.0,-59.90291262135923,1657.2,0,35.744219993407725,134.21665565366857,1210.2278803317683,0,0,0,1,0,1,0.5606855056996582
2024-02-06,SILVER,2024-02-05,128632.0,129228.0,127656.0,128938.0,-0.5212441804711254,306.0,1572.0,1.2220909260526152,0.6208651399491094,-3018.0,-7617.0,131715.9,133129.1,129736.34,131132.47106037318,131243.93102463477,-3.3779992503517304,-0.8512187101933016,2068.3571428571427,10726.432076641519,0.08074595840744185,17529,0.8440348418969478,0,0,17.19101738031019,47695,15894.0,49.97956039118267,-185.4,0,36.01897983392645,-111.459964261594,945.8903114130959,0,0,1,1,0,0,-0.39103799987561416
2024-02-07,SILVER,2024-02-05,129180.0,130384.0,128095.0,129159.0,0.426021518751174,21.0,2289.0,1.771946121690664,0.4740061162079511,-1943.0,-6511.0,131064.8,132867.1,129877.82,130832.09089723884,131091.04724503218,-2.7750285811912847,-0.5372895849345231,2134.9285714285716,11208.474155043485,0.17104353821961404,35868,1.6206690885430788,1,35868,29.1665399128428,38853,-8842.0,-18.53863088374044,2450.6,0,39.505873216192605,-258.9563477933407,704.9209795718086,0,1,0,1,0,0,0.36692986530422667
2024-02-08,SILVER,2024-02-05,129138.0,129966.0,127426.0,128849.0,-0.0325127728750596,289.0,2540.0,1.9668881351732257,0.6740157480314961,-313.0,-7808.0,130284.0,132650.4,130003.0,130571.46152843288,130946.37707873351,-2.647862350961621,-0.6653692607093683,2283.1428571428573,11672.246987036531,0.19908107634280234,31309,1.354714066586907,0,0,33.596497480814946,14429,-24424.0,-62.86258461380074,-4692.6,0,39.446517714341105,-374.9155503006332,488.95367359732023,0,0,0,1,0,0,-0.1548730815097028
2024-02-09,SILVER,2024-02-05,129886.0,130568.0,129394.0,129784.0,0.5792253248462886,102.0,1174.0,0.9038695471413394,0.4190800681431005,2345.0,-2616.0,130022.4,132438.8,130158.96,130466.00590867398,130867.83062845696,-1.92753181091945,-0.2097128004095964,2234.5714285714284,11836.755216833088,0.28433278772465925,28284,1.199173247124914,0,28284,33.57462956514652,14606,177.0,1.2266962367454504,-12940.8,1,35.97745324109658,-401.8247197829769,310.79799492126085,0,0,1,0,0,0,-2.4929553608549035
2024-02-12,SILVER,2024-02-05,130031.0,130350.0,129755.0,130077.0,0.1116363580370372,46.0,595.0,0.45758319170044065,0.4638655462184874,725.0,-4286.0,129593.8,132194.25,130317.98,130399.08192272414,130805.84317449719,-1.6364176202822738,-0.2202151997751929,2168.714285714286,11780.958543794055,0.31637742022786836,8464,0.3562754399774381,0,8464,4.084543947040826,14478,-128.0,-0.8763521840339572,-3464.6,0,33.43633457645177,-406.76125177304493,167.28614558239968,0,0,0,0,0,0,-3.065422860702448
2024-02-13,SILVER,2024-02-05,128129.0,128445.0,127607.0,128444.0,-1.4627281186793906,315.0,838.0,0.6540283620413802,0.6229116945107399,-503.0,-3521.0,129241.7,131832.65,130376.68,130049.83854999735,130607.5584949048,-2.809357166073802,-1.7239892901092382,2264.714285714286,11918.924520542263,0.18926307120942376,23643,0.9911566008983836,0,0,23.033848388974338,50134,35656.0,246.27711009807985,487.8,0,31.20214775778065,-557.7199449074542,22.284927484428906,0,0,1,1,0,0,0.13189832122314232
2024-02-14,SILVER,2024-02-05,129654.0,130717.0,128882.0,129810.0,1.1902067447650433,156.0,1835.0,1.4153053511654095,0.420708446866485,474.0,-1469.0,129094.8,131589.1,130414.4,129988.94031153622,130536.92453231926,-1.4705625313950819,-0.5830644468708932,2293.0,11787.90065859526,0.33584015033338366,34265,1.3812076749435667,0,34265,28.768917403274333,79963,29829.0,59.49854390234173,8222.0,1,32.113422291993714,-547.984220783037,-91.76890216906428,0,0,1,0,0,0,-0.03856417850586947
2024-02-15,SILVER,2024-02-05,128938.0,129320.0,128678.0,128719.0,-0.5522390362040497,219.0,642.0,0.49791372597682604,0.40498442367601245,-200.0,-513.0,129043.5,131360.8,130424.2,129827.2571866845,130418.48567807338,-1.8443858441787722,-1.1395124524436393,1995.2857142857142,11870.446670976176,0.29589647574729827,20954,0.8387538377171038,0,0,28.208799934483444,35475,-44488.0,-55.6357315258307,4209.2,0,39.30115273775216,-591.228491388887,-191.66082001302885,0,0,0,0,0,0,0.1302951806294498
2024-02-16,SILVER,2024-02-05,126648.0,127277.0,126321.0,127277.0,-1.776047402627623,629.0,956.0,0.7548480828753711,0.34205020920502094,-3238.0,-893.0,128954.2,131018.55,130386.5,129338.14069642534,130139.19044266053,-3.3358253468688233,-2.8672446917433936,2045.0714285714287,12402.00890178958,0.14759338308736877,28880,1.1518504189816015,0,0,21.161748719750225,76177,40702.0,114.73431994362228,12314.2,0,27.616601482692204,-801.0497462351923,-313.53860525746154,1,0,1,1,0,1,1.549175667993178
2024-02-19,SILVER,2024-02-05,126045.0,126753.0,125301.0,126112.0,-0.47612279704377647,67.0,1452.0,1.1519695346899916,0.512396694214876,-3986.0,-3261.0,128628.1,130552.85,130332.58,128831.50366620606,129835.91707653753,-3.4528928322897627,-3.2897223395715804,1936.2142857142858,12454.83057587505,0.13806412519719877,24043,0.9521640812802712,0,0,26.421964718624515,31730,-44447.0,-58.347007626974026,3450.4,0,31.399747793190414,-1004.4134103314718,-451.7135662722636,0,0,0,1,0,1,1.6755920504581696
2024-02-20,SILVER,2024-02-05,128298.0,128711.0,127502.0,128625.0,1.7874568606450092,327.0,1209.0,0.9423373708085863,0.6583953680727874,169.0,-334.0,128594.7,130155.3,130304.68,128749.42617909743,129721.9972930903,-1.4269876063441158,-1.5399907355591473,2015.4285714285713,11376.268343865944,0.3367390831632886,5255,0.2204250785434747,0,5255,14.052288711644447,31113,-617.0,-1.9445319886542745,-3804.2,0,41.58875722027035,-972.5711139928753,-555.885075816386,0,0,0,0,0,1,2.3593508862180235
2024-02-21,SILVER,2024-02-05,129604.0,130436.0,128594.0,129564.0,1.0179426023788407,40.0,1842.0,1.4212524304805407,0.5483170466883822,-50.0,424.0,128637.1,129850.95,130333.08,128880.8990746209,129713.25675286139,-0.19017958667225546,-0.5593975067573035,2017.142857142857,10114.835917708799,0.4755853676709045,16255,0.6996528637129594,0,16255,24.522642610435735,30011,-1102.0,-3.5419278115257247,-9990.4,0,50.46569671881658,-832.3576782404853,-611.179596301206,0,0,0,0,0,1,1.8024135057559953
2024-02-22,SILVER,2024-02-05,129106.0,129639.0,128766.0,129244.0,-0.38424739977160893,138.0,873.0,0.6761885582389665,0.38946162657502864,168.0,-32.0,128633.9,129458.95,130358.64,128915.52998621768,129668.27477116794,-0.2726346845853432,-0.9609182789878749,1925.357142857143,7602.4898386933055,0.4535744200270226,24140,1.0130321933573792,0,0,30.644507147608618,65746,35735.0,119.07300656425979,6054.2,0,55.21145521145521,-752.7447849502641,-639.4926340310176,0,0,1,0,0,1,2.731089182532183
2024-02-23,SILVER,2024-02-05,128610.0,128951.0,128310.0,128826.0,-0.3841804408780347,216.0,641.0,0.4984060337454319,0.46801872074882994,1962.0,-1276.0,128506.3,129264.35,130422.98,128868.52537295342,129589.88404737772,-0.506210722445907,-1.390077116778037,1788.142857142857,7068.8719296618365,0.40743218910866463,38255,1.5186973859984478,1,0,37.45782468115583,52853,-12893.0,-19.610318498463787,-4664.8,0,47.46835443037975,-721.3586744243075,-655.8658421096756,0,1,0,0,0,1,4.395459140035767
2024-02-26,SILVER,2024-02-05,128157.0,128518.0,127800.0,128469.0,-0.35222766503382186,312.0,718.0,0.5602503179693656,0.4972144846796657,2112.0,-1874.0,128318.9,128956.35,130466.0,128759.05993096059,129483.7444883127,-0.6198609064229919,-1.7698097588643786,1728.142857142857,5282.567202856706,0.34868152750281467,26075,1.055783425718601,0,0,41.28142255518299,46818,-6035.0,-11.418462528144103,3017.6,0,48.24399260628466,-724.6845573521132,-669.6295851581631,0,0,0,0,0,1,5.078926629056548
2024-02-27,SILVER,2024-02-05,131325.0,132647.0,130291.0,131603.0,2.4719679767784886,278.0,2356.0,1.7940224633542736,0.4388794567062818,3027.0,3196.0,128638.5,128940.1,130552.74,129153.81994158204,129620.13378547473,1.8496185438044443,0.5915310548058929,1885.357142857143,5149.329791859214,0.9631476515196963,81062,2.9871393300659617,1,81062,44.43583676133183,47321,503.0,1.0743731043615812,3241.6,1,56.64292350572933,-466.3138438926835,-628.9664369050672,0,1,1,0,0,1,2.2569960022844087
2024-02-28,SILVER,2024-02-05,131940.0,133470.0,131270.0,132170.0,0.4683038263849193,230.0,2200.0,1.6674245869334545,0.30454545454545456,2336.0,2286.0,128867.1,128980.95,130665.5,129582.46302749249,129791.97572729141,2.294176000409365,0.9753913619126701,1861.0714285714287,5482.085269797331,1.0397672335201376,17150,0.6451843477901026,0,17150,32.058839638629706,31309,-16012.0,-33.83698569345533,259.6,0,58.380189017825096,-209.51269979892822,-545.0756894838394,0,0,0,0,0,1,1.569652872517811
2024-02-29,SILVER,2024-02-05,132632.0,132807.0,132411.0,132548.0,0.5244808246172461,84.0,396.0,0.29857048072863257,0.5580808080808081,3526.0,3694.0,129236.5,129140.0,130744.76,130051.6225617244,130002.34789564021,2.7040421248257704,1.443453642042714,1820.857142857143,6377.032868865601,1.0475900895930608,27895,1.0318831358593725,0,27895,42.20886778063217,28688,-2621.0,-8.371394806605126,-7411.6,0,58.240307286040085,49.274666084194905,-426.20561837023257,0,0,0,0,0,1,0.9771397551118886
2024-03-01,SILVER,2024-04-05,134263.0,134818.0,133694.0,134109.0,1.2297183183545446,154.0,1124.0,0.8371628818066034,0.5062277580071174,5653.0,7615.0,129998.0,129476.1,130892.6,130699.52678299758,130317.95175522241,3.6971302039526943,2.5749354814557845,1934.5,7662.38054530829,1.1247275206046814,10806,0.42196514863083906,0,10806,32.30010894507532,38176,9488.0,33.073061907417745,-2935.4,1,61.65968701785321,381.5750277751649,-264.6494891411531,0,0,1,0,0,0,-0.2711096877024944
2024-03-04,SILVER,2024-04-05,134666.0,134849.0,134405.0,134756.0,0.30015715424205336,90.0,444.0,0.3297046024980322,0.5878378378378378,6509.0,8621.0,130860.1,129744.1,131090.88,131309.75343176717,130640.02940298371,3.7935443692622584,2.727207262625741,1803.2142857142858,8953.22289752122,1.049735001165074,25738,0.9788731055203758,0,25738,47.79321956177898,78879,40703.0,106.61934199497067,6412.2,1,69.6318097183014,669.7240287834575,-77.774785556231,0,0,1,0,0,0,0.2985163292887589
2024-03-05,SILVER,2024-04-05,134289.0,134707.0,133971.0,134540.0,-0.2799518809499024,251.0,736.0,0.5480716961180737,0.4320652173913043,2964.0,5991.0,131459.2,130026.95,131274.54,131768.09905764915,130910.32352128121,3.2778204825999557,2.296302085690029,1670.9285714285713,9755.301066872853,0.9368957934546076,22106,0.833485720533814,0,0,54.19640915881532,77592,-1287.0,-1.6316129768379373,6054.2,0,64.95064834526804,857.7755363679316,109.33527882860155,0,0,0,0,0,1,0.6627497412297358
2024-03-06,SILVER,2024-04-05,134011.0,134929.0,133073.0,133951.0,-0.20701621130546632,60.0,1856.0,1.3849609360425637,0.5053879310344828,2071.0,4407.0,131899.9,130268.5,131421.36,132113.16074108775,131140.00326044558,2.8729124845991163,1.9704863806005464,1733.7857142857142,10341.4508602422,0.8618931280124419,14474,0.5686637737131497,0,0,29.811507521922305,19416,-58176.0,-74.97680173213733,-2378.6,0,66.83927504481179,973.1574806421704,282.09971919131533,0,0,0,0,0,1,1.7588108438859495
2024-03-07,SILVER,2024-04-05,133928.0,134213.0,133694.0,134213.0,-0.061935214273456385,285.0,519.0,0.3875216534257213,0.4508670520231214,1296.0,4822.0,132382.1,130508.0,131515.74,132392.3667809204,131346.52153744962,2.6205290097158795,1.8341987050371382,1583.9285714285713,10778.71633798776,0.8172919569231817,21997,0.8803360140552806,0,0,30.158288076938657,49994,30578.0,157.48866913885453,4261.2,0,78.3136278780336,1045.8452434707724,434.8488240472068,0,0,1,0,0,1,1.747954124604265
2024-03-08,SILVER,2024-04-05,133899.0,134288.0,133542.0,134288.0,-0.021653425721279707,389.0,746.0,0.5571363490392012,0.4785522788203753,-364.0,5289.0,132911.0,130708.65,131622.76,132624.15650693263,131535.59401615706,2.440810152962337,1.729366562439498,1533.5,11174.082816008435,0.7855133662898391,37599,1.4772048654764898,0,0,31.40393178319234,76422,26428.0,52.86234348121774,7649.2,0,81.97361993160723,1088.56249077557,565.5915573928794,0,0,1,0,0,1,1.885002875301533
2024-03-11,SILVER,2024-04-05,135068.0,135415.0,134703.0,134821.0,0.8730461019126334,247.0,712.0,0.5271418840880149,0.5126404494382022,402.0,6911.0,133602.1,130960.5,131720.06,133000.132428943,131797.25371866394,3.136441904238301,2.5417085294373556,1451.357142857143,11807.136289909133,0.8478828311239568,10790,0.4219937346249966,0,10790,27.45758648731995,18584,-57838.0,-75.68239512182356,-12059.0,0,80.22861225218789,1202.8787102790666,693.0489879701169,0,0,0,0,0,0,-1.3008262504812391
2024-03-12,SILVER,2024-04-05,135179.0,136245.0,134111.0,134953.0,0.08218082743507438,226.0,2134.0,1.5786475709984538,0.5004686035613871,890.0,3854.0,133987.5,131313.0,131820.2,133335.34282449022,132047.75344320736,2.9441106364183285,2.548016161407727,1451.0714285714287,12064.41588003264,0.8204465129885377,15170,0.6032900584399961,0,15170,10.428885326751729,28830,10246.0,55.133448127421445,-9752.4,1,77.8666400079976,1287.589381282858,811.9570666326651,0,0,1,0,0,0,-0.3010822686955814
2024-03-13,SILVER,2024-04-05,136368.0,137364.0,135650.0,136330.0,0.8795744901205049,38.0,1714.0,1.2568931127537253,0.41890315052508753,2357.0,4428.0,134430.3,131648.7,131948.78,133801.90546687634,132367.7717066735,3.584767642977096,3.349193527973507,1544.7857142857142,12761.377064781904,0.869811186993607,14004,0.5802986855845254,0,14004,17.544598492876172,13591,-15239.0,-52.85813388831079,-1165.0,0,83.95361885169254,1434.1337602028507,936.3924053467024,0,0,0,0,0,0,-0.7494426845007627
2024-03-14,SILVER,2024-04-05,136269.0,136675.0,135878.0,136353.0,-0.07259767687434193,84.0,797.0,0.5848725682290176,0.4905897114178168,2341.0,3637.0,134794.0,132015.25,132047.9,134181.4584719723,132656.75158025324,3.2221656210172687,3.196643036352722,1544.857142857143,13129.307794318898,0.823988900758395,30792,1.2504720946382233,0,0,23.26729579801931,31395,17804.0,130.9984548598337,-3719.8,0,87.19044381858794,1524.7068917190481,1054.0553026211717,0,0,1,0,0,1,0.5063514078770667
2024-03-15,SILVER,2024-04-05,136423.0,137057.0,135657.0,136280.0,0.1130117634972061,143.0,1400.0,1.0262199189286263,0.5471428571428572,2524.0,2160.0,135010.0,132504.0,132129.5,134526.3110147458,132935.73294467892,2.957646561613234,3.2494635944281938,1587.0,12667.175649979661,0.8093823049660076,35216,1.4119665932938004,0,35216,30.830220101573662,64182,32787.0,104.4338270425227,-2448.0,1,91.3382676535307,1590.5780700668693,1161.3598561103113,0,0,1,0,0,0,-2.9181296408963298
2024-03-18,SILVER,2024-04-05,133311.0,133811.0,132765.0,133672.0,-2.2811402769327804,361.0,1046.0,0.7846314257638154,0.5219885277246654,-1757.0,-1355.0,134874.5,132867.3,132196.48,134339.3400894003,132963.53050433233,0.3339422115148059,0.8430784238733054,1527.5714285714287,11119.860665544416,0.5399015791065486,12232,0.5023295161710927,0,0,10.48539215290934,26738,-37444.0,-58.34034464491602,1630.8,0,59.987929993965,1375.8095850679674,1204.2498019018426,0,0,0,0,0,1,1.8175544403687616
2024-03-19,SILVER,2024-04-05,134772.0,135425.0,134369.0,134886.0,1.0959335688727867,114.0,1056.0,0.7835455435847208,0.3816287878787879,-407.0,483.0,134922.8,133191.0,132246.98,134405.9031525695,133097.49120771512,1.1870171407978016,1.9093214831824432,1521.4285714285713,10361.453505030659,0.6525847700066789,17674,0.7077668542138037,0,17674,16.34552147540095,12631,-14107.0,-52.760116687859984,-3239.8,0,63.12569521690768,1308.4119448543643,1225.082230492347,0,0,0,0,0,1,0.5720772860831627
2024-03-20,SILVER,2024-04-05,135346.0,136275.0,133496.0,135357.0,0.4259044905470022,11.0,2779.0,2.053256099182835,0.6657070888808924,-1022.0,1335.0,135056.3,133478.1,132265.5,134550.53343678956,133264.04741455105,1.3994055953748175,2.3290275997898164,1658.0,9952.247830730557,0.6876862425222455,21052,0.8350207347087721,0,21052,21.709259931407274,27905,15274.0,120.92470904916475,2862.8,1,62.71790065604498,1286.4860222385032,1237.3629888415783,0,0,1,0,0,1,1.4688280407252523
2024-03-21,SILVER,2024-04-05,136959.0,138525.0,135547.0,136566.0,1.1917603771075536,393.0,2978.0,2.1743733526091753,0.47414372061786436,690.0,3031.0,135359.4,133870.75,132335.24,134921.06675420655,133537.7476060658,2.306889294338009,3.4939748475160584,1728.9285714285713,9516.147816381868,0.824527325509134,10913,0.4445213849287169,0,10913,11.695494757501383,29056,1151.0,4.124708833542368,-467.8,1,62.654900488171236,1383.3191481407557,1266.554220701414,0,0,1,0,0,0,-0.9126818975021721
2024-03-22,SILVER,2024-04-05,132442.0,132680.0,132093.0,132093.0,-3.2980673048138454,349.0,587.0,0.4432128780900319,0.5945485519591142,-3981.0,-1457.0,135213.7,134062.35,132301.72,134539.671868944,133456.58111672758,-1.2086540329928617,0.10603036755682302,2034.642857142857,8267.534198682653,0.30401048715853096,32913,1.3553982432081835,0,0,24.762152243983103,45447,16391.0,56.41175660792952,-3747.0,0,42.46918596776378,1083.0907522164052,1229.8615270044122,0,0,1,0,0,1,3.2232977454281873
2024-03-25,SILVER,2024-04-05,135734.0,136555.0,135167.0,135811.0,2.4856163452681157,77.0,1388.0,1.0225882976999132,0.4085014409221902,2423.0,666.0,135280.3,134441.2,132317.96,134723.41465833722,133625.2788117848,0.961609982654118,2.581690346495675,2275.8571428571427,6238.680913215096,0.707223292549153,15567,0.6552457118804588,0,15567,26.622137116805554,64418,18971.0,41.74312935947366,7536.0,1,54.08630733555795,1098.13584655241,1203.5163909140117,0,0,1,0,0,0,-0.4877186261364139
2024-03-26,SILVER,2024-04-05,135543.0,136114.0,134441.0,134965.0,-0.14071640119646123,578.0,1673.0,1.2342946518816906,0.6586969515839809,771.0,364.0,135316.7,134652.1,132321.6,134849.5047109007,133767.33223313408,0.6616309734493514,2.434523161751365,2262.785714285714,5569.279480948579,0.6599668328816304,14432,0.7065504748849506,0,0,21.833716493892595,47190,-17228.0,-26.744077742245953,6911.8,0,54.35375696260089,1082.1724777666386,1179.2476082845371,0,0,0,0,0,0,-1.0476380189312617
2024-03-27,SILVER,2024-04-05,137334.0,137613.0,137154.0,137613.0,1.321351895708367,279.0,459.0,0.3342216785355411,0.39215686274509803,1988.0,966.0,135413.3,134921.8,132377.78,135231.73475537752,134031.52984549452,1.7878504437385299,3.743996915494429,2373.5714285714284,5445.60680105089,0.9429625729743298,5319,0.26816977531517133,0,5319,16.287898641672303,36014,-11176.0,-23.682983682983682,1621.8,0,58.822919904673086,1200.204909883003,1183.4390686042302,0,0,0,0,0,0,-0.11359168159377868
2024-03-28,SILVER,2024-04-05,135709.0,137185.0,135166.0,135666.0,-1.183246683268524,43.0,2019.0,1.4877421541681097,0.2689450222882615,-1250.0,-560.0,135357.3,135075.65,132421.88,135305.16017762714,134155.78689397642,0.4688853986636421,2.4823088148272743,2475.1428571428573,5036.120524462778,0.6257614858348863,29469,1.479876363106791,0,0,49.70316650567635,60278,24264.0,67.37379907813627,6244.4,0,54.33055794812901,1149.373283650726,1176.6259116135295,0,0,1,0,0,1,0.8798237405035775
2024-03-29,SILVER,2024-04-05,136711.0,137705.0,135417.0,137598.0,0.738344546050751,887.0,2288.0,1.6736034408350462,0.5655594405594405,4269.0,288.0,135386.1,135198.05,132486.24,135521.44322722298,134345.06193886706,1.1190619983054575,3.1888292701189265,2530.285714285714,5177.466557880223,0.7922182080919995,31490,1.5032927792775699,1,31490,48.9522351135668,11780,-48498.0,-80.45721490427685,-6733.4,0,53.96266460855724,1176.3812883559149,1176.5769869620067,0,1,0,0,0,0,0.4154749800674416
2024-04-01,SILVER,2024-04-05,135072.0,135696.0,134796.0,135696.0,-1.1988793879058712,624.0,900.0,0.6663113006396588,0.30666666666666664,-662.0,1761.0,135562.2,135218.35,132480.5,135452.2981153425,134398.9092026547,-0.10823235160021241,1.9561369409082845,2514.6428571428573,5155.018774795521,0.47161019069114624,25584,1.2217969259276062,0,0,53.60329790453526,69258,57478.0,487.9286926994906,968.0,0,49.75964778291927,1053.3889126878057,1151.9393721071665,0,0,1,0,0,1,2.6918976545842215
2024-04-02,SILVER,2024-04-05,134123.0,134484.0,133709.0,134074.0,-0.7025882492300406,49.0,775.0,0.5778278147670423,0.5341935483870968,-1420.0,-649.0,135497.3,135210.05,132437.98,135247.79071298213,134378.47148393953,-0.8039713024290639,1.2723087440626846,2455.9285714285716,5182.2861811397015,0.29023736590306914,9791,0.4817480896875107,0,0,42.98131288978396,52192,-17066.0,-24.641196684859512,1000.4,0,44.90212997865479,869.3192290425941,1095.415343494252,0,0,0,0,0,1,4.040321197706582
2024-04-03,SILVER,2024-04-05,137178.0,138030.0,136578.0,137149.0,2.2777599665978254,29.0,1452.0,1.0584787648165157,0.4132231404958678,-156.0,1832.0,135680.5,135368.4,132467.72,135544.74598790795,134585.84396661067,1.3367964753960346,3.5557945739535626,2678.0714285714284,5337.077363035001,0.8390619766041676,36736,1.7136726221019731,1,36736,68.59020236662138,69300,17108.0,32.778969957081536,6657.2,1,51.81981981981982,958.9020212972828,1068.1126790548583,0,1,1,0,0,1,1.9230488853897856
2024-04-04,SILVER,2024-04-05,136903.0,137306.0,136154.0,137175.0,-0.20046946303342583,272.0,1152.0,0.8414716989401254,0.6501736111111112,1194.0,-56.0,135674.9,135517.15,132466.86,135753.7081436144,134757.48515426915,1.0226380941452842,3.3488677847425494,2660.3571428571427,5324.258884930168,0.7602897473529187,5329,0.2586441204449708,0,0,64.85699249630525,53923,-15377.0,-22.189033189033193,-1271.0,0,50.95632770162575,996.2229893452604,1053.7347411129388,0,0,0,0,0,1,2.5850419640183193
2024-04-05,SILVER,2024-04-05,137279.0,138017.0,136688.0,137747.0,0.2746470128485168,468.0,1329.0,0.9681014576155129,0.44469525959367945,568.0,4837.0,136158.6,135686.15,132562.4,135988.3684292122,134944.26403173068,1.1739223200009772,3.558022486014138,2494.0,5317.491973128344,0.7995491122599501,13851,0.713373368630319,0,13851,60.689292921423295,12395,-41528.0,-77.01351927748827,123.0,0,58.872987477638645,1044.1043974815111,1051.8086723866534,0,0,0,0,0,1,5.232409909745846
2024-04-08,SILVER,2024-04-05,138708.0,139593.0,137421.0,138254.0,1.0409458110854475,454.0,2172.0,1.565879401332295,0.5925414364640884,3636.0,2974.0,136456.0,135868.15,132650.22,136406.77328625647,135223.05928863952,2.090151371016685,4.566731966219128,2508.285714285714,5923.32812210999,0.9794348618641784,28126,1.3866784992358132,0,28126,76.26566595615145,25779,13384.0,107.97902379991933,-8695.8,1,58.814045145109276,1183.7139976169565,1078.189737432714,0,0,1,0,0,1,4.100700752660265
2024-04-09,SILVER,2024-04-05,139542.0,140457.0,138617.0,139043.0,0.6012630850419587,499.0,1840.0,1.3185994180963438,0.5027173913043478,5419.0,3999.0,136855.9,136086.3,132808.06,136889.11585760163,135542.98082281437,2.539344518882512,5.0704302133469925,2441.214285714286,6726.842644061835,1.0137179777871799,26300,1.2620264401737087,0,26300,76.34555103825002,39722,13943.0,54.086659684239116,-2494.0,1,59.28811758455817,1346.1350347872649,1131.7787969036244,0,0,1,0,0,1,3.7429591090854366
2024-04-10,SILVER,2024-04-05,139816.0,140023.0,139522.0,139642.0,0.19635665247739187,174.0,501.0,0.3583280883446816,0.5868263473053892,2638.0,2482.0,137104.1,136258.7,132981.92,137339.40572566292,135859.50076186514,2.6106956840186997,5.139104624147393,2249.9285714285716,7509.8103529261425,0.9736870616997555,15164,0.7256370379231966,0,15164,78.42577063896832,17111,-22611.0,-56.923115653793865,-10437.8,0,56.72266930208481,1479.9049637977732,1201.4040302824542,0,0,0,0,0,1,4.837071579790582
2024-04-11,SILVER,2024-04-05,140442.0,141492.0,139539.0,140606.0,0.4477313039995323,164.0,1953.0,1.3906096466868885,0.46236559139784944,3539.0,4733.0,137577.4,136467.35,133201.74,137816.72792171477,136198.94514987513,2.9125281614979657,5.435559625572466,2041.857142857143,8390.517582684522,0.9737073679700599,29509,1.4164308668553067,0,29509,42.48240438562063,19984,2873.0,16.790368768628362,-6787.8,1,73.04412950800783,1617.7827718396438,1284.6797785938923,0,0,1,0,0,1,5.745432278093448
2024-04-12,SILVER,2024-04-05,144462.0,146250.0,143791.0,144606.0,2.8623915922587173,144.0,2459.0,1.7021777353213994,0.2728751525010167,7183.0,7751.0,138352.5,136869.3,133540.16,138839.07747222017,136811.0232869214,5.547409097584347,8.178693211090952,2162.9285714285716,11022.737006563519,1.1888216597637156,10703,0.5458569847559887,0,10703,35.4236280049603,36924,16940.0,84.76781425140112,4905.8,1,74.12916067676656,2028.0541852987662,1433.3546599348672,0,0,1,0,0,1,4.25648267364428
2024-04-15,SILVER,2024-04-05,144396.0,144973.0,143390.0,144705.0,-0.04568675499438957,309.0,1583.0,1.0962907559766197,0.6355022109917877,5688.0,9324.0,139284.9,137423.55,133841.96,139693.98863034014,137372.87341381612,5.073693700970476,7.885449376264371,2156.5,12384.301470221893,1.0630071277548676,32109,1.5585720491904735,1,0,57.29914404179739,62703,25779.0,69.81637959051024,7384.8,0,74.64506430599633,2321.11521652402,1610.906771252698,0,1,1,0,0,1,5.105404581844372
2024-04-16,SILVER,2024-04-05,144765.0,145310.0,144198.0,144418.0,0.25554724507603765,347.0,1112.0,0.7681414706593445,0.5098920863309353,5223.0,10642.0,140349.1,137923.2,134164.62,140474.14422567244,137920.43834612603,4.9605867613280346,7.901024875261455,2088.0714285714284,13734.356128838393,0.998152220302056,27554,1.3061522453787648,0,27554,62.05353741557575,42577,-20126.0,-32.09734781429916,571.0,0,72.46508253219662,2553.705879546411,1799.4665929114408,0,0,0,0,0,1,3.471833661451318
2024-04-17,SILVER,2024-04-05,146579.0,146717.0,145900.0,145900.0,1.2530653127482472,679.0,817.0,0.5573786149448421,0.8310893512851897,6763.0,9401.0,141289.2,138484.85,134512.6,141413.35280633823,138561.81328345003,5.844790964499,8.970460759809857,2072.6428571428573,15518.356900274186,1.0215855036725563,32676,1.5074215461266103,1,32676,36.39226108964151,17711,-24866.0,-58.40242384385937,120.0,0,82.49043519846963,2851.539522888197,2009.8811789067922,0,1,0,0,0,1,4.176587369268449
2024-04-18,SILVER,2024-04-05,148511.0,149438.0,147384.0,148766.0,1.3180605680213509,255.0,2054.0,1.383062534088384,0.5486854917234664,8069.0,11608.0,142450.0,139062.45,134900.06,142505.29852844003,139298.79007726855,6.794465364302145,10.089647106161408,2113.4285714285716,17829.50999002182,1.0299388488684105,28804,1.2761338513953562,0,28804,43.7566728847533,14096,-3615.0,-20.41104398396477,-1177.6,0,83.41261751047684,3206.5084511714813,2249.2066333597304,0,0,0,0,0,1,1.478004996262903
2024-04-19,SILVER,2024-04-05,150611.0,151900.0,150120.0,150362.0,1.4140366706843155,249.0,1780.0,1.1818525871284302,0.27584269662921346,6149.0,13332.0,143783.2,139970.9,135314.56,143752.32952406464,140136.73155302645,7.6016514861303355,11.304356308737214,2218.714285714286,19478.011133747583,1.046262137696645,34802,1.5354444481210636,1,34802,29.84727926698546,76555,62459.0,443.0973325766175,7926.2,1,92.88040178817816,3615.5979710381944,2522.4849008954234,0,1,1,0,0,0,0.43755104208855927
2024-04-22,SILVER,2024-04-05,151768.0,152291.0,150748.0,151156.0,0.7682041816334806,612.0,1543.0,1.0166833588108164,0.661049902786779,7372.0,13060.0,145089.2,140772.6,135749.3,144985.50959728548,140998.306993543,7.810752944820224,11.800208177869067,2241.3571428571427,21694.43059841747,1.0068305411436826,74487,2.9083135670151394,1,74487,30.94424446778429,18254,-58301.0,-76.15570504865784,-8889.8,0,98.1393572324985,3987.2026037424803,2815.4284414648346,0,1,0,0,0,0,-1.1800906646987508
2024-04-23,SILVER,2024-04-05,149791.0,151282.0,148526.0,149834.0,-1.3026461441147053,43.0,2756.0,1.839896923046111,0.4589985486211901,5026.0,10249.0,146114.1,141485.0,136182.54,145724.8158130877,141649.6175866139,5.870586988019932,9.992808182311764,2193.8571428571427,22529.090920059112,0.868678879652646,19027,0.7362962676315229,0,0,24.1478712955283,15965,-2289.0,-12.539717322230748,-5322.4,0,86.56153979940866,4075.198226473818,3067.3823984666315,0,0,0,0,0,0,0.07009766941939102
2024-04-24,SILVER,2024-04-05,152701.0,153022.0,152198.0,152944.0,1.9427068381945523,243.0,824.0,0.5396166364332912,0.6104368932038835,6122.0,12885.0,147402.6,142253.35,136643.48,146798.07491876654,142468.23850612398,7.344396458853161,11.751398603138611,2342.3571428571427,24270.199123943516,0.9304723643446737,67687,2.337266357963943,1,67687,53.956275882086416,67987,52022.0,325.8502975258378,10055.2,1,89.72540736270368,4329.836412642559,3319.873201301817,0,1,1,0,0,0,-1.4394142801946288
2024-04-25,SILVER,2024-04-05,150706.0,151623.0,150176.0,150669.0,-1.3064747447626424,37.0,1447.0,0.9601475720940108,0.36627505183137526,2195.0,10264.0,148429.0,143003.2,137078.84,147399.2941620332,143078.4430612259,5.386452890564678,9.941111261227483,2427.785714285714,24569.751556271804,0.8135074435880378,53697,1.7797376977458712,1,0,42.42950423725173,42963,-25024.0,-36.80703663935753,5773.4,0,81.22122494535645,4320.851100807311,3520.068781202916,0,1,0,0,0,0,0.2607726301540748
2024-04-26,SILVER,2024-04-05,151270.0,151770.0,151024.0,151131.0,0.3742385837325557,139.0,746.0,0.4931579295299795,0.3297587131367292,659.0,6808.0,149109.8,143731.15,137571.28,147994.78736787426,143685.22505669066,5.245105184227641,9.957543464013712,2338.5,24878.844084674667,0.803022518825299,35450,1.1672972376709374,0,35450,45.40433377209378,13273,-29690.0,-69.10597490864232,-12656.4,0,80.43415059598799,4309.562311183603,3677.9674871990537,0,0,0,0,0,0,0.3999471144311496
2024-04-29,SILVER,2024-04-05,149977.0,150614.0,148878.0,149929.0,-0.8547630065445899,48.0,1736.0,1.1575108183254765,0.6330645161290323,-1791.0,5581.0,149667.9,144476.4,138049.92,148299.74315743207,144151.28245989876,3.8072654080528077,8.639686281600154,2377.9285714285716,24068.903034939955,0.7285355502913857,35760,1.1581023443799976,0,0,25.49178088069745,25330,12057.0,90.83854441347094,1415.2,0,74.7310044082097,4148.460697533301,3772.0661292659033,0,0,1,0,0,1,3.2091587376731097
2024-04-30,SILVER,2024-04-05,149896.0,150656.0,149042.0,149785.0,-0.054008281269790626,111.0,1614.0,1.0767465442706943,0.5291201982651796,105.0,5131.0,150181.0,145265.05,138481.88,148545.32113321175,144576.81709249885,3.187931302126707,8.24232022268906,2457.4285714285716,22434.42668288073,0.7064215888134907,49025,1.4928531842459454,0,0,30.619838157703356,31494,6164.0,24.334780892222653,3105.8,0,74.1102181400689,3968.504040712898,3811.3537115553027,0,0,1,0,0,1,3.8339915674867906
2024-05-01,SILVER,2024-06-05,150503.0,151097.0,149866.0,150097.0,0.40494743021828317,406.0,1231.0,0.8179238952047467,0.5174654752233956,-2198.0,3924.0,150573.4,145931.3,138899.86,148846.50249733301,145015.7936041656,3.1327754909330707,8.353600932355162,2405.8571428571427,21537.35297619301,0.712268425235612,13437,0.4242166892660897,0,13437,21.501789404371298,13212,-18282.0,-58.04915221947038,-10955.0,0,74.08666507062486,3830.708893167408,3815.2247478777235,0,0,0,0,0,1,3.1421300572081616
2024-05-02,SILVER,2024-06-05,151099.0,151906.0,150758.0,150883.0,0.3960053952412945,216.0,1148.0,0.7597667754253834,0.2970383275261324,393.0,2588.0,150832.2,146641.1,139339.72,149193.0405746664,145466.40148533852,3.0400072012553054,8.439287806807707,2091.214285714286,20229.201816864777,0.7203695449952707,17521,0.5427070927334986,0,17521,25.726125871410215,11080,-2132.0,-16.13684529215864,-6376.6,0,69.00521161445508,3726.6390893278876,3797.507616167756,0,0,0,0,0,1,3.917961071880026
2024-05-03,SILVER,2024-06-05,151875.0,152257.0,150986.0,152033.0,0.5135705729356177,158.0,1271.0,0.836872427983539,0.6994492525570417,605.0,1264.0,150958.6,147370.9,139805.02,149605.64971702543,145941.11248642456,3.0563021600600973,8.633438198428076,2068.9285714285716,18695.163501771574,0.7409232740635402,29028,0.87848368655673,0,29028,30.211323712165058,42675,31595.0,285.1534296028881,5880.4,1,70.57949479940565,3664.537230600865,3770.9135390543784,0,0,1,0,0,1,4.851358024691358
2024-05-06,SILVER,2024-06-05,154790.0,156360.0,153564.0,154890.0,1.9193415637860145,100.0,2796.0,1.8063182376122489,0.438483547925608,4813.0,3022.0,151260.8,148175.0,140337.68,150403.2420682523,146596.5856355783,4.464315842753501,10.298246344103742,2309.8571428571427,17938.087065766624,0.8687684186026831,32301,0.9713987558661796,0,32301,19.935775467454924,32007,-10668.0,-24.99824253075571,1335.4,0,74.19510546893855,3806.6564326740045,3778.062117778304,0,0,0,0,0,1,1.4361392854835584
2024-05-07,SILVER,2024-06-05,155643.0,156070.0,155075.0,155695.0,0.5510691905161735,52.0,995.0,0.6392834884961096,0.5708542713567839,5747.0,5852.0,151846.0,148980.05,140824.04,151209.35867313656,147266.69040331323,4.472377341798457,10.523032857174096,2261.8571428571427,17177.4147665833,0.887890150557581,26740,0.8036292546293582,0,26740,25.659751474986955,56815,24808.0,77.50804511513107,5064.2,1,72.93986636971047,3942.6682698233344,3810.98334818731,0,0,1,0,0,1,1.6055974248761589
2024-05-08,SILVER,2024-06-05,155232.0,155516.0,154923.0,154923.0,-0.2640658429868381,309.0,593.0,0.38200886415172125,0.521079258010118,4729.0,2531.0,152099.1,149750.85,141289.88,151828.2265695771,147856.71333640112,3.6601795582462433,9.867741412194556,2109.0714285714284,15724.266530967841,0.8485790570393381,26282,0.7768855703304322,0,0,-0.08571156204907053,10639,-46176.0,-81.27431136143623,-514.6,0,68.42884562654237,3971.513233175967,3843.0893251850416,0,0,0,0,0,1,2.7313955885384456
2024-05-09,SILVER,2024-06-05,157019.0,158306.0,155955.0,156962.0,1.1511801690373025,57.0,2351.0,1.4972710308943502,0.452573373032752,5920.0,6313.0,152730.4,150579.7,141777.62,152626.80709733444,148535.40123740846,4.276340037866982,10.750201618562933,2086.5714285714284,14394.264419152983,0.9473517932206293,15858,0.47840856296421436,0,15858,-1.985057572463101,73593,62954.0,591.7285459159696,12502.6,1,67.87746903247405,4091.405859925988,3892.752632133231,0,0,1,0,0,1,1.2316980747552844
2024-05-10,SILVER,2024-06-05,159243.0,160979.0,157587.0,158550.0,1.416389099408355,693.0,3392.0,2.130077931212047,0.4882075471698113,7368.0,7973.0,153527.7,151318.75,142277.22,153644.68292851376,149328.55670130413,5.236793193176656,11.924452839323116,2249.4285714285716,15155.238739895518,1.0228720006330057,20186,0.6003887387702233,0,20186,4.142305694571948,13736,-59857.0,-81.33518133518135,-5787.8,0,69.682447732898,4316.1262272096355,3977.427351148512,0,0,0,0,0,1,1.4518691559440604
2024-05-13,SILVER,2024-06-05,157013.0,157246.0,156577.0,157069.0,-1.400375526710751,56.0,669.0,0.42607936922420436,0.6517189835575485,2223.0,7036.0,154231.3,151949.6,142724.16,154162.88555489626,149897.77472342973,3.3322891274475177,10.011507512112873,2208.285714285714,14488.821936058463,0.8494694063013271,39185,1.1533361687223238,0,0,13.466827277140379,26473,12737.0,92.72714036109492,-1106.8,0,68.76624051553893,4265.1108314665325,4034.9640472121164,0,0,1,0,0,1,2.733531618401024
2024-05-14,SILVER,2024-06-05,158142.0,159732.0,157422.0,158594.0,0.719048741187045,452.0,2310.0,1.460712524187123,0.3116883116883117,2499.0,8246.0,155055.9,152618.45,143201.22,154775.05700798915,150508.45807724976,3.6191888988519985,10.433416698544885,2171.714285714286,13828.032944560866,0.8994458229991872,36194,1.0519264052593413,0,36194,8.994073091537125,44019,17546.0,66.27885014920862,-2559.2,1,65.5804364011225,4266.59893073939,4081.2910239175712,0,0,1,0,0,1,2.1702014645065826
2024-05-15,SILVER,2024-06-05,159472.0,159843.0,158787.0,159002.0,0.841016301804709,470.0,1056.0,0.66218521119695,0.6486742424242424,4240.0,8969.0,155952.8,153263.1,143710.44,155497.66362214467,151172.42414560163,4.051138206130499,10.967581756760328,2112.8571428571427,13894.396653254284,0.9468635922054071,30230,0.8817254167632831,0,30230,14.605439658643046,46820,2801.0,6.36316136213908,7236.2,1,76.09549892831626,4325.239476543036,4130.080714442664,0,0,1,0,0,1,1.1343684157720477
2024-05-16,SILVER,2024-06-05,158953.0,159564.0,158094.0,158766.0,-0.32544898163940905,187.0,1470.0,0.9248016709341755,0.5843537414965987,1934.0,7854.0,156738.2,153785.2,144210.94,156029.2538341224,151748.76309777927,3.360401391031119,10.22256702577488,2141.8571428571427,14025.320597145008,0.86846216556732,32018,0.9295196069181249,0,0,12.157536183583401,67589,20769.0,44.35924818453651,-1200.8,0,72.93295922631485,4280.490736343141,4160.16271882276,0,0,1,0,0,1,1.5035891112467206
2024-05-17,SILVER,2024-06-05,161555.0,162511.0,160646.0,161661.0,1.63696186923179,106.0,1865.0,1.1544056203769615,0.4873994638069705,2312.0,9680.0,157706.2,154332.4,144764.06,156879.3686288728,152475.1510164623,4.679898712130445,11.59883192002214,2225.1428571428573,15297.70153495943,0.9721362868463861,29665,0.8676792760223347,0,29665,4.8550895499267,75807,8218.0,12.158783233958182,12414.2,1,82.05426356589147,4404.217612410488,4208.973697540306,0,0,1,0,0,0,-1.3790969019838446
2024-05-20,SILVER,2024-06-05,161305.0,161712.0,160760.0,161709.0,-0.15474606171272942,404.0,952.0,0.5901862930473327,0.5724789915966386,4292.0,6515.0,158357.7,154809.25,145288.8,157560.23499366158,153129.21390413176,4.195970202038961,11.023699005016224,2177.8571428571427,16297.02318959427,0.898585062095731,26516,0.8340895900800086,0,0,2.6660372017646736,28414,-47393.0,-62.51797327423589,388.2,0,81.29354325525262,4431.021089529822,4253.383175938209,0,0,0,0,0,0,-2.850500604444995
2024-05-21,SILVER,2024-06-05,161574.0,161918.0,160884.0,161429.0,0.16676482440098894,145.0,1034.0,0.6399544481166525,0.6673114119922631,3432.0,5931.0,158950.8,155398.4,145816.7,158177.73730232904,153754.7536149368,3.974043490795276,10.80623824294473,2163.785714285714,16645.6240698194,0.8710044137784622,29673,0.9180249762937135,0,29673,5.578257628246087,34220,5806.0,20.433589075807703,-1959.8,1,80.94013749930133,4422.983687392232,4287.303278229014,0,0,1,0,0,0,-1.1728372139081784
2024-05-22,SILVER,2024-06-05,161281.0,162092.0,160741.0,161058.0,-0.18134105734833872,223.0,1351.0,0.8376684172345161,0.3997039230199852,1809.0,6049.0,159555.7,155827.4,146314.96,158655.16233273994,154312.2533471637,3.4997696168966472,10.228646476067798,2160.0714285714284,17233.428880798514,0.8164547251578244,10239,0.3476710724017623,0,0,-0.7998517217844295,70531,36311.0,106.1104617182934,4742.2,0,78.94587218558108,4342.908985576243,4298.42441969846,0,0,1,0,0,0,-1.9456724598681803
2024-05-23,SILVER,2024-06-05,161343.0,162031.0,160708.0,160708.0,0.03844222196043301,635.0,1323.0,0.8199921905505663,0.4799697656840514,2390.0,4324.0,159988.1,156359.25,146816.44,159068.6758200107,154833.04939552196,3.187371389924165,9.894368777774476,2163.785714285714,17197.618286754354,0.7897930351110592,31415,1.1086544925827961,0,31415,23.848068093184352,52425,-18106.0,-25.670981554210204,-3032.8,0,78.05499585160602,4235.626424488757,4285.864820656519,0,0,0,0,0,0,-3.08969090694979
2024-05-24,SILVER,2024-06-05,159327.0,159746.0,158945.0,159360.0,-1.2495119094103835,33.0,801.0,0.502739648647122,0.4769038701622971,-2228.0,84.0,159996.5,156762.1,147274.52,159108.4180015475,155165.9346254833,1.6361735393950412,8.183683097388476,2014.7142857142858,16692.236475933576,0.6536582592571103,32195,1.1427445746697238,0,0,21.36713528322106,19387,-33038.0,-63.01955174058178,-11284.0,0,64.20031298904539,3942.4833760642214,4217.18853173806,0,0,0,0,0,0,-4.276111393549116
2024-05-27,SILVER,2024-06-05,156707.0,157854.0,156190.0,157347.0,-1.6444168282839677,640.0,1664.0,1.0618542885767708,0.31069711538461536,-4598.0,-306.0,159965.9,157098.6,147742.44,158738.9690782325,155280.08761618825,-0.24927020355369547,6.067694563593236,2147.3571428571427,15425.879411596572,0.4746140891192488,34323,1.2213917025929175,0,0,12.616138792701236,37584,18197.0,93.86186619899932,1834.0,0,52.998534550783454,3458.881462044257,4065.5271177993,0,0,1,0,0,0,-3.377641075382721
2024-05-28,SILVER,2024-06-05,159679.0,160238.0,159384.0,159768.0,1.8965330202224573,89.0,854.0,0.5348229886209207,0.34543325526932084,-1895.0,1537.0,160119.6,157587.75,148240.58,158883.5892200429,155605.9329779521,1.3270384277965768,7.716119297428555,2348.1428571428573,13994.600394816312,0.649432634087545,39964,1.4454310360417382,0,39964,15.022945432418362,54783,17199.0,45.76149425287357,4112.6,1,60.951583509826136,3277.6562420908012,3907.9529426576005,0,0,1,0,0,0,-6.607631560818892
2024-05-29,SILVER,2024-06-05,158143.0,158972.0,156786.0,158136.0,-0.9619298718053115,7.0,2186.0,1.382293240927515,0.620768526989936,-3138.0,-1329.0,159986.7,157969.75,148696.52,158769.65241695938,155793.86386847415,0.10967289623488041,6.3528588295139725,2335.214285714286,12303.756816092413,0.514081065042947,35763,1.2432904105017244,0,0,15.619536281959373,49809,-4974.0,-9.079458956245546,-4144.4,0,52.80271294633952,2975.7885484852304,3721.5200638231263,0,0,0,0,0,0,-3.858533099789431
2024-05-30,SILVER,2024-06-05,156358.0,158085.0,155404.0,156459.0,-1.1287252676375203,101.0,2681.0,1.7146548305811022,0.3558373741141365,-4985.0,-2595.0,159727.2,158232.7,149084.5,158398.6289681964,155835.65173006864,-1.1847740700879221,4.8787768010759,2248.0,10613.76727403776,0.3233709151899629,39674,1.3281133619773402,0,0,16.12165919576574,64327,14518.0,29.14734284968581,2380.4,0,42.645184316524755,2562.977238127758,3489.811498684053,0,0,1,0,0,0,-1.589301474820604
2024-05-31,SILVER,2024-06-05,152514.0,153174.0,151836.0,152511.0,-2.458460711955901,3.0,1338.0,0.8772965104842835,0.5067264573991032,-6813.0,-9041.0,158823.1,158264.65,149485.94,157493.30143462773,155589.60345376728,-3.633565676226494,2.0256486998041403,2380.5714285714284,10302.256494781934,-0.05819324658754939,23105,0.7811998120116445,0,0,12.680271578105387,20857,-43470.0,-67.57660080526063,294.0,0,39.40264757148914,1903.697980860452,3172.5887951193326,0,0,0,1,0,0,0.1062197568747787
2024-06-03,SILVER,2024-06-05,151414.0,152760.0,150637.0,151168.0,-0.7212452627299748,246.0,2123.0,1.402116052676767,0.3659915214319359,-5293.0,-9891.0,157834.0,158095.85,149799.54,156558.02429083883,155280.29949422897,-4.226455027124372,1.0777469677143148,2338.0,11619.41839472379,-0.07505890338144093,34739,1.169734192644672,0,0,18.777065638505672,52261,31404.0,150.5681545764012,2935.4,0,34.13057835644872,1277.7247966098657,2793.6159954174395,0,0,1,1,0,1,3.536661074933626
2024-06-04,SILVER,2024-06-05,149128.0,149852.0,148247.0,149374.0,-1.509767921064098,246.0,1605.0,1.0762566385923502,0.5489096573208723,-10551.0,-12446.0,156589.4,157770.1,150071.24,155414.94363070978,154824.57360576757,-5.477653877382346,-0.6285281576936332,2442.714285714286,13995.759472071077,-0.11747988862237553,36969,1.2237480407750503,0,0,18.228393557277705,26995,-25266.0,-48.34580279749717,-5557.6,0,26.6543287893834,590.3700249422109,2352.9668013223936,1,0,0,1,0,1,6.3549434043238024
2024-06-05,SILVER,2024-06-05,152041.0,153200.0,151097.0,152110.0,1.9533555066788333,69.0,2103.0,1.3831795370985458,0.4488825487398954,-6102.0,-9240.0,155665.4,157610.55,150365.38,154895.87537983136,154618.3829683033,-3.533741871974934,1.1143655540923019,2628.5714285714284,14753.569700426073,0.12249475123033149,19497,0.6527197493170496,0,19497,20.05166000420112,23580,-3415.0,-12.650490831635485,-5245.8,0,35.92145999674108,277.4924115280446,1937.8719233635238,0,0,0,1,0,1,3.9443308055064095
2024-06-06,SILVER,2024-06-05,153873.0,154303.0,153161.0,153879.0,1.2049381416854743,6.0,1142.0,0.742170491249277,0.6234676007005254,-2485.0,-7470.0,154918.4,157453.25,150728.66,154738.50993678038,154563.16941509565,-2.2738495394664766,2.08609298324552,2536.0,15123.492154507025,0.26326565561558923,6816,0.23169251792251763,0,6816,-7.134124744159797,28240,4660.0,19.762510602205264,-7217.4,1,33.84641265034905,175.34052168473136,1585.3656430277656,0,0,1,0,0,0,-0.22096144222833117
2024-06-07,SILVER,2024-06-05,152676.0,153311.0,152055.0,152378.0,-0.777914253962686,298.0,1256.0,0.8226571301317823,0.49442675159235666,162.0,-6651.0,154253.3,157124.9,151047.96,154421.20071573724,154423.37908805153,-2.8314417383877375,1.077829849539185,2597.8571428571427,15602.095832225983,0.2148524116349271,31483,1.0500230963057584,0,0,28.80743363977958,56111,27871.0,98.69334277620396,7050.8,0,32.550050556117284,-2.1783723142871168,1267.8568399593553,0,0,1,0,0,1,3.303728156357253
2024-06-10,SILVER,2024-06-05,156769.0,157240.0,155965.0,157178.0,2.68084047263486,409.0,1275.0,0.8132985475444763,0.6305882352941177,5355.0,62.0,154259.5,157112.7,151481.9,154782.4006056238,154597.1287852329,-0.21876016388236702,3.490251970697493,2850.0,15605.095583446091,0.4779751429164837,27159,0.924346152471679,0,27159,26.773021805039065,44866,-11245.0,-20.040633743829193,-1479.0,0,41.58464394549721,185.27182039091713,1051.3398360456677,0,0,0,0,0,0,-0.9893537625423394
2024-06-11,SILVER,2024-06-05,158605.0,159089.0,158236.0,158816.0,1.171149908464053,211.0,853.0,0.5378140663913495,0.43259085580304807,9477.0,-1074.0,154152.1,157135.85,151971.54,155370.49282014323,154894.0081344749,0.9349553268716173,4.36493569782868,2919.214285714286,15636.276432506333,0.5939577914436055,8849,0.31587101011615376,0,8849,18.387737560556225,22211,-22655.0,-50.4948067579013,-956.8,0,45.55363551774558,476.48468566834345,936.3688059702029,0,0,0,0,0,0,-3.974654014690584
2024-06-12,SILVER,2024-06-05,158038.0,159601.0,156649.0,157864.0,-0.3574918823492368,174.0,2952.0,1.867905187360002,0.47052845528455284,5997.0,-105.0,154141.6,157064.15,152388.74,155780.8785401212,155126.89642081008,0.6200332793957156,3.7071374171083833,3035.5714285714284,15507.935206144059,0.5627968834699656,26612,0.9561071650553106,0,0,39.51238826466658,68985,46774.0,210.58934762054838,9081.0,0,44.59914370689937,653.9821193111129,879.8914686383849,0,0,1,0,0,0,-2.454472974854149
2024-06-13,SILVER,2024-06-05,153533.0,155041.0,152646.0,153840.0,-2.8505802401953995,307.0,2395.0,1.5599252278011895,0.37035490605427973,-340.0,-2825.0,153859.1,156793.15,152721.34,155435.05107241022,155008.8300192686,-2.079268131292722,0.5314646924915689,3249.4285714285716,15708.435830874485,0.2924586486458275,38826,1.3780741887052292,0,0,43.00845871971095,43268,-25717.0,-37.27911864898166,3005.6,0,41.24403070785226,426.2210531416349,789.157385539035,0,0,0,0,0,1,3.3250180742902176
2024-06-14,SILVER,2024-06-05,157720.0,158232.0,157234.0,157563.0,2.7271010141142193,157.0,998.0,0.6327669287344662,0.48697394789579157,5044.0,5206.0,154379.7,156601.4,153130.16,155786.58167665478,155209.65742524868,0.7142975733294887,2.997345526185042,3361.0,15091.858657116594,0.5741194325638962,23706,0.8504043779359775,0,23706,43.29044782101173,13646,-29622.0,-68.46168068780622,-8493.0,0,51.46163391336969,576.9242514061043,746.710758712449,0,0,0,0,0,1,2.238777580522445
2024-06-17,SILVER,2024-06-05,155218.0,155863.0,154667.0,154975.0,-1.586355566827291,243.0,1196.0,0.7705291912020513,0.46070234113712377,-1551.0,3804.0,154760.1,156297.05,153460.36,155699.10757255406,155210.27539374877,-0.6903841115363267,1.1453381185864637,3326.8571428571427,14463.233938437304,0.42539358731297855,29563,1.0547478459425228,0,0,40.72585659837136,65371,51725.0,379.04880551077235,4101.0,0,43.474826668226896,488.83217880528537,695.1350427310163,0,0,1,0,0,1,4.592895153912561
2024-06-18,SILVER,2024-06-05,152301.0,152965.0,151570.0,152070.0,-1.8792923501140368,231.0,1395.0,0.9159493371678453,0.5240143369175627,-6304.0,3173.0,155077.4,155833.4,153715.54,155176.32179216115,154994.77351273035,-2.266779778917738,-0.9202322679932089,3380.785714285714,13984.356276326405,0.24740346068128555,9359,0.3464653793757034,0,0,33.24970833012355,52816,-12555.0,-19.205764023802608,6121.0,0,41.786638173433815,181.54827943080454,592.417690070974,0,0,0,0,0,1,7.359767828182349
2024-06-19,SILVER,2024-06-05,154159.0,154710.0,153613.0,153613.0,1.2199525938765943,546.0,1097.0,0.711602955390214,0.4977210574293528,-3879.0,2118.0,155289.2,155477.3,154002.4,155019.81074721325,154932.8643636392,-0.8479051282727372,0.1016867269601031,3357.214285714286,13068.926978869364,0.3991271431746848,35669,1.2610883069405996,0,35669,66.08780799143132,54112,1296.0,2.453801878218731,-2974.6,1,46.914723461570844,86.9463835740462,491.32342877158845,0,0,1,0,0,1,7.147814918363508
2024-06-20,SILVER,2024-06-05,158638.0,159736.0,156829.0,158788.0,2.905441784131968,150.0,2907.0,1.832473934366293,0.6222910216718266,5105.0,4765.0,155765.7,155342.05,154366.32,155576.45524764198,155207.31885522147,2.1217371600284736,2.767235754535052,3432.5714285714284,12244.491743769147,0.7691781797866147,17809,0.6451601217214896,0,17809,67.58473647680924,61048,6936.0,12.817859254878773,3556.0,1,58.441773268636965,369.13639242050704,466.88602150137217,0,0,1,0,0,1,5.068772929562904
2024-06-21,SILVER,2024-06-05,161251.0,163586.0,159992.0,160661.0,1.6471463331610314,590.0,3594.0,2.228823387141785,0.3503060656649972,3531.0,8575.0,156623.2,155438.25,154702.1,156449.46213262013,155654.99894001987,3.73958790709494,4.233232774474292,3634.3571428571427,12876.409233047685,0.9514263172904917,86135,2.8426454572456357,1,86135,69.76088378073877,64911,3863.0,6.327807626785487,10253.0,1,63.01707026597856,794.4631926002621,532.4014557211502,0,1,1,0,0,1,3.7258683667078034
2024-06-24,SILVER,2024-06-05,162347.0,162882.0,161948.0,161948.0,0.6796857073754659,399.0,934.0,0.5753109081165652,0.4271948608137045,7129.0,5578.0,157181.0,155720.25,155061.12,157356.77565067855,156150.70272224062,4.255548009973013,4.698714932537572,3524.6428571428573,14258.37943844247,0.9647617934849881,30635,1.017213098424125,0,30635,64.69094964109972,11778,-53133.0,-81.85515552063595,-10718.6,0,68.06121054788906,1206.072928437934,667.135750264507,0,0,0,0,0,1,3.1716015694777235
2024-06-25,SILVER,2024-06-05,163510.0,163653.0,162831.0,162831.0,0.7163667945819796,679.0,822.0,0.5027215460828084,0.8260340632603407,11209.0,4905.0,157671.5,155911.8,155436.02,158303.42555057417,156695.8358539265,4.873396368972722,5.194407319487472,3327.0714285714284,15510.813048697717,0.9898647141284418,74462,2.338520484273668,1,74462,85.7389152651728,55752,43974.0,373.35710646968926,587.2,1,66.45716745587603,1607.5896966476867,855.226539541143,0,1,1,0,0,1,2.383952051862271
2024-06-26,SILVER,2024-06-05,165178.0,165653.0,164585.0,165149.0,1.020121093511106,29.0,1068.0,0.6465752097736986,0.5552434456928839,11019.0,7140.0,158385.5,156263.55,155808.0,159361.05238894737,157324.1443091912,5.704753283795237,6.013811871020743,3318.5714285714284,17510.411145495134,1.0090942711698356,17732,0.5731101698612958,0,17732,58.046809513467984,37289,-18463.0,-33.11630076051083,-3364.6,0,66.2985496381304,2036.908079756162,1091.5628475841468,0,0,0,0,0,0,0.4831151848309097
2024-06-27,SILVER,2024-06-05,166679.0,167353.0,165322.0,166628.0,0.9087166571819516,51.0,2031.0,1.2185098302725599,0.6681437715411127,8041.0,13146.0,159700.1,156779.6,156171.36,160486.89048295544,158017.09658258443,6.314214349315852,6.728275914354601,3344.0714285714284,19836.19748790114,0.9990573423176503,92522,2.7550781883936057,1,92522,95.63513401994244,54788,17499.0,46.92804848614873,-1252.0,1,70.01286265542376,2469.7939003710053,1367.2090581415187,0,1,1,0,0,0,-0.7265462355785672
2024-06-28,SILVER,2024-06-05,167259.0,167955.0,166842.0,167150.0,0.34797424990551384,109.0,1113.0,0.6654350438541423,0.3746630727762803,6008.0,9539.0,160654.0,157516.85,156504.32,161528.75348557768,158701.6820209115,6.184830384812796,6.871810311689794,3109.214285714286,21481.996820840286,0.9535029998025538,53895,1.534514839053182,1,53895,95.35453271259334,14747,-40041.0,-73.08352193911075,-10032.8,0,66.66560752414844,2827.0714646661654,1659.1815394464481,0,1,0,0,0,0,-2.9839948821887017
2024-07-01,SILVER,2024-08-05,167496.0,169702.0,166585.0,167147.0,0.14169641095547192,349.0,3117.0,1.8609399627453789,0.29226820660891883,5149.0,12278.0,161881.8,158320.95,156818.88,162446.7914108734,159353.1129823255,5.795221668389425,6.8085679479409595,3166.1428571428573,22429.49360857054,0.9090618433085849,22718,0.6580959885054807,0,22718,87.09908350901924,10045,-4702.0,-31.884451074794875,-346.6,0,64.88133096776353,3093.6784285479225,1946.0809172667432,0,0,0,0,0,0,-3.212614032573912
2024-07-02,SILVER,2024-08-05,167408.0,167738.0,167015.0,167015.0,-0.052538568085203075,393.0,723.0,0.4318790021982223,0.5435684647302904,3898.0,15107.0,163392.5,159234.95,157171.22,163210.05427073906,159949.771279931,5.132698569001333,6.513138983078454,3006.9285714285716,22076.733567504678,0.8702110176312547,21705,0.6429663246202337,0,0,93.4874000297692,17758,7713.0,76.78446988551516,-7598.8,0,65.93862693066612,3260.2829908080457,2208.921331975004,0,0,1,0,0,0,-4.251887603937686
2024-07-03,SILVER,2024-08-05,165976.0,167516.0,165015.0,166131.0,-0.855395202140874,155.0,2501.0,1.5068443630404396,0.38424630147940825,798.0,11817.0,164574.2,159931.7,157436.72,163635.58438293304,160396.1585925287,3.779300789024307,5.423944299652583,2800.4285714285716,21769.045105379773,0.7776557249406527,27082,0.7933362334251696,0,0,67.85273163008574,33437,15679.0,88.29260051807637,-770.4,0,73.63701987006573,3239.425790404348,2415.0222236608724,0,0,1,0,0,0,-4.640429941678315
2024-07-04,SILVER,2024-08-05,165468.0,166046.0,164734.0,165285.0,-0.3060683472309256,183.0,1312.0,0.7929025551768318,0.5594512195121951,-1211.0,6830.0,165257.2,160511.45,157731.96,163917.49447786642,160771.85054863765,3.0879728517809713,4.904548196827078,2558.5,21520.448419316905,0.7303181561751731,17342,0.5003007516627889,0,0,69.26339594508173,29585,-3852.0,-11.520172264258155,-5040.6,0,67.10979595442099,3145.6439292287687,2561.1465647744517,0,0,0,0,0,0,-4.127081973553799
2024-07-05,SILVER,2024-08-05,162268.0,163603.0,160601.0,162370.0,-1.9339086711630094,102.0,3002.0,1.850025883106959,0.5552964690206529,-4991.0,1017.0,165358.9,160991.05,157951.92,163663.7260966562,160882.67643392374,0.7931807389292831,2.7325277210938537,2688.0714285714284,20252.248986485007,0.5630522566087431,17239,0.5077619330239656,0,0,30.838007843078856,19854,-9731.0,-32.89166807503803,1021.4,0,65.10282776349615,2781.049662732461,2605.127184366054,0,0,0,0,0,0,-0.6174969803041881
2024-07-08,SILVER,2024-08-05,162115.0,163088.0,160874.0,161828.0,-0.0942884610644068,287.0,2214.0,1.365697190266169,0.5605239385727191,-5381.0,-232.0,165335.7,161258.35,158194.68,163425.46054332447,160973.95966104048,0.5312283053869733,2.4781617182069633,2585.6428571428573,19874.68018518068,0.5431025803695068,37274,1.081763488668387,0,0,48.90328543953368,62076,42222.0,212.66243578120276,10406.2,0,73.84817262830482,2451.500882283988,2574.4019239496406,0,0,1,0,0,1,0.5674983807790765
2024-07-09,SILVER,2024-08-05,160290.0,161012.0,159693.0,160348.0,-1.1257440705671917,58.0,1319.0,0.8228835236134506,0.45261561789234267,-7118.0,-3220.0,165013.7,161342.6,158402.56,162943.08199819762,160923.2959824449,-0.6524005439357031,1.1915463992501147,2586.5714285714284,19741.944292880886,0.4466820499346874,16419,0.47133359360646704,0,0,29.002046852409727,66950,4874.0,7.851665700109534,9838.4,0,64.92235798082072,2019.786015752732,2463.478742310259,0,0,1,0,0,0,-0.11229646266142618
2024-07-10,SILVER,2024-08-05,158274.0,159053.0,157924.0,158687.0,-1.2577203818079696,413.0,1129.0,0.713319938840239,0.3100088573959256,-7702.0,-6904.0,164323.3,161354.4,158557.98,162224.76169078262,160727.0518355971,-1.909089556900831,-0.179101676244873,2357.214285714286,19709.780052714224,0.34371210679361214,20003,0.5797172853012991,0,0,38.80353493365676,27349,-39601.0,-59.15011202389844,-1217.6,0,48.993362831858406,1497.7098551855015,2270.3249648853075,0,0,0,0,0,0,0.02021810278378003
2024-07-11,SILVER,2024-08-05,158639.0,159397.0,157413.0,158825.0,0.2306127348775,186.0,1984.0,1.2506382415421176,0.6179435483870968,-6829.0,-8040.0,163519.3,161609.7,158708.78,161673.10604604683,160572.38132925658,-1.8381941182985992,-0.043967321782700894,2145.5,18495.179689514276,0.33937977084460386,35866,1.0439287767323744,0,35866,4.555862080073185,31348,3999.0,14.622106841200777,352.6,1,41.75088428499243,1100.7247167902533,2036.404915266297,0,0,1,0,0,1,0.9115034764465232
2024-07-12,SILVER,2024-08-05,161266.0,161951.0,160636.0,161133.0,1.655961018412877,133.0,1315.0,0.81542296578324,0.4790874524714829,-1002.0,-5993.0,162920.0,161787.0,158896.6,161610.474346655,160623.7604900524,-0.32202834591159984,1.491158401123746,2265.5714285714284,18135.62398328801,0.47127201134738445,26988,0.7817883974467604,0,26988,6.255436202863349,44296,12948.0,41.30407043511548,4888.4,1,46.88705868801475,986.7138566026115,1826.4667035335601,0,0,1,0,0,0,-1.8429179120211328
2024-07-15,SILVER,2024-08-05,163035.0,163852.0,162413.0,163119.0,1.096945419369244,84.0,1439.0,0.8826325635599718,0.4322446143154969,920.0,-4461.0,162473.9,162177.85,159061.5,161829.63213947733,160802.3708241226,0.5285247029726896,2.4980903612753558,2357.0,17067.549672745343,0.5502210344446076,29908,0.865942249284124,0,29908,13.12216523244597,29455,-14841.0,-33.50415387393896,-6524.2,0,48.678279258723364,1027.2613153547281,1666.625625897794,0,0,0,0,0,0,-3.141656699481706
2024-07-16,SILVER,2024-08-05,160110.0,161067.0,159173.0,160033.0,-1.7940932928512288,77.0,1894.0,1.1829367309974392,0.4947201689545935,-180.0,-7298.0,161744.1,162568.3,159150.84,161565.0733487885,160751.08409640982,-1.512164425659854,0.6026735391406062,2479.785714285714,14497.768981178757,0.33043597927437013,10674,0.3084627866552421,0,0,7.137011924375346,64021,34566.0,117.35189271770498,-585.8,0,36.819931342973064,813.9892523786693,1496.0983511939692,0,0,1,0,0,0,-0.7176316282555742
2024-07-17,SILVER,2024-08-05,158306.0,158611.0,158018.0,158309.0,-1.1267253763037943,3.0,593.0,0.3745909820221596,0.4856661045531197,32.0,-7670.0,160977.1,162775.65,159212.32,161063.67744897486,160569.96675593502,-2.7458959617117142,-0.5692524297114739,2473.8571428571427,12853.377014377678,0.15225870251839016,10002,0.3001755675935235,0,0,4.030135376086608,49293,-14728.0,-23.00495150028897,4388.8,0,28.562650417328086,493.71069303984405,1295.6208195631443,1,0,0,1,0,0,-0.692961732341162
2024-07-18,SILVER,2024-08-05,160085.0,160982.0,158814.0,159980.0,1.1237729460664703,105.0,2168.0,1.3542805384639411,0.5862546125461254,1446.0,-5383.0,160438.8,162848.0,159273.64,160913.1116875941,160534.0432925324,-1.6966741992532914,0.5094126058775237,2573.8571428571427,12522.0077085378,0.27934848274241825,32567,0.9562105090080567,0,32567,30.187108028524584,56116,6823.0,13.841721948349672,4953.6,1,32.694905441914315,379.06839506168035,1112.3103346628516,0,0,1,0,0,0,-1.6553705843770496
2024-07-19,SILVER,2024-08-05,158294.0,158857.0,157692.0,158242.0,-1.1187806477808704,52.0,1165.0,0.7359723046988514,0.5167381974248927,-2972.0,-3974.0,160041.4,162700.15,159254.66,160510.17142796423,160368.11415975224,-2.7081413262372496,-0.6032225367847971,2522.1428571428573,13105.310086495709,0.16378895494122753,5910,0.19669086751988124,0,0,22.061221831271133,50484,-5632.0,-10.03635326823009,1237.6,0,29.351045687101703,142.05726821199642,918.2597213726806,1,0,0,1,0,0,-2.0569320378536142
2024-07-22,SILVER,2024-08-05,157913.0,158232.0,157358.0,157980.0,-0.2406913717513004,67.0,874.0,0.5534693153825208,0.6350114416475973,-5122.0,-4202.0,159621.2,162478.45,159272.66,160110.60659289281,160186.25385162246,-2.8098803256678107,-0.8536681687867858,2537.3571428571427,13788.208263434353,0.16888736282673078,34072,1.127502564611668,0,0,58.090756248814316,40215,-10269.0,-20.341098169717142,2152.0,0,28.970099667774093,-75.64725872964482,719.4783253522156,1,0,0,1,0,0,-2.486179098617593
2024-07-23,SILVER,2024-08-05,158961.0,159714.0,157959.0,158645.0,0.6636565703900255,316.0,1755.0,1.1040443882461737,0.5709401709401709,-1149.0,-1329.0,159488.3,162251.0,159289.04,159933.74404014007,160095.49430705782,-2.027722479368386,-0.20594009481129907,2487.3571428571427,14098.447245597374,0.26664096813729665,38717,1.3617522663923254,0,38717,65.0490986052467,13404,-26811.0,-66.66915330100709,-10123.4,0,34.19404262989501,-161.75026691774838,543.2326068982228,0,0,0,0,0,0,-2.747214725624524
2024-07-24,SILVER,2024-08-05,157209.0,157411.0,156890.0,156890.0,-1.1021571328816537,319.0,521.0,0.33140596276294615,0.6122840690978887,-1097.0,-1065.0,159381.8,161852.55,159243.78,159514.5526493493,159881.67991394244,-2.86900021037666,-1.2777767520966903,2541.5714285714284,14501.225122837408,0.17978222800727062,26809,0.9281095078516631,0,0,59.79061012547597,47260,33856.0,252.58131900925096,-406.6,0,32.37892041817794,-367.1272645931458,361.1606325999491,0,0,1,1,0,0,-3.452092437455871
2024-07-25,SILVER,2024-08-05,157435.0,158007.0,156309.0,156998.0,0.14375767290677466,437.0,1698.0,1.0785403499857082,0.6631330977620731,-2650.0,-1204.0,159261.4,161390.35,159213.42,159194.6214725263,159700.44436476153,-2.4507970891692135,-1.1170038304560084,2315.214285714286,14265.501073718537,0.22273318830090144,31651,1.2247867332506517,0,31651,53.666409560514275,75642,28382.0,60.055014811680074,3905.2,1,38.18972679732173,-505.82289223521366,187.76392763291653,0,0,1,0,0,0,-3.074284625400959
2024-07-26,SILVER,2024-08-05,155038.0,155914.0,154443.0,154542.0,-1.522533108902091,496.0,1471.0,0.9487996491182806,0.4044867437117607,-3256.0,-6228.0,158638.6,160779.3,159083.08,158555.1412459838,159355.07811551992,-3.57091988831895,-2.542746846490518,2370.785714285714,14219.490677089896,0.09623729637164614,21484,0.8869805751088908,0,0,52.92951359776457,56009,-19633.0,-25.95515718780572,1105.0,0,34.41532702048008,-799.936869536119,-9.7762318008906,0,0,0,1,0,0,-1.57767773062088
2024-07-29,SILVER,2024-08-05,153987.0,154841.0,152991.0,153612.0,-0.6778983217017753,375.0,1850.0,1.2014001181917955,0.5383783783783784,-3926.0,-9048.0,157733.8,160103.85,158936.72,157852.3502850632,158957.44269955548,-3.820551473309359,-3.1142708871807603,2344.0,13977.482660187758,0.0623782802161717,9646,0.40928551122501367,0,0,46.33740415792223,39605,-16404.0,-29.288150118730915,-122.0,0,35.629930235739366,-1105.0924144922756,-228.8394683391676,0,0,0,1,0,0,-0.24547526739270198
2024-07-30,SILVER,2024-08-05,154594.0,155276.0,153632.0,154643.0,0.3941891198607772,49.0,1644.0,1.06343066354451,0.5851581508515815,-4367.0,-5516.0,157182.2,159463.15,158797.12,157351.06562582272,158634.22472181063,-3.0534640761831144,-2.64684901086367,2292.4285714285716,13003.637079883658,0.1255547605575318,7400,0.3238136496205035,0,7400,50.440033103289025,63205,23600.0,59.588435803560145,9960.2,1,41.03401227950492,-1283.1590959879104,-439.70339386891624,0,0,1,1,0,0,-0.35641745475244835
2024-07-31,SILVER,2024-08-05,151782.0,153040.0,150984.0,151511.0,-1.8189580449435305,271.0,2056.0,1.3545743237010976,0.38813229571984437,-5427.0,-6524.0,156529.8,158753.45,158607.14,156494.28629877308,158126.65252019506,-4.3913691324503565,-4.3031732367155815,2408.5714285714284,13212.726845538069,-0.027631433049285104,27185,1.1893095573502261,0,0,77.80608676234438,47569,-15636.0,-24.738549165414124,61.8,0,35.073359745744256,-1632.3662214219803,-678.235959379529,0,0,0,1,0,1,3.1373944209458298
2024-08-01,SILVER,2024-08-05,152595.0,153236.0,151703.0,152752.0,0.5356366367553544,157.0,1533.0,1.0046200727415708,0.5818656229615133,-4840.0,-7490.0,155780.8,158109.8,158432.18,155894.39609896182,157716.9004816621,-3.4879558382845266,-3.684339886000428,2281.5,12711.032827308343,0.06614068463799344,23727,1.0237282139012516,0,23727,53.97357384613048,15580,-31989.0,-67.24757720364103,-12012.4,0,29.506026943984878,-1822.504382700281,-907.0896440436794,1,0,0,1,0,1,2.7589370556047053
2024-08-02,SILVER,2024-08-05,152592.0,153517.0,150987.0,152602.0,-0.0019659884006650863,10.0,2530.0,1.6580161476355246,0.6343873517786561,-2446.0,-5702.0,155210.6,157626.0,158297.48,155386.33516066,157337.2782237612,-3.1936355677362873,-3.604277212751593,2277.5,12988.708877939382,0.1124326099455523,38120,1.5738343840700877,1,0,68.22493847440293,15400,-180.0,-1.1553273427471145,-8121.8,0,23.06978183506112,-1950.9430631012074,-1115.860327855185,1,1,0,1,0,1,2.2687952186222082
2024-08-05,SILVER,2024-08-05,153609.0,154096.0,152835.0,153005.0,0.6664831708084407,604.0,1261.0,0.8209154411525366,0.6137985725614592,-378.0,-4304.0,154780.2,157200.7,158235.52,155112.89898209693,157061.10946644557,-2.284786263674406,-2.9238188745485147,2109.0714285714284,12738.887143003463,0.21805229454657118,6018,0.26559803692245226,0,6018,12.152199079882454,49643,34243.0,222.3571428571429,2007.6,1,31.40552599965676,-1948.210484348645,-1282.330359153877,0,0,1,0,0,1,1.757709509208445
2024-08-06,SILVER,2024-08-05,154043.0,154522.0,153419.0,154244.0,0.28253552851720265,201.0,1103.0,0.7160338347084905,0.5657298277425205,-551.0,-4918.0,154288.4,156888.35,158122.8,154948.2991386974,156837.54580226442,-1.8136145864240436,-2.5801465696281554,2038.4285714285713,12688.416550874128,0.2757521603588917,22563,0.9824737105658488,0,22563,38.28143200800581,49015,-628.0,-1.2650323308422085,-2838.0,0,36.76990875799144,-1889.246663567028,-1403.7136200365073,0,0,0,0,0,1,2.1364164551456413
2024-08-07,SILVER,2024-08-05,156544.0,156818.0,156238.0,156798.0,1.6235726388086347,254.0,580.0,0.37050286181520853,0.5275862068965518,4762.0,-665.0,154221.9,156801.85,158090.82,155193.7915788978,156815.80166876336,-0.16444321288301497,-0.9784375841683957,2045.5,12623.505378546019,0.4795738194528575,10193,0.45352614015572856,0,10193,35.87465654836524,24974,-24041.0,-49.048250535550345,-4519.0,0,39.48196993999881,-1622.0100898655655,-1447.372914002319,0,0,0,0,0,1,0.5825838103025348
2024-08-08,SILVER,2024-08-05,156805.0,157278.0,156162.0,156493.0,0.16672628781684296,312.0,1116.0,0.7117119989796244,0.5761648745519713,4210.0,-630.0,154158.9,156710.15,158099.76,155441.6697975289,156815.0015451513,0.060525754075282184,-0.8189512748153502,1954.2857142857142,12504.761755767162,0.5075851105244977,20701,0.9532273475543072,0,20701,44.377582272570315,24037,-937.0,-3.7519019780571816,1691.4,0,45.13494086126903,-1373.3317476223747,-1432.5646807263302,0,0,0,0,0,0,0.4834029527119671
2024-08-09,SILVER,2024-08-05,156054.0,157862.0,155044.0,156185.0,-0.4789388093491942,131.0,2818.0,1.8057851769259357,0.3584102200141945,3462.0,1016.0,154260.5,156449.55,158170.56,155535.8744440629,156758.63106032528,-0.25282910689099997,-1.3381504118086185,2088.714285714286,11751.990933681838,0.46634187328494947,8536,0.4105000685288891,0,0,41.713275351508315,26167,2130.0,8.861338769397186,2153.4,0,44.069418745613476,-1222.7566162623698,-1390.6030678335383,0,0,1,0,0,0,0.16532738667384367
2024-08-12,SILVER,2024-08-05,156309.0,158319.0,154464.0,156041.0,0.16340497520088704,268.0,3855.0,2.466268736924937,0.4785992217898833,2700.0,2322.0,154492.7,156113.25,158268.46,155654.81683728402,156725.32505585672,0.12538974110141196,-1.238060950362436,2235.4285714285716,9985.017481474031,0.5196043722870981,23886,1.1655658869714367,0,23886,65.20608410594068,53148,26981.0,103.11078839760003,701.0,1,41.08870967741936,-1070.5082185727078,-1326.5840979813722,0,0,1,0,0,0,-0.7472378429904868
2024-08-13,SILVER,2024-08-05,157334.0,157473.0,157065.0,157365.0,0.6557523878983229,31.0,408.0,0.2593209350807835,0.6593137254901961,3291.0,2740.0,154766.7,155974.45,158432.58,155913.1527084711,156770.41208875622,0.8716491707455858,-0.6934053589230115,2170.6428571428573,9336.982176726102,0.6456091458960778,34410,1.5871881032387218,1,34410,71.94043855538521,31534,-21614.0,-40.667569805072624,-3496.2,0,50.44160248710521,-857.2593802851043,-1232.7191544421187,0,1,0,0,0,0,-2.972656895521629
2024-08-14,SILVER,2024-08-05,157456.0,157627.0,157058.0,157058.0,0.0775420443133612,398.0,569.0,0.3613707956508485,0.6994727592267135,912.0,5674.0,155334.1,155931.95,158540.88,156150.51383024477,156821.196378478,0.9773814795492445,-0.6842903861767416,2090.0,9188.005130264326,0.6658738734243766,38744,1.675999645281925,1,38744,46.46346965099694,66879,35345.0,112.08536817403436,8381.0,1,50.07473841554559,-670.6825482332206,-1120.3118332003392,0,1,1,0,0,0,-1.0301290519256174
2024-08-15,SILVER,2024-08-05,157563.0,158090.0,156550.0,156998.0,0.06795549232800902,565.0,1540.0,0.9773868230485584,0.6577922077922078,758.0,4968.0,155830.9,155805.85,158614.68,156367.8193948225,156876.14479488705,1.127781787397581,-0.6630407727708388,1986.2857142857142,8477.46528901154,0.7072730397702254,20957,0.9299157586931394,0,20957,43.14459026669096,75839,8960.0,13.397329505524901,10360.4,1,60.736457181733144,-508.32540006455383,-997.9145465731822,0,0,1,0,0,0,-2.5005870667605974
2024-08-16,SILVER,2024-08-05,156312.0,157487.0,155090.0,156192.0,-0.7939681270349053,120.0,2397.0,1.5334715185014587,0.5098039215686274,258.0,3720.0,156202.9,155706.75,158687.4,156359.23179561904,156834.3562915621,0.3887114720460096,-1.4969052363325597,2016.7142857142858,8167.274350471504,0.5741067305967331,37875,1.5693172071747317,1,0,45.15122554801354,39756,-36083.0,-47.57842271126993,2717.8,0,59.720712434150016,-475.1244959430478,-893.3565364471553,0,1,0,0,0,0,-2.490531756998823
2024-08-19,SILVER,2024-08-05,155141.0,155676.0,154652.0,155102.0,-0.749142740160702,39.0,1024.0,0.6600447335004931,0.4775390625,-1168.0,1532.0,156356.1,155568.15,158654.84,156171.81151936995,156708.92249218712,-0.2745741978676189,-2.2147701261430135,2017.857142857143,7908.943614340504,0.4459915229101538,6626,0.2910940849822514,0,0,45.321965646157665,22683,-17073.0,-42.94446121340175,-6093.0,0,52.18398147408768,-537.1109728171723,-822.1074237211587,0,0,0,0,0,0,-2.553161317768997
2024-08-20,SILVER,2024-08-05,152657.0,153601.0,151687.0,152536.0,-1.601124138686738,121.0,1914.0,1.2537911789174425,0.5067920585161965,-4677.0,-1386.0,156217.5,155252.95,158535.88,155631.07128562074,156408.78008535845,-1.6720777286357595,-3.7082331141694893,2006.7142857142858,7636.814819645369,0.16007425067816955,30279,1.355341196481726,0,0,53.526696458249,59485,36802.0,162.24485297359257,5590.2,0,53.58753587535876,-777.7087997377093,-813.2276989244689,0,0,1,1,0,0,0.0917088636616729
2024-08-21,SILVER,2024-08-05,155834.0,156603.0,155118.0,155465.0,2.0811361418081153,369.0,1485.0,0.9529370997343326,0.48215488215488217,-1622.0,-710.0,156146.5,155184.2,158491.8,155662.2910878329,156366.20378273932,0.41872819526729416,-1.6769321819803853,2179.0714285714284,7436.641754821583,0.5873781501682109,28072,1.2530101121915402,0,28072,58.28023543228604,21025,-38460.0,-64.65495503068,-9170.8,0,61.12370355106807,-703.9126949064084,-791.3646981208569,0,0,0,0,0,0,-2.2652309508836326
2024-08-22,SILVER,2024-08-05,153623.0,154580.0,152851.0,153500.0,-1.418817459604449,123.0,1729.0,1.1254825123842132,0.44650086755349916,-3940.0,-3182.0,155828.3,154993.6,158493.6,155348.55399739707,156163.00350253642,-0.8842945773244869,-3.0730578395594557,2211.4285714285716,7244.177381657937,0.31079977369544703,29692,1.3311395741895569,0,0,48.54828730892388,28715,7690.0,36.5755053507729,-9424.8,0,53.074491560803956,-814.449505139346,-795.9816595245547,0,0,1,0,0,1,0.6151422638537198
2024-08-23,SILVER,2024-08-05,152419.0,153301.0,151915.0,152501.0,-0.7837368102432629,82.0,1386.0,0.909335450304752,0.36363636363636365,-3893.0,-3635.0,155464.8,154862.65,158387.58,154897.85338241293,155885.66990975593,-1.5779466514359624,-3.768338401281204,2226.0,7600.630807621637,0.17849379060096032,96605,3.706773336402966,1,0,76.96051486471147,27116,-1599.0,-5.568518196064776,-2528.0,0,46.490503715937244,-987.8165273430059,-834.3486330882449,0,1,0,1,0,1,0.6377157703435924
2024-08-26,SILVER,2024-08-05,151180.0,151307.0,150996.0,151166.0,-0.812890781333031,14.0,311.0,0.20571504167217888,0.5916398713826366,-3961.0,-5129.0,154951.9,154722.3,158306.82,154325.87593896477,155537.10176829252,-2.289456658800954,-4.50190332924381,2248.8571428571427,8259.097552337684,0.07110326188151593,93390,3.087379892525195,1,0,58.64505468708886,46744,19628.0,72.38530756748783,4812.2,0,41.939298383918015,-1211.225829327741,-909.7240723361442,0,1,1,1,0,1,1.8137319751289853
2024-08-27,SILVER,2024-08-05,152797.0,153271.0,152096.0,152853.0,1.0695859240640315,56.0,1175.0,0.7689941556444171,0.5965957446808511,140.0,-4537.0,154498.2,154632.45,158316.74,154090.6642560471,155334.1312669375,-1.1869759549176202,-3.4865169659253916,2200.0,8437.082606289128,0.28245442344823796,22022,0.710844559644029,0,22022,46.59719484400027,12124,-34620.0,-74.06298134519939,-9472.2,0,38.897777777777776,-1243.4670108903956,-976.4726600469946,0,0,0,0,0,0,-0.21859067913637045
2024-08-28,SILVER,2024-08-05,152304.0,152670.0,151897.0,152100.0,-0.3226503138150649,204.0,773.0,0.5075375564660154,0.5265200517464425,-3530.0,-5152.0,153983.0,154658.55,158279.64,153815.79283203985,155109.6770990162,-1.5224182562166713,-3.7753687081926732,2184.5714285714284,8300.38279143162,0.2163323597038729,99687,2.8806983931582435,1,0,80.60468298345322,48051,35927.0,296.32959419333554,5405.2,0,36.844566551703984,-1293.8842669763544,-1039.9549814328666,0,1,1,0,0,1,2.6598119550372936
2024-08-29,SILVER,2024-08-05,154568.0,155530.0,153525.0,154930.0,1.486500682844838,362.0,2005.0,1.2971637078826148,0.5201995012468827,945.0,-2995.0,153683.5,154757.2,158198.24,153931.517011726,155069.55286945947,-0.12225602427545319,-2.294741079293923,2213.714285714286,8071.76992004778,0.4765602833239712,36162,1.0265450550573567,0,36162,78.82314162633976,17176,-30875.0,-64.25464610517992,-2307.8,0,46.00966702470462,-1138.0358577334555,-1059.5711566929845,0,0,0,0,0,0,-0.2134982661352932
2024-08-30,SILVER,2024-08-05,153391.0,154758.0,151572.0,153030.0,-0.7614771492158834,361.0,3186.0,2.0770449374474382,0.5709353421217828,972.0,-2921.0,153391.4,154797.15,158041.04,153848.36054838356,154945.21561986988,-0.9083823571687167,-2.9422990382751264,2165.9285714285716,7921.522264663305,0.3224899264283314,13897,0.4085460411721041,0,0,64.59340564244198,74818,57642.0,335.59618071727994,9540.4,0,42.53402927028963,-1096.8550714863231,-1067.027939651652,0,0,1,0,0,1,0.9368215866641459
2024-09-02,SILVER,2024-10-05,153922.0,154478.0,152504.0,154073.0,0.34617415624123016,151.0,1974.0,1.2824677434025025,0.7183383991894631,2742.0,-1219.0,153269.5,154812.8,157872.54,153859.6896947861,154869.4218702499,-0.575404617706022,-2.502360448498522,2223.785714285714,7886.859168067167,0.3870526300752627,13308,0.38708270009671253,0,13308,72.42013421671699,28676,-46142.0,-61.672324841615655,-3613.6,0,41.04367912641747,-1009.7321754638106,-1055.5687868140838,0,0,0,0,0,1,1.3552318706877509
2024-09-03,SILVER,2024-10-05,152463.0,153470.0,151723.0,152823.0,-0.9478826938319362,360.0,1747.0,1.1458517804319737,0.42358328563251285,-334.0,-194.0,153250.1,154733.8,157651.6,153644.8143571267,154691.16839837955,-1.4675526614094583,-3.2911813137323094,2340.214285714286,8139.296397890605,0.22100782561641408,26353,0.7623138726777023,0,0,46.52525548349574,55177,26501.0,92.41526014785883,8610.6,0,37.7532499386804,-1046.3540412528382,-1053.7258377018347,0,0,1,0,0,1,2.8413451132405894
2024-09-04,SILVER,2024-10-05,156355.0,156932.0,154774.0,156506.0,2.5527505034008247,151.0,2158.0,1.3801925106328548,0.7326227988878591,4051.0,521.0,153302.2,154724.35,157475.14,154061.76599449184,154814.41518368476,1.053906511806315,-0.711312274432659,2549.4285714285716,8105.584951785393,0.7011761038468687,20250,0.5773737903662689,0,20250,44.938278125314284,10997,-44180.0,-80.06959421498088,-7410.8,0,47.501034340091024,-752.6491891929181,-993.5105080000515,0,0,0,0,0,0,0.0857024079818362
2024-09-05,SILVER,2024-10-05,154238.0,155558.0,153661.0,154176.0,-1.3539701320712472,62.0,1897.0,1.229917400381229,0.30416447021613074,-330.0,615.0,153363.7,154596.0,157226.32,154088.87891841616,154771.71776267106,-0.23157132137959585,-1.9006486954601536,2565.214285714286,7872.527046974632,0.45452540234363786,21427,0.6103010917459675,0,0,44.94242520390232,69330,58333.0,530.4446667272892,10430.8,0,45.857964531075254,-682.838844254904,-931.376175251022,0,0,1,0,0,1,1.3271696987772146
2024-09-06,SILVER,2024-10-05,154828.0,156105.0,153962.0,154665.0,0.3825257070242172,163.0,2143.0,1.3841165680626244,0.4041063929071395,1437.0,2409.0,153604.6,154534.7,156977.7,154202.58985404443,154775.886817288,0.18979556047928933,-1.3694301802103175,2599.714285714286,7756.842341821408,0.5378117779213646,38276,1.0459095144538049,0,38276,30.27016867126713,53769,-15561.0,-22.44482907832107,-4209.8,0,49.36004906971989,-573.2969632435706,-859.7603328495318,0,0,0,0,0,1,1.0133825922959672
2024-09-09,SILVER,2024-10-05,156008.0,156835.0,155137.0,156332.0,0.7621360477433115,324.0,1698.0,1.0884057227834472,0.5129564193168433,2086.0,4828.0,154087.4,154519.65,156747.94,154480.34526111453,154867.15446045186,0.9632108278785292,-0.4720572404332729,2496.3571428571427,7703.350387985993,0.6932081399700071,11107,0.3088971673070158,0,11107,23.504785552486737,21231,-32538.0,-60.51442280868158,-1489.0,0,57.237268368537,-386.80919933732366,-765.1701061470902,0,0,0,0,0,0,0.09871288651864008
2024-09-10,SILVER,2024-10-05,156795.0,157800.0,155017.0,156349.0,0.5044613096764294,446.0,2783.0,1.7749290474823813,0.6388789076536112,4332.0,3998.0,154487.2,154492.7,156535.68,154836.44599017384,155009.95783375172,1.4902322245646482,0.16566191171240127,2413.285714285714,7551.104998264869,0.8048957736025419,18476,0.5254797676353268,0,18476,37.7812720220918,65965,44734.0,210.70133295652585,2157.6,1,52.3144357208227,-173.51184357787133,-646.8384536332464,0,0,1,0,0,1,0.7417328358684907
2024-09-11,SILVER,2024-10-05,156489.0,156708.0,155998.0,156185.0,-0.19515928441595776,304.0,710.0,0.45370601128513827,0.6915492957746479,134.0,4185.0,154905.7,154444.35,156345.94,155090.68506860864,155119.51651273307,1.3238749102832146,0.09150221617523147,2257.1428571428573,7276.065828243038,0.7810103767977754,8439,0.25082478823004906,0,0,-2.9181866113450696,71517,5552.0,8.416584552414164,12104.0,0,57.59970301230378,-28.831444124429254,-523.237051731483,0,0,1,0,0,1,3.594501849970286
2024-09-12,SILVER,2024-10-05,156285.0,157504.0,155736.0,156161.0,-0.13036060042559416,124.0,1768.0,1.1312665962824326,0.31052036199095023,2047.0,1717.0,155077.4,154380.45,156162.28,155274.42582728423,155205.848622901,1.2336730460365857,0.07858491820175856,2261.4285714285716,6894.571286246646,0.7762390757782434,25312,0.7474880214985493,0,0,23.448334271253515,37387,-34130.0,-47.722919026245506,-6388.6,0,60.82549283154122,68.57720438324031,-404.87420050853837,0,0,0,0,0,1,3.0789903061714177
2024-09-13,SILVER,2024-10-05,156397.0,156901.0,156161.0,156784.0,0.07166394727580183,387.0,740.0,0.4731548559115584,0.31891891891891894,1569.0,3006.0,155378.0,154384.7,156044.86,155447.12954616357,155294.08205824165,1.3034322701666605,0.22566587582571707,2212.6428571428573,6915.0133660547435,0.7910044989758387,26795,0.8044432769167261,0,26795,30.191238039351155,14090,-23297.0,-62.31310348516864,-7935.8,0,65.59268336421783,153.0474879219255,-293.2898628224456,0,0,0,0,0,1,1.3945280280312282
2024-09-16,SILVER,2024-10-05,156162.0,157515.0,154733.0,156280.0,-0.15025863667461614,118.0,2782.0,1.7814833314122516,0.5136592379583034,154.0,2240.0,155602.0,154435.75,155925.8,155557.10961598455,155358.3722761497,1.1177787526528022,0.15148230761042217,2262.0,7067.664409874764,0.7442461752411627,18136,0.5352339213646459,0,0,27.38349746650739,34945,20855.0,148.01277501774308,2742.8,0,60.96305466866489,198.73733983485727,-194.88442229098507,0,0,1,0,0,1,1.4638644484573713
2024-09-17,SILVER,2024-10-05,157958.0,158612.0,157652.0,157653.0,1.1500877294092104,305.0,960.0,0.6077564922321124,0.31875,1163.0,5495.0,156151.5,154700.8,155879.16,155926.47736737155,155550.9372927312,2.1054836174085794,1.3336227883188467,2372.714285714286,7520.08517309546,0.9331333921128003,19167,0.5750908002574362,0,19167,18.149605531027152,50239,15294.0,43.765917870940044,-3145.2,1,66.97897897897897,375.5400746403611,-80.79952290471586,0,0,1,0,0,1,3.393307081629294
2024-09-18,SILVER,2024-10-05,162114.0,162919.0,161326.0,162014.0,2.631079147621529,100.0,1593.0,0.9826418446278545,0.49466415568110483,5625.0,5759.0,156727.4,155014.8,155955.96,156878.40392623746,156037.0900858622,4.579691745562367,3.948576251911122,2496.6428571428573,10004.402954914083,1.2096075629893477,22300,0.6749384459163953,0,22300,22.100051165568352,13743,-36496.0,-72.64475805648998,-11554.8,0,70.34839823104303,841.3138403752528,103.62314975127786,0,0,0,0,0,0,-0.17641906312841582
2024-09-19,SILVER,2024-10-05,161097.0,161547.0,160350.0,160899.0,-0.6273363188867065,198.0,1197.0,0.7430305964729325,0.6240601503759399,4812.0,6859.0,157413.3,155388.5,156005.12,157527.4187068163,156411.8982276502,3.673695286330713,3.263918517546094,2395.0714285714284,11280.821507976274,1.0060358410922219,22182,0.6790848182509786,0,0,21.46590179946084,40924,27181.0,197.78068835043294,707.4,0,70.96072244587096,1115.5204791660944,306.00261563424124,0,0,1,0,0,1,2.412211276435936
2024-09-20,SILVER,2024-10-05,158578.0,159466.0,156911.0,158353.0,-1.5636541959192285,225.0,2555.0,1.6111944910391103,0.6524461839530332,2181.0,3750.0,157788.3,155696.45,155951.36,157689.0465980753,156572.35021078723,1.8507486843791159,1.684268736098239,2553.0714285714284,11260.585193734209,0.7558970027244575,9971,0.3519236504622726,0,0,8.097544586135689,20196,-20728.0,-50.64998533867657,1221.2,0,61.42857142857143,1116.6963872880733,468.1413699650077,0,0,0,0,0,1,6.114971811978963
2024-09-23,SILVER,2024-10-05,158448.0,160093.0,157731.0,158758.0,-0.08197858467126062,310.0,2362.0,1.4907098858931636,0.3035563082133785,2286.0,2440.0,158032.3,156059.85,155859.62,157805.80865990988,156711.2872322104,1.5302782874647094,1.6607123769453593,2564.714285714286,10666.52177511627,0.7238921037569402,31909,1.2632824995645082,0,0,37.197531449492026,78860,58664.0,290.47336106159634,8783.0,0,65.71608634000316,1094.5214276994811,593.4173815119025,0,0,1,0,0,1,5.539987882459861
2024-09-24,SILVER,2024-10-05,163318.0,163538.0,162869.0,162869.0,3.0735635665959826,449.0,669.0,0.409630291823314,0.6711509715994021,5360.0,6523.0,158684.6,156585.9,155923.78,158653.83809684683,157200.67336315778,4.299301533535271,4.742201606451563,2609.0714285714284,12021.294082194625,1.060014583618853,24659,0.9711842745262527,0,24659,28.290890418961517,51400,-27460.0,-34.8212021303576,232.2,0,67.39097857035816,1453.1647336890455,765.366851947331,0,0,0,0,0,1,3.0951885279026192
2024-09-25,SILVER,2024-10-05,161828.0,162349.0,160910.0,162349.0,-0.9123305453164976,521.0,1439.0,0.8892157105074523,0.6379430159833217,-286.0,5339.0,159218.5,157062.1,155994.22,159142.17069733192,157543.43829922017,3.034404862789937,3.739741126305833,2588.6428571428573,12181.678591448057,0.8912350801428807,36403,1.6378234040973705,1,0,38.48590466747886,58795,7395.0,14.387159533073923,9010.4,0,69.56992574257426,1598.7323981117515,932.0399611802152,0,1,1,0,0,1,6.058902044145635
2024-09-26,SILVER,2024-10-05,164983.0,165658.0,164163.0,165256.0,1.9496008107373175,273.0,1495.0,0.9061539673784572,0.5484949832775919,3886.0,8698.0,160088.3,157582.85,156092.18,160040.7598208193,158094.51694372238,4.696037671612103,5.695877910091337,2709.1428571428573,13835.53157406405,1.034865607467677,38586,1.7266244996677502,1,38586,19.09150539098551,61553,2758.0,4.690875074411083,4125.8,1,73.1247438174614,1946.2428770969273,1134.8805443635576,0,1,1,0,0,1,3.593097470648491
2024-09-27,SILVER,2024-10-05,168275.0,168642.0,167980.0,168642.0,1.9953570973979096,367.0,662.0,0.39340365473183775,0.44561933534743203,9697.0,11878.0,161276.1,158327.05,156291.8,161307.5660022317,158848.62679974292,6.2831651319215585,7.667196871492946,2827.1428571428573,16234.786276131228,1.1127552177650608,15360,0.6850781417255406,0,15360,12.486335669949938,34111,-27442.0,-44.582717333030075,2783.0,0,75.48298641405958,2458.9392024887784,1399.692275988602,0,0,0,0,0,1,1.34601099390878
2024-09-30,SILVER,2024-10-05,167226.0,168352.0,166595.0,167071.0,-0.6233843411083018,155.0,1757.0,1.0506739382631887,0.3591348890153671,8778.0,11064.0,162382.5,158992.25,156478.06,162218.0943095807,159469.17296272493,5.178711540971337,6.8686562192808385,2753.8571428571427,17506.073863243684,0.9703367565064287,26424,1.145056030784431,0,0,22.921033724624316,73083,38972.0,114.25053501802935,-1155.4,0,71.43561711396984,2748.9213468557573,1669.5380901620333,0,0,1,0,0,1,1.313192924545226
2024-10-01,SILVER,2024-10-05,168373.0,169233.0,167547.0,168322.0,0.6858981258895058,51.0,1686.0,1.0013481971575013,0.48991696322657174,5055.0,10415.0,163424.0,159787.75,156666.3,163165.0028773375,160128.7157062268,5.372908749262694,7.472379190674709,2840.285714285714,18275.904729569214,0.9697578657274148,37499,1.586661532798226,1,37499,26.543816664729963,71600,-1483.0,-2.029199677079485,4040.0,0,73.60559351660575,3036.2871711107146,1942.8879063517697,0,1,0,0,0,0,-0.5398727824532437
2024-10-02,SILVER,2024-10-05,171633.0,172737.0,168742.0,171141.0,1.9361774156188893,492.0,3995.0,2.327640954828034,0.7236545682102629,9805.0,9519.0,164375.9,160551.65,156954.78,164467.77166543945,160980.88491317295,6.902046786812846,9.351878292588477,3025.714285714286,20794.546543190605,1.0328969293455794,8065,0.35027676859365936,0,8065,17.05996041586789,60022,-11578.0,-16.170391061452516,245.4,0,77.1857729913561,3486.886752266495,2251.687675534715,0,0,0,0,0,0,-3.1450828220680176
2024-10-03,SILVER,2024-10-05,170911.0,172513.0,169438.0,170732.0,-0.4206650236259879,179.0,3075.0,1.79918203041349,0.4790243902439024,5928.0,9814.0,165357.3,161385.3,157224.3,165459.03756306414,161716.44899367867,5.9024582784181785,8.705206510698419,3192.5,21852.041103270545,0.9359180890692321,8259,0.36926172246129774,0,0,17.353420781340134,13199,-46823.0,-78.00972976575255,-9670.8,0,75.1647132256051,3742.5885693854652,2549.867854304865,0,0,0,0,0,0,-4.0939436314807125
2024-10-04,SILVER,2024-10-05,170540.0,170744.0,170117.0,170709.0,-0.21707204334420194,169.0,627.0,0.3676556819514483,0.6746411483253588,2265.0,11962.0,166553.5,162170.9,157534.34,166240.7240918235,162370.04536451728,5.160666926063804,8.255761886582953,3050.5,22393.836479100864,0.8737233683835506,17300,0.8115417181698561,0,0,33.805180540605384,60897,47698.0,361.3758618077127,5357.2,0,74.81190032442879,3870.678727306222,2814.0300289051365,0,0,1,0,0,0,-3.8278409757241705
2024-10-07,SILVER,2024-10-05,169422.0,169943.0,169115.0,169861.0,-0.6555646769086376,439.0,828.0,0.48872047313808126,0.37077294685990336,2196.0,10974.0,167650.9,162841.6,157843.04,166730.15115461987,162892.41237455304,4.040982156893567,7.335743153451676,2977.285714285714,22498.888689282176,0.7924766681091545,38370,1.6917541863971854,1,0,23.982566056868443,48038,-12859.0,-21.115982724928983,-5009.0,0,70.2572801809443,3837.7387800668366,3018.7717791374766,0,1,0,0,0,0,-4.038436566679652
2024-10-08,SILVER,2024-10-05,167464.0,168641.0,166697.0,167093.0,-1.155694065705748,371.0,1944.0,1.16084651029475,0.39454732510288065,-909.0,4146.0,168065.5,163375.05,158100.44,166843.05097698604,163231.0484949565,2.502799540076659,5.922538862004431,2817.5714285714284,22104.561528766528,0.684982180925811,9295,0.41828765320150935,0,0,18.6771177699418,65038,17000.0,35.38865065156751,-1312.4,0,60.2498275729941,3612.002482029522,3137.417919715886,0,0,1,0,0,0,-2.631610375961401
2024-10-09,SILVER,2024-10-05,166235.0,167148.0,164260.0,166114.0,-0.7338890746667937,121.0,2888.0,1.737299605979487,0.6838642659279779,-5398.0,4407.0,168506.2,163862.35,158389.5,166749.50467283433,163453.56342125603,1.4479531143059978,4.953295515169882,2920.4285714285716,21250.16362141521,0.6116532579358079,32209,1.375862076330465,0,0,38.566519854504335,17897,-47141.0,-72.4822411513269,-8425.0,0,59.76434815659445,3295.941251578304,3169.1225860883696,0,0,0,0,0,0,-3.6544650645170993
2024-10-10,SILVER,2024-10-05,163914.0,164126.0,163627.0,163864.0,-1.3962161999578893,50.0,499.0,0.30442793172029237,0.5751503006012024,-6997.0,-1069.0,168399.3,164243.8,158615.88,166313.27318470596,163487.66983449634,-0.2007990560374202,3.3402204117267424,2807.714285714286,20019.255555854295,0.48352586093524624,25927,1.1060629330056995,0,0,36.01645746568874,74541,56644.0,316.4999720623568,12268.4,0,60.21752450980392,2825.603350209625,3100.418738912621,0,0,1,0,0,0,-1.8924557999926792
2024-10-11,SILVER,2024-10-05,164012.0,164139.0,163555.0,163555.0,0.059787449516202074,457.0,584.0,0.3560715069629051,0.7825342465753424,-6528.0,-4263.0,167973.0,164624.55,158844.28,165959.23115628964,163526.50910601515,-0.37208909606737783,3.2533245767490033,2680.714285714286,18615.152378190076,0.46709401096723413,39579,1.6436461794019934,1,39579,47.30129235463693,24892,-49649.0,-66.60629720556473,-7201.0,0,60.66717791411043,2432.7220502744894,2966.879401184995,0,1,0,0,0,0,-0.9737092407872594
2024-10-14,SILVER,2024-10-05,162580.0,164042.0,161404.0,162773.0,-0.8731068458405433,193.0,2638.0,1.6225858039119203,0.44579226686884005,-6842.0,-4646.0,167508.4,164945.45,159023.7,165439.3494399374,163456.3973203844,-1.4340801762037156,2.236333326416118,2505.5714285714284,16970.637799634773,0.3606151384569106,14032,0.5877326721061538,0,0,33.64348178905922,18271,-6621.0,-26.598907279447214,-5953.4,0,48.37028531048494,1982.952119552996,2770.0939448585955,0,0,0,0,0,0,-2.3760610161151434
2024-10-15,SILVER,2024-10-05,163057.0,163908.0,161731.0,162821.0,0.29339402140484694,236.0,2177.0,1.335115941051289,0.6090950849793294,-4407.0,-5316.0,166976.8,165200.4,159203.98,165072.83414148548,163426.81233368925,-1.297454485582356,2.4201781890126046,2489.0714285714284,15773.257069118554,0.3641117690146305,32718,1.3325811989483696,0,32718,42.76892094789034,34815,16544.0,90.5478627332932,-6044.6,1,52.841092977021596,1646.0218077962345,2545.2795174461235,0,0,1,0,0,0,-2.2164028529900586
2024-10-16,SILVER,2024-10-05,160160.0,160770.0,159914.0,160097.0,-1.776679320728336,63.0,856.0,0.5344655344655345,0.28738317757009346,-6075.0,-11473.0,165829.5,165102.7,159276.3,164317.01350433385,163184.82623489745,-2.993712398404152,0.5548220293916997,2440.0,16186.63990228955,0.1946432348012584,17877,0.7347356480568159,0,0,46.082161718607,55612,20797.0,59.735746086457,7543.0,0,38.716017032427125,1132.1872694363992,2262.6610678441784,0,0,1,1,0,1,1.0077422577422577
2024-10-17,SILVER,2024-10-05,160812.0,162218.0,159901.0,160666.0,0.4070929070929097,146.0,2317.0,1.4408128746610949,0.39318083728959863,-3102.0,-10099.0,164819.6,165088.45,159356.44,163777.78065751324,163009.06132860875,-2.590399267786457,0.9133989188011464,2344.1428571428573,16247.923785099178,0.23680021788864464,31666,1.2765768743902537,0,31666,53.554879003049926,43357,-12255.0,-22.036610803423716,-6236.8,0,30.078479525919604,768.7193289044953,1963.8727200562419,0,0,0,0,0,0,-0.789120214909335
2024-10-18,SILVER,2024-10-05,162415.0,162583.0,162145.0,162159.0,0.9968161579981594,256.0,438.0,0.2696795246744451,0.6164383561643836,-1597.0,-8125.0,164007.1,165280.3,159483.66,163568.12209481891,162965.05678574883,-1.733600435139571,1.838019017120623,2345.1428571428573,15287.265899918566,0.31256949288654345,11766,0.4726221774120662,0,11766,36.32369030966302,26267,-17090.0,-39.41693382844754,275.0,0,37.5265750583355,603.0653090700798,1691.7112378590095,0,0,0,0,0,0,0.18594341655635255
2024-10-21,SILVER,2024-10-05,158717.0,159425.0,157837.0,158715.0,-2.2768832927993143,2.0,1588.0,1.0005229433520038,0.5541561712846348,-3863.0,-10705.0,162936.6,165293.75,159531.82,162821.79561869294,162650.3859127304,-3.9788255756796613,-0.5107570389405743,2528.785714285714,15187.593489426712,0.06696562858502915,69572,2.598073813498243,1,0,73.27419529168726,28268,2001.0,7.617923630410783,1999.4,0,27.889723392562743,171.4097059625492,1387.6509314797174,1,1,1,1,1,1,3.04315227732379
2024-10-22,SILVER,2024-10-05,159443.0,160277.0,158241.0,159375.0,0.45741791994555747,68.0,2036.0,1.276945366055581,0.5903732809430255,-3614.0,-8021.0,162134.5,165100.0,159574.0,162301.9809081248,162412.80177104665,-3.42640823743186,-0.08209357414115082,2362.5,15986.552612152766,0.14614009428776886,63052,2.197090732961762,1,63052,79.91457119684,24263,-4005.0,-14.167963775293613,-2110.4,0,18.422961351155323,-110.82086292185704,1087.9565725994025,1,1,0,1,0,1,1.7548591032532004
2024-10-23,SILVER,2024-10-05,161774.0,162543.0,160737.0,161654.0,1.4619644637895668,120.0,1806.0,1.1163722229777344,0.5741971207087486,1614.0,-4461.0,161688.4,165097.3,159660.36,162220.75307610558,162365.4831213395,-2.012934190928615,1.3238351711094816,2364.285714285714,15995.930013931764,0.29224090146021287,75255,2.4560590459374914,1,75255,57.19799444062075,69660,45397.0,187.1038206322384,2809.6,1,28.152646932236635,-144.73004523391137,841.4192490327398,1,1,1,0,1,0,0.24416778963245023
2024-10-24,SILVER,2024-10-05,159543.0,160083.0,159084.0,159310.0,-1.3790844016961956,233.0,999.0,0.6261634794381452,0.4594594594594595,-1269.0,-4371.0,161251.3,164825.3,159699.96,161808.79106439705,162156.41029753658,-3.204787129160383,-0.09828430764791166,2499.714285714286,16750.877160381235,0.18465531987223002,98582,2.930468916048733,1,0,62.2481085713959,75527,5867.0,8.422337065747909,6434.0,0,25.853058715032276,-347.61923313952866,603.6115525982862,1,1,1,1,1,1,2.3304062227737976
2024-10-25,SILVER,2024-10-05,162717.0,163796.0,161753.0,162821.0,1.9894323160527305,104.0,2043.0,1.2555541215730377,0.4718551150269212,302.0,-1295.0,161121.8,164547.4,159828.06,161948.51551602827,162197.93546068203,-1.1123846381042752,1.8075299168368821,2701.714285714286,16523.101398697996,0.3892217655854713,52330,1.474547639610751,0,52330,52.29082657402231,73379,-2148.0,-2.8440160472413822,9422.4,0,36.49655616868732,-249.4199446537532,433.0052531478783,0,0,0,0,0,0,0.443715161906869
2024-10-28,SILVER,2024-10-05,163547.0,164087.0,163066.0,164087.0,0.5100880670120489,540.0,1021.0,0.6242853736234844,0.47110675808031344,4830.0,967.0,161218.5,164363.45,159996.18,162194.4362058701,162297.86616729817,-0.49673452339921775,2.2193154861572366,2604.9285714285716,16347.591355177225,0.4500568626740572,76785,2.0202910524141666,1,76785,63.418739733714304,51271,-22108.0,-30.12851088185994,4600.6,0,41.73593822524157,-103.42996142807533,325.7182102326876,0,1,0,0,0,1,0.5845414468012253
2024-10-29,SILVER,2024-10-05,162241.0,163056.0,161146.0,162287.0,-0.798547206613387,46.0,1910.0,1.177260988282863,0.5732984293193717,2798.0,-816.0,161136.9,164056.85,160187.86,162201.59986650545,162293.6538586094,-1.1068419270515102,1.2817076150464923,2547.5714285714284,15997.372851422988,0.38649073714385024,18880,0.5092249827718508,0,0,42.560848629044585,76612,25341.0,49.42560121706228,10469.8,0,41.600773889636606,-92.0539921039599,242.1637697653581,0,0,1,0,0,0,0.3322218181594048
2024-10-30,SILVER,2024-10-05,162169.0,162492.0,161824.0,162492.0,-0.044378424689195395,323.0,668.0,0.4119159642101758,0.5164670658682635,395.0,2009.0,161337.8,163583.65,160314.56,162196.5845024277,162284.42023945315,-0.8647869148291986,1.1567508278724044,2409.0,14380.915439716831,0.40163004532430174,48185,1.232922103426262,0,0,62.61859994071566,17235,-59377.0,-77.5035242520754,-10485.0,0,45.946950341431695,-87.83573702545254,176.163868407196,0,0,0,0,0,1,0.5956748823757931
2024-10-31,SILVER,2024-10-05,163261.0,164030.0,162807.0,162807.0,0.6733716061639416,454.0,1223.0,0.749107257703922,0.3712183156173344,3718.0,2449.0,161582.7,163201.15,160507.32,162360.34073282345,162356.75948097513,0.036672535702111056,1.7156102288668162,2500.214285714286,12618.304517021577,0.5047431094977357,85625,1.993585601946438,1,85625,62.67539001004027,26417,9182.0,53.27531186539019,-9822.0,1,48.33266728830869,3.581251848314423,141.64734509541967,0,1,1,0,0,0,-1.689932071958398
2024-11-01,SILVER,2024-12-05,163439.0,163692.0,163188.0,163491.0,0.10902787561022365,52.0,504.0,0.3083719308121073,0.498015873015873,722.0,1024.0,161685.1,162846.1,160727.72,162526.28831238905,162436.92544534733,0.3640860911007351,1.6868776586888674,2347.785714285714,10573.145876530383,0.5560760257092524,7808,0.1838229668056875,0,7808,59.87161604998918,44609,18192.0,68.864746186168,-5754.0,1,52.01956082193068,89.3628670417238,131.1904494846805,0,0,1,0,0,0,-1.9040743029509481
2024-11-04,SILVER,2024-12-05,164503.0,166230.0,163705.0,164142.0,0.6510074094922214,361.0,2525.0,1.534926414715841,0.31603960396039604,956.0,5786.0,162263.7,162600.15,160994.18,162830.39780279074,162589.96800495122,1.1702633730657725,2.1794700901610278,2391.6428571428573,8756.12663946749,0.7173164092240366,20295,0.48819034010954515,0,20295,26.734492037831338,43902,-707.0,-1.5848819744894493,-1473.8,0,53.308318843232364,240.42979783951887,153.0383191556482,0,0,0,0,0,0,-3.5397530744120163
2024-11-05,SILVER,2024-12-05,162780.0,164356.0,161570.0,162299.0,-1.047397311903131,481.0,2786.0,1.7115124708195109,0.43431442928930364,539.0,3337.0,162597.4,162365.95,161193.84,162822.6442946691,162604.0444490289,0.25501036393405657,0.984007825609219,2376.6428571428573,7473.385702123749,0.5554032692146915,19669,0.46730148774310654,0,0,27.363200307634354,33645,-10257.0,-23.363400300669678,-8593.4,0,56.334622823984525,218.5998456401867,166.15062445255592,0,0,0,0,0,0,-3.3308760289961907
2024-11-06,SILVER,2024-12-05,163135.0,163795.0,162112.0,162894.0,0.21808575992137147,241.0,1683.0,1.0316608943513041,0.6078431372549019,966.0,1361.0,162733.5,162210.95,161410.46,162870.69901856617,162643.37448984158,0.569659446541672,1.0684189859814588,2331.3571428571427,6583.234779992024,0.6403641265853666,15523,0.3762576867048184,0,15523,23.319928137549848,72873,39228.0,116.59384752563531,11127.6,1,55.698376097728506,227.32452872459544,178.38540530696383,0,0,1,0,0,0,-2.1215557666962948
2024-11-07,SILVER,2024-12-05,160502.0,161425.0,159467.0,160885.0,-1.614000674288163,383.0,1958.0,1.219922493177655,0.5286006128702758,-2759.0,959.0,162829.4,162040.35,161529.14,162506.2837849406,162484.7541572607,-0.9493623038952989,-0.6358852650363978,2466.8571428571427,6547.194340050686,0.2650367592436402,18769,0.45891770827220624,0,0,22.311291184394815,74558,1685.0,2.3122418454022853,9628.2,0,45.53308737682717,21.52962767990539,147.01424978155217,0,0,1,0,0,1,0.7788064946231199
2024-11-08,SILVER,2024-12-05,160327.0,160659.0,160026.0,160632.0,-0.10903290924724196,305.0,633.0,0.39481809052748446,0.4755134281200632,-3112.0,-2390.0,162590.4,161856.1,161667.86,162171.0093564882,162324.92051598214,-0.9447280640025343,-0.8293918160356586,2185.0714285714284,6441.463436213555,0.26261605532005516,30207,0.7471469064897674,0,0,33.09711121834225,72233,-2325.0,-3.1183776388851614,5524.8,0,54.49972051425378,-153.91115949393134,86.82916792645547,0,0,0,0,0,1,1.6279229325066895
2024-11-11,SILVER,2024-12-05,158680.0,159422.0,158091.0,158757.0,-1.0272755056852545,77.0,1331.0,0.8387950592387194,0.4425244177310293,-5823.0,-4867.0,162103.7,161661.1,161763.02,161633.93099395157,162054.92640368716,-1.8440428773526876,-1.9058867718963146,2199.3571428571427,6993.251833022747,0.0737176250506251,30557,0.7406671263972192,0,0,28.539750807331224,33401,-38832.0,-53.759362064430384,-2100.2,0,47.97193131678274,-420.9954097355949,-14.7357476059546,0,0,0,1,0,1,1.4047138895891103
2024-11-12,SILVER,2024-12-05,157358.0,157876.0,156642.0,156876.0,-0.8331232669523625,482.0,1234.0,0.7841990874312078,0.580226904376013,-5422.0,-4883.0,161615.4,161376.15,161860.92,160976.09545642056,161707.00592933997,-2.4899280345949473,-2.7819686184904993,2123.5,7841.566360718338,-0.012416756444041091,19246,0.4742444086051976,0,0,32.3793304038409,17771,-15630.0,-46.795006137540796,-3174.8,0,37.59689922480621,-730.9104729194078,-157.97069266864526,0,0,0,1,0,1,1.9013968149061378
2024-11-13,SILVER,2024-12-05,159674.0,161342.0,157976.0,159612.0,1.4718031495062123,62.0,3366.0,2.1080451419767776,0.5044563279857398,-3461.0,-2495.0,161365.9,161351.85,161927.3,160775.77307850972,161556.41289753703,-1.039870320668778,-1.3915504056449952,2215.9285714285716,7916.727263743349,0.2880626748777688,17846,0.4397635340763758,0,17846,16.130190421859176,51335,33564.0,188.86950649935287,-4307.6,1,50.36618773410858,-780.639819027303,-282.5045179403768,0,0,1,0,0,1,1.8744441800167841
2024-11-14,SILVER,2024-12-05,161752.0,162263.0,161502.0,161849.0,1.301401605771768,97.0,761.0,0.4704733171769128,0.328515111695138,1250.0,-1509.0,161215.0,161398.85,162077.58,160925.96183566208,161570.9008310528,0.218805772160083,-0.20087910986824162,2097.0714285714284,7907.3878606669605,0.5446607661370245,18470,0.4626626019824103,0,18470,8.709795687534164,77449,26114.0,50.869776955293666,578.2,1,47.12643678160919,-644.938995390723,-354.9914134304461,0,0,1,0,0,1,0.7523863692566398
2024-11-15,SILVER,2024-12-05,162937.0,164633.0,162163.0,162995.0,0.7326029971808756,58.0,2470.0,1.515923332330901,0.3133603238866397,2610.0,-502.0,161164.8,161424.95,162239.76,161235.35232248332,161672.09336208593,0.9366891549292649,0.42975901838118513,2205.0,7977.350830555253,0.6895428735826006,18176,0.45167190171364957,0,18176,17.638735432000434,11942,-65507.0,-84.5808209273199,-12058.2,0,48.22115945410008,-436.7410396026098,-371.34133866487883,0,0,0,0,0,1,2.7814431344630135
2024-11-18,SILVER,2024-12-05,160909.0,162367.0,159533.0,160316.0,-1.2446528412822122,593.0,2834.0,1.7612439329061769,0.4855328158080452,2229.0,-3594.0,160805.4,161534.55,162337.78,161185.1442728705,161615.56792785737,-0.3872546151891273,-0.8801278420833394,2276.6428571428573,7581.875504682015,0.4174940290679141,18546,0.4920629445772519,0,0,1.8497288515340249,30388,18446.0,154.46323898844417,-602.6,0,46.27266621893889,-430.4236549868656,-383.1578019292762,0,0,1,0,0,1,4.575878291456662
2024-11-19,SILVER,2024-12-05,160350.0,161677.0,158898.0,160065.0,-0.3474013262154352,285.0,2779.0,1.7330838790146554,0.5224901043540842,2992.0,-2430.0,160562.4,161579.9,162408.88,161056.66053858274,161521.8221554235,-0.7611714080773625,-1.2677139328834757,2427.4285714285716,7412.6882857118035,0.3340817861759186,11805,0.33605718523284167,0,0,-1.476566828116398,67042,36654.0,120.61998157167304,9854.2,0,45.04494688095886,-465.16161684074905,-399.55856491157084,0,0,1,0,0,1,5.196757093857187
2024-11-20,SILVER,2024-12-05,162667.0,164931.0,161647.0,162646.0,1.4449641409416847,21.0,3284.0,2.018848322032127,0.3105968331303289,2993.0,-468.0,160515.6,161624.55,162532.44,161304.4050711085,161606.65014391064,0.6449824608947166,0.08278962648933202,2621.714285714286,7475.147705639596,0.6394554383471968,21788,0.6713378072753939,0,21788,9.087904869284568,63740,-3302.0,-4.925270725813668,2481.0,0,48.483146067415724,-302.2450728021504,-380.0958664896868,0,0,0,0,0,1,3.346714453453989
2024-11-21,SILVER,2024-12-05,162969.0,164429.0,162455.0,163144.0,0.18565535726360327,175.0,1974.0,1.2112733096478472,0.26038500506585616,1217.0,2467.0,160762.3,161795.85,162666.12,161560.49659863024,161707.5649480654,0.7250804022476436,0.186197347056661,2726.714285714286,7297.7428983626305,0.660755183669626,34348,1.174575708975512,0,34348,12.761455316425423,75873,12133.0,19.035142767492943,-315.2,1,48.807348761672756,-147.06834943516878,-333.49036307878316,0,0,1,0,0,1,3.336830931035964
2024-11-22,SILVER,2024-12-05,167469.0,168055.0,166115.0,166733.0,2.76126134418202,736.0,1940.0,1.158423349993133,0.6979381443298969,4532.0,7142.0,161476.5,162033.45,162887.56,162469.4971219179,162134.3379148754,3.354585118072835,2.812639590156549,2890.6428571428573,8870.99528979999,1.1127328244948873,13080,0.479465110482251,0,13080,0.47544598002550986,57024,-18849.0,-24.842829465027084,9016.4,0,56.408815903197926,335.1592070425104,-199.76044905452443,0,0,0,0,0,0,0.40186541986875185
2024-11-25,SILVER,2024-12-05,168272.0,169164.0,167647.0,168218.0,0.47949172682706376,54.0,1517.0,0.901516592184083,0.4119973632168754,7363.0,9592.0,162435.7,162269.7,163129.76,163362.18987239207,162588.97955081053,3.6989653644518894,3.152239051905667,2802.214285714286,10421.119374165195,1.07597459394623,28764,1.1561395293687335,0,28764,12.350404484995654,33450,-23574.0,-41.340488215488215,612.4,0,62.358235823582355,773.2103215815441,-5.166294927310702,0,0,0,0,0,1,0.7713701625938956
2024-11-26,SILVER,2024-12-05,168683.0,170463.0,166768.0,168732.0,0.24424740895692132,49.0,3695.0,2.190499338996817,0.5182679296346414,8333.0,11325.0,163568.2,162591.8,163344.26,164180.77604587024,163040.38847297273,3.7463143897785813,3.268397677396188,2945.9285714285716,11894.86587876291,1.0120864801742102,11630,0.4743676287940743,0,11630,10.09525982320297,66965,33515.0,100.19431988041853,-15.4,1,62.45286406895313,1140.3875728975108,223.94447863765362,0,0,1,0,0,1,1.673553351552913
2024-11-27,SILVER,2024-12-05,168111.0,169839.0,166460.0,168397.0,-0.3390975972682453,286.0,3379.0,2.0099815003182417,0.488606096478248,5444.0,8437.0,164411.9,162888.9,163464.2,164785.42588496715,163415.9893268266,3.2059274757211855,2.8427019494176635,2925.285714285714,12864.778315027826,0.905922268703214,38333,1.59559611642403,1,0,33.78313082300827,20057,-46908.0,-70.04853281564996,-8736.6,0,68.82018303240167,1369.4365581405582,453.0428945382346,0,1,0,0,0,1,1.1093860604005685
2024-11-28,SILVER,2024-12-05,168407.0,169078.0,167516.0,168640.0,0.176074141489857,233.0,1562.0,0.9275148895235946,0.5704225352112676,5438.0,6655.0,165077.4,163146.2,163610.4,165342.5911334337,163785.69382113573,3.2245924207857666,2.9317207219101022,2991.6428571428573,13780.876061070943,0.8817464126871452,20701,0.996291759813842,0,20701,28.83378046506349,18983,-1074.0,-5.35473899386748,-11378.0,0,69.86624704956728,1556.8973122979805,673.8137780901839,0,0,0,0,0,0,-0.6021127387816421
2024-11-29,SILVER,2024-12-05,168142.0,168338.0,167874.0,168338.0,-0.15735687946463184,196.0,464.0,0.2759572266298724,0.5775862068965517,673.0,5205.0,165597.9,163381.35,163801.68,165773.26942059776,164108.38316771825,2.913827067777316,2.6497408329389587,2870.0,14488.834831656364,0.8285736952151974,19859,0.9288326800931687,0,0,28.586213873345237,29995,11012.0,58.009798240531005,-5405.8,0,74.96043051598608,1664.8862528795144,872.02827304805,0,0,1,0,0,0,-2.5335728134552937
2024-12-02,SILVER,2025-02-05,169570.0,170616.0,168639.0,169298.0,0.8492821543695239,272.0,1977.0,1.1658901928407148,0.47091552857865454,1298.0,8661.0,166464.0,163634.7,164024.12,166357.3818174289,164512.9473775169,3.6271646539517524,3.3811368718210497,2901.1428571428573,15493.158780913509,0.8830916654202152,26183,1.2079815455594003,0,26183,31.567099107644935,48886,18891.0,62.98049674945825,3087.2,1,82.03567681007345,1844.4344399120018,1066.5095064208404,0,0,1,0,0,0,-2.760511882998172
2024-12-03,SILVER,2025-02-05,171506.0,172168.0,170851.0,170851.0,1.1417113876275309,655.0,1317.0,0.7679031637377118,0.4973424449506454,2823.0,11156.0,167579.6,164071.0,164187.88,167149.47692243985,165030.9512754786,4.531574745079874,4.457162124268852,2802.1428571428573,16982.090529051842,0.9378141776644455,36749,1.6311864707710062,1,36749,39.23728798912002,12673,-36213.0,-74.07642269770487,-10858.4,0,81.67023554603854,2118.525646961236,1276.9127345289196,0,1,0,0,0,0,-5.066878126712768
2024-12-04,SILVER,2025-02-05,169976.0,170450.0,169000.0,169842.0,-0.892097069490283,134.0,1450.0,0.8530616086976984,0.6731034482758621,1865.0,7309.0,168310.5,164413.05,164350.84,167584.32662667986,165397.2511809987,3.383520955301305,3.4226536353571446,2796.214285714286,17749.550053898827,0.813413578547478,36887,1.5631939382638618,1,0,30.81825383906106,44890,32217.0,254.2176280280912,4966.6,0,72.67813809838958,2187.07544568117,1458.9452767593698,0,1,1,0,0,0,-6.5668094319198
2024-12-05,SILVER,2025-02-05,167393.0,168747.0,166061.0,167728.0,-1.519626300183552,335.0,2686.0,1.6046071221616196,0.4959046909903202,-1014.0,4424.0,168752.9,164757.6,164399.04,167554.8917610368,165545.08442685063,1.5995620232389853,1.8211541867884335,2870.0714285714284,17539.78327418369,0.6502527117241502,13776,0.5900404967544775,0,0,18.788261815579926,33466,-11424.0,-25.44887502784584,2896.6,0,61.40809011776753,2009.80733418616,1569.117688244728,0,0,0,0,0,0,-4.67462797130107
2024-12-06,SILVER,2025-02-05,163882.0,164339.0,163445.0,164339.0,-2.0974592724904872,457.0,894.0,0.5455144555228763,0.4888143176733781,-4260.0,-3587.0,168394.2,164935.35,164311.18,166989.83149010804,165421.89298782466,-0.6386441717921634,-0.26119951180436596,2908.9285714285716,17065.367935647257,0.4382755763618961,20021,0.8766433505194137,0,0,29.513426056504308,60406,26940.0,80.49961154604672,6082.2,0,57.0741921667539,1567.9385022833885,1568.8818510524602,0,0,1,0,0,0,0.2587227395321024
2024-12-09,SILVER,2025-02-05,164889.0,165581.0,164043.0,165123.0,0.6144665063887444,234.0,1538.0,0.9327486976086943,0.5500650195058517,-4681.0,-3383.0,168055.9,165245.8,164264.44,166666.62664547603,165382.419433171,-0.2159207677290366,0.38021619286559993,2831.785714285714,16020.433405007469,0.4777284427343605,9327,0.4283008254216079,0,9327,12.181208829546737,13688,-46718.0,-77.33999933781412,-7039.6,0,60.57499650528866,1284.2072123050457,1511.9469233029774,0,0,0,0,0,0,-0.3402288812473846
2024-12-10,SILVER,2025-02-05,162816.0,163235.0,161918.0,162955.0,-1.2572093954114627,139.0,1317.0,0.8088885613207548,0.6818526955201215,-8690.0,-5867.0,167469.2,165518.7,164153.3,166074.222546172,165192.31428997312,-1.6328668603608,-0.8146653158967797,2716.785714285714,14421.446491435287,0.3125916147450874,12614,0.5881982639431292,0,0,21.662137444659646,79284,65596.0,479.2226767971946,13322.2,0,50.351133525003526,881.9082561988907,1385.9391898821602,0,0,1,0,0,1,1.9408411949685536
2024-12-11,SILVER,2025-02-05,158814.0,159864.0,157244.0,158935.0,-2.4579893867924474,121.0,2620.0,1.6497286133464306,0.5992366412213741,-11162.0,-9297.0,166539.5,165475.7,163896.92,164957.26523137634,164719.8465647899,-4.025787472118269,-3.1012907381053973,2973.785714285714,14732.120873507927,0.04781120402158591,6245,0.2993036218374223,0,0,-6.347461411025007,23665,-55619.0,-70.15160688159024,-4245.0,0,41.662318898743834,237.4186665864254,1156.2350852230131,0,0,0,1,0,1,4.630574130744141
2024-12-12,SILVER,2025-02-05,159568.0,159786.0,159308.0,159390.0,0.47476922689435597,178.0,478.0,0.29955880878371605,0.5439330543933054,-7825.0,-8839.0,165655.6,165366.5,163670.06,164128.14750347228,164338.2283007314,-3.5064538464562047,-2.506298341920323,2679.9285714285716,15314.967017166899,0.12138344839395815,15355,0.7414525323102851,0,15355,12.839900896320154,30641,6976.0,29.478132262835423,-565.0,1,31.340040621605027,-210.08079725911375,882.9719087265878,0,0,1,1,0,1,4.03715030582573
2024-12-13,SILVER,2025-02-05,164306.0,164978.0,163606.0,164263.0,2.9692670209565897,43.0,1372.0,0.8350273270604848,0.5102040816326531,424.0,-3836.0,165272.0,165434.95,163545.38,164155.50942601502,164335.84101919574,-0.682413238556914,0.46508192405067955,2945.285714285714,15180.444122206594,0.4256312930694474,38305,1.7639230422088987,1,38305,28.19291610467091,42500,11859.0,38.70304493978656,-3581.2,1,42.10148968374094,-180.33159318071557,670.3112083451272,0,1,1,0,0,1,2.145995885725415
2024-12-16,SILVER,2025-02-05,164328.0,165439.0,163777.0,164877.0,0.013389651017003956,549.0,1662.0,1.0113918504454507,0.3315282791817088,-561.0,-5242.0,164747.8,165605.9,163443.5,164182.04643739734,164335.260202959,-0.7716512515556476,0.5411656015687378,2800.0714285714284,14619.70188478782,0.41259055690255336,34714,1.541186812406212,1,34714,24.070990204137807,45797,3297.0,7.757647058823536,6421.8,1,41.190273900554274,-153.21376556166797,505.60621356376816,0,1,1,0,0,1,1.808577966019181
2024-12-17,SILVER,2025-02-05,165976.0,167857.0,164267.0,165663.0,1.0028723041721532,313.0,3590.0,2.162963319998072,0.47604456824512537,3160.0,-5530.0,164194.8,165887.2,163413.74,164458.03929318234,164456.7964842213,0.05353035074435421,1.567958728562243,2815.1428571428573,13757.019848639378,0.5064548863763376,22198,0.9632938940324642,0,22198,16.43008558619606,55950,10153.0,22.169574426272455,-4666.8,1,45.861280192300235,1.2428089610475581,404.73353264322407,0,0,1,0,0,1,1.1326938834530293
2024-12-18,SILVER,2025-02-05,166168.0,166705.0,165516.0,166705.0,0.11567937533136785,537.0,1189.0,0.7155408983679168,0.5483599663582843,7354.0,-3808.0,163814.0,166062.25,163412.4,164721.1101711543,164583.5523002049,0.06368093892501156,1.6862857408617742,2788.5,13419.14829049044,0.5078805299495006,6415,0.2879884355696021,0,6415,9.282433534953796,35046,-20904.0,-37.361930294906166,2276.2,0,45.64210362411927,137.5578709493857,351.29840030445644,0,0,0,0,0,1,1.4160367820518993
2024-12-19,SILVER,2025-02-05,166010.0,166138.0,165703.0,165904.0,-0.09508449280246634,106.0,435.0,0.262032407686284,0.7057471264367816,6442.0,-1383.0,163675.7,166214.3,163454.32,164919.40091405364,164689.21509278234,-0.12291361212602549,1.56354386962669,2783.6428571428573,13100.726543133496,0.48440544504708644,6652,0.31842377359935664,0,0,15.917231081107104,19638,-15408.0,-43.96507447354905,-2200.6,0,45.833007583457125,230.18582127129775,327.0758844978247,0,0,0,0,0,1,0.7457382085416542
2024-12-20,SILVER,2025-02-05,167832.0,169408.0,166172.0,168277.0,1.0975242455273815,445.0,3236.0,1.9281185947852615,0.5129789864029666,3526.0,3950.0,164070.7,166232.45,163530.72,165367.4930811223,164922.01397479846,0.9622369158368227,2.6302580946258898,2849.6428571428573,13133.983977295575,0.6217871137017599,25446,1.1830561586706774,0,25446,39.63714180106732,31173,11535.0,58.738160708829824,-2265.4,1,46.654604250076986,445.47910632382263,350.7565288630243,0,0,1,0,0,1,0.8311883311883311
2024-12-23,SILVER,2025-02-05,167300.0,167674.0,166829.0,166829.0,-0.31698365031698206,471.0,845.0,0.5050806933652122,0.557396449704142,2972.0,2411.0,164311.8,166183.85,163625.12,165664.80183787268,165098.16108777636,0.6716356613473536,2.24591431926834,2735.714285714286,13035.27949915611,0.585625321656682,59350,2.5761784877159477,1,0,58.302434935487135,23222,-7951.0,-25.50604689956052,-4515.0,0,41.44147810516035,566.6407500963251,393.93337310968445,0,1,0,0,0,1,0.9665271966527197
2024-12-24,SILVER,2025-02-05,167856.0,168390.0,167380.0,168053.0,0.33233711894800066,197.0,1010.0,0.6017062243828043,0.47128712871287126,1880.0,5040.0,164815.8,166142.5,163721.1,166001.90924743074,165302.44545164477,1.0313435755450895,2.525575506150395,2634.5714285714284,12922.257290185487,0.6326006719662989,22025,0.9349364858698305,0,22025,48.48929404107771,60064,36842.0,158.65127895960728,822.8,1,45.50809390626324,699.4637957859668,455.03945764494097,0,0,1,0,0,0,-0.23055476122390622
2024-12-25,SILVER,2025-02-05,168521.0,169346.0,168218.0,168272.0,0.3961729101134237,249.0,1128.0,0.6693527809590496,0.26861702127659576,2353.0,9707.0,165786.5,166163.0,163888.32,166389.46167090294,165540.85689967108,1.4190884854028873,2.826729812106191,2461.3571428571427,12979.927369842364,0.6816651151283474,53922,2.2156205315319757,1,53922,68.02062511890108,47010,-13054.0,-21.733484283431004,2392.8,0,52.601476014760145,848.6047712318541,533.7525203623236,0,1,0,0,0,0,-0.3026210383275737
2024-12-26,SILVER,2025-02-05,167248.0,168038.0,166571.0,166774.0,-0.7553954700007748,474.0,1467.0,0.8771405338180426,0.4614860259032038,1238.0,7680.0,166554.5,166105.05,164017.04,166521.544490764,165667.3119441399,0.6880886523317694,1.9698928843003092,2318.6428571428573,12851.95904624596,0.5889319671722628,98297,3.4836091717758797,1,0,61.66243460150069,28095,-18915.0,-40.23611997447352,1691.4,0,58.65651681925728,854.2325466241164,597.8485256146821,0,1,0,0,0,0,-0.2665323352147646
2024-12-27,SILVER,2025-02-05,169227.0,170159.0,168585.0,169301.0,1.183272744666608,74.0,1574.0,0.9301116252134707,0.4078780177890724,1395.0,4921.0,167046.6,166159.3,164153.28,166937.76841526187,165930.99254087027,1.8462403247967534,3.090842900001755,2405.214285714286,13032.14830454468,0.7353948043186569,46460,1.5724073976928323,1,46460,41.44265519023363,11439,-16656.0,-59.28457020822211,-3946.8,0,60.625061232487504,1006.7758743916056,679.6339953700668,0,1,0,0,0,0,-0.8996614015493988
2024-12-30,SILVER,2025-02-05,168917.0,169258.0,168780.0,169258.0,-0.183185898231375,341.0,478.0,0.2829792146438784,0.28661087866108786,1617.0,4589.0,167505.5,166126.65,164357.28,167242.26558214467,166152.17827858357,1.6796522412268027,2.7742732174686764,2227.1428571428573,12900.657528736745,0.7162951767213714,79457,2.466785157129219,1,0,49.482369200339996,15375,3936.0,34.408602150537625,-1569.4,0,66.35569138384001,1090.0873035611003,761.7246570082735,0,1,1,0,0,0,-1.3852187760852936
2024-12-31,SILVER,2025-02-05,167469.0,168463.0,165873.0,167186.0,-0.8572257380843884,283.0,2590.0,1.5465548847846466,0.6162162162162163,-387.0,1493.0,167654.8,165924.8,164517.8,167277.14780027626,166249.72062831814,0.9306625652102709,1.7938484467942144,2046.5714285714287,11953.652573698957,0.6291822721531694,96322,2.7372447384723806,1,0,55.21036265749175,30600,15225.0,99.02439024390245,-5892.8,0,76.88389140833695,1027.4271719581157,814.865159998242,0,1,1,0,0,0,0.10090822779140658
2025-01-01,SILVER,2025-01-31,168011.02,168544.7,167096.11,167400.92,0.32365392998106035,610.0999999999767,1448.5900000000256,0.862199396206288,0.6315865772923929,-509.9800000000105,1843.0199999999895,167839.102,165826.551,164642.5404,167390.05121561838,166380.18724844273,1.3173216151616052,2.045935146418569,2080.6135714285733,11513.970802682277,0.6897233402303827,84793,2.2560509994758506,1,84793,61.123539845131575,31461,861.0,2.813725490196073,-3109.8,1,76.57541507659417,1009.8639671756537,853.8649214337244,0,1,1,0,0,0,-0.4870513850817573
2025-01-02,SILVER,2025-02-01,166802.23,168415.58,166183.6,168273.64,-0.7194706632933867,1471.4100000000035,2231.9799999999814,1.3380996165338923,0.27716646206507667,-445.7699999999895,792.2300000000105,167918.325,165797.0125,164787.725,167299.61718244632,166411.449674484,0.6062940971267494,1.222484866515394,1853.6121428571435,11458.278401419055,0.5877284933027555,60739,1.5210284264709382,1,0,57.9173024627994,31886,425.0,1.3508788658974646,758.2,0,60.1014421555528,888.1675079623237,860.7254387394443,0,1,1,0,0,0,0.03760141576044946
2025-01-03,SILVER,2025-02-02,167704.53,168175.57,166206.1,166695.93,0.5409400102144746,1008.6000000000058,1969.4700000000012,1.1743689928948258,0.7608290555327027,-1522.4700000000012,-127.47000000000116,167905.578,165988.139,164887.4756,167361.91146206998,166507.23340230001,1.0340443662664374,1.7084708160817967,1875.5742857142864,11430.344997062988,0.6501609094424559,58018,1.386905459126473,0,58018,29.216163166806062,30801,-1085.0,-3.4027472872106834,3872.4,0,62.75499372549793,854.678059769969,859.5159629455492,0,0,0,0,0,0,0.09638976359195198
2025-01-06,SILVER,2025-02-05,166577.13,168003.69,166172.01,167960.15,-0.6722537548627949,1383.0199999999895,1831.679999999993,1.0995987264278073,0.22117400419287042,-2339.8699999999953,-722.8699999999953,167833.291,166072.5455,164948.0782,167241.17585252074,166512.41092805556,0.3038337844951002,0.987614901475109,1749.98,11393.312867126544,0.54428777703945,108427,2.3174253062236443,1,0,24.58077203354075,29965,-836.0,-2.7141975909873106,2918.0,0,52.36376676987399,728.7649244651839,833.3657552494761,0,1,0,0,0,0,0.05832133138564351
2025-01-07,SILVER,2025-02-06,167637.99,167859.24,165763.62,166494.35,0.6368581329261547,1143.6399999999849,2095.6199999999953,1.2500865704724777,0.8944226529618917,168.9899999999907,-218.0100000000093,167811.49,166313.645,165056.018,167302.22418290217,166595.78715560702,0.7962936534762384,1.5643004304150725,1814.7385714285713,11043.624404706818,0.6199194169837542,110997,2.146659485155255,1,110997,31.10676164081044,30187,222.0,0.7408643417320171,-82.6,1,55.41059320380702,706.4370272951492,807.9800096586108,0,1,1,0,0,0,-1.4826651166600007
2025-01-08,SILVER,2025-02-07,167192.72,168332.06,166462.93,167537.62,-0.26561401744317203,344.8999999999942,1869.1300000000047,1.117949393968831,0.3904436823548958,-818.2999999999884,-1328.2799999999988,167678.662,166732.581,165156.4924,167285.3773855326,166640.00440333984,0.27597425604537096,1.232907995568458,1915.0335714285716,8502.502308006166,0.5541180682264228,106393,1.8759482846021944,1,0,16.209796313946423,32797,2610.0,8.6461059396429,267.2,0,54.26308641227716,645.3729821927554,775.4586041654399,0,1,1,0,0,0,-0.9872200177136886
2025-01-09,SILVER,2025-02-08,166864.95,167963.08,166243.15,167340.35,-0.1960432248485411,475.3999999999942,1719.929999999993,1.0307317384507608,0.3615263411883158,62.720000000001164,-383.04999999998836,167640.35700000002,167097.42849999998,165228.57140000002,167220.6962492968,166656.66704012948,-0.1391275150592568,0.9903726614197405,1795.1714285714281,5180.646125923784,0.45512557809408105,72654,1.2194524263501356,0,0,4.809149419195322,32006,-791.0,-2.411805957862001,24.0,0,46.09348805606344,564.0292091673182,733.1727251658156,0,0,0,0,0,0,-0.6770565058749717
2025-01-10,SILVER,2025-02-09,167866.18,168584.82,166120.47,166563.3,0.6000241512672311,1302.8800000000047,2464.350000000006,1.4680443672453891,0.7083855783472266,161.64999999999418,-1360.820000000007,167504.275,167275.4375,165317.115,167320.00144171267,166746.26059271247,0.35315555519021913,1.5419244401887866,1899.5535714285713,4499.037200061779,0.6313042043733004,60183,0.9919222851642656,0,60183,8.366165392130252,31880,-126.0,-0.39367618571517493,215.8,0,52.2036112166294,573.7408490001981,701.286349932692,0,0,0,0,0,0,-0.6348330557113909
2025-01-13,SILVER,2025-02-12,166674.28,168471.3,165923.71,167774.57,-0.7100298583073705,1100.2900000000081,2547.5899999999965,1.5284841788427084,0.29461962089661525,97.14999999999418,-2242.720000000001,167280.003,167392.75149999998,165360.5406,167220.65968144918,166740.92869695596,-0.4292130295737358,0.7944697055495664,2003.6671428571426,3605.298697946826,0.30071789879458644,66288,1.064836679421318,0,0,2.278332968924601,31671,-209.0,-0.6555834378920933,341.2,0,45.6175913440642,479.73098449321697,656.975276844797,0,0,0,0,0,0,0.46643069344593113
2025-01-14,SILVER,2025-02-13,165152.48,166853.71,165061.78,166539.97,-0.9130382924107949,1387.4899999999907,1791.929999999993,1.0850154959828595,0.050615816466051684,-2485.50999999998,-2316.5199999999895,167048.351,167351.57549999998,165407.9902,166902.47819199547,166623.26583051478,-1.3140572435184317,-0.1544727069659962,2025.2335714285707,3937.7321316367597,-0.058467520513105484,69753,1.0792741091342892,0,0,0.6785203292916738,30263,-1408.0,-4.445707429509649,15.2,0,38.254271117080634,279.21236148069147,581.422693771976,0,0,0,1,0,1,2.6077961408753874
2025-01-15,SILVER,2025-02-14,165542.16,165893.78,164382.61,165005.77,0.2359516490457736,536.390000000014,1511.1700000000128,0.9128611104264996,0.767319361818993,-1650.5599999999977,-2468.859999999986,166801.465,167320.2835,165456.1334,166693.19847015,166543.18391714332,-1.0627064829232058,0.051993599893959554,1993.8885714285716,4131.176382126345,0.06958422116927997,76490,1.1226522126478535,0,76490,2.8412797455034595,32093,1830.0,6.04698807124211,-140.8,1,43.661424403352505,150.01455300668022,495.1410656189169,0,0,1,1,0,1,1.468550368075424
2025-01-16,SILVER,2025-02-15,165735.18,165930.66,164677.84,165324.27,0.11659869606630568,410.9100000000035,1252.820000000007,0.7559167582887393,0.843968008173553,-1129.7700000000186,-1067.0500000000175,166694.76,167306.5425,165560.797,166545.81101320384,166483.3317751327,-0.9392116270647439,0.10532867874512687,1875.4471428571435,4211.117434926215,0.12685379254270304,78478,1.0941573741784547,0,78478,5.937973773654181,32763,670.0,2.087682672233826,151.4,1,35.039382898430304,62.47923807112966,408.60870010935946,0,0,1,1,0,1,0.8126397787120491
2025-01-17,SILVER,2025-02-16,166800.51,167175.73,165525.29,166056.93,0.642790504707591,743.5800000000163,1650.4400000000023,0.9894693967062823,0.7726545648433141,-1065.6699999999837,-904.0199999999895,166604.358,167254.968,165690.2672,166584.99547271093,166506.8264584562,-0.27171569576335947,0.6700712231092396,1959.192857142858,4203.788558055763,0.3918932306599718,62721,0.8523224124470788,0,62721,4.378132275645956,32836,73.0,0.2228123187742348,191.2,1,41.48319124500915,78.16901425473043,342.5207629384337,0,0,1,0,0,0,-0.6365508115053237
2025-01-20,SILVER,2025-02-19,167451.7,167983.88,166353.56,166627.68,0.39040048498653057,824.0200000000186,1630.320000000007,0.9736061204514537,0.6735732862260226,777.4200000000128,874.570000000007,166691.815,167262.553,165865.70119999998,166718.33463075542,166576.81709116313,0.11308388913566159,0.9561945528977335,1858.2157142857156,4207.345242766489,0.5449563772607418,102753,1.356323052858755,0,102753,2.072173111983748,28169,-4667.0,-14.213058837860881,-700.4,0,49.92561417750784,141.51753959228517,302.320118269204,0,0,0,0,0,0,-0.08674143051399298
2025-01-21,SILVER,2025-02-20,169459.32,169645.38,167329.35,167428.46,1.1989248242926243,2030.8600000000151,2316.029999999999,1.3667173927052219,0.9196642530537179,4306.8399999999965,1821.3300000000163,166873.94800000003,167342.71899999998,166107.72759999998,167140.02468756228,166790.33582515107,1.2648300521518503,2.0177221423863627,1920.1757142857136,4621.7706358319265,0.9579632281165836,90819,1.146730607513807,0,90819,0.6737213351667201,29739,1570.0,5.573502786751394,-104.8,1,55.530328024096356,349.688862411218,311.7938670976068,0,0,1,0,0,0,-1.8027630466120197
2025-01-22,SILVER,2025-02-21,167973.23,169573.35,167831.41,169486.79,-0.8769597328727619,1513.5599999999977,1741.9400000000023,1.0370342940955546,0.08141497410933028,2431.070000000007,780.5100000000093,166951.999,167315.33049999998,166273.7122,167268.210120245,166877.95761588062,0.39320933594906216,1.022120561039595,1885.172857142858,4529.213007708779,0.64525691303992,130840,1.5755484134333444,1,0,5.495184337297299,32681,2942.0,9.892733447661328,117.6,0,54.37872902435489,390.25250436438364,327.48559455096216,0,1,1,0,0,0,-1.805341243958945
2025-01-23,SILVER,2025-02-22,167082.01,168338.59,166951.07,168239.38,-0.5305726394616572,1157.3699999999953,1387.5199999999895,0.8304424874946079,0.09436981088561125,1346.8300000000163,217.05999999999767,166973.70500000002,167307.03100000002,166380.3124,167239.56394789962,166893.07260729687,-0.13449584195897177,0.4217431677331158,1843.605,4533.722054736805,0.45036727058181536,79587,0.9692894532363235,0,0,4.749124465678632,30799,-1882.0,-5.758697714268224,-392.8,0,47.67027584544754,346.4913406027481,331.28674376131937,0,0,0,0,0,0,-1.2084245335569028
2025-01-24,SILVER,2025-02-23,165738.74,167661.19,165559.68,167342.19,-0.803958487212364,1603.4500000000116,2101.5100000000093,1.2679654738536141,0.08520539992671787,-1061.7700000000186,-2127.4400000000023,166760.961,167132.618,166436.34720000002,167008.66795591504,166807.56648823785,-0.8339951929670587,-0.41914354150162914,1862.8785714285727,4359.960180020775,0.18030029118445864,130483,1.5117990725265686,1,0,12.860630592356227,32021,1222.0,3.9676612877041384,-163.0,0,46.91229168584839,201.10146767718834,305.2496885444932,0,1,1,1,0,0,0.2016486911871183
2025-01-27,SILVER,2025-02-26,167306.45,167987.55,165748.61,165965.96,0.9458923122017238,1340.4900000000198,2238.9400000000023,1.3382269482138927,0.6957935451597738,-145.25,632.1700000000128,166824.178,167052.0905,166564.2962,167054.48057808197,166844.52082244246,0.15226358391487504,0.44556595676955163,1873.8207142857157,4030.4099353394704,0.5631100816246366,89732,1.0334989950877356,0,89732,8.723135699348548,30984,-1037.0,-3.238499734549205,563.0,0,48.822915409249454,209.95975563951652,286.1917019634979,0,0,0,0,0,0,0.10197455029377889
2025-01-28,SILVER,2025-02-27,166404.37,167675.65,165911.24,167545.1,-0.5391782564270642,1140.7300000000105,1764.4100000000035,1.0603147020718287,0.2794871940195327,-3054.9500000000116,1251.8899999999849,166949.367,166998.859,166685.3836,166954.46356606937,166811.9170578171,-0.35598386932691645,-0.1685892271600506,1866.3407142857156,4050.112305786228,0.3532166628686618,134418,1.5149394274431043,1,0,13.180356921749226,29841,-1143.0,-3.689000774593343,20.4,0,47.2890134808262,142.54650825227145,257.4626632212526,0,1,0,0,0,1,2.715553684076937
2025-01-29,SILVER,2025-02-28,164940.74,166662.04,164309.81,166262.93,-0.8795622374580647,1322.1900000000023,2352.2300000000105,1.4261061275704296,0.2682263214056407,-3032.49000000002,-601.4200000000128,166889.225,166845.345,166730.8584,166644.65994052024,166673.31134983068,-1.1415391900804968,-1.073657520376568,1911.5050000000026,4325.600849831884,0.05969007171014554,78574,0.8886717369385081,0,0,8.060017209765377,31883,2042.0,6.842934218022179,-159.6,0,43.86247055168576,-28.651409310434246,200.23984871491527,0,0,1,1,0,1,3.1729092521350477
2025-01-30,SILVER,2025-03-01,165062.95,165379.68,164532.12,164747.35,0.07409327737950555,315.6000000000058,847.5599999999977,0.5134768280828603,0.626303742507926,-2019.0599999999977,-672.2299999999814,166822.002,166758.381,166772.7374,166401.319949671,166554.0253239173,-1.0166991247054518,-1.0252199649989082,1796.020000000002,4610.552679048502,0.13227163465576644,105439,1.163113807860469,0,105439,11.219183875785912,28923,-2960.0,-9.283944421792178,-375.2,0,40.52754827918303,-152.70537424631766,129.6508041226687,0,0,0,1,0,1,4.462455081531007
2025-01-31,SILVER,2025-03-02,166072.95,166435.32,164383.08,164852.97,0.61188776766683,1219.9800000000105,2052.24000000002,1.2357460983260788,0.8234270845515184,334.21000000002095,-727.5599999999977,166749.24599999998,166676.802,166744.8164,166350.80149587544,166518.39011473826,-0.3622891684710776,-0.40293090634270473,1760.6378571428609,4559.264513003873,0.367554953594448,130564,1.3848587685677662,0,130564,15.609902099454496,30410,1487.0,5.141237077758176,-322.2,1,47.94274316876333,-167.58861886282102,70.20291952557076,0,0,1,0,0,1,3.879156719983586
2025-02-03,SILVER,2025-03-05,167477.06,167968.16,165370.1,165938.95,0.8454778457298362,1538.109999999986,2598.0599999999977,1.5512930547025352,0.8109743423939377,170.60999999998603,25.35999999998603,166751.782,166721.79849999998,166728.9176,166524.07203497153,166589.40269883172,0.45300704934515357,0.44871784137343407,1818.2185714285754,4613.428452446125,0.6637093774803354,62045,0.6746914845550619,0,62045,3.9794264112749786,30084,-326.0,-1.0720157842814881,-180.0,0,58.017363400831535,-65.33066386019345,43.096202848417924,0,0,0,0,0,1,3.879946304287876
2025-02-04,SILVER,2025-03-06,170923.17,171635.29,167152.02,167313.14,2.0576609118884814,3610.029999999999,4483.270000000019,2.6229738191726835,0.8411605814505947,4518.8000000000175,1463.8500000000058,166898.167,166886.05750000002,166773.721,167200.8563372836,166910.42249891825,2.4190831519882887,2.488071247148118,2030.511428571433,5914.970495928836,1.1825245371517334,67248,0.7490885354298782,0,67248,5.9794372531009055,30104,20.0,0.06648052120727943,52.6,1,65.32737747663009,290.4338383653376,92.56372995180186,0,0,1,0,0,1,0.9674873219353317
2025-02-05,SILVER,2025-03-07,170174.16,171199.65,169791.39,171198.2,-0.4382144328355264,1024.0400000000081,1408.2599999999802,0.8275404444481935,0.27180350219419347,5233.420000000013,2200.929999999993,167118.26,167035.12949999998,166814.9842,167658.28767000922,167152.18083233174,1.879263667107836,2.01371346591537,2041.6142857142881,6605.901167230681,0.9751858104646703,125810,1.3864285167220516,0,0,10.281123310171898,30534,430.0,1.4283816104172287,-269.8,0,62.25588887207761,506.1068376774783,175.27235149693718,0,0,1,0,0,1,2.5132605326213944
2025-02-06,SILVER,2025-03-08,172428.81,172916.69,170035.93,170043.44,1.3249073772422237,2385.3699999999953,2880.7600000000093,1.6706952857820045,0.830641913939376,7365.859999999986,5346.799999999988,167652.94,167313.3225,166895.4204,168392.2141823155,167543.042252159,3.057429870834098,3.3154831850616766,2129.4942857142887,8173.644089373469,1.1258515105460267,81814,0.8970641526853319,0,81814,10.701331142993325,28962,-1572.0,-5.14835920613087,7.8,0,64.58191917674054,849.1719301565026,310.05226722885027,0,0,0,0,0,1,1.8131946743702523
2025-02-07,SILVER,2025-03-09,172515.18,173244.12,172456.65,172514.05,0.050090237240518753,1.1300000000046566,787.4700000000012,0.4564641789783375,0.07432664101489422,6442.229999999981,6776.440000000002,168330.58399999997,167545.77250000002,166982.884,169026.51661580545,167911.34875199906,2.9659999329436806,3.313091657945016,2071.279285714288,9403.607527391985,1.0284575611566593,131306,1.3856968428028844,0,131306,10.355648292142357,32989,4027.0,13.904426489883303,515.8,1,63.514087694725234,1115.1678638063895,471.07538654435814,0,0,1,0,0,1,2.128531529805092
2025-02-10,SILVER,2025-03-12,173975.08,174517.66,172126.72,172480.9,0.8462443710750556,1494.179999999993,2390.9400000000023,1.374300273349495,0.7730683329569058,6498.0199999999895,6668.629999999976,168997.447,167910.81250000003,167070.9856,169787.83405952767,168360.51402962877,3.611600354801426,4.132431717694955,2076.6300000000024,10970.562149333127,1.0527763680157984,85457,0.892813207329349,0,85457,9.986969801504618,28363,-4626.0,-14.022856103549664,-344.2,0,62.415238673379285,1427.3200298988959,662.3243152152656,0,0,0,0,0,1,1.0558868546001017
2025-02-11,SILVER,2025-03-13,172576.83,174882.55,172260.0,174106.87,-0.8037070596547458,1530.0400000000081,2622.5499999999884,1.5196420052448458,0.12080989876265032,1653.6599999999744,6172.459999999992,169614.69300000003,168282.03,167092.4022,170216.91035806187,168672.83373113777,2.5521441594209366,3.2822724000552883,2139.530714285716,11399.971845101914,0.8767377725450508,131527,1.3311742037998993,0,0,10.398044899385345,29499,1136.0,4.005218065789928,-121.0,0,62.718167010341055,1544.0766269240994,838.6747775570325,0,0,1,0,0,1,2.963358406803513
2025-02-12,SILVER,2025-03-14,174451.08,174820.17,172780.91,172919.37,1.086038027236902,1531.7099999999919,2039.2600000000093,1.1689580826900066,0.8190078754057727,4276.919999999984,9510.339999999997,170565.72699999998,168727.476,167181.9038,170868.3210722062,169100.8519732757,3.392218111530331,4.348064015765794,2200.6607142857183,12342.774070664076,0.9637210376882517,90781,0.9121903380030908,0,90781,11.454628958083122,28518,-981.0,-3.32553645886301,-403.2,0,69.30941144718314,1767.46909893048,1024.433641831722,0,0,0,0,0,1,2.819770447967433
2025-02-13,SILVER,2025-03-15,175555.28,175580.99,174369.22,174621.63,0.6329568151713483,933.6499999999942,1211.7699999999895,0.6902498176073026,0.9787831024039281,3126.470000000001,10492.329999999987,171614.96,169218.481,167345.1494,171589.39167648216,169578.95775303306,3.744744050739942,4.906106110297574,2137.1078571428598,13416.468721205194,0.9723149683928729,126632,1.242373255500233,0,126632,11.98473342344597,30395,1877.0,6.581807980924337,286.6,1,76.04895958493779,2010.4339234491054,1221.6336981551988,0,0,1,0,0,1,2.595974327858436
2025-02-14,SILVER,2025-03-16,176187.22,176633.62,174522.57,175211.47,0.35996638779534074,975.75,2111.0499999999884,1.1981856572797893,0.7885412472466324,3672.040000000008,10114.26999999999,172626.387,169687.81650000002,167591.2538,172296.7498801003,170068.45866021578,3.830212229762521,5.129125777803564,2127.267857142859,14569.272998131637,0.9461034878564956,89144,0.8633914341737157,0,89144,6.641449889361027,30720,325.0,1.0692548116466583,-453.8,1,74.79732457832836,2228.2912198845297,1422.965202501065,0,0,1,0,0,1,1.3303291805160415
2025-02-17,SILVER,2025-03-19,175812.06,177156.43,175416.43,176473.14,-0.2129325838729934,661.0800000000163,1740.0,0.9896931985211935,0.22737356321839347,1836.9800000000105,8335.0,173459.887,170105.8345,167809.715,172837.56682162333,170493.91061131092,3.354514862334131,4.768701859722484,2125.5242857142875,15384.873579104431,0.8708984328444619,91916,0.8949358757161161,0,0,12.200331830758683,30515,-205.0,-0.667317708333337,430.4,0,77.06502782829936,2343.656210312416,1607.1034040633353,0,0,0,0,0,1,2.7578483523826547
2025-02-18,SILVER,2025-03-20,177690.9,178036.79,175682.66,175917.24,1.0686638902928536,1773.6600000000035,2354.1300000000047,1.3248455604648324,0.8530709858843762,5114.070000000007,6767.729999999981,174136.66,170517.4135,168107.21300000002,173584.23346445052,171027.020936399,4.206893802080805,5.70093741307815,2125.660000000001,16791.020533650008,0.9272215905890884,77335,0.7579440296532677,0,77335,9.775407231234265,31599,1084.0,3.552351302638046,420.0,1,85.82511941556612,2557.2125280515174,1797.125228860972,0,0,1,0,0,1,2.1778830542250582
2025-02-19,SILVER,2025-03-21,179370.2,179565.44,177030.19,177790.88,0.9450680929636857,1579.320000000007,2535.25,1.413417613405125,0.9229898432107324,4919.120000000024,9196.040000000008,175056.264,171087.26200000002,168518.337,174474.38216222735,171645.03420036944,4.841352829645491,6.43957399128619,2246.2092857142875,18357.98929284711,0.9511898262860032,73119,0.7374840576903583,0,73119,0.5218834925986531,29965,-1634.0,-5.1710497167631875,289.4,0,86.96564557109848,2829.347961857915,2003.5697754603607,0,0,0,0,0,1,2.549509338786486
2025-02-20,SILVER,2025-03-22,180112.65,180830.74,179221.88,179683.59,0.4139204840045707,429.0599999999977,1608.859999999986,0.893252084181753,0.5536653282448425,4557.369999999995,7683.8399999999965,175824.648,171738.794,168929.23,175341.80798342315,172272.26500034207,4.875925703775468,6.620180533587932,2214.5392857142847,19620.22445157636,0.9267971562031347,115823,1.1472354688839506,0,115823,9.859245262887828,31349,1384.0,4.618721842149176,190.8,1,86.78291433799289,3069.5429830810754,2216.764416984504,0,0,1,0,0,1,2.8178587123114376
2025-02-21,SILVER,2025-03-23,178531.09,180484.47,177771.06,180359.86,-0.8780949033840746,1828.7699999999895,2713.4100000000035,1.519852928697183,0.28010142219568657,2343.8699999999953,6015.9100000000035,176426.239,172378.4115,169213.7318,175832.4667552042,172735.88166698342,3.5692859949576743,5.506266010971568,2222.778571428571,19662.079131154285,0.8129210527004328,74680,0.7607351464119746,0,0,0.25768329391842426,28174,-3175.0,-10.12791476602124,-509.2,0,78.69389403690893,3096.585088220774,2392.728551231758,0,0,0,0,0,1,3.969179821845036
2025-02-24,SILVER,2025-03-26,180660.69,180697.74,178464.71,178820.38,1.1928454590178106,1840.3099999999977,2233.029999999999,1.2360353544536993,0.9834081942472835,4848.630000000005,6685.610000000015,177094.8,173046.1235,169540.38559999998,176575.27033132664,173322.90450646615,4.400310360029542,6.559088774421204,2062.047142857141,20376.22799368098,0.873698532542992,130340,1.3008165782755448,0,130340,11.202583985092698,31986,3812.0,13.530205153687792,294.2,1,77.13084297550131,3252.3658248604916,2564.656005957505,0,0,1,0,0,1,2.4382051331473176
2025-02-25,SILVER,2025-03-27,181560.8,181810.21,180417.74,180542.03,0.4982323492730867,1018.7699999999895,1392.4700000000012,0.7669441861899712,0.820886625923716,3869.899999999994,8983.970000000001,177993.197,173803.945,169852.0816,177342.2748957379,173933.11898746865,4.462991331986153,6.893479485034455,2060.9192857142853,20722.52525127033,0.8743199685339735,100706,1.02226102138804,0,100706,3.5379764770160333,29551,-2435.0,-7.61270555868192,-409.6,0,81.46075114745436,3409.1559082692547,2733.555986419855,0,0,0,0,0,0,
2025-02-26,SILVER,2025-03-28,183943.26,184345.76,181604.94,181846.33,1.3122105652762173,2096.930000000022,2740.820000000007,1.490035568576966,0.8531461387467988,4573.059999999998,9492.180000000022,178942.415,174754.071,170207.5868,178357.81106562438,174674.61091432284,5.258354753864368,8.069953553915271,2054.076428571429,20848.009222990542,0.9407705743849374,95337,0.959596340857655,0,95337,6.102759476039815,29369,-182.0,-0.6158844032350896,-119.2,0,81.59076929323835,3683.200151301542,2923.4848193961925,0,0,0,0,0,0,
2025-02-27,SILVER,2025-03-29,185187.97,186107.81,184208.82,184208.83,0.6766814940650567,979.140000000014,1898.9899999999907,1.0254391794456146,0.5156161959778613,5075.320000000007,9632.690000000002,179905.684,175760.322,170591.14620000002,179408.604747836,175453.37825400263,5.363922808470968,8.556612769860141,2150.450714285714,20740.64391778753,0.954549436235907,96566,0.9763263655435634,0,96566,2.2824962151248,30501,1132.0,3.854404303857817,-169.6,1,82.69093156639957,3955.226493833383,3129.833154283631,0,0,1,0,0,0,
2025-02-28,SILVER,2025-03-30,185617.31,185910.45,184935.55,185298.84,0.23184011358836631,318.47000000000116,974.9000000000233,0.5252204118247502,0.6993127500256365,7086.220000000001,9430.089999999997,180848.69300000003,176737.54,170946.85239999997,180363.79017124587,176206.26208703947,5.024269320485048,8.581882259915789,2049.305000000001,20417.69983535848,0.9349055021674083,92534,0.9538997587778075,0,92534,4.825347110277837,31535,1034.0,3.3900527851545847,672.2,1,81.71894658778771,4157.528084206395,3335.3721402681836,0,0,1,0,0,0,
2025-03-03,SILVER,2025-04-02,185065.56821715937,185683.766665173,184960.48947712095,185550.2255247845,-0.29724694471686686,484.65730762513704,723.277188052045,0.3908221259199,0.1452814242924154,4404.878217159363,9253.508217159368,181774.04382171592,177616.96541085799,171302.1637643432,181087.14063984796,176862.50698556687,4.193632510876146,8.034577118214457,1913.642656289434,19749.584131812793,0.8771523874420782,86147,0.8771615428398623,0,0,3.8241567791488356,248248,216713.0,687.2142064372919,43252.4,0,85.67056867681819,4224.63365428109,3513.224443070765,0,0,1,0,0,0,
