trade_date,symbol,expiry_date,close,volume_lots,open_interest,signal,signal_label,confidence,confidence_pct
2020-01-09,SILVERM,2020-02-05,69730.0,24390,29154,0,NO_TRADE,0.394833465745943,39.48
2020-01-10,SILVER,2020-02-05,71070.0,33083,30229,0,NO_TRADE,0.316363449053221,31.64
2020-01-10,SILVERM,2020-02-05,71157.0,99249,30229,0,NO_TRADE,0.3776527401044338,37.77
2020-01-13,SILVER,2020-02-05,71726.0,21480,62587,0,NO_TRADE,0.2879858600212151,28.8
2020-01-13,SILVERM,2020-02-05,71767.0,64440,62587,0,NO_TRADE,0.3201951839162141,32.02
2020-01-14,SILVER,2020-02-05,71352.0,16528,59713,0,NO_TRADE,0.3054284592612771,30.54
2020-01-14,SILVERM,2020-02-05,71297.0,49584,59713,0,NO_TRADE,0.3150107033121415,31.5
2020-01-15,SILVERM,2020-02-05,71785.0,32742,36997,0,NO_TRADE,0.3138728820915046,31.39
2020-01-15,SILVER,2020-02-05,71822.0,10914,36997,0,NO_TRADE,0.28961052380939933,28.96
2020-01-16,SILVER,2020-02-05,71453.0,16179,31101,0,NO_TRADE,0.3167265447374456,31.67
2020-01-16,SILVERM,2020-02-05,71481.0,48537,31101,0,NO_TRADE,0.2811889459713975,28.12
2020-01-17,SILVER,2020-02-05,71083.0,25472,50391,0,NO_TRADE,0.30535641417206333,30.54
2020-01-17,SILVERM,2020-02-05,71092.0,76416,50391,0,NO_TRADE,0.29940797036028405,29.94
2020-01-20,SILVER,2020-02-05,71301.0,17076,69405,0,NO_TRADE,0.28847917952706437,28.85
2020-01-20,SILVERM,2020-02-05,71316.0,51228,69405,0,NO_TRADE,0.3350838018397157,33.51
2020-01-21,SILVER,2020-02-05,69746.0,29783,44948,0,NO_TRADE,0.36219487029595276,36.22
2020-01-21,SILVERM,2020-02-05,69736.0,89349,44948,0,NO_TRADE,0.36053898028803993,36.05
2020-01-22,SILVERM,2020-02-05,68398.0,56472,63031,0,NO_TRADE,0.33374586452011734,33.37
2020-01-22,SILVER,2020-02-05,68375.0,18824,63031,0,NO_TRADE,0.28587083106048744,28.59
2020-01-23,SILVER,2020-02-05,67945.0,9299,47921,0,NO_TRADE,0.2387710715310867,23.88
2020-01-23,SILVERM,2020-02-05,67937.0,27897,47921,0,NO_TRADE,0.2905711323933738,29.06
2020-01-24,SILVER,2020-02-05,67165.0,13118,38460,0,NO_TRADE,0.29557908402648203,29.56
2020-01-24,SILVERM,2020-02-05,67193.0,39354,38460,0,NO_TRADE,0.25639047687225697,25.64
2020-01-27,SILVER,2020-02-05,67428.0,15756,31071,0,NO_TRADE,0.21087467406803398,21.09
2020-01-27,SILVERM,2020-02-05,67467.0,47268,31071,0,NO_TRADE,0.2827593937619069,28.28
2020-01-28,SILVERM,2020-02-05,66815.0,38859,76118,0,NO_TRADE,0.26340484760006416,26.34
2020-01-28,SILVER,2020-02-05,66735.0,12953,76118,0,NO_TRADE,0.2795440940373779,27.95
2020-01-29,SILVERM,2020-02-05,65637.0,60555,58282,1,BUY,0.6500600999443935,65.01
2020-01-29,SILVER,2020-02-05,65663.0,20185,58282,1,BUY,0.6321287926911792,63.21
2020-01-30,SILVER,2020-02-05,66811.0,19674,68445,0,NO_TRADE,0.3461099458400943,34.61
2020-01-30,SILVERM,2020-02-05,66810.0,59022,68445,0,NO_TRADE,0.3093062837410205,30.93
2020-01-31,SILVER,2020-02-05,66652.0,38927,64816,0,NO_TRADE,0.28395035663669865,28.4
2020-01-31,SILVERM,2020-02-05,66591.0,116781,64816,0,NO_TRADE,0.28267416935231393,28.27
2020-02-03,SILVER,2020-02-05,66721.0,5386,13060,0,NO_TRADE,0.170012356504212,17.0
2020-02-03,SILVERM,2020-02-05,66812.0,16158,13060,0,NO_TRADE,0.16364596897412678,16.36
2020-02-04,SILVER,2020-02-05,65639.0,31617,23731,0,NO_TRADE,0.22437293028068958,22.44
2020-02-04,SILVERM,2020-02-05,65540.0,94851,23731,0,NO_TRADE,0.2114493348254145,21.14
2020-02-05,SILVERM,2020-02-05,65325.0,36576,30719,0,NO_TRADE,0.20459800998577957,20.46
2020-02-05,SILVER,2020-02-05,65241.0,12192,30719,0,NO_TRADE,0.23864396490449397,23.86
2020-02-06,SILVER,2020-02-05,65342.0,15745,57042,0,NO_TRADE,0.2250710792349115,22.51
2020-02-06,SILVERM,2020-02-05,65347.0,47235,57042,0,NO_TRADE,0.22548526740371697,22.55
2020-02-07,SILVER,2020-02-05,64488.0,35020,59116,0,NO_TRADE,0.2841306122379415,28.41
2020-02-07,SILVERM,2020-02-05,64509.0,105060,59116,0,NO_TRADE,0.254904825579762,25.49
2020-02-10,SILVER,2020-02-05,64787.0,26159,36325,0,NO_TRADE,0.1890745232918397,18.91
2020-02-10,SILVERM,2020-02-05,64779.0,78477,36325,0,NO_TRADE,0.18323264794299093,18.32
2020-02-11,SILVER,2020-02-05,64352.0,8409,32597,0,NO_TRADE,0.28092081173112027,28.09
2020-02-11,SILVERM,2020-02-05,64354.0,25227,32597,0,NO_TRADE,0.4206708819846001,42.07
2020-02-12,SILVERM,2020-02-05,64179.0,92235,77439,1,BUY,0.6549145681148599,65.49
2020-02-12,SILVER,2020-02-05,64150.0,30745,77439,1,BUY,0.63160088293798,63.16
2020-02-13,SILVER,2020-02-05,63718.0,34455,24551,1,BUY,0.616251929692026,61.63
2020-02-13,SILVERM,2020-02-05,63636.0,103365,24551,1,BUY,0.6116172791732005,61.16
2020-02-14,SILVER,2020-02-05,65126.0,34166,34278,0,NO_TRADE,0.1810874407520109,18.11
2020-02-14,SILVERM,2020-02-05,65093.0,102498,34278,0,NO_TRADE,0.16505504227534323,16.51
2020-02-17,SILVER,2020-02-05,65132.0,33072,25141,0,NO_TRADE,0.17782564544693197,17.78
2020-02-17,SILVERM,2020-02-05,65090.0,99216,25141,0,NO_TRADE,0.19459681252020128,19.46
2020-02-18,SILVERM,2020-02-05,64373.0,51327,77913,0,NO_TRADE,0.2279640295322314,22.8
2020-02-18,SILVER,2020-02-05,64351.0,17109,77913,0,NO_TRADE,0.2760251613715309,27.6
2020-02-19,SILVERM,2020-02-05,64987.0,22452,43615,0,NO_TRADE,0.21797655343102484,21.8
2020-02-19,SILVER,2020-02-05,64987.0,7484,43615,0,NO_TRADE,0.17904849313536747,17.9
2020-02-20,SILVER,2020-02-05,64085.0,39622,72751,0,NO_TRADE,0.28312384584994854,28.31
2020-02-20,SILVERM,2020-02-05,64116.0,118866,72751,0,NO_TRADE,0.24183353476705938,24.18
2020-02-21,SILVER,2020-02-05,64258.0,18992,37452,0,NO_TRADE,0.1587650700917126,15.88
2020-02-21,SILVERM,2020-02-05,64266.0,56976,37452,0,NO_TRADE,0.2289149914385956,22.89
2020-02-24,SILVER,2020-02-05,62824.0,22457,32725,0,NO_TRADE,0.26824274645779156,26.82
2020-02-24,SILVERM,2020-02-05,62877.0,67371,32725,0,NO_TRADE,0.2297913616227785,22.98
2020-02-25,SILVERM,2020-02-05,61838.0,165300,60391,1,BUY,0.6342894193308259,63.43
2020-02-25,SILVER,2020-02-05,61875.0,55100,60391,1,BUY,0.5788588454333914,57.89
2020-02-26,SILVERM,2020-02-05,62036.0,266655,21698,1,BUY,0.613560421844892,61.36
2020-02-26,SILVER,2020-02-05,62033.0,88885,21698,1,BUY,0.6020899278251597,60.21
2020-02-27,SILVER,2020-02-05,62586.0,82290,12365,0,NO_TRADE,0.20364711332927818,20.36
2020-02-27,SILVERM,2020-02-05,62641.0,246870,12365,0,NO_TRADE,0.1975757115001054,19.76
2020-02-28,SILVER,2020-02-05,62727.0,78430,53372,0,NO_TRADE,0.17572369469226629,17.57
2020-02-28,SILVERM,2020-02-05,62772.0,235290,53372,0,NO_TRADE,0.1691033677354862,16.91
2020-03-02,SILVER,2020-04-05,62659.0,34048,54134,0,NO_TRADE,0.1775045225546813,17.75
2020-03-02,SILVERM,2020-04-05,62585.0,102144,54134,0,NO_TRADE,0.2121180194811392,21.21
2020-03-03,SILVER,2020-04-05,62456.0,24669,47823,0,NO_TRADE,0.1940182089316879,19.4
2020-03-03,SILVERM,2020-04-05,62405.0,74007,47823,0,NO_TRADE,0.20326136886382376,20.33
2020-03-04,SILVERM,2020-04-05,61401.0,44331,11949,0,NO_TRADE,0.19101826370380565,19.1
2020-03-04,SILVER,2020-04-05,61405.0,14777,11949,0,NO_TRADE,0.2228082111632048,22.28
2020-03-05,SILVER,2020-04-05,60908.0,25968,59396,1,BUY,0.6582265813340922,65.82
2020-03-05,SILVERM,2020-04-05,60896.0,77904,59396,1,BUY,0.5140405097018642,51.4
2020-03-06,SILVER,2020-04-05,60598.0,16292,41912,1,BUY,0.5040386571024055,50.4
2020-03-06,SILVERM,2020-04-05,60595.0,48876,41912,0,NO_TRADE,0.319900046338574,31.99
2020-03-09,SILVER,2020-04-05,61366.0,18923,66947,0,NO_TRADE,0.25448646978960193,25.45
2020-03-09,SILVERM,2020-04-05,61406.0,56769,66947,0,NO_TRADE,0.22452295596634586,22.45
2020-03-10,SILVERM,2020-04-05,61642.0,98109,54387,0,NO_TRADE,0.21377570320438632,21.38
2020-03-10,SILVER,2020-04-05,61628.0,32703,54387,0,NO_TRADE,0.17567660242443212,17.57
2020-03-11,SILVERM,2020-04-05,60408.0,70971,73965,0,NO_TRADE,0.23840562230593612,23.84
2020-03-11,SILVER,2020-04-05,60391.0,23657,73965,0,NO_TRADE,0.22036235990348196,22.04
2020-03-12,SILVER,2020-04-05,60636.0,8629,26508,0,NO_TRADE,0.23338036152622663,23.34
2020-03-12,SILVERM,2020-04-05,60670.0,25887,26508,0,NO_TRADE,0.26756669631649155,26.76
2020-03-13,SILVER,2020-04-05,60380.0,7114,55592,0,NO_TRADE,0.41371117162913257,41.37
2020-03-13,SILVERM,2020-04-05,60434.0,21342,55592,1,BUY,0.614937595175516,61.49
2020-03-16,SILVER,2020-04-05,59922.0,39445,11919,1,BUY,0.7672606085273158,76.73
2020-03-16,SILVERM,2020-04-05,59769.0,118335,11919,1,BUY,0.7903310348677884,79.03
2020-03-17,SILVER,2020-04-05,60367.0,30574,52595,1,BUY,0.7471875784104237,74.72
2020-03-17,SILVERM,2020-04-05,60348.0,91722,52595,1,BUY,0.730282084992145,73.03
2020-03-18,SILVERM,2020-04-05,61069.0,112047,19617,0,NO_TRADE,0.3471235238187365,34.71
2020-03-18,SILVER,2020-04-05,61113.0,37349,19617,0,NO_TRADE,0.31783473289263564,31.78
2020-03-19,SILVER,2020-04-05,61796.0,27257,43298,0,NO_TRADE,0.18056938613605894,18.06
2020-03-19,SILVERM,2020-04-05,61820.0,81771,43298,0,NO_TRADE,0.1885506127691591,18.86
2020-03-20,SILVER,2020-04-05,61211.0,22973,16929,0,NO_TRADE,0.32807981268615405,32.81
2020-03-20,SILVERM,2020-04-05,61188.0,68919,16929,1,BUY,0.6397006405427964,63.97
2020-03-23,SILVER,2020-04-05,61007.0,30737,24456,1,BUY,0.7016518469367692,70.17
2020-03-23,SILVERM,2020-04-05,61011.0,92211,24456,1,BUY,0.6707634698215205,67.08
2020-03-24,SILVER,2020-04-05,61259.0,17047,47924,1,BUY,0.6028127830206013,60.28
2020-03-24,SILVERM,2020-04-05,61302.0,51141,47924,0,NO_TRADE,0.3649188665738119,36.49
2020-03-25,SILVERM,2020-04-05,61946.0,81339,34240,0,NO_TRADE,0.23575628570212234,23.58
2020-03-25,SILVER,2020-04-05,61976.0,27113,34240,0,NO_TRADE,0.21538944603702823,21.54
2020-03-26,SILVER,2020-04-05,61647.0,5694,19228,0,NO_TRADE,0.30405905232326813,30.41
2020-03-26,SILVERM,2020-04-05,61665.0,17082,19228,0,NO_TRADE,0.27174206665253214,27.17
2020-03-27,SILVER,2020-04-05,61530.0,20588,31686,0,NO_TRADE,0.40800586395842336,40.8
2020-03-27,SILVERM,2020-04-05,61608.0,61764,31686,0,NO_TRADE,0.3884350756376749,38.84
2020-03-30,SILVER,2020-04-05,60758.0,25067,21920,1,BUY,0.532514655358518,53.25
2020-03-30,SILVERM,2020-04-05,60800.0,75201,21920,1,BUY,0.7082117512180096,70.82
2020-03-31,SILVER,2020-04-05,59933.0,11704,17432,1,BUY,0.7826357152506475,78.26
2020-03-31,SILVERM,2020-04-05,59854.0,35112,17432,1,BUY,0.8053823004644718,80.54
2020-04-01,SILVERM,2020-04-05,60504.0,20913,73575,1,BUY,0.8483622911844839,84.84
2020-04-01,SILVER,2020-04-05,60519.0,6971,73575,1,BUY,0.7904836490871388,79.05
2020-04-02,SILVER,2020-04-05,61500.0,16441,43910,1,BUY,0.6896058518703576,68.96
2020-04-02,SILVERM,2020-04-05,61518.0,49323,43910,1,BUY,0.673984047536997,67.4
2020-04-03,SILVER,2020-04-05,61464.0,36476,40226,1,BUY,0.7137760634875667,71.38
2020-04-03,SILVERM,2020-04-05,61492.0,109428,40226,1,BUY,0.7103188915053713,71.03
2020-04-06,SILVER,2020-04-05,62204.0,19677,69099,0,NO_TRADE,0.30723370229958846,30.72
2020-04-06,SILVERM,2020-04-05,62191.0,59031,69099,0,NO_TRADE,0.3475521609225853,34.76
2020-04-07,SILVER,2020-04-05,62483.0,32818,28013,0,NO_TRADE,0.31257676326152434,31.26
2020-04-07,SILVERM,2020-04-05,62451.0,98454,28013,1,BUY,0.6238133107824572,62.38
2020-04-08,SILVERM,2020-04-05,62034.0,20604,31446,1,BUY,0.7146365663027843,71.46
2020-04-08,SILVER,2020-04-05,62031.0,6868,31446,1,BUY,0.6638983516163833,66.39
2020-04-09,SILVER,2020-04-05,62310.0,23055,72509,1,BUY,0.6353431947282956,63.53
2020-04-09,SILVERM,2020-04-05,62256.0,69165,72509,1,BUY,0.7379768192032446,73.8
2020-04-10,SILVER,2020-04-05,63453.0,6728,10557,1,BUY,0.5492429422349411,54.92
2020-04-10,SILVERM,2020-04-05,63508.0,20184,10557,0,NO_TRADE,0.34120985583310154,34.12
2020-04-13,SILVER,2020-04-05,63443.0,12632,40666,0,NO_TRADE,0.32931548736637045,32.93
2020-04-13,SILVERM,2020-04-05,63536.0,37896,40666,0,NO_TRADE,0.31265201405780163,31.27
2020-04-14,SILVER,2020-04-05,64628.0,17043,47389,0,NO_TRADE,0.3097592585909094,30.98
2020-04-14,SILVERM,2020-04-05,64648.0,51129,47389,0,NO_TRADE,0.2749132615634617,27.49
2020-04-15,SILVERM,2020-04-05,62689.0,34209,57700,1,BUY,0.529732630289959,52.97
2020-04-15,SILVER,2020-04-05,62701.0,11403,57700,1,BUY,0.5771159327047719,57.71
2020-04-16,SILVER,2020-04-05,63321.0,20732,34578,0,NO_TRADE,0.26943607537169234,26.94
2020-04-16,SILVERM,2020-04-05,63368.0,62196,34578,0,NO_TRADE,0.2718215393305017,27.18
2020-04-17,SILVER,2020-04-05,63401.0,23526,19596,0,NO_TRADE,0.2815438204922073,28.15
2020-04-17,SILVERM,2020-04-05,63440.0,70578,19596,0,NO_TRADE,0.30199261607009675,30.2
2020-04-20,SILVER,2020-04-05,63197.0,14340,67500,0,NO_TRADE,0.298114539739489,29.81
2020-04-20,SILVERM,2020-04-05,63183.0,43020,67500,0,NO_TRADE,0.36898330250269984,36.9
2020-04-21,SILVER,2020-04-05,63282.0,68485,20129,0,NO_TRADE,0.33545879407470247,33.55
2020-04-21,SILVERM,2020-04-05,63280.0,205455,20129,0,NO_TRADE,0.40031561071247707,40.03
2020-04-22,SILVER,2020-04-05,61849.0,95052,73394,0,NO_TRADE,0.3833711055959409,38.34
2020-04-22,SILVERM,2020-04-05,61819.0,285156,73394,1,BUY,0.6171252608499846,61.71
2020-04-23,SILVERM,2020-04-05,61715.0,68265,76046,1,BUY,0.6385460372951539,63.85
2020-04-23,SILVER,2020-04-05,61707.0,22755,76046,1,BUY,0.6149519685617227,61.5
2020-04-24,SILVER,2020-04-05,61981.0,60397,21596,0,NO_TRADE,0.42748422330216934,42.75
2020-04-24,SILVERM,2020-04-05,61996.0,181191,21596,0,NO_TRADE,0.3250867805007804,32.51
2020-04-27,SILVER,2020-04-05,63074.0,28030,75355,0,NO_TRADE,0.2666829557691866,26.67
2020-04-27,SILVERM,2020-04-05,63035.0,84090,75355,0,NO_TRADE,0.3026189453718946,30.26
2020-04-28,SILVER,2020-04-05,62711.0,92060,22974,0,NO_TRADE,0.3378952456611811,33.79
2020-04-28,SILVERM,2020-04-05,62657.0,276180,22974,0,NO_TRADE,0.4131929484596891,41.32
2020-04-29,SILVER,2020-04-05,62139.0,41312,76673,1,BUY,0.5473812883636464,54.74
2020-04-29,SILVERM,2020-04-05,62073.0,123936,76673,1,BUY,0.5773761344391393,57.74
2020-04-30,SILVERM,2020-04-05,61814.0,253200,31818,1,BUY,0.5140007149367366,51.4
2020-04-30,SILVER,2020-04-05,61793.0,84400,31818,1,BUY,0.5027641660149729,50.28
2020-05-01,SILVER,2020-06-05,62473.0,32457,53246,0,NO_TRADE,0.35253501795757325,35.25
2020-05-01,SILVERM,2020-06-05,62472.0,97371,53246,0,NO_TRADE,0.36190422215780904,36.19
2020-05-04,SILVER,2020-06-05,62729.0,15532,65598,0,NO_TRADE,0.2729504759648414,27.3
2020-05-04,SILVERM,2020-06-05,62725.0,46596,65598,0,NO_TRADE,0.30681413668507085,30.68
2020-05-05,SILVER,2020-06-05,62359.0,18518,12654,1,BUY,0.5482793758725544,54.83
2020-05-05,SILVERM,2020-06-05,62382.0,55554,12654,1,BUY,0.6188019859656629,61.88
2020-05-06,SILVER,2020-06-05,62750.0,11476,43758,0,NO_TRADE,0.4700567620218035,47.01
2020-05-06,SILVERM,2020-06-05,62705.0,34428,43758,1,BUY,0.5044675435301188,50.45
2020-05-07,SILVERM,2020-06-05,62783.0,74229,34204,0,NO_TRADE,0.34691344140700503,34.69
2020-05-07,SILVER,2020-06-05,62837.0,24743,34204,0,NO_TRADE,0.29029573116342083,29.03
2020-05-08,SILVER,2020-06-05,63568.0,6004,44928,0,NO_TRADE,0.25696299161740405,25.7
2020-05-08,SILVERM,2020-06-05,63580.0,18012,44928,0,NO_TRADE,0.25342823099188583,25.34
2020-05-11,SILVER,2020-06-05,63066.0,8271,63609,0,NO_TRADE,0.2721739067893488,27.22
2020-05-11,SILVERM,2020-06-05,62980.0,24813,63609,0,NO_TRADE,0.3266811213178304,32.67
2020-05-12,SILVER,2020-06-05,62842.0,5209,40552,0,NO_TRADE,0.39415340406780336,39.42
2020-05-12,SILVERM,2020-06-05,62829.0,15627,40552,0,NO_TRADE,0.39722178046155426,39.72
2020-05-13,SILVER,2020-06-05,62572.0,30463,20336,0,NO_TRADE,0.410230694193035,41.02
2020-05-13,SILVERM,2020-06-05,62695.0,91389,20336,0,NO_TRADE,0.3770647467316447,37.71
2020-05-14,SILVERM,2020-06-05,61463.0,31617,57037,1,BUY,0.6755841750285048,67.56
2020-05-14,SILVER,2020-06-05,61530.0,10539,57037,1,BUY,0.6481066163507733,64.81
2020-05-15,SILVER,2020-06-05,61759.0,24977,26206,0,NO_TRADE,0.31763629235834784,31.76
2020-05-15,SILVERM,2020-06-05,61738.0,74931,26206,0,NO_TRADE,0.38045557645664163,38.05
2020-05-18,SILVER,2020-06-05,61964.0,13606,44831,0,NO_TRADE,0.3219897103166016,32.2
2020-05-18,SILVERM,2020-06-05,61858.0,40818,44831,0,NO_TRADE,0.30568983571083075,30.57
2020-05-19,SILVER,2020-06-05,61984.0,39052,53563,0,NO_TRADE,0.2700105180421015,27.0
2020-05-19,SILVERM,2020-06-05,61972.0,117156,53563,0,NO_TRADE,0.3315892726392803,33.16
2020-05-20,SILVER,2020-06-05,61831.0,8148,28361,0,NO_TRADE,0.3476785640307222,34.77
2020-05-20,SILVERM,2020-06-05,61929.0,24444,28361,0,NO_TRADE,0.29058639160986116,29.06
2020-05-21,SILVERM,2020-06-05,60859.0,115608,51335,0,NO_TRADE,0.3685877813060685,36.86
2020-05-21,SILVER,2020-06-05,60836.0,38536,51335,0,NO_TRADE,0.3257387929739668,32.57
2020-05-22,SILVER,2020-06-05,60555.0,10607,35816,0,NO_TRADE,0.238897002207514,23.89
2020-05-22,SILVERM,2020-06-05,60524.0,31821,35816,0,NO_TRADE,0.26048924896517733,26.05
2020-05-25,SILVER,2020-06-05,60330.0,24586,25619,0,NO_TRADE,0.3156317487536769,31.56
2020-05-25,SILVERM,2020-06-05,60439.0,73758,25619,0,NO_TRADE,0.23558270536340717,23.56
2020-05-26,SILVER,2020-06-05,59784.0,34250,36819,0,NO_TRADE,0.42492780096412086,42.49
2020-05-26,SILVERM,2020-06-05,59697.0,102750,36819,1,BUY,0.7139728626918564,71.4
2020-05-27,SILVER,2020-06-05,59688.0,23594,21741,1,BUY,0.7747956865377843,77.48
2020-05-27,SILVERM,2020-06-05,59711.0,70782,21741,1,BUY,0.8023640310905716,80.24
2020-05-28,SILVERM,2020-06-05,59989.0,37197,18798,1,BUY,0.719298304128412,71.93
2020-05-28,SILVER,2020-06-05,59986.0,12399,18798,1,BUY,0.7453838178176122,74.54
2020-05-29,SILVER,2020-06-05,61336.0,30117,35143,0,NO_TRADE,0.3847729591225885,38.48
2020-05-29,SILVERM,2020-06-05,61324.0,90351,35143,0,NO_TRADE,0.4890508392132723,48.91
2020-06-01,SILVER,2020-06-05,61477.0,38126,59695,0,NO_TRADE,0.25614900928595213,25.61
2020-06-01,SILVERM,2020-06-05,61517.0,114378,59695,0,NO_TRADE,0.21910779031135924,21.91
2020-06-02,SILVER,2020-06-05,61678.0,38617,42747,0,NO_TRADE,0.2431582756908655,24.32
2020-06-02,SILVERM,2020-06-05,61619.0,115851,42747,0,NO_TRADE,0.2981381376951413,29.81
2020-06-03,SILVER,2020-06-05,61641.0,12498,31182,0,NO_TRADE,0.19485283198800318,19.49
2020-06-03,SILVERM,2020-06-05,61657.0,37494,31182,0,NO_TRADE,0.2619746708614953,26.2
2020-06-04,SILVERM,2020-06-05,60303.0,43884,19415,1,BUY,0.6187340692752682,61.87
2020-06-04,SILVER,2020-06-05,60294.0,14628,19415,0,NO_TRADE,0.4384645531011464,43.85
2020-06-05,SILVER,2020-06-05,60292.0,5329,21085,1,BUY,0.7433266020372769,74.33
2020-06-05,SILVERM,2020-06-05,60248.0,15987,21085,1,BUY,0.7724950590713808,77.25
2020-06-08,SILVER,2020-06-05,60351.0,12032,25008,1,BUY,0.7611698336760151,76.12
2020-06-08,SILVERM,2020-06-05,60448.0,36096,25008,1,BUY,0.7516182549845066,75.16
2020-06-09,SILVER,2020-06-05,62125.0,25622,28452,0,NO_TRADE,0.2584858141373106,25.85
2020-06-09,SILVERM,2020-06-05,62116.0,76866,28452,0,NO_TRADE,0.2280410207231922,22.8
2020-06-10,SILVER,2020-06-05,62002.0,33584,74075,0,NO_TRADE,0.21102119090893676,21.1
2020-06-10,SILVERM,2020-06-05,61995.0,100752,74075,0,NO_TRADE,0.22292634677541417,22.29
2020-06-11,SILVERM,2020-06-05,62186.0,29166,18120,0,NO_TRADE,0.2854789400765548,28.55
2020-06-11,SILVER,2020-06-05,62237.0,9722,18120,0,NO_TRADE,0.2055782892667673,20.56
2020-06-12,SILVER,2020-06-05,62228.0,22772,74385,0,NO_TRADE,0.36405800016153445,36.41
2020-06-12,SILVERM,2020-06-05,62220.0,68316,74385,1,BUY,0.6209139684071404,62.09
2020-06-15,SILVER,2020-06-05,61403.0,25569,28170,1,BUY,0.6068798653359679,60.69
2020-06-15,SILVERM,2020-06-05,61520.0,76707,28170,1,BUY,0.6396102337487327,63.96
2020-06-16,SILVER,2020-06-05,62243.0,8235,26259,1,BUY,0.6380214247195319,63.8
2020-06-16,SILVERM,2020-06-05,62230.0,24705,26259,1,BUY,0.5936700077919804,59.37
2020-06-17,SILVER,2020-06-05,62807.0,9576,32099,0,NO_TRADE,0.385687731827113,38.57
2020-06-17,SILVERM,2020-06-05,62833.0,28728,32099,0,NO_TRADE,0.4585016474142878,45.85
2020-06-18,SILVERM,2020-06-05,63454.0,95121,19649,0,NO_TRADE,0.32307667630158304,32.31
2020-06-18,SILVER,2020-06-05,63406.0,31707,19649,0,NO_TRADE,0.47245003036840816,47.25
2020-06-19,SILVERM,2020-06-05,62745.0,116604,69258,1,BUY,0.6058549660723912,60.59
2020-06-19,SILVER,2020-06-05,62754.0,38868,69258,0,NO_TRADE,0.37347227576210945,37.35
2020-06-22,SILVER,2020-06-05,63805.0,88212,51037,0,NO_TRADE,0.33204261921814315,33.2
2020-06-22,SILVERM,2020-06-05,63785.0,264636,51037,1,BUY,0.5849031489560936,58.49
2020-06-23,SILVER,2020-06-05,62788.0,72885,21805,1,BUY,0.5873450887413233,58.73
2020-06-23,SILVERM,2020-06-05,62812.0,218655,21805,1,BUY,0.5838481368051792,58.38
2020-06-24,SILVER,2020-06-05,63235.0,62635,53147,1,BUY,0.5331685728914177,53.32
2020-06-24,SILVERM,2020-06-05,63223.0,187905,53147,1,BUY,0.6363479976581273,63.63
2020-06-25,SILVER,2020-06-05,64887.0,55412,56053,0,NO_TRADE,0.31933812526007155,31.93
2020-06-25,SILVERM,2020-06-05,64870.0,166236,56053,0,NO_TRADE,0.3045639605292072,30.46
2020-06-26,SILVERM,2020-06-05,64206.0,145791,20985,0,NO_TRADE,0.265656958800534,26.57
2020-06-26,SILVER,2020-06-05,64159.0,48597,20985,0,NO_TRADE,0.31237114367618113,31.24
2020-06-29,SILVER,2020-06-05,63754.0,68787,22391,0,NO_TRADE,0.26721962426990076,26.72
2020-06-29,SILVERM,2020-06-05,63751.0,206361,22391,0,NO_TRADE,0.2934298727214804,29.34
2020-06-30,SILVER,2020-06-05,63845.0,79905,14861,0,NO_TRADE,0.3264533381390182,32.65
2020-06-30,SILVERM,2020-06-05,63906.0,239715,14861,0,NO_TRADE,0.365413232521333,36.54
2020-07-01,SILVER,2020-08-05,63488.0,24464,73582,0,NO_TRADE,0.29946690278834537,29.95
2020-07-01,SILVERM,2020-08-05,63483.0,73392,73582,0,NO_TRADE,0.3197346312444209,31.97
2020-07-02,SILVER,2020-08-05,62367.0,35413,61928,0,NO_TRADE,0.3818728134438843,38.19
2020-07-02,SILVERM,2020-08-05,62301.0,106239,61928,0,NO_TRADE,0.3585712021399077,35.86
2020-07-03,SILVERM,2020-08-05,62263.0,114810,44364,0,NO_TRADE,0.34496523047767197,34.5
2020-07-03,SILVER,2020-08-05,62434.0,38270,44364,0,NO_TRADE,0.32130513419987294,32.13
2020-07-06,SILVER,2020-08-05,61682.0,25269,52923,0,NO_TRADE,0.31521641829111724,31.52
2020-07-06,SILVERM,2020-08-05,61590.0,75807,52923,0,NO_TRADE,0.4992739509671697,49.93
2020-07-07,SILVER,2020-08-05,62040.0,36541,17919,0,NO_TRADE,0.41052847997613695,41.05
2020-07-07,SILVERM,2020-08-05,61957.0,109623,17919,0,NO_TRADE,0.33133882764951744,33.13
2020-07-08,SILVER,2020-08-05,61395.0,13009,65896,1,BUY,0.5653396460031886,56.53
2020-07-08,SILVERM,2020-08-05,61408.0,39027,65896,1,BUY,0.5235981121394189,52.36
2020-07-09,SILVERM,2020-08-05,62482.0,66021,57396,0,NO_TRADE,0.27945478029462056,27.95
2020-07-09,SILVER,2020-08-05,62531.0,22007,57396,0,NO_TRADE,0.2383252614504781,23.83
2020-07-10,SILVERM,2020-08-05,61880.0,94386,44840,0,NO_TRADE,0.25596067498586944,25.6
2020-07-10,SILVER,2020-08-05,61979.0,31462,44840,0,NO_TRADE,0.3684753395444303,36.85
2020-07-13,SILVER,2020-08-05,61764.0,16542,52255,0,NO_TRADE,0.2515063536047463,25.15
2020-07-13,SILVERM,2020-08-05,61757.0,49626,52255,0,NO_TRADE,0.31839428054100827,31.84
2020-07-14,SILVER,2020-08-05,62369.0,22434,18176,0,NO_TRADE,0.3164685045040494,31.65
2020-07-14,SILVERM,2020-08-05,62315.0,67302,18176,0,NO_TRADE,0.41046576095304105,41.05
2020-07-15,SILVER,2020-08-05,61497.0,34765,43529,0,NO_TRADE,0.47378314157191603,47.38
2020-07-15,SILVERM,2020-08-05,61520.0,104295,43529,0,NO_TRADE,0.3175239622813622,31.75
2020-07-16,SILVERM,2020-08-05,61699.0,86307,66406,0,NO_TRADE,0.3430456253229828,34.3
2020-07-16,SILVER,2020-08-05,61677.0,28769,66406,0,NO_TRADE,0.2748747428861991,27.49
2020-07-17,SILVERM,2020-08-05,62667.0,82395,22941,0,NO_TRADE,0.3345642622578716,33.46
2020-07-17,SILVER,2020-08-05,62640.0,27465,22941,0,NO_TRADE,0.23496274298858022,23.5
2020-07-20,SILVER,2020-08-05,61494.0,26868,11669,1,BUY,0.6298753203071225,62.99
2020-07-20,SILVERM,2020-08-05,61366.0,80604,11669,1,BUY,0.6300698279599348,63.01
2020-07-21,SILVER,2020-08-05,61643.0,25156,54859,0,NO_TRADE,0.48737868311459964,48.74
2020-07-21,SILVERM,2020-08-05,61645.0,75468,54859,0,NO_TRADE,0.3763800285456421,37.64
2020-07-22,SILVER,2020-08-05,61846.0,25300,65786,0,NO_TRADE,0.2805974781259139,28.06
2020-07-22,SILVERM,2020-08-05,61840.0,75900,65786,0,NO_TRADE,0.2988269821323774,29.88
2020-07-23,SILVER,2020-08-05,62429.0,18435,61083,0,NO_TRADE,0.2319578812606872,23.2
2020-07-23,SILVERM,2020-08-05,62368.0,55305,61083,0,NO_TRADE,0.26869559024701384,26.87
2020-07-24,SILVERM,2020-08-05,61445.0,27342,50076,0,NO_TRADE,0.31926898067002685,31.93
2020-07-24,SILVER,2020-08-05,61552.0,9114,50076,0,NO_TRADE,0.3208850778388557,32.09
2020-07-27,SILVER,2020-08-05,60628.0,13095,30323,1,BUY,0.6061358957579247,60.61
2020-07-27,SILVERM,2020-08-05,60623.0,39285,30323,1,BUY,0.6101042334968835,61.01
2020-07-28,SILVER,2020-08-05,61015.0,8951,16021,1,BUY,0.5963252572492428,59.63
2020-07-28,SILVERM,2020-08-05,61068.0,26853,16021,1,BUY,0.5793097493315615,57.93
2020-07-29,SILVER,2020-08-05,61243.0,26468,49807,0,NO_TRADE,0.43974918348625897,43.97
2020-07-29,SILVERM,2020-08-05,61114.0,79404,49807,0,NO_TRADE,0.2967444752089096,29.67
2020-07-30,SILVERM,2020-08-05,61396.0,96219,60355,0,NO_TRADE,0.2708819919050591,27.09
2020-07-30,SILVER,2020-08-05,61438.0,32073,60355,0,NO_TRADE,0.24239156332699227,24.24
2020-07-31,SILVERM,2020-08-05,61711.0,118023,54732,0,NO_TRADE,0.31368001483295943,31.37
2020-07-31,SILVER,2020-08-05,61704.0,39341,54732,0,NO_TRADE,0.25805741518401965,25.81
2020-08-03,SILVER,2020-08-05,61233.0,7768,18711,1,BUY,0.5436720496004728,54.37
2020-08-03,SILVERM,2020-08-05,61289.0,23304,18711,0,NO_TRADE,0.4127034912700549,41.27
2020-08-04,SILVER,2020-08-05,61415.0,38979,73079,0,NO_TRADE,0.3736161096775523,37.36
2020-08-04,SILVERM,2020-08-05,61399.0,116937,73079,1,BUY,0.5437795334822798,54.38
2020-08-05,SILVER,2020-08-05,61642.0,30351,17904,1,BUY,0.571168164064988,57.12
2020-08-05,SILVERM,2020-08-05,61739.0,91053,17904,1,BUY,0.5493033167252444,54.93
2020-08-06,SILVER,2020-08-05,61148.0,20445,74033,1,BUY,0.6664851193953553,66.65
2020-08-06,SILVERM,2020-08-05,61058.0,61335,74033,1,BUY,0.7396872111485764,73.97
2020-08-07,SILVERM,2020-08-05,62407.0,18480,65096,0,NO_TRADE,0.2148767192905288,21.49
2020-08-07,SILVER,2020-08-05,62508.0,6160,65096,0,NO_TRADE,0.23247763838375143,23.25
2020-08-10,SILVER,2020-08-05,62871.0,27361,13093,0,NO_TRADE,0.2793017902828962,27.93
2020-08-10,SILVERM,2020-08-05,62922.0,82083,13093,0,NO_TRADE,0.26500338995278294,26.5
2020-08-11,SILVER,2020-08-05,62021.0,12041,34918,0,NO_TRADE,0.3646599549936157,36.47
2020-08-11,SILVERM,2020-08-05,61904.0,36123,34918,1,BUY,0.5771716856933782,57.72
2020-08-12,SILVER,2020-08-05,62514.0,23767,72636,0,NO_TRADE,0.3662026231233337,36.62
2020-08-12,SILVERM,2020-08-05,62537.0,71301,72636,1,BUY,0.5730645290260656,57.31
2020-08-13,SILVER,2020-08-05,61825.0,15846,68806,1,BUY,0.6285529001146659,62.86
2020-08-13,SILVERM,2020-08-05,61810.0,47538,68806,1,BUY,0.5685568734238042,56.86
2020-08-14,SILVERM,2020-08-05,62366.0,74772,19394,1,BUY,0.6005052693922337,60.05
2020-08-14,SILVER,2020-08-05,62411.0,24924,19394,0,NO_TRADE,0.3960068333740214,39.6
2020-08-17,SILVERM,2020-08-05,63255.0,56646,23280,0,NO_TRADE,0.48249263345878624,48.25
2020-08-17,SILVER,2020-08-05,63276.0,18882,23280,0,NO_TRADE,0.3240736408993743,32.41
2020-08-18,SILVER,2020-08-05,62691.0,19738,46303,0,NO_TRADE,0.44841150135041247,44.84
2020-08-18,SILVERM,2020-08-05,62627.0,59214,46303,1,BUY,0.5149179015149582,51.49
2020-08-19,SILVER,2020-08-05,63415.0,26019,37453,0,NO_TRADE,0.46217256290295966,46.22
2020-08-19,SILVERM,2020-08-05,63399.0,78057,37453,0,NO_TRADE,0.49615164241447063,49.62
2020-08-20,SILVER,2020-08-05,63738.0,6095,70695,1,BUY,0.5409044271318129,54.09
2020-08-20,SILVERM,2020-08-05,63739.0,18285,70695,1,BUY,0.5013281034136501,50.13
2020-08-21,SILVER,2020-08-05,64369.0,47807,78449,1,BUY,0.5130995719511661,51.31
2020-08-21,SILVERM,2020-08-05,64348.0,143421,78449,1,BUY,0.6066142145890613,60.66
2020-08-24,SILVERM,2020-08-05,65796.0,248490,35765,0,NO_TRADE,0.291682765976021,29.17
2020-08-24,SILVER,2020-08-05,65825.0,82830,35765,0,NO_TRADE,0.26250204191497867,26.25
2020-08-25,SILVER,2020-08-05,65654.0,15197,12340,0,NO_TRADE,0.30056955309428235,30.06
2020-08-25,SILVERM,2020-08-05,65667.0,45591,12340,0,NO_TRADE,0.23845269409330516,23.85
2020-08-26,SILVER,2020-08-05,65097.0,86642,48057,0,NO_TRADE,0.27857175577733256,27.86
2020-08-26,SILVERM,2020-08-05,65180.0,259926,48057,0,NO_TRADE,0.30080737617099146,30.08
2020-08-27,SILVER,2020-08-05,64442.0,93437,10597,0,NO_TRADE,0.27230584983631884,27.23
2020-08-27,SILVERM,2020-08-05,64429.0,280311,10597,0,NO_TRADE,0.3785878042143696,37.86
2020-08-28,SILVERM,2020-08-05,63890.0,223155,67988,1,BUY,0.5426876961190874,54.27
2020-08-28,SILVER,2020-08-05,63849.0,74385,67988,0,NO_TRADE,0.37882689879599873,37.88
2020-08-31,SILVERM,2020-08-05,63761.0,271146,25025,1,BUY,0.6394816097120555,63.95
2020-08-31,SILVER,2020-08-05,63809.0,90382,25025,1,BUY,0.5319758824720198,53.2
2020-09-01,SILVER,2020-10-05,64080.0,23344,17145,1,BUY,0.5527546091405899,55.28
2020-09-01,SILVERM,2020-10-05,64013.0,70032,17145,1,BUY,0.6038990550730189,60.39
2020-09-02,SILVER,2020-10-05,64304.0,39241,65797,1,BUY,0.592738746692637,59.27
2020-09-02,SILVERM,2020-10-05,64327.0,117723,65797,1,BUY,0.5883003633389684,58.83
2020-09-03,SILVER,2020-10-05,64944.0,9979,51723,1,BUY,0.5912378633035423,59.12
2020-09-03,SILVERM,2020-10-05,64932.0,29937,51723,1,BUY,0.5689834622790696,56.9
2020-09-04,SILVER,2020-10-05,64971.0,6212,14830,1,BUY,0.5775187822645015,57.75
2020-09-04,SILVERM,2020-10-05,65027.0,18636,14830,1,BUY,0.6092001041419177,60.92
2020-09-07,SILVERM,2020-10-05,66164.0,42003,33930,0,NO_TRADE,0.47577750170068916,47.58
2020-09-07,SILVER,2020-10-05,66098.0,14001,33930,1,BUY,0.5094182855294709,50.94
2020-09-08,SILVER,2020-10-05,65911.0,18248,33752,1,BUY,0.5215935124252836,52.16
2020-09-08,SILVERM,2020-10-05,65953.0,54744,33752,1,BUY,0.5031366457118038,50.31
2020-09-09,SILVER,2020-10-05,68052.0,38187,72040,0,NO_TRADE,0.2451182746449441,24.51
2020-09-09,SILVERM,2020-10-05,68093.0,114561,72040,0,NO_TRADE,0.28108427452010964,28.11
2020-09-10,SILVER,2020-10-05,68568.0,20608,77696,0,NO_TRADE,0.2585299109538007,25.85
2020-09-10,SILVERM,2020-10-05,68397.0,61824,77696,0,NO_TRADE,0.2929800058592281,29.3
2020-09-11,SILVER,2020-10-05,67903.0,36368,74648,0,NO_TRADE,0.32824411778252965,32.82
2020-09-11,SILVERM,2020-10-05,67925.0,109104,74648,0,NO_TRADE,0.3309078326117188,33.09
2020-09-14,SILVERM,2020-10-05,67122.0,30849,65030,1,BUY,0.508733145333093,50.87
2020-09-14,SILVER,2020-10-05,67079.0,10283,65030,0,NO_TRADE,0.3933934394445455,39.34
2020-09-15,SILVER,2020-10-05,67474.0,30854,66815,1,BUY,0.502224584968261,50.22
2020-09-15,SILVERM,2020-10-05,67410.0,92562,66815,1,BUY,0.512035823999303,51.2
2020-09-16,SILVER,2020-10-05,67316.0,15715,45690,1,BUY,0.5793774003719083,57.94
2020-09-16,SILVERM,2020-10-05,67316.0,47145,45690,1,BUY,0.5653501055808927,56.54
2020-09-17,SILVER,2020-10-05,67896.0,21165,67923,0,NO_TRADE,0.2836266913172525,28.36
2020-09-17,SILVERM,2020-10-05,67844.0,63495,67923,0,NO_TRADE,0.3165545454701022,31.66
2020-09-18,SILVER,2020-10-05,68289.0,39108,46572,0,NO_TRADE,0.28262979450954995,28.26
2020-09-18,SILVERM,2020-10-05,68340.0,117324,46572,0,NO_TRADE,0.2986466157367476,29.86
2020-09-21,SILVERM,2020-10-05,68201.0,95391,64030,0,NO_TRADE,0.347443348396425,34.74
2020-09-21,SILVER,2020-10-05,68249.0,31797,64030,0,NO_TRADE,0.30835434744205364,30.84
2020-09-22,SILVER,2020-10-05,67596.0,15584,77904,0,NO_TRADE,0.3556059608166622,35.56
2020-09-22,SILVERM,2020-10-05,67556.0,46752,77904,0,NO_TRADE,0.375242847329398,37.52
2020-09-23,SILVER,2020-10-05,66430.0,19780,39203,1,BUY,0.6239663690448792,62.4
2020-09-23,SILVERM,2020-10-05,66407.0,59340,39203,1,BUY,0.5591126072863518,55.91
2020-09-24,SILVER,2020-10-05,66102.0,26573,15608,1,BUY,0.5386931839785642,53.87
2020-09-24,SILVERM,2020-10-05,66214.0,79719,15608,0,NO_TRADE,0.3188930121587876,31.89
2020-09-25,SILVER,2020-10-05,66783.0,38359,55667,0,NO_TRADE,0.30683860961151227,30.68
2020-09-25,SILVERM,2020-10-05,66833.0,115077,55667,0,NO_TRADE,0.266376037902262,26.64
2020-09-28,SILVERM,2020-10-05,67048.0,16578,65547,0,NO_TRADE,0.2804252350027386,28.04
2020-09-28,SILVER,2020-10-05,66967.0,5526,65547,0,NO_TRADE,0.29503884534680763,29.5
2020-09-29,SILVER,2020-10-05,66019.0,12855,32485,0,NO_TRADE,0.49122733255951284,49.12
2020-09-29,SILVERM,2020-10-05,65928.0,38565,32485,0,NO_TRADE,0.37541639537451293,37.54
2020-09-30,SILVER,2020-10-05,66170.0,39060,19862,0,NO_TRADE,0.2685561822789387,26.86
2020-09-30,SILVERM,2020-10-05,66107.0,117180,19862,0,NO_TRADE,0.33946659165976345,33.95
2020-10-01,SILVER,2020-10-05,66485.0,34482,67560,0,NO_TRADE,0.2876663894475011,28.77
2020-10-01,SILVERM,2020-10-05,66552.0,103446,67560,0,NO_TRADE,0.2845481407036678,28.45
2020-10-02,SILVER,2020-10-05,65821.0,21571,38415,0,NO_TRADE,0.3782754087198328,37.83
2020-10-02,SILVERM,2020-10-05,65733.0,64713,38415,0,NO_TRADE,0.350969014578563,35.1
2020-10-05,SILVERM,2020-10-05,65922.0,110220,74523,0,NO_TRADE,0.3660922613434891,36.61
2020-10-05,SILVER,2020-10-05,65956.0,36740,74523,0,NO_TRADE,0.398019721283792,39.8
2020-10-06,SILVER,2020-10-05,66018.0,24142,29323,0,NO_TRADE,0.30328178279716533,30.33
2020-10-06,SILVERM,2020-10-05,66121.0,72426,29323,0,NO_TRADE,0.3515373670720159,35.15
2020-10-07,SILVER,2020-10-05,65161.0,30104,63214,1,BUY,0.6258884335053297,62.59
2020-10-07,SILVERM,2020-10-05,65113.0,90312,63214,1,BUY,0.5676560083755487,56.77
2020-10-08,SILVER,2020-10-05,65451.0,13625,27997,0,NO_TRADE,0.4204787156275918,42.05
2020-10-08,SILVERM,2020-10-05,65360.0,40875,27997,0,NO_TRADE,0.464869478390049,46.49
2020-10-09,SILVER,2020-10-05,65897.0,20926,67003,1,BUY,0.5066715270268466,50.67
2020-10-09,SILVERM,2020-10-05,65899.0,62778,67003,0,NO_TRADE,0.46017637321816224,46.02
2020-10-12,SILVER,2020-10-05,66752.0,36218,13679,0,NO_TRADE,0.21626874460721787,21.63
2020-10-12,SILVERM,2020-10-05,66663.0,108654,13679,0,NO_TRADE,0.3011732382573131,30.12
2020-10-13,SILVERM,2020-10-05,67656.0,94140,50308,0,NO_TRADE,0.2751272364868483,27.51
2020-10-13,SILVER,2020-10-05,67594.0,31380,50308,0,NO_TRADE,0.2640482605362516,26.4
2020-10-14,SILVER,2020-10-05,66535.0,25566,49842,0,NO_TRADE,0.3244405896987353,32.44
2020-10-14,SILVERM,2020-10-05,66490.0,76698,49842,0,NO_TRADE,0.3498982428099472,34.99
2020-10-15,SILVER,2020-10-05,65829.0,38205,75408,1,BUY,0.5561868318074786,55.62
2020-10-15,SILVERM,2020-10-05,65774.0,114615,75408,1,BUY,0.5421682343660928,54.22
2020-10-16,SILVER,2020-10-05,66242.0,34717,79532,0,NO_TRADE,0.48190454264662447,48.19
2020-10-16,SILVERM,2020-10-05,66243.0,104151,79532,1,BUY,0.5385957744191089,53.86
2020-10-19,SILVER,2020-10-05,66657.0,30135,63938,0,NO_TRADE,0.45132475678149603,45.13
2020-10-19,SILVERM,2020-10-05,66637.0,90405,63938,0,NO_TRADE,0.44161653918896426,44.16
2020-10-20,SILVERM,2020-10-05,67089.0,99492,15695,1,BUY,0.5161399758490621,51.61
2020-10-20,SILVER,2020-10-05,67076.0,33164,15695,1,BUY,0.5062715597337109,50.63
2020-10-21,SILVER,2020-10-05,70175.0,34882,68499,1,BUY,0.5426013782433272,54.26
2020-10-21,SILVERM,2020-10-05,70201.0,104646,68499,0,NO_TRADE,0.4851503686099089,48.52
2020-10-22,SILVER,2020-10-05,70661.0,21435,33382,1,BUY,0.5913025625886617,59.13
2020-10-22,SILVERM,2020-10-05,70650.0,64305,33382,1,BUY,0.6033019751424866,60.33
2020-10-23,SILVER,2020-10-05,71621.0,62922,24235,1,BUY,0.593309916358298,59.33
2020-10-23,SILVERM,2020-10-05,71563.0,188766,24235,1,BUY,0.6316327503160707,63.16
2020-10-26,SILVER,2020-10-05,72439.0,66510,72223,0,NO_TRADE,0.36276678667195944,36.28
2020-10-26,SILVERM,2020-10-05,72476.0,199530,72223,1,BUY,0.5775043450932411,57.75
2020-10-27,SILVERM,2020-10-05,72975.0,218505,12366,0,NO_TRADE,0.23443429862619602,23.44
2020-10-27,SILVER,2020-10-05,73010.0,72835,12366,1,BUY,0.5386398017258925,53.86
2020-10-28,SILVER,2020-10-05,72760.0,70505,37467,0,NO_TRADE,0.2412114381650265,24.12
2020-10-28,SILVERM,2020-10-05,72717.0,211515,37467,0,NO_TRADE,0.2547145585718966,25.47
2020-10-29,SILVER,2020-10-05,73425.0,14210,69316,0,NO_TRADE,0.16089976205292622,16.09
2020-10-29,SILVERM,2020-10-05,73432.0,42630,69316,0,NO_TRADE,0.22046809992068175,22.05
2020-10-30,SILVER,2020-10-05,72785.0,32517,16764,0,NO_TRADE,0.25848376941419204,25.85
2020-10-30,SILVERM,2020-10-05,72689.0,97551,16764,0,NO_TRADE,0.25488099940251563,25.49
2020-11-02,SILVER,2020-12-05,72602.0,14255,71836,0,NO_TRADE,0.35136556160719024,35.14
2020-11-02,SILVERM,2020-12-05,72622.0,42765,71836,0,NO_TRADE,0.4800260359049842,48.0
2020-11-03,SILVERM,2020-12-05,72221.0,111786,41923,0,NO_TRADE,0.44422770398907707,44.42
2020-11-03,SILVER,2020-12-05,72211.0,37262,41923,0,NO_TRADE,0.477881105515411,47.79
2020-11-04,SILVER,2020-12-05,72298.0,23093,26292,0,NO_TRADE,0.44326199384537246,44.33
2020-11-04,SILVERM,2020-12-05,72354.0,69279,26292,0,NO_TRADE,0.4379250239630592,43.79
2020-11-05,SILVER,2020-12-05,74293.0,10782,11614,0,NO_TRADE,0.29241340221127293,29.24
2020-11-05,SILVERM,2020-12-05,74268.0,32346,11614,0,NO_TRADE,0.31444069822856124,31.44
2020-11-06,SILVER,2020-12-05,72712.0,6234,30939,0,NO_TRADE,0.30739755126187973,30.74
2020-11-06,SILVERM,2020-12-05,72778.0,18702,30939,0,NO_TRADE,0.33936679439014805,33.94
2020-11-09,SILVERM,2020-12-05,73340.0,117564,28800,0,NO_TRADE,0.3707751786578735,37.08
2020-11-09,SILVER,2020-12-05,73314.0,39188,28800,0,NO_TRADE,0.30627616908853406,30.63
2020-11-10,SILVERM,2020-12-05,71966.0,110988,66440,1,BUY,0.5686536618650826,56.87
2020-11-10,SILVER,2020-12-05,71967.0,36996,66440,1,BUY,0.5855967784423496,58.56
2020-11-11,SILVER,2020-12-05,71590.0,34204,33246,1,BUY,0.5607117381638365,56.07
2020-11-11,SILVERM,2020-12-05,71681.0,102612,33246,0,NO_TRADE,0.4174909648013404,41.75
2020-11-12,SILVER,2020-12-05,72523.0,22152,62805,0,NO_TRADE,0.36927363438504685,36.93
2020-11-12,SILVERM,2020-12-05,72528.0,66456,62805,0,NO_TRADE,0.3114422477584081,31.14
2020-11-13,SILVER,2020-12-05,72595.0,30019,59648,0,NO_TRADE,0.31338181474746274,31.34
2020-11-13,SILVERM,2020-12-05,72569.0,90057,59648,0,NO_TRADE,0.3297547160749232,32.98
2020-11-16,SILVER,2020-12-05,71707.0,24488,66851,0,NO_TRADE,0.29023842451850196,29.02
2020-11-16,SILVERM,2020-12-05,71713.0,73464,66851,0,NO_TRADE,0.3502496900927115,35.02
2020-11-17,SILVERM,2020-12-05,71103.0,74067,41688,0,NO_TRADE,0.28059444881223317,28.06
2020-11-17,SILVER,2020-12-05,71130.0,24689,41688,0,NO_TRADE,0.3321016295748213,33.21
2020-11-18,SILVER,2020-12-05,71714.0,33506,39764,0,NO_TRADE,0.2849320337351483,28.49
2020-11-18,SILVERM,2020-12-05,71733.0,100518,39764,0,NO_TRADE,0.30641954648279646,30.64
2020-11-19,SILVER,2020-12-05,71124.0,22715,42470,0,NO_TRADE,0.3843512811706653,38.44
2020-11-19,SILVERM,2020-12-05,71190.0,68145,42470,0,NO_TRADE,0.38525874953017875,38.53
2020-11-20,SILVER,2020-12-05,71321.0,18765,48501,0,NO_TRADE,0.37349513110817256,37.35
2020-11-20,SILVERM,2020-12-05,71321.0,56295,48501,1,BUY,0.5157374762804183,51.57
2020-11-23,SILVERM,2020-12-05,71382.0,80826,67207,1,BUY,0.6077233568904259,60.77
2020-11-23,SILVER,2020-12-05,71377.0,26942,67207,1,BUY,0.6075260238093817,60.75
2020-11-24,SILVERM,2020-12-05,70895.0,76434,72157,1,BUY,0.5944127413471383,59.44
2020-11-24,SILVER,2020-12-05,70855.0,25478,72157,1,BUY,0.6155296748019893,61.55
2020-11-25,SILVER,2020-12-05,72666.0,27551,13216,0,NO_TRADE,0.23793781778496292,23.79
2020-11-25,SILVERM,2020-12-05,72725.0,82653,13216,0,NO_TRADE,0.2530495573558813,25.3
2020-11-26,SILVER,2020-12-05,73223.0,33072,32072,0,NO_TRADE,0.25216381469714366,25.22
2020-11-26,SILVERM,2020-12-05,73200.0,99216,32072,0,NO_TRADE,0.2771198100785825,27.71
2020-11-27,SILVER,2020-12-05,71533.0,7892,47132,0,NO_TRADE,0.4407866095381848,44.08
2020-11-27,SILVERM,2020-12-05,71542.0,23676,47132,0,NO_TRADE,0.4926688969995898,49.27
2020-11-30,SILVER,2020-12-05,71707.0,38966,27861,0,NO_TRADE,0.34805238162348023,34.81
2020-11-30,SILVERM,2020-12-05,71747.0,116898,27861,0,NO_TRADE,0.3680272756275872,36.8
2020-12-01,SILVERM,2021-02-05,71190.0,88185,74186,0,NO_TRADE,0.39528276591778216,39.53
2020-12-01,SILVER,2021-02-05,71174.0,29395,74186,0,NO_TRADE,0.40628031278487453,40.63
2020-12-02,SILVER,2021-02-05,71903.0,23756,14960,0,NO_TRADE,0.27364111069548047,27.36
2020-12-02,SILVERM,2021-02-05,71810.0,71268,14960,0,NO_TRADE,0.36249509098844973,36.25
2020-12-03,SILVER,2021-02-05,71260.0,27174,28781,0,NO_TRADE,0.4554922664070973,45.55
2020-12-03,SILVERM,2021-02-05,71309.0,81522,28781,0,NO_TRADE,0.401737155378487,40.17
2020-12-04,SILVER,2021-02-05,71183.0,39651,41126,0,NO_TRADE,0.43696370587844685,43.7
2020-12-04,SILVERM,2021-02-05,71209.0,118953,41126,0,NO_TRADE,0.411619799588198,41.16
2020-12-07,SILVER,2021-02-05,71621.0,5797,32578,0,NO_TRADE,0.32697753864242524,32.7
2020-12-07,SILVERM,2021-02-05,71651.0,17391,32578,0,NO_TRADE,0.2892291549043801,28.92
2020-12-08,SILVERM,2021-02-05,72305.0,39627,27883,0,NO_TRADE,0.315217787027123,31.52
2020-12-08,SILVER,2021-02-05,72365.0,13209,27883,0,NO_TRADE,0.2963967682932552,29.64
2020-12-09,SILVERM,2021-02-05,71386.0,79038,39782,0,NO_TRADE,0.39531641867447626,39.53
2020-12-09,SILVER,2021-02-05,71378.0,26346,39782,0,NO_TRADE,0.40749872763060196,40.75
2020-12-10,SILVER,2021-02-05,71119.0,33024,66387,0,NO_TRADE,0.42815795197819184,42.82
2020-12-10,SILVERM,2021-02-05,71161.0,99072,66387,0,NO_TRADE,0.4840621190140096,48.41
2020-12-11,SILVER,2021-02-05,70744.0,34414,26979,1,BUY,0.6087208937471966,60.87
2020-12-11,SILVERM,2021-02-05,70700.0,103242,26979,1,BUY,0.551923072211073,55.19
2020-12-14,SILVER,2021-02-05,70225.0,10947,43746,1,BUY,0.5793216178153346,57.93
2020-12-14,SILVERM,2021-02-05,70194.0,32841,43746,0,NO_TRADE,0.49735676539803086,49.74
2020-12-15,SILVER,2021-02-05,71703.0,14617,76266,0,NO_TRADE,0.3277261947628392,32.77
2020-12-15,SILVERM,2021-02-05,71746.0,43851,76266,0,NO_TRADE,0.34414487821188794,34.41
2020-12-16,SILVER,2021-02-05,72061.0,25704,10056,0,NO_TRADE,0.34022823215795744,34.02
2020-12-16,SILVERM,2021-02-05,72028.0,77112,10056,0,NO_TRADE,0.4627058437659533,46.27
2020-12-17,SILVERM,2021-02-05,71017.0,101106,41457,0,NO_TRADE,0.4790715475491995,47.91
2020-12-17,SILVER,2021-02-05,71027.0,33702,41457,0,NO_TRADE,0.484827985257162,48.48
2020-12-18,SILVER,2021-02-05,71810.0,6892,12243,0,NO_TRADE,0.47820522084514644,47.82
2020-12-18,SILVERM,2021-02-05,71758.0,20676,12243,0,NO_TRADE,0.46650542795334055,46.65
2020-12-21,SILVER,2021-02-05,73626.0,86885,65031,0,NO_TRADE,0.32495404075950246,32.5
2020-12-21,SILVERM,2021-02-05,73717.0,260655,65031,0,NO_TRADE,0.2773517944826991,27.74
2020-12-22,SILVER,2021-02-05,74536.0,21060,11701,0,NO_TRADE,0.23964697738639548,23.96
2020-12-22,SILVERM,2021-02-05,74562.0,63180,11701,0,NO_TRADE,0.28415426145242123,28.42
2020-12-23,SILVER,2021-02-05,73246.0,46045,66381,0,NO_TRADE,0.48349177357523926,48.35
2020-12-23,SILVERM,2021-02-05,73233.0,138135,66381,0,NO_TRADE,0.3761697718287384,37.62
2020-12-24,SILVERM,2021-02-05,72830.0,261645,60438,1,BUY,0.5823496687808551,58.23
2020-12-24,SILVER,2021-02-05,72852.0,87215,60438,0,NO_TRADE,0.4713197153565568,47.13
2020-12-25,SILVER,2021-02-05,73954.0,99457,76483,0,NO_TRADE,0.3850995615010818,38.51
2020-12-25,SILVERM,2021-02-05,73893.0,298371,76483,1,BUY,0.5055340114515233,50.55
2020-12-28,SILVER,2021-02-05,73365.0,70142,30505,0,NO_TRADE,0.43219877171796006,43.22
2020-12-28,SILVERM,2021-02-05,73359.0,210426,30505,0,NO_TRADE,0.33076231844748816,33.08
2020-12-29,SILVER,2021-02-05,73764.0,24582,16553,0,NO_TRADE,0.28483824469492025,28.48
2020-12-29,SILVERM,2021-02-05,73797.0,73746,16553,0,NO_TRADE,0.29134524950469576,29.13
2020-12-30,SILVER,2021-02-05,74452.0,37235,43525,0,NO_TRADE,0.3201928400855006,32.02
2020-12-30,SILVERM,2021-02-05,74412.0,111705,43525,0,NO_TRADE,0.3663574710108049,36.64
2020-12-31,SILVERM,2021-02-05,73675.0,41736,54348,0,NO_TRADE,0.3614169448137837,36.14
2020-12-31,SILVER,2021-02-05,73670.0,13912,54348,0,NO_TRADE,0.3202388477775457,32.02
2021-01-01,SILVER,2021-02-05,73637.0,23402,17273,0,NO_TRADE,0.3463413444874454,34.63
2021-01-01,SILVERM,2021-02-05,73619.0,70206,17273,0,NO_TRADE,0.34605042345493586,34.61
2021-01-04,SILVER,2021-02-05,70925.0,15315,74236,0,NO_TRADE,0.28609731493273427,28.61
2021-01-04,SILVERM,2021-02-05,70994.0,45945,74236,0,NO_TRADE,0.2948292237521852,29.48
2021-01-05,SILVER,2021-02-05,70102.0,17834,13535,0,NO_TRADE,0.24205869757000642,24.21
2021-01-05,SILVERM,2021-02-05,70070.0,53502,13535,0,NO_TRADE,0.266259062373254,26.63
2021-01-06,SILVERM,2021-02-05,69952.0,21942,28677,0,NO_TRADE,0.24688744895460682,24.69
2021-01-06,SILVER,2021-02-05,69913.0,7314,28677,0,NO_TRADE,0.2495998517351936,24.96
2021-01-07,SILVERM,2021-02-05,68992.0,26649,10908,0,NO_TRADE,0.2357974366551151,23.58
2021-01-07,SILVER,2021-02-05,68922.0,8883,10908,0,NO_TRADE,0.21035441607504407,21.04
2021-01-08,SILVER,2021-02-05,70264.0,15051,45079,0,NO_TRADE,0.28131054206280603,28.13
2021-01-08,SILVERM,2021-02-05,70245.0,45153,45079,0,NO_TRADE,0.2908471176275842,29.08
2021-01-11,SILVER,2021-02-05,69120.0,16695,59323,0,NO_TRADE,0.3350916432348337,33.51
2021-01-11,SILVERM,2021-02-05,69091.0,50085,59323,1,BUY,0.5293491873073372,52.93
2021-01-12,SILVER,2021-02-05,68784.0,28123,55320,1,BUY,0.5040698444107334,50.41
2021-01-12,SILVERM,2021-02-05,68830.0,84369,55320,0,NO_TRADE,0.30792114875873483,30.79
2021-01-13,SILVER,2021-02-05,68907.0,12902,56105,0,NO_TRADE,0.29617981772028207,29.62
2021-01-13,SILVERM,2021-02-05,68818.0,38706,56105,0,NO_TRADE,0.3833724550366735,38.34
2021-01-14,SILVERM,2021-02-05,70114.0,67719,40164,0,NO_TRADE,0.20046558105072168,20.05
2021-01-14,SILVER,2021-02-05,70092.0,22573,40164,0,NO_TRADE,0.1931935776013201,19.32
2021-01-15,SILVER,2021-02-05,68947.0,34374,11885,0,NO_TRADE,0.46298226125015707,46.3
2021-01-15,SILVERM,2021-02-05,68868.0,103122,11885,0,NO_TRADE,0.3163020773539451,31.63
2021-01-18,SILVER,2021-02-05,69906.0,17288,67819,0,NO_TRADE,0.27985339383844304,27.99
2021-01-18,SILVERM,2021-02-05,69967.0,51864,67819,0,NO_TRADE,0.22801974008881462,22.8
2021-01-19,SILVER,2021-02-05,69932.0,11884,11049,0,NO_TRADE,0.2375673033679759,23.76
2021-01-19,SILVERM,2021-02-05,69919.0,35652,11049,0,NO_TRADE,0.2534278964125567,25.34
2021-01-20,SILVER,2021-02-05,69154.0,15559,63281,1,BUY,0.5602490403156112,56.02
2021-01-20,SILVERM,2021-02-05,69149.0,46677,63281,0,NO_TRADE,0.3501689433892682,35.02
2021-01-21,SILVERM,2021-02-05,69510.0,69375,53271,0,NO_TRADE,0.2638806333697511,26.39
2021-01-21,SILVER,2021-02-05,69546.0,23125,53271,0,NO_TRADE,0.2176509592007077,21.77
2021-01-22,SILVER,2021-02-05,69725.0,8688,76697,0,NO_TRADE,0.30784429903097893,30.78
2021-01-22,SILVERM,2021-02-05,69646.0,26064,76697,0,NO_TRADE,0.26331340147463544,26.33
2021-01-25,SILVER,2021-02-05,69257.0,28869,76351,0,NO_TRADE,0.3262732498193579,32.63
2021-01-25,SILVERM,2021-02-05,69320.0,86607,76351,0,NO_TRADE,0.3002327982545106,30.02
2021-01-26,SILVER,2021-02-05,69331.0,9023,46534,0,NO_TRADE,0.30884848849449204,30.88
2021-01-26,SILVERM,2021-02-05,69322.0,27069,46534,0,NO_TRADE,0.3998463796166427,39.98
2021-01-27,SILVERM,2021-02-05,69199.0,66300,68097,1,BUY,0.5246173566346163,52.46
2021-01-27,SILVER,2021-02-05,69039.0,22100,68097,1,BUY,0.5328052020939489,53.28
2021-01-28,SILVERM,2021-02-05,69107.0,37269,63813,1,BUY,0.52656893093936,52.66
2021-01-28,SILVER,2021-02-05,69148.0,12423,63813,1,BUY,0.5679599701274717,56.8
2021-01-29,SILVER,2021-02-05,69702.0,17213,35037,0,NO_TRADE,0.3223903847527555,32.24
2021-01-29,SILVERM,2021-02-05,69670.0,51639,35037,0,NO_TRADE,0.49042179364653854,49.04
2021-02-01,SILVER,2021-02-05,71020.0,38158,46007,0,NO_TRADE,0.39976091653939955,39.98
2021-02-01,SILVERM,2021-02-05,70975.0,114474,46007,0,NO_TRADE,0.31558652252065383,31.56
2021-02-02,SILVER,2021-02-05,70021.0,33460,37278,0,NO_TRADE,0.321112820514054,32.11
2021-02-02,SILVERM,2021-02-05,70012.0,100380,37278,0,NO_TRADE,0.340303738452946,34.03
2021-02-03,SILVERM,2021-02-05,71881.0,108051,18272,0,NO_TRADE,0.2595970920647398,25.96
2021-02-03,SILVER,2021-02-05,71802.0,36017,18272,0,NO_TRADE,0.3036408077952199,30.36
2021-02-04,SILVERM,2021-02-05,70256.0,114000,67183,1,BUY,0.5151598021501552,51.52
2021-02-04,SILVER,2021-02-05,70205.0,38000,67183,1,BUY,0.5255479681004112,52.55
2021-02-05,SILVER,2021-02-05,70098.0,31502,48294,0,NO_TRADE,0.39294542775379343,39.29
2021-02-05,SILVERM,2021-02-05,70023.0,94506,48294,0,NO_TRADE,0.42643506229125044,42.64
2021-02-08,SILVER,2021-02-05,70599.0,35990,72509,0,NO_TRADE,0.27668516472574384,27.67
2021-02-08,SILVERM,2021-02-05,70659.0,107970,72509,0,NO_TRADE,0.2886719069861228,28.87
2021-02-09,SILVER,2021-02-05,70849.0,24515,14694,0,NO_TRADE,0.2524782167247131,25.25
2021-02-09,SILVERM,2021-02-05,70883.0,73545,14694,0,NO_TRADE,0.27117440156283035,27.12
2021-02-10,SILVER,2021-02-05,70354.0,34991,68150,0,NO_TRADE,0.3626110995381209,36.26
2021-02-10,SILVERM,2021-02-05,70378.0,104973,68150,0,NO_TRADE,0.38656569134991997,38.66
2021-02-11,SILVERM,2021-02-05,70168.0,37902,77470,0,NO_TRADE,0.36718835688889606,36.72
2021-02-11,SILVER,2021-02-05,70202.0,12634,77470,0,NO_TRADE,0.3420397333476705,34.2
2021-02-12,SILVER,2021-02-05,69818.0,16498,31556,0,NO_TRADE,0.4843231643131547,48.43
2021-02-12,SILVERM,2021-02-05,69788.0,49494,31556,1,BUY,0.501683592114156,50.17
2021-02-15,SILVER,2021-02-05,69358.0,15916,74471,1,BUY,0.645179712916051,64.52
2021-02-15,SILVERM,2021-02-05,69365.0,47748,74471,1,BUY,0.5267706992696253,52.68
2021-02-16,SILVER,2021-02-05,70066.0,34377,59855,0,NO_TRADE,0.3493565799174007,34.94
2021-02-16,SILVERM,2021-02-05,70038.0,103131,59855,1,BUY,0.508990432872093,50.9
2021-02-17,SILVERM,2021-02-05,70442.0,114003,59086,1,BUY,0.5025389159094575,50.25
2021-02-17,SILVER,2021-02-05,70376.0,38001,59086,0,NO_TRADE,0.38292516760610484,38.29
2021-02-18,SILVERM,2021-02-05,69798.0,19173,28907,1,BUY,0.5833579151113845,58.34
2021-02-18,SILVER,2021-02-05,69828.0,6391,28907,1,BUY,0.5634285072413635,56.34
2021-02-19,SILVER,2021-02-05,70582.0,19184,58487,0,NO_TRADE,0.45774565392066485,45.77
2021-02-19,SILVERM,2021-02-05,70485.0,57552,58487,1,BUY,0.5227882096117966,52.28
2021-02-22,SILVER,2021-02-05,70854.0,80285,39158,0,NO_TRADE,0.4528829118801482,45.29
2021-02-22,SILVERM,2021-02-05,70789.0,240855,39158,1,BUY,0.5362665364474067,53.63
2021-02-23,SILVER,2021-02-05,71546.0,42205,30293,0,NO_TRADE,0.30986643175098916,30.99
2021-02-23,SILVERM,2021-02-05,71484.0,126615,30293,0,NO_TRADE,0.3636384977113959,36.36
2021-02-24,SILVER,2021-02-05,72092.0,55682,55761,0,NO_TRADE,0.31321850136962853,31.32
2021-02-24,SILVERM,2021-02-05,72079.0,167046,55761,0,NO_TRADE,0.372686526683687,37.27
2021-02-25,SILVERM,2021-02-05,71428.0,165966,43387,0,NO_TRADE,0.4783953157696306,47.84
2021-02-25,SILVER,2021-02-05,71417.0,55322,43387,0,NO_TRADE,0.37312246801388693,37.31
2021-02-26,SILVER,2021-02-05,70970.0,13567,50750,1,BUY,0.5295503290732146,52.96
2021-02-26,SILVERM,2021-02-05,70973.0,40701,50750,1,BUY,0.5228836765024233,52.29
2021-03-01,SILVER,2021-04-05,71609.0,36416,78602,0,NO_TRADE,0.4948780770189874,49.49
2021-03-01,SILVERM,2021-04-05,71632.0,109248,78602,1,BUY,0.5244860796597144,52.45
2021-03-02,SILVER,2021-04-05,72139.0,5731,31256,0,NO_TRADE,0.37247310796146565,37.25
2021-03-02,SILVERM,2021-04-05,72126.0,17193,31256,0,NO_TRADE,0.43004567887658723,43.0
2021-03-03,SILVER,2021-04-05,72139.0,5799,15594,0,NO_TRADE,0.49875202099405713,49.88
2021-03-03,SILVERM,2021-04-05,72128.0,17397,15594,1,BUY,0.503754461342073,50.38
2021-03-04,SILVERM,2021-04-05,72344.0,101619,12460,1,BUY,0.5955604352296642,59.56
2021-03-04,SILVER,2021-04-05,72256.0,33873,12460,1,BUY,0.5385948919555813,53.86
2021-03-05,SILVER,2021-04-05,73359.0,12025,64698,0,NO_TRADE,0.34740289963566157,34.74
2021-03-05,SILVERM,2021-04-05,73419.0,36075,64698,0,NO_TRADE,0.3443048442363864,34.43
2021-03-08,SILVER,2021-04-05,72873.0,19481,26191,0,NO_TRADE,0.3980022605777849,39.8
2021-03-08,SILVERM,2021-04-05,72893.0,58443,26191,0,NO_TRADE,0.3952675730989632,39.53
2021-03-09,SILVER,2021-04-05,73358.0,30411,20529,0,NO_TRADE,0.35849380021205507,35.85
2021-03-09,SILVERM,2021-04-05,73404.0,91233,20529,0,NO_TRADE,0.45013572132939755,45.01
2021-03-10,SILVER,2021-04-05,73204.0,36358,42175,1,BUY,0.5231000510233655,52.31
2021-03-10,SILVERM,2021-04-05,73108.0,109074,42175,1,BUY,0.5443802658724695,54.44
2021-03-11,SILVERM,2021-04-05,72996.0,59883,27675,1,BUY,0.5840685685788298,58.41
2021-03-11,SILVER,2021-04-05,73037.0,19961,27675,1,BUY,0.5733596425445203,57.34
2021-03-12,SILVER,2021-04-05,73997.0,26767,53158,0,NO_TRADE,0.4699860679654156,47.0
2021-03-12,SILVERM,2021-04-05,73975.0,80301,53158,0,NO_TRADE,0.46397518314016933,46.4
2021-03-15,SILVER,2021-04-05,74731.0,26392,56798,1,BUY,0.5039065738334036,50.39
2021-03-15,SILVERM,2021-04-05,74690.0,79176,56798,0,NO_TRADE,0.483078541064666,48.31
2021-03-16,SILVER,2021-04-05,75462.0,18262,35976,1,BUY,0.5521700238224386,55.22
2021-03-16,SILVERM,2021-04-05,75385.0,54786,35976,0,NO_TRADE,0.48219173902216156,48.22
2021-03-17,SILVER,2021-04-05,76637.0,10229,73116,1,BUY,0.5272118569274222,52.72
2021-03-17,SILVERM,2021-04-05,76658.0,30687,73116,1,BUY,0.5376371176588521,53.76
2021-03-18,SILVERM,2021-04-05,76744.0,86316,72821,1,BUY,0.5692218960314356,56.92
2021-03-18,SILVER,2021-04-05,76675.0,28772,72821,1,BUY,0.5965662464874247,59.66
2021-03-19,SILVER,2021-04-05,77306.0,23799,22204,0,NO_TRADE,0.2929030085225618,29.29
2021-03-19,SILVERM,2021-04-05,77305.0,71397,22204,0,NO_TRADE,0.3210681168151297,32.11
2021-03-22,SILVER,2021-04-05,77046.0,28555,65665,0,NO_TRADE,0.3122501673915629,31.23
2021-03-22,SILVERM,2021-04-05,77078.0,85665,65665,0,NO_TRADE,0.3020359378994228,30.2
2021-03-23,SILVER,2021-04-05,77357.0,31616,17394,0,NO_TRADE,0.30956706448404664,30.96
2021-03-23,SILVERM,2021-04-05,77355.0,94848,17394,0,NO_TRADE,0.4866452001015799,48.66
2021-03-24,SILVER,2021-04-05,77259.0,24333,74814,1,BUY,0.548753923635034,54.88
2021-03-24,SILVERM,2021-04-05,77237.0,72999,74814,0,NO_TRADE,0.39737847558161876,39.74
2021-03-25,SILVER,2021-04-05,77365.0,9261,43593,0,NO_TRADE,0.3268239631593078,32.68
2021-03-25,SILVERM,2021-04-05,77411.0,27783,43593,0,NO_TRADE,0.47167029573248265,47.17
2021-03-26,SILVER,2021-04-05,77923.0,8466,51964,0,NO_TRADE,0.47681753272797933,47.68
2021-03-26,SILVERM,2021-04-05,77852.0,25398,51964,0,NO_TRADE,0.3195363153821831,31.95
2021-03-29,SILVER,2021-04-05,77202.0,8088,63365,0,NO_TRADE,0.4425220178940893,44.25
2021-03-29,SILVERM,2021-04-05,77109.0,24264,63365,0,NO_TRADE,0.39752578841791036,39.75
2021-03-30,SILVER,2021-04-05,79127.0,6115,10443,0,NO_TRADE,0.2962832239734412,29.63
2021-03-30,SILVERM,2021-04-05,79055.0,18345,10443,0,NO_TRADE,0.30077087008315573,30.08
2021-03-31,SILVERM,2021-04-05,78267.0,28734,38180,0,NO_TRADE,0.40068379223046285,40.07
2021-03-31,SILVER,2021-04-05,78224.0,9578,38180,0,NO_TRADE,0.33275553210001163,33.28
2021-04-01,SILVERM,2021-04-05,77148.0,22770,58791,1,BUY,0.5439822936848163,54.4
2021-04-01,SILVER,2021-04-05,77144.0,7590,58791,1,BUY,0.5090480861436631,50.9
2021-04-02,SILVER,2021-04-05,78212.0,12372,53665,1,BUY,0.5446546110647205,54.47
2021-04-02,SILVERM,2021-04-05,78231.0,37116,53665,1,BUY,0.5013333741459304,50.13
2021-04-05,SILVER,2021-04-05,78956.0,8573,13465,0,NO_TRADE,0.4745221463438402,47.45
2021-04-05,SILVERM,2021-04-05,79040.0,25719,13465,0,NO_TRADE,0.4733116210695772,47.33
2021-04-06,SILVER,2021-04-05,79552.0,7978,78247,1,BUY,0.5775675666248613,57.76
2021-04-06,SILVERM,2021-04-05,79494.0,23934,78247,0,NO_TRADE,0.3751117509448856,37.51
2021-04-07,SILVER,2021-04-05,80156.0,14422,61559,0,NO_TRADE,0.3718057981998465,37.18
2021-04-07,SILVERM,2021-04-05,80216.0,43266,61559,0,NO_TRADE,0.35425659591645703,35.43
2021-04-08,SILVERM,2021-04-05,80144.0,86091,35198,0,NO_TRADE,0.3346681093274128,33.47
2021-04-08,SILVER,2021-04-05,80164.0,28697,35198,0,NO_TRADE,0.3539378094485515,35.39
2021-04-09,SILVER,2021-04-05,79349.0,35820,64740,0,NO_TRADE,0.3683067514109349,36.83
2021-04-09,SILVERM,2021-04-05,79322.0,107460,64740,0,NO_TRADE,0.473328193612641,47.33
2021-04-12,SILVER,2021-04-05,79439.0,9925,32488,0,NO_TRADE,0.286873310147799,28.69
2021-04-12,SILVERM,2021-04-05,79443.0,29775,32488,0,NO_TRADE,0.3363081567415657,33.63
2021-04-13,SILVER,2021-04-05,78834.0,34430,48515,1,BUY,0.520919569294411,52.09
2021-04-13,SILVERM,2021-04-05,78846.0,103290,48515,0,NO_TRADE,0.3568528013782193,35.69
2021-04-14,SILVER,2021-04-05,79754.0,33834,37898,0,NO_TRADE,0.28802076150851386,28.8
2021-04-14,SILVERM,2021-04-05,79743.0,101502,37898,0,NO_TRADE,0.3436473030709288,34.36
2021-04-15,SILVERM,2021-04-05,79668.0,88305,11919,0,NO_TRADE,0.28085646906700135,28.09
2021-04-15,SILVER,2021-04-05,79637.0,29435,11919,0,NO_TRADE,0.28096113582349,28.1
2021-04-16,SILVER,2021-04-05,78894.0,26676,60070,0,NO_TRADE,0.36807653407428587,36.81
2021-04-16,SILVERM,2021-04-05,78898.0,80028,60070,0,NO_TRADE,0.35661883809930367,35.66
2021-04-19,SILVER,2021-04-05,78618.0,24814,72613,0,NO_TRADE,0.3447036339178198,34.47
2021-04-19,SILVERM,2021-04-05,78608.0,74442,72613,0,NO_TRADE,0.38134295280134195,38.13
2021-04-20,SILVER,2021-04-05,79016.0,19716,57003,0,NO_TRADE,0.33659044212897044,33.66
2021-04-20,SILVERM,2021-04-05,78995.0,59148,57003,0,NO_TRADE,0.3392195154910199,33.92
2021-04-21,SILVERM,2021-04-05,78530.0,243960,58478,0,NO_TRADE,0.34146386969139136,34.15
2021-04-21,SILVER,2021-04-05,78518.0,81320,58478,0,NO_TRADE,0.3530793804967025,35.31
2021-04-22,SILVERM,2021-04-05,77721.0,52461,24434,0,NO_TRADE,0.3353265986316347,33.53
2021-04-22,SILVER,2021-04-05,77789.0,17487,24434,0,NO_TRADE,0.4188401381785925,41.88
2021-04-23,SILVER,2021-04-05,78029.0,68535,56246,0,NO_TRADE,0.267028067217478,26.7
2021-04-23,SILVERM,2021-04-05,77975.0,205605,56246,0,NO_TRADE,0.33337194941271475,33.34
2021-04-26,SILVER,2021-04-05,78271.0,47110,46649,0,NO_TRADE,0.2682222713755823,26.82
2021-04-26,SILVERM,2021-04-05,78253.0,141330,46649,0,NO_TRADE,0.3372088392291146,33.72
2021-04-27,SILVER,2021-04-05,77829.0,51305,69030,0,NO_TRADE,0.2764695926078034,27.65
2021-04-27,SILVERM,2021-04-05,77856.0,153915,69030,0,NO_TRADE,0.2795657079819611,27.96
2021-04-28,SILVERM,2021-04-05,77529.0,101235,63061,0,NO_TRADE,0.2247512841542793,22.48
2021-04-28,SILVER,2021-04-05,77422.0,33745,63061,0,NO_TRADE,0.24255038745951482,24.26
2021-04-29,SILVERM,2021-04-05,77643.0,53265,11999,0,NO_TRADE,0.26497440739349876,26.5
2021-04-29,SILVER,2021-04-05,77651.0,17755,11999,0,NO_TRADE,0.2080619310911297,20.81
2021-04-30,SILVER,2021-04-05,76371.0,33810,24849,0,NO_TRADE,0.19537442947017084,19.54
2021-04-30,SILVERM,2021-04-05,76282.0,101430,24849,0,NO_TRADE,0.1857206738677468,18.57
2021-05-03,SILVER,2021-06-05,75147.0,35846,62800,0,NO_TRADE,0.22083476855656642,22.08
2021-05-03,SILVERM,2021-06-05,75107.0,107538,62800,0,NO_TRADE,0.25972125157148457,25.97
2021-05-04,SILVER,2021-06-05,74539.0,13107,15445,0,NO_TRADE,0.3071300597550184,30.71
2021-05-04,SILVERM,2021-06-05,74572.0,39321,15445,1,BUY,0.5393989235466936,53.94
2021-05-05,SILVER,2021-06-05,74373.0,23268,28040,1,BUY,0.6736234734971066,67.36
2021-05-05,SILVERM,2021-06-05,74324.0,69804,28040,1,BUY,0.6569840195023886,65.7
2021-05-06,SILVERM,2021-06-05,74596.0,88197,74315,1,BUY,0.7271559814707307,72.72
2021-05-06,SILVER,2021-06-05,74661.0,29399,74315,1,BUY,0.6836589688079273,68.37
2021-05-07,SILVER,2021-06-05,75975.0,14624,10246,0,NO_TRADE,0.4967185945345606,49.67
2021-05-07,SILVERM,2021-06-05,76008.0,43872,10246,0,NO_TRADE,0.4939959599482889,49.4
2021-05-10,SILVER,2021-06-05,76758.0,32126,41153,0,NO_TRADE,0.2633975709908604,26.34
2021-05-10,SILVERM,2021-06-05,76781.0,96378,41153,0,NO_TRADE,0.2059164781232929,20.59
2021-05-11,SILVER,2021-06-05,76634.0,28131,15212,0,NO_TRADE,0.20030319507369415,20.03
2021-05-11,SILVERM,2021-06-05,76560.0,84393,15212,0,NO_TRADE,0.2684548906422322,26.85
2021-05-12,SILVERM,2021-06-05,76591.0,77142,13339,0,NO_TRADE,0.245832367047758,24.58
2021-05-12,SILVER,2021-06-05,76636.0,25714,13339,0,NO_TRADE,0.26569288115928286,26.57
2021-05-13,SILVERM,2021-06-05,75827.0,70710,66238,0,NO_TRADE,0.28064393729980935,28.06
2021-05-13,SILVER,2021-06-05,75765.0,23570,66238,0,NO_TRADE,0.31689522957080707,31.69
2021-05-14,SILVER,2021-06-05,75767.0,17482,29394,0,NO_TRADE,0.2960600030570212,29.61
2021-05-14,SILVERM,2021-06-05,75810.0,52446,29394,0,NO_TRADE,0.27387562568375334,27.39
2021-05-17,SILVER,2021-06-05,75532.0,39318,63871,0,NO_TRADE,0.33933223960119824,33.93
2021-05-17,SILVERM,2021-06-05,75472.0,117954,63871,0,NO_TRADE,0.3276574478780365,32.77
2021-05-18,SILVER,2021-06-05,75835.0,38414,44607,0,NO_TRADE,0.27255203445414655,27.26
2021-05-18,SILVERM,2021-06-05,75736.0,115242,44607,0,NO_TRADE,0.4117358222730041,41.17
2021-05-19,SILVER,2021-06-05,75127.0,26040,62055,1,BUY,0.5415696115151114,54.16
2021-05-19,SILVERM,2021-06-05,75140.0,78120,62055,1,BUY,0.5043092537152222,50.43
2021-05-20,SILVERM,2021-06-05,75587.0,55221,14395,0,NO_TRADE,0.413097820903296,41.31
2021-05-20,SILVER,2021-06-05,75602.0,18407,14395,0,NO_TRADE,0.3934565251389595,39.35
2021-05-21,SILVER,2021-06-05,76983.0,38305,25290,0,NO_TRADE,0.31019685908999484,31.02
2021-05-21,SILVERM,2021-06-05,76992.0,114915,25290,0,NO_TRADE,0.4292837211209669,42.93
2021-05-24,SILVER,2021-06-05,76905.0,19166,75078,0,NO_TRADE,0.4575488069904111,45.75
2021-05-24,SILVERM,2021-06-05,76937.0,57498,75078,1,BUY,0.5340868604340069,53.41
2021-05-25,SILVER,2021-06-05,77285.0,11572,13691,0,NO_TRADE,0.2641705466261985,26.42
2021-05-25,SILVERM,2021-06-05,77237.0,34716,13691,0,NO_TRADE,0.4074723589811902,40.75
2021-05-26,SILVER,2021-06-05,77929.0,38002,17470,0,NO_TRADE,0.30393615988517353,30.39
2021-05-26,SILVERM,2021-06-05,77907.0,114006,17470,0,NO_TRADE,0.29539570896826967,29.54
2021-05-27,SILVERM,2021-06-05,77539.0,95916,13841,0,NO_TRADE,0.4196611011956296,41.97
2021-05-27,SILVER,2021-06-05,77584.0,31972,13841,0,NO_TRADE,0.3148648753357966,31.49
2021-05-28,SILVER,2021-06-05,77806.0,27923,73197,0,NO_TRADE,0.36826814406736874,36.83
2021-05-28,SILVERM,2021-06-05,77763.0,83769,73197,0,NO_TRADE,0.32667867343062584,32.67
2021-05-31,SILVER,2021-06-05,77837.0,6909,65773,0,NO_TRADE,0.3452953726366224,34.53
2021-05-31,SILVERM,2021-06-05,77865.0,20727,65773,0,NO_TRADE,0.3562460808508958,35.62
2021-06-01,SILVER,2021-06-05,77945.0,37848,27776,0,NO_TRADE,0.349540040888728,34.95
2021-06-01,SILVERM,2021-06-05,77952.0,113544,27776,0,NO_TRADE,0.3260981557922489,32.61
2021-06-02,SILVER,2021-06-05,77265.0,7083,37584,1,BUY,0.5191155762636723,51.91
2021-06-02,SILVERM,2021-06-05,77187.0,21249,37584,1,BUY,0.5215209659163658,52.15
2021-06-03,SILVERM,2021-06-05,77342.0,66420,14300,1,BUY,0.5142106983493714,51.42
2021-06-03,SILVER,2021-06-05,77306.0,22140,14300,0,NO_TRADE,0.4806134658343402,48.06
2021-06-04,SILVER,2021-06-05,77776.0,7670,13338,1,BUY,0.5687347463447566,56.87
2021-06-04,SILVERM,2021-06-05,77758.0,23010,13338,1,BUY,0.5297332935330084,52.97
2021-06-07,SILVER,2021-06-05,79122.0,19691,72601,1,BUY,0.6026066653803958,60.26
2021-06-07,SILVERM,2021-06-05,79161.0,59073,72601,1,BUY,0.5495630519386645,54.96
2021-06-08,SILVER,2021-06-05,80031.0,39262,15487,0,NO_TRADE,0.46005115910516414,46.01
2021-06-08,SILVERM,2021-06-05,79980.0,117786,15487,1,BUY,0.512342309161789,51.23
2021-06-09,SILVER,2021-06-05,82085.0,30595,46282,0,NO_TRADE,0.2513998864429478,25.14
2021-06-09,SILVERM,2021-06-05,82039.0,91785,46282,0,NO_TRADE,0.3393338609932789,33.93
2021-06-10,SILVERM,2021-06-05,81386.0,115320,38804,1,BUY,0.5880481575431087,58.8
2021-06-10,SILVER,2021-06-05,81373.0,38440,38804,1,BUY,0.584209158696826,58.42
2021-06-11,SILVER,2021-06-05,82225.0,13630,19915,1,BUY,0.6163880446479019,61.64
2021-06-11,SILVERM,2021-06-05,82170.0,40890,19915,1,BUY,0.6580855224431417,65.81
2021-06-14,SILVER,2021-06-05,82421.0,36250,21158,1,BUY,0.5745307539549624,57.45
2021-06-14,SILVERM,2021-06-05,82407.0,108750,21158,1,BUY,0.5644762691542471,56.45
2021-06-15,SILVER,2021-06-05,84571.0,33798,20547,0,NO_TRADE,0.24318507705416953,24.32
2021-06-15,SILVERM,2021-06-05,84510.0,101394,20547,0,NO_TRADE,0.29345603365812056,29.35
2021-06-16,SILVER,2021-06-05,83798.0,38212,12459,0,NO_TRADE,0.16817933656644538,16.82
2021-06-16,SILVERM,2021-06-05,83778.0,114636,12459,0,NO_TRADE,0.1755709611148618,17.56
2021-06-17,SILVERM,2021-06-05,83000.0,50946,38768,0,NO_TRADE,0.24050579716956427,24.05
2021-06-17,SILVER,2021-06-05,83002.0,16982,38768,0,NO_TRADE,0.17916634288146313,17.92
2021-06-18,SILVER,2021-06-05,82444.0,13655,73146,0,NO_TRADE,0.237241120046911,23.72
2021-06-18,SILVERM,2021-06-05,82445.0,40965,73146,0,NO_TRADE,0.2747384637654222,27.47
2021-06-21,SILVER,2021-06-05,80448.0,58955,60870,0,NO_TRADE,0.3219795941031843,32.2
2021-06-21,SILVERM,2021-06-05,80430.0,176865,60870,0,NO_TRADE,0.30868794967118546,30.87
2021-06-22,SILVER,2021-06-05,79976.0,22520,60460,0,NO_TRADE,0.332335142039426,33.23
2021-06-22,SILVERM,2021-06-05,79993.0,67560,60460,0,NO_TRADE,0.3579068474026632,35.79
2021-06-23,SILVERM,2021-06-05,79298.0,41220,70817,1,BUY,0.5924112033217763,59.24
2021-06-23,SILVER,2021-06-05,79291.0,13740,70817,1,BUY,0.5525737117567434,55.26
2021-06-24,SILVERM,2021-06-05,79446.0,294231,48247,1,BUY,0.8210501425075958,82.11
2021-06-24,SILVER,2021-06-05,79450.0,98077,48247,1,BUY,0.7430922570675031,74.31
2021-06-25,SILVER,2021-06-05,79787.0,70530,25419,1,BUY,0.6117466880554482,61.17
2021-06-25,SILVERM,2021-06-05,79756.0,211590,25419,1,BUY,0.6723946988721236,67.24
2021-06-28,SILVER,2021-06-05,81570.0,64092,45577,0,NO_TRADE,0.28743825391726663,28.74
2021-06-28,SILVERM,2021-06-05,81623.0,192276,45577,0,NO_TRADE,0.3516713052254527,35.17
2021-06-29,SILVER,2021-06-05,82499.0,54692,12921,0,NO_TRADE,0.29747055230201547,29.75
2021-06-29,SILVERM,2021-06-05,82518.0,164076,12921,0,NO_TRADE,0.2739070112673728,27.39
2021-06-30,SILVER,2021-06-05,81966.0,57025,14676,0,NO_TRADE,0.3005690471266393,30.06
2021-06-30,SILVERM,2021-06-05,81914.0,171075,14676,0,NO_TRADE,0.3556739256894181,35.57
2021-07-01,SILVERM,2021-08-05,81164.0,44652,59684,0,NO_TRADE,0.4302636044325326,43.03
2021-07-01,SILVER,2021-08-05,81132.0,14884,59684,0,NO_TRADE,0.3640755156426769,36.41
2021-07-02,SILVER,2021-08-05,81618.0,7723,23463,0,NO_TRADE,0.45944510383237513,45.94
2021-07-02,SILVERM,2021-08-05,81662.0,23169,23463,0,NO_TRADE,0.44801122051380865,44.8
2021-07-05,SILVER,2021-08-05,80391.0,9761,35474,0,NO_TRADE,0.4529693627702421,45.3
2021-07-05,SILVERM,2021-08-05,80387.0,29283,35474,0,NO_TRADE,0.3950787327607774,39.51
2021-07-06,SILVER,2021-08-05,82146.0,12630,50935,0,NO_TRADE,0.40875487097976804,40.88
2021-07-06,SILVERM,2021-08-05,82145.0,37890,50935,0,NO_TRADE,0.34535299659333374,34.54
2021-07-07,SILVERM,2021-08-05,83200.0,64125,77005,0,NO_TRADE,0.33262326901168215,33.26
2021-07-07,SILVER,2021-08-05,83303.0,21375,77005,0,NO_TRADE,0.3198535895062479,31.99
2021-07-08,SILVERM,2021-08-05,82827.0,90654,68596,0,NO_TRADE,0.2988088506166779,29.88
2021-07-08,SILVER,2021-08-05,82869.0,30218,68596,0,NO_TRADE,0.31504277043962364,31.5
2021-07-09,SILVER,2021-08-05,81250.0,35565,65152,0,NO_TRADE,0.40096155863731775,40.1
2021-07-09,SILVERM,2021-08-05,81292.0,106695,65152,0,NO_TRADE,0.4537228909922574,45.37
2021-07-12,SILVER,2021-08-05,82562.0,37975,62576,0,NO_TRADE,0.47254375233921164,47.25
2021-07-12,SILVERM,2021-08-05,82523.0,113925,62576,0,NO_TRADE,0.32172718808011747,32.17
2021-07-13,SILVER,2021-08-05,82472.0,32073,76627,0,NO_TRADE,0.27722934671559946,27.72
2021-07-13,SILVERM,2021-08-05,82464.0,96219,76627,0,NO_TRADE,0.28082452250600903,28.08
2021-07-14,SILVER,2021-08-05,83691.0,9190,35772,0,NO_TRADE,0.24810332169799995,24.81
2021-07-14,SILVERM,2021-08-05,83648.0,27570,35772,0,NO_TRADE,0.24812498492419038,24.81
2021-07-15,SILVERM,2021-08-05,82182.0,20649,26363,0,NO_TRADE,0.24605301231005033,24.61
2021-07-15,SILVER,2021-08-05,82170.0,6883,26363,0,NO_TRADE,0.23091403656020162,23.09
2021-07-16,SILVER,2021-08-05,81618.0,7886,38490,0,NO_TRADE,0.23647743256008574,23.65
2021-07-16,SILVERM,2021-08-05,81638.0,23658,38490,0,NO_TRADE,0.24506232364407887,24.51
2021-07-19,SILVER,2021-08-05,81642.0,13953,69004,0,NO_TRADE,0.26201091374105334,26.2
2021-07-19,SILVERM,2021-08-05,81663.0,41859,69004,0,NO_TRADE,0.28634581577804685,28.63
2021-07-20,SILVER,2021-08-05,81707.0,13381,63806,0,NO_TRADE,0.32521893923932177,32.52
2021-07-20,SILVERM,2021-08-05,81650.0,40143,63806,0,NO_TRADE,0.31715222424927625,31.72
2021-07-21,SILVER,2021-08-05,81299.0,28238,10260,0,NO_TRADE,0.2899611447245509,29.0
2021-07-21,SILVERM,2021-08-05,81304.0,84714,10260,0,NO_TRADE,0.3484424092718105,34.84
2021-07-22,SILVER,2021-08-05,81912.0,18795,32320,0,NO_TRADE,0.2711662036862665,27.12
2021-07-22,SILVERM,2021-08-05,81991.0,56385,32320,0,NO_TRADE,0.2804165583062232,28.04
2021-07-23,SILVERM,2021-08-05,80955.0,106284,52145,0,NO_TRADE,0.44822905767145754,44.82
2021-07-23,SILVER,2021-08-05,80918.0,35428,52145,0,NO_TRADE,0.3346028650388091,33.46
2021-07-26,SILVER,2021-08-05,80804.0,14638,73688,1,BUY,0.6166209747216543,61.66
2021-07-26,SILVERM,2021-08-05,80809.0,43914,73688,1,BUY,0.6013129111803177,60.13
2021-07-27,SILVER,2021-08-05,80937.0,9931,58581,0,NO_TRADE,0.4141806431964968,41.42
2021-07-27,SILVERM,2021-08-05,80840.0,29793,58581,0,NO_TRADE,0.34995773222538085,35.0
2021-07-28,SILVER,2021-08-05,81444.0,31411,30754,0,NO_TRADE,0.2778853147512118,27.79
2021-07-28,SILVERM,2021-08-05,81432.0,94233,30754,0,NO_TRADE,0.32176585297262117,32.18
2021-07-29,SILVER,2021-08-05,82142.0,25534,79837,0,NO_TRADE,0.3437252015155531,34.37
2021-07-29,SILVERM,2021-08-05,82224.0,76602,79837,0,NO_TRADE,0.36396538194312744,36.4
2021-07-30,SILVERM,2021-08-05,81158.0,102543,17207,0,NO_TRADE,0.34296813241755947,34.3
2021-07-30,SILVER,2021-08-05,81092.0,34181,17207,0,NO_TRADE,0.29553002025235264,29.55
2021-08-02,SILVER,2021-08-05,79675.0,24996,37920,0,NO_TRADE,0.490573091497715,49.06
2021-08-02,SILVERM,2021-08-05,79698.0,74988,37920,0,NO_TRADE,0.48480763030551877,48.48
2021-08-03,SILVER,2021-08-05,80890.0,11553,34016,0,NO_TRADE,0.29480977259461877,29.48
2021-08-03,SILVERM,2021-08-05,80854.0,34659,34016,0,NO_TRADE,0.3901526631336647,39.02
2021-08-04,SILVER,2021-08-05,81224.0,23073,70522,1,BUY,0.5586071210035427,55.86
2021-08-04,SILVERM,2021-08-05,81227.0,69219,70522,1,BUY,0.5610661065381756,56.11
2021-08-05,SILVER,2021-08-05,80538.0,12130,64068,0,NO_TRADE,0.46502779795983007,46.5
2021-08-05,SILVERM,2021-08-05,80577.0,36390,64068,0,NO_TRADE,0.46004894503308835,46.0
2021-08-06,SILVERM,2021-08-05,82074.0,103215,30102,0,NO_TRADE,0.4344438104086866,43.44
2021-08-06,SILVER,2021-08-05,82027.0,34405,30102,0,NO_TRADE,0.36371737019854433,36.37
2021-08-09,SILVER,2021-08-05,82158.0,10789,11924,0,NO_TRADE,0.4582676872324526,45.83
2021-08-09,SILVERM,2021-08-05,82174.0,32367,11924,0,NO_TRADE,0.4503629172987837,45.04
2021-08-10,SILVER,2021-08-05,83315.0,33930,64333,0,NO_TRADE,0.4831440951470593,48.31
2021-08-10,SILVERM,2021-08-05,83358.0,101790,64333,0,NO_TRADE,0.4246410828632463,42.46
2021-08-11,SILVER,2021-08-05,83401.0,22529,56099,1,BUY,0.5084866587510991,50.85
2021-08-11,SILVERM,2021-08-05,83398.0,67587,56099,1,BUY,0.5001440862577475,50.01
2021-08-12,SILVER,2021-08-05,85448.0,12942,67346,1,BUY,0.5657721414088032,56.58
2021-08-12,SILVERM,2021-08-05,85443.0,38826,67346,1,BUY,0.6375997713767205,63.76
2021-08-13,SILVERM,2021-08-05,87212.0,37644,60062,1,BUY,0.6893575820707954,68.94
2021-08-13,SILVER,2021-08-05,87235.0,12548,60062,1,BUY,0.6920051639454187,69.2
2021-08-16,SILVER,2021-08-05,87003.0,23296,10306,1,BUY,0.7753871918852023,77.54
2021-08-16,SILVERM,2021-08-05,87024.0,69888,10306,1,BUY,0.7809414633815877,78.09
2021-08-17,SILVER,2021-08-05,88015.0,37244,79767,1,BUY,0.6804715974444209,68.05
2021-08-17,SILVERM,2021-08-05,88065.0,111732,79767,1,BUY,0.6912130162679656,69.12
2021-08-18,SILVER,2021-08-05,88700.0,5296,22207,0,NO_TRADE,0.443713038868886,44.37
2021-08-18,SILVERM,2021-08-05,88735.0,15888,22207,1,BUY,0.6391437506648445,63.91
2021-08-19,SILVER,2021-08-05,90147.0,7409,49426,0,NO_TRADE,0.3208574207253475,32.09
2021-08-19,SILVERM,2021-08-05,90086.0,22227,49426,1,BUY,0.5825554924603357,58.26
2021-08-20,SILVERM,2021-08-05,89102.0,117687,16336,0,NO_TRADE,0.2509252379219053,25.09
2021-08-20,SILVER,2021-08-05,89160.0,39229,16336,0,NO_TRADE,0.46944859746414414,46.94
2021-08-23,SILVER,2021-08-05,89897.0,89615,27256,0,NO_TRADE,0.1970635011672702,19.71
2021-08-23,SILVERM,2021-08-05,89952.0,268845,27256,0,NO_TRADE,0.2692667424455009,26.93
2021-08-24,SILVER,2021-08-05,91034.0,80417,59817,0,NO_TRADE,0.17936938282590126,17.94
2021-08-24,SILVERM,2021-08-05,91043.0,241251,59817,0,NO_TRADE,0.22964862640477116,22.96
2021-08-25,SILVER,2021-08-05,89208.0,84977,43719,0,NO_TRADE,0.25385719246594746,25.39
2021-08-25,SILVERM,2021-08-05,89219.0,254931,43719,0,NO_TRADE,0.23053913617491165,23.05
2021-08-26,SILVER,2021-08-05,88007.0,57002,52017,0,NO_TRADE,0.3317853737630393,33.18
2021-08-26,SILVERM,2021-08-05,88017.0,171006,52017,0,NO_TRADE,0.3060882471078878,30.61
2021-08-27,SILVERM,2021-08-05,86048.0,92685,55704,1,BUY,0.6885533732584465,68.86
2021-08-27,SILVER,2021-08-05,85960.0,30895,55704,1,BUY,0.6366476490843531,63.66
2021-08-30,SILVER,2021-08-05,85711.0,68970,40013,1,BUY,0.7397541893247195,73.98
2021-08-30,SILVERM,2021-08-05,85689.0,206910,40013,1,BUY,0.7344123033580325,73.44
2021-08-31,SILVER,2021-08-05,86452.0,56677,46776,1,BUY,0.7687287972082966,76.87
2021-08-31,SILVERM,2021-08-05,86508.0,170031,46776,1,BUY,0.7226608697232205,72.27
2021-09-01,SILVER,2021-10-05,87999.0,22502,20060,1,BUY,0.5929464907592334,59.29
2021-09-01,SILVERM,2021-10-05,88011.0,67506,20060,0,NO_TRADE,0.40993377946818554,40.99
2021-09-02,SILVER,2021-10-05,88096.0,30128,16655,0,NO_TRADE,0.2753708930021063,27.54
2021-09-02,SILVERM,2021-10-05,88016.0,90384,16655,0,NO_TRADE,0.26763550147316595,26.76
2021-09-03,SILVERM,2021-10-05,89765.0,109935,59923,0,NO_TRADE,0.26775542959017906,26.78
2021-09-03,SILVER,2021-10-05,89806.0,36645,59923,0,NO_TRADE,0.20863309775351624,20.86
2021-09-06,SILVER,2021-10-05,88393.0,12637,14030,0,NO_TRADE,0.25903912322749323,25.9
2021-09-06,SILVERM,2021-10-05,88363.0,37911,14030,0,NO_TRADE,0.22600180527045166,22.6
2021-09-07,SILVER,2021-10-05,86676.0,5660,43289,0,NO_TRADE,0.2709551223230691,27.1
2021-09-07,SILVERM,2021-10-05,86731.0,16980,43289,0,NO_TRADE,0.26278891279838246,26.28
2021-09-08,SILVER,2021-10-05,86641.0,11922,29739,0,NO_TRADE,0.2676551643101129,26.77
2021-09-08,SILVERM,2021-10-05,86702.0,35766,29739,0,NO_TRADE,0.2668058487800722,26.68
2021-09-09,SILVER,2021-10-05,87050.0,33161,71687,0,NO_TRADE,0.27005188993479434,27.01
2021-09-09,SILVERM,2021-10-05,87068.0,99483,71687,0,NO_TRADE,0.2652177941184732,26.52
2021-09-10,SILVERM,2021-10-05,87012.0,26910,46491,0,NO_TRADE,0.28180325347231994,28.18
2021-09-10,SILVER,2021-10-05,87038.0,8970,46491,0,NO_TRADE,0.25622895418289643,25.62
2021-09-13,SILVER,2021-10-05,84986.0,8407,14781,0,NO_TRADE,0.2454192838313736,24.54
2021-09-13,SILVERM,2021-10-05,84940.0,25221,14781,0,NO_TRADE,0.27506724849190567,27.51
2021-09-14,SILVER,2021-10-05,84918.0,32843,30448,0,NO_TRADE,0.2496976671814446,24.97
2021-09-14,SILVERM,2021-10-05,84975.0,98529,30448,0,NO_TRADE,0.2449406958729081,24.49
2021-09-15,SILVER,2021-10-05,83657.0,14046,61550,0,NO_TRADE,0.4831185344411479,48.31
2021-09-15,SILVERM,2021-10-05,83593.0,42138,61550,0,NO_TRADE,0.33224566158509994,33.22
2021-09-16,SILVER,2021-10-05,84333.0,28800,59294,0,NO_TRADE,0.23942569738013034,23.94
2021-09-16,SILVERM,2021-10-05,84328.0,86400,59294,0,NO_TRADE,0.2375807848963169,23.76
2021-09-17,SILVERM,2021-10-05,84832.0,58641,31446,0,NO_TRADE,0.13933438491972547,13.93
2021-09-17,SILVER,2021-10-05,84714.0,19547,31446,0,NO_TRADE,0.17247723510549304,17.25
2021-09-20,SILVERM,2021-10-05,83786.0,109167,27101,0,NO_TRADE,0.13277301181894027,13.28
2021-09-20,SILVER,2021-10-05,83812.0,36389,27101,0,NO_TRADE,0.14233352524329282,14.23
2021-09-21,SILVER,2021-10-05,83331.0,35346,76178,0,NO_TRADE,0.23674550374829625,23.67
2021-09-21,SILVERM,2021-10-05,83267.0,106038,76178,0,NO_TRADE,0.2684394345161594,26.84
2021-09-22,SILVER,2021-10-05,82329.0,27748,38016,0,NO_TRADE,0.4797000706833203,47.97
2021-09-22,SILVERM,2021-10-05,82241.0,83244,38016,0,NO_TRADE,0.2941786409530172,29.42
2021-09-23,SILVER,2021-10-05,82289.0,30848,28932,0,NO_TRADE,0.21616442739050412,21.62
2021-09-23,SILVERM,2021-10-05,82409.0,92544,28932,0,NO_TRADE,0.16534136730779483,16.53
2021-09-24,SILVER,2021-10-05,83230.0,12607,54653,0,NO_TRADE,0.17052011483629775,17.05
2021-09-24,SILVERM,2021-10-05,83247.0,37821,54653,0,NO_TRADE,0.20533922030939972,20.53
2021-09-27,SILVERM,2021-10-05,82257.0,115749,62802,0,NO_TRADE,0.2247254425748706,22.47
2021-09-27,SILVER,2021-10-05,82300.0,38583,62802,0,NO_TRADE,0.2087896652099068,20.88
2021-09-28,SILVER,2021-10-05,82805.0,17563,17549,0,NO_TRADE,0.1593679523508052,15.94
2021-09-28,SILVERM,2021-10-05,82796.0,52689,17549,0,NO_TRADE,0.13682340692431488,13.68
2021-09-29,SILVER,2021-10-05,82315.0,38690,35362,0,NO_TRADE,0.1376874669059673,13.77
2021-09-29,SILVERM,2021-10-05,82282.0,116070,35362,0,NO_TRADE,0.16851740466424223,16.85
2021-09-30,SILVER,2021-10-05,81578.0,34176,57842,0,NO_TRADE,0.14324029468485688,14.32
2021-09-30,SILVERM,2021-10-05,81485.0,102528,57842,0,NO_TRADE,0.16687294368752262,16.69
2021-10-01,SILVER,2021-10-05,81496.0,19925,56539,0,NO_TRADE,0.15265012585153925,15.27
2021-10-01,SILVERM,2021-10-05,81535.0,59775,56539,0,NO_TRADE,0.1861687606625811,18.62
2021-10-04,SILVERM,2021-10-05,80540.0,78753,43717,0,NO_TRADE,0.2282337758853884,22.82
2021-10-04,SILVER,2021-10-05,80538.0,26251,43717,0,NO_TRADE,0.19901699967956532,19.9
2021-10-05,SILVER,2021-10-05,80040.0,22648,64596,1,BUY,0.6536604854870994,65.37
2021-10-05,SILVERM,2021-10-05,80075.0,67944,64596,1,BUY,0.719498087755737,71.95
2021-10-06,SILVER,2021-10-05,78950.0,25108,33016,1,BUY,0.6289762736044687,62.9
2021-10-06,SILVERM,2021-10-05,78950.0,75324,33016,1,BUY,0.695658851469235,69.57
2021-10-07,SILVER,2021-10-05,80799.0,15979,65200,0,NO_TRADE,0.2533692825970206,25.34
2021-10-07,SILVERM,2021-10-05,80806.0,47937,65200,0,NO_TRADE,0.2415849826383725,24.16
2021-10-08,SILVERM,2021-10-05,80740.0,23166,70287,0,NO_TRADE,0.21362388560656945,21.36
2021-10-08,SILVER,2021-10-05,80852.0,7722,70287,0,NO_TRADE,0.2322254930124759,23.22
2021-10-11,SILVERM,2021-10-05,80260.0,31065,52607,0,NO_TRADE,0.20872228236345086,20.87
2021-10-11,SILVER,2021-10-05,80215.0,10355,52607,0,NO_TRADE,0.17429639716276743,17.43
2021-10-12,SILVER,2021-10-05,80435.0,33799,37621,0,NO_TRADE,0.14751591792875088,14.75
2021-10-12,SILVERM,2021-10-05,80381.0,101397,37621,0,NO_TRADE,0.18643746656092336,18.64
2021-10-13,SILVER,2021-10-05,80350.0,37705,22823,0,NO_TRADE,0.18689761584637193,18.69
2021-10-13,SILVERM,2021-10-05,80308.0,113115,22823,0,NO_TRADE,0.28719940444232234,28.72
2021-10-14,SILVER,2021-10-05,80163.0,28070,39986,0,NO_TRADE,0.3228810212291051,32.29
2021-10-14,SILVERM,2021-10-05,80137.0,84210,39986,0,NO_TRADE,0.37022510160770267,37.02
2021-10-15,SILVERM,2021-10-05,80656.0,48852,74325,0,NO_TRADE,0.26595866742714125,26.6
2021-10-15,SILVER,2021-10-05,80759.0,16284,74325,0,NO_TRADE,0.29871448231817505,29.87
2021-10-18,SILVERM,2021-10-05,81466.0,80211,67771,0,NO_TRADE,0.3172579483418421,31.73
2021-10-18,SILVER,2021-10-05,81495.0,26737,67771,0,NO_TRADE,0.3060631744898328,30.61
2021-10-19,SILVER,2021-10-05,81013.0,28241,64973,0,NO_TRADE,0.341541593003144,34.15
2021-10-19,SILVERM,2021-10-05,80980.0,84723,64973,0,NO_TRADE,0.3403167325551536,34.03
2021-10-20,SILVER,2021-10-05,80491.0,32414,24690,0,NO_TRADE,0.27435547641812874,27.44
2021-10-20,SILVERM,2021-10-05,80472.0,97242,24690,0,NO_TRADE,0.31613394419578433,31.61
2021-10-21,SILVER,2021-10-05,80253.0,64737,49107,0,NO_TRADE,0.2880362114054361,28.8
2021-10-21,SILVERM,2021-10-05,80168.0,194211,49107,0,NO_TRADE,0.3258618996042688,32.59
2021-10-22,SILVER,2021-10-05,78148.0,79427,67888,0,NO_TRADE,0.3206530253363811,32.07
2021-10-22,SILVERM,2021-10-05,78194.0,238281,67888,1,BUY,0.5595507867210299,55.96
2021-10-25,SILVERM,2021-10-05,76819.0,47880,20956,1,BUY,0.6123437681528996,61.23
2021-10-25,SILVER,2021-10-05,76799.0,15960,20956,1,BUY,0.5809386499194359,58.09
2021-10-26,SILVER,2021-10-05,78052.0,69222,66227,1,BUY,0.6183121591816505,61.83
2021-10-26,SILVERM,2021-10-05,78009.0,207666,66227,1,BUY,0.6565422939333447,65.65
2021-10-27,SILVER,2021-10-05,79583.0,81187,46533,0,NO_TRADE,0.3224791454294273,32.25
2021-10-27,SILVERM,2021-10-05,79554.0,243561,46533,1,BUY,0.5229118945065513,52.29
2021-10-28,SILVER,2021-10-05,79372.0,33130,66234,1,BUY,0.5436991258494682,54.37
2021-10-28,SILVERM,2021-10-05,79414.0,99390,66234,0,NO_TRADE,0.486276317117866,48.63
2021-10-29,SILVERM,2021-10-05,79914.0,268830,77594,1,BUY,0.6394960471705993,63.95
2021-10-29,SILVER,2021-10-05,79927.0,89610,77594,1,BUY,0.5679128665176247,56.79
2021-11-01,SILVERM,2021-12-05,80176.0,105453,66901,1,BUY,0.5760379602912057,57.6
2021-11-01,SILVER,2021-12-05,80238.0,35151,66901,1,BUY,0.5799209895685946,57.99
2021-11-02,SILVER,2021-12-05,83189.0,28365,21519,1,BUY,0.5646435672833959,56.46
2021-11-02,SILVERM,2021-12-05,83185.0,85095,21519,0,NO_TRADE,0.3655007185972344,36.55
2021-11-03,SILVER,2021-12-05,84303.0,11026,41115,0,NO_TRADE,0.3035410393435228,30.35
2021-11-03,SILVERM,2021-12-05,84249.0,33078,41115,0,NO_TRADE,0.36790709577266134,36.79
2021-11-04,SILVER,2021-12-05,84197.0,37767,76266,0,NO_TRADE,0.2939962368698329,29.4
2021-11-04,SILVERM,2021-12-05,84162.0,113301,76266,0,NO_TRADE,0.3046966704693399,30.47
2021-11-05,SILVER,2021-12-05,83285.0,33523,11832,0,NO_TRADE,0.2347637834884438,23.48
2021-11-05,SILVERM,2021-12-05,83282.0,100569,11832,0,NO_TRADE,0.2951859148381609,29.52
2021-11-08,SILVERM,2021-12-05,81813.0,46446,51368,0,NO_TRADE,0.2849844297739145,28.5
2021-11-08,SILVER,2021-12-05,81760.0,15482,51368,0,NO_TRADE,0.2702941576606708,27.03
2021-11-09,SILVER,2021-12-05,81975.0,30108,79715,0,NO_TRADE,0.2887270619504566,28.87
2021-11-09,SILVERM,2021-12-05,82076.0,90324,79715,0,NO_TRADE,0.3158567813865414,31.59
2021-11-10,SILVER,2021-12-05,81275.0,5493,47570,0,NO_TRADE,0.27126049652311107,27.13
2021-11-10,SILVERM,2021-12-05,81343.0,16479,47570,0,NO_TRADE,0.26681241488588736,26.68
2021-11-11,SILVER,2021-12-05,79959.0,21465,16615,0,NO_TRADE,0.3068401298180082,30.68
2021-11-11,SILVERM,2021-12-05,79955.0,64395,16615,0,NO_TRADE,0.3238033991014609,32.38
2021-11-12,SILVER,2021-12-05,79378.0,34550,48311,1,BUY,0.6733948463504846,67.34
2021-11-12,SILVERM,2021-12-05,79491.0,103650,48311,1,BUY,0.7344396111698609,73.44
2021-11-15,SILVER,2021-12-05,78404.0,18833,33434,1,BUY,0.7231483920681372,72.31
2021-11-15,SILVERM,2021-12-05,78432.0,56499,33434,1,BUY,0.7563785028007385,75.64
2021-11-16,SILVERM,2021-12-05,79932.0,23910,25739,0,NO_TRADE,0.4078431857554512,40.78
2021-11-16,SILVER,2021-12-05,79981.0,7970,25739,0,NO_TRADE,0.4732458299952573,47.32
2021-11-17,SILVER,2021-12-05,80827.0,37779,76202,0,NO_TRADE,0.48433575725282496,48.43
2021-11-17,SILVERM,2021-12-05,80832.0,113337,76202,0,NO_TRADE,0.47874776177184414,47.87
2021-11-18,SILVER,2021-12-05,80839.0,34958,43649,1,BUY,0.5013530637018877,50.14
2021-11-18,SILVERM,2021-12-05,80806.0,104874,43649,0,NO_TRADE,0.48150182993930374,48.15
2021-11-19,SILVER,2021-12-05,82266.0,22145,57445,0,NO_TRADE,0.298148129249182,29.81
2021-11-19,SILVERM,2021-12-05,82204.0,66435,57445,0,NO_TRADE,0.4001712214508635,40.02
2021-11-22,SILVER,2021-12-05,82360.0,6806,49470,0,NO_TRADE,0.4569782084028068,45.7
2021-11-22,SILVERM,2021-12-05,82301.0,20418,49470,1,BUY,0.5192375028908599,51.92
2021-11-23,SILVERM,2021-12-05,81551.0,31992,58621,0,NO_TRADE,0.4881915395642965,48.82
2021-11-23,SILVER,2021-12-05,81558.0,10664,58621,0,NO_TRADE,0.4504876085721085,45.05
2021-11-24,SILVER,2021-12-05,83039.0,33900,42926,0,NO_TRADE,0.2813826525730119,28.14
2021-11-24,SILVERM,2021-12-05,83077.0,101700,42926,0,NO_TRADE,0.31987977661860706,31.99
2021-11-25,SILVER,2021-12-05,83583.0,19126,47997,0,NO_TRADE,0.32125068202193185,32.13
2021-11-25,SILVERM,2021-12-05,83636.0,57378,47997,0,NO_TRADE,0.29365434454463946,29.37
2021-11-26,SILVER,2021-12-05,82598.0,10154,69940,0,NO_TRADE,0.23412244026402548,23.41
2021-11-26,SILVERM,2021-12-05,82536.0,30462,69940,0,NO_TRADE,0.24368039431090266,24.37
2021-11-29,SILVER,2021-12-05,82436.0,27208,50724,0,NO_TRADE,0.30496321368154944,30.5
2021-11-29,SILVERM,2021-12-05,82421.0,81624,50724,0,NO_TRADE,0.3076972956447013,30.77
2021-11-30,SILVERM,2021-12-05,81643.0,56301,41704,0,NO_TRADE,0.3833253649390745,38.33
2021-11-30,SILVER,2021-12-05,81619.0,18767,41704,0,NO_TRADE,0.2924331378020334,29.24
2021-12-01,SILVER,2022-02-05,80334.0,25043,38391,1,BUY,0.6365837436415884,63.66
2021-12-01,SILVERM,2022-02-05,80342.0,75129,38391,1,BUY,0.6820889034902158,68.21
2021-12-02,SILVER,2022-02-05,81226.0,6525,73291,0,NO_TRADE,0.44899598040524863,44.9
2021-12-02,SILVERM,2022-02-05,81261.0,19575,73291,0,NO_TRADE,0.4523553811421345,45.24
2021-12-03,SILVER,2022-02-05,83074.0,38528,12526,0,NO_TRADE,0.24240744927249966,24.24
2021-12-03,SILVERM,2022-02-05,83052.0,115584,12526,0,NO_TRADE,0.2642436265086802,26.42
2021-12-06,SILVER,2022-02-05,81751.0,21978,34686,0,NO_TRADE,0.2810467171317813,28.1
2021-12-06,SILVERM,2022-02-05,81815.0,65934,34686,0,NO_TRADE,0.24658393699020395,24.66
2021-12-07,SILVERM,2022-02-05,82309.0,18165,16574,0,NO_TRADE,0.39593888340421707,39.59
2021-12-07,SILVER,2022-02-05,82309.0,6055,16574,0,NO_TRADE,0.33616765155334116,33.62
2021-12-08,SILVER,2022-02-05,81708.0,15046,18733,0,NO_TRADE,0.34483228409293687,34.48
2021-12-08,SILVERM,2022-02-05,81746.0,45138,18733,0,NO_TRADE,0.27754752005642375,27.75
2021-12-09,SILVER,2022-02-05,81265.0,20678,60290,0,NO_TRADE,0.367328926928284,36.73
2021-12-09,SILVERM,2022-02-05,81246.0,62034,60290,0,NO_TRADE,0.4060255501545483,40.6
2021-12-10,SILVER,2022-02-05,80726.0,31624,46051,0,NO_TRADE,0.3104152132153756,31.04
2021-12-10,SILVERM,2022-02-05,80729.0,94872,46051,0,NO_TRADE,0.3243613972372759,32.44
2021-12-13,SILVERM,2022-02-05,79857.0,30765,25909,0,NO_TRADE,0.29638932020421277,29.64
2021-12-13,SILVER,2022-02-05,79937.0,10255,25909,0,NO_TRADE,0.31392519090883253,31.39
2021-12-14,SILVERM,2022-02-05,79960.0,43233,38133,0,NO_TRADE,0.26323826329769473,26.32
2021-12-14,SILVER,2022-02-05,80002.0,14411,38133,0,NO_TRADE,0.20006964559273135,20.01
2021-12-15,SILVER,2022-02-05,79251.0,38971,61571,0,NO_TRADE,0.306381287178434,30.64
2021-12-15,SILVERM,2022-02-05,79241.0,116913,61571,0,NO_TRADE,0.30381065863539725,30.38
2021-12-16,SILVER,2022-02-05,79521.0,36235,60908,0,NO_TRADE,0.2701140992450183,27.01
2021-12-16,SILVERM,2022-02-05,79526.0,108705,60908,0,NO_TRADE,0.2630177397159006,26.3
2021-12-17,SILVER,2022-02-05,79495.0,24194,21278,0,NO_TRADE,0.26040854271380903,26.04
2021-12-17,SILVERM,2022-02-05,79629.0,72582,21278,0,NO_TRADE,0.22845051114417658,22.85
2021-12-20,SILVER,2022-02-05,79293.0,24476,61458,0,NO_TRADE,0.22321062320967194,22.32
2021-12-20,SILVERM,2022-02-05,79274.0,73428,61458,0,NO_TRADE,0.25705837679011945,25.71
2021-12-21,SILVERM,2022-02-05,78410.0,60330,74265,0,NO_TRADE,0.4281272940843907,42.81
2021-12-21,SILVER,2022-02-05,78479.0,20110,74265,0,NO_TRADE,0.3172138866181694,31.72
2021-12-22,SILVER,2022-02-05,77973.0,65142,66782,1,BUY,0.5117572978686903,51.18
2021-12-22,SILVERM,2022-02-05,78058.0,195426,66782,0,NO_TRADE,0.314910617830825,31.49
2021-12-23,SILVER,2022-02-05,78682.0,21285,65415,0,NO_TRADE,0.21419446480120208,21.42
2021-12-23,SILVERM,2022-02-05,78736.0,63855,65415,0,NO_TRADE,0.23813154476207804,23.81
2021-12-24,SILVER,2022-02-05,79163.0,37475,64160,0,NO_TRADE,0.25084047689070127,25.08
2021-12-24,SILVERM,2022-02-05,79105.0,112425,64160,0,NO_TRADE,0.30081671192987836,30.08
2021-12-27,SILVERM,2022-02-05,78309.0,93801,64399,0,NO_TRADE,0.2858824383213112,28.59
2021-12-27,SILVER,2022-02-05,78286.0,31267,64399,0,NO_TRADE,0.3686667490359358,36.87
2021-12-28,SILVERM,2022-02-05,78438.0,73926,35298,0,NO_TRADE,0.17669848167174584,17.67
2021-12-28,SILVER,2022-02-05,78396.0,24642,35298,0,NO_TRADE,0.1625622390238923,16.26
2021-12-29,SILVER,2022-02-05,79106.0,42795,32191,0,NO_TRADE,0.20833504813539758,20.83
2021-12-29,SILVERM,2022-02-05,79114.0,128385,32191,0,NO_TRADE,0.2621668081402454,26.22
2021-12-30,SILVER,2022-02-05,77601.0,20365,66964,0,NO_TRADE,0.2915669062327838,29.16
2021-12-30,SILVERM,2022-02-05,77617.0,61095,66964,0,NO_TRADE,0.3748848745921205,37.49
2021-12-31,SILVER,2022-02-05,78114.0,78502,43092,0,NO_TRADE,0.22203621990619915,22.2
2021-12-31,SILVERM,2022-02-05,78082.0,235506,43092,0,NO_TRADE,0.27505060230044753,27.51
2022-01-03,SILVER,2022-02-05,77532.0,31177,72513,0,NO_TRADE,0.24529087009239564,24.53
2022-01-03,SILVERM,2022-02-05,77557.0,93531,72513,0,NO_TRADE,0.21871342584632017,21.87
2022-01-04,SILVERM,2022-02-05,78045.0,28242,61097,0,NO_TRADE,0.264621473081414,26.46
2022-01-04,SILVER,2022-02-05,78070.0,9414,61097,0,NO_TRADE,0.24265375219604557,24.27
2022-01-05,SILVER,2022-02-05,77398.0,22494,40279,0,NO_TRADE,0.1861252473808692,18.61
2022-01-05,SILVERM,2022-02-05,77266.0,67482,40279,0,NO_TRADE,0.17628454147073566,17.63
2022-01-06,SILVER,2022-02-05,75806.0,25437,24404,0,NO_TRADE,0.1954674923836466,19.55
2022-01-06,SILVERM,2022-02-05,75816.0,76311,24404,0,NO_TRADE,0.2358549127795452,23.59
2022-01-07,SILVER,2022-02-05,74401.0,8937,45198,0,NO_TRADE,0.2112226252625863,21.12
2022-01-07,SILVERM,2022-02-05,74317.0,26811,45198,0,NO_TRADE,0.3397015096320346,33.97
2022-01-10,SILVER,2022-02-05,74462.0,26326,59997,0,NO_TRADE,0.3841016880182705,38.41
2022-01-10,SILVERM,2022-02-05,74513.0,78978,59997,0,NO_TRADE,0.39975080544095526,39.98
2022-01-11,SILVERM,2022-02-05,74650.0,41922,10567,0,NO_TRADE,0.2765919127863385,27.66
2022-01-11,SILVER,2022-02-05,74707.0,13974,10567,0,NO_TRADE,0.22661613706969763,22.66
2022-01-12,SILVER,2022-02-05,73943.0,22500,71032,0,NO_TRADE,0.41112368647320063,41.11
2022-01-12,SILVERM,2022-02-05,73820.0,67500,71032,0,NO_TRADE,0.3975746735063242,39.76
2022-01-13,SILVER,2022-02-05,74515.0,6750,12179,0,NO_TRADE,0.1586282766610768,15.86
2022-01-13,SILVERM,2022-02-05,74427.0,20250,12179,0,NO_TRADE,0.23806859683388093,23.81
2022-01-14,SILVER,2022-02-05,73105.0,9027,12019,0,NO_TRADE,0.3336964457927514,33.37
2022-01-14,SILVERM,2022-02-05,73103.0,27081,12019,0,NO_TRADE,0.21402740986464383,21.4
2022-01-17,SILVER,2022-02-05,73067.0,10745,28704,0,NO_TRADE,0.19708219652599218,19.71
2022-01-17,SILVERM,2022-02-05,73076.0,32235,28704,0,NO_TRADE,0.25565934909617893,25.57
2022-01-18,SILVERM,2022-02-05,71991.0,79344,28030,0,NO_TRADE,0.26397623073154625,26.4
2022-01-18,SILVER,2022-02-05,72062.0,26448,28030,0,NO_TRADE,0.34153904237000615,34.15
2022-01-19,SILVER,2022-02-05,71536.0,33451,79445,0,NO_TRADE,0.3168257447550169,31.68
2022-01-19,SILVERM,2022-02-05,71482.0,100353,79445,0,NO_TRADE,0.25563992924894857,25.56
2022-01-20,SILVER,2022-02-05,71594.0,33207,13420,0,NO_TRADE,0.19526103075920534,19.53
2022-01-20,SILVERM,2022-02-05,71594.0,99621,13420,0,NO_TRADE,0.22871231486559562,22.87
2022-01-21,SILVER,2022-02-05,70899.0,10938,69875,1,BUY,0.5983713467127209,59.84
2022-01-21,SILVERM,2022-02-05,70948.0,32814,69875,0,NO_TRADE,0.31667618126492797,31.67
2022-01-24,SILVER,2022-02-05,70601.0,17150,57653,0,NO_TRADE,0.3927360946232921,39.27
2022-01-24,SILVERM,2022-02-05,70540.0,51450,57653,1,BUY,0.6032383208211278,60.32
2022-01-25,SILVERM,2022-02-05,71471.0,55218,26740,0,NO_TRADE,0.1668936829274215,16.69
2022-01-25,SILVER,2022-02-05,71452.0,18406,26740,0,NO_TRADE,0.18602515471161432,18.6
2022-01-26,SILVER,2022-02-05,70992.0,24781,75263,0,NO_TRADE,0.27480586607608654,27.48
2022-01-26,SILVERM,2022-02-05,70905.0,74343,75263,0,NO_TRADE,0.25855826499172124,25.86
2022-01-27,SILVER,2022-02-05,71706.0,23325,74559,0,NO_TRADE,0.30258546793860314,30.26
2022-01-27,SILVERM,2022-02-05,71722.0,69975,74559,0,NO_TRADE,0.45359756503173965,45.36
2022-01-28,SILVER,2022-02-05,70787.0,8148,29465,0,NO_TRADE,0.3969432784103109,39.69
2022-01-28,SILVERM,2022-02-05,70825.0,24444,29465,0,NO_TRADE,0.20670838634084665,20.67
2022-01-31,SILVER,2022-02-05,71245.0,33879,61432,0,NO_TRADE,0.21862134831189575,21.86
2022-01-31,SILVERM,2022-02-05,71271.0,101637,61432,0,NO_TRADE,0.2651008116558049,26.51
2022-02-01,SILVERM,2022-02-05,72521.0,38799,14131,0,NO_TRADE,0.18407309003841313,18.41
2022-02-01,SILVER,2022-02-05,72471.0,12933,14131,0,NO_TRADE,0.15797204821898184,15.8
2022-02-02,SILVER,2022-02-05,70432.0,14436,20652,0,NO_TRADE,0.22440897783524544,22.44
2022-02-02,SILVERM,2022-02-05,70478.0,43308,20652,0,NO_TRADE,0.14187139706503232,14.19
2022-02-03,SILVER,2022-02-05,69799.0,22669,74973,1,BUY,0.5521377502227689,55.21
2022-02-03,SILVERM,2022-02-05,69891.0,68007,74973,1,BUY,0.6611678130360885,66.12
2022-02-04,SILVER,2022-02-05,70289.0,11474,57147,0,NO_TRADE,0.23918930921610554,23.92
2022-02-04,SILVERM,2022-02-05,70294.0,34422,57147,0,NO_TRADE,0.2216063905704578,22.16
2022-02-07,SILVERM,2022-02-05,70234.0,48684,57671,0,NO_TRADE,0.21286125781315784,21.29
2022-02-07,SILVER,2022-02-05,70142.0,16228,57671,0,NO_TRADE,0.3026711665981879,30.27
2022-02-08,SILVERM,2022-02-05,70418.0,115614,29171,0,NO_TRADE,0.23392510141603945,23.39
2022-02-08,SILVER,2022-02-05,70465.0,38538,29171,0,NO_TRADE,0.14781648894625227,14.78
2022-02-09,SILVER,2022-02-05,69989.0,6843,65692,0,NO_TRADE,0.3107814583362385,31.08
2022-02-09,SILVERM,2022-02-05,69979.0,20529,65692,0,NO_TRADE,0.3980026850606578,39.8
2022-02-10,SILVER,2022-02-05,70079.0,5073,68541,1,BUY,0.5149098796800852,51.49
2022-02-10,SILVERM,2022-02-05,70073.0,15219,68541,0,NO_TRADE,0.48966333801949946,48.97
2022-02-11,SILVER,2022-02-05,69970.0,21059,19470,0,NO_TRADE,0.4229465356527749,42.29
2022-02-11,SILVERM,2022-02-05,69918.0,63177,19470,0,NO_TRADE,0.34395472840023217,34.4
2022-02-14,SILVER,2022-02-05,70948.0,25733,71344,0,NO_TRADE,0.42135214434686774,42.14
2022-02-14,SILVERM,2022-02-05,70830.0,77199,71344,0,NO_TRADE,0.35778733676506497,35.78
2022-02-15,SILVERM,2022-02-05,71221.0,91185,54308,0,NO_TRADE,0.3139857133557163,31.4
2022-02-15,SILVER,2022-02-05,71178.0,30395,54308,0,NO_TRADE,0.28260019617573856,28.26
2022-02-16,SILVER,2022-02-05,71477.0,25202,60639,0,NO_TRADE,0.2853460794805335,28.53
2022-02-16,SILVERM,2022-02-05,71431.0,75606,60639,0,NO_TRADE,0.27715258879741517,27.72
2022-02-17,SILVER,2022-02-05,71154.0,18273,31326,0,NO_TRADE,0.3084331880501777,30.84
2022-02-17,SILVERM,2022-02-05,71134.0,54819,31326,0,NO_TRADE,0.3910185042299769,39.1
2022-02-18,SILVER,2022-02-05,70770.0,38099,14597,0,NO_TRADE,0.34266744059309817,34.27
2022-02-18,SILVERM,2022-02-05,70849.0,114297,14597,0,NO_TRADE,0.35618531288322086,35.62
2022-02-21,SILVERM,2022-02-05,70462.0,93840,40788,0,NO_TRADE,0.3460101818903521,34.6
2022-02-21,SILVER,2022-02-05,70433.0,31280,40788,0,NO_TRADE,0.3497795663261589,34.98
2022-02-22,SILVERM,2022-02-05,70863.0,249231,75020,1,BUY,0.5815182266168233,58.15
2022-02-22,SILVER,2022-02-05,70776.0,83077,75020,0,NO_TRADE,0.3939265370658709,39.39
2022-02-23,SILVER,2022-02-05,70448.0,70685,59477,1,BUY,0.5314153049259539,53.14
2022-02-23,SILVERM,2022-02-05,70454.0,212055,59477,1,BUY,0.5655582207157981,56.56
2022-02-24,SILVER,2022-02-05,70706.0,68522,43071,1,BUY,0.6760112965478696,67.6
2022-02-24,SILVERM,2022-02-05,70734.0,205566,43071,1,BUY,0.7465119149863715,74.65
2022-02-25,SILVER,2022-02-05,72456.0,25282,71923,0,NO_TRADE,0.45663629507830267,45.66
2022-02-25,SILVERM,2022-02-05,72444.0,75846,71923,0,NO_TRADE,0.4903879441109805,49.04
2022-02-28,SILVER,2022-02-05,73215.0,19702,67492,0,NO_TRADE,0.4252783960288641,42.53
2022-02-28,SILVERM,2022-02-05,73173.0,59106,67492,0,NO_TRADE,0.41055365064563615,41.06
2022-03-01,SILVERM,2022-04-05,72984.0,72747,41770,0,NO_TRADE,0.291233135829254,29.12
2022-03-01,SILVER,2022-04-05,72956.0,24249,41770,0,NO_TRADE,0.3966836650687864,39.67
2022-03-02,SILVER,2022-04-05,74004.0,17714,45399,0,NO_TRADE,0.27797300667708813,27.8
2022-03-02,SILVERM,2022-04-05,73982.0,53142,45399,0,NO_TRADE,0.30256455165454443,30.26
2022-03-03,SILVER,2022-04-05,73672.0,13656,67439,0,NO_TRADE,0.2850949626693237,28.51
2022-03-03,SILVERM,2022-04-05,73704.0,40968,67439,0,NO_TRADE,0.3168419390682517,31.68
2022-03-04,SILVER,2022-04-05,71962.0,10741,54415,0,NO_TRADE,0.3082120668312788,30.82
2022-03-04,SILVERM,2022-04-05,71933.0,32223,54415,0,NO_TRADE,0.2900262198534243,29.0
2022-03-07,SILVER,2022-04-05,71140.0,21661,22569,0,NO_TRADE,0.322178486080783,32.22
2022-03-07,SILVERM,2022-04-05,71131.0,64983,22569,0,NO_TRADE,0.3408912629960824,34.09
2022-03-08,SILVERM,2022-04-05,69620.0,109665,12369,1,BUY,0.5326413689929943,53.26
2022-03-08,SILVER,2022-04-05,69625.0,36555,12369,0,NO_TRADE,0.33977059885631467,33.98
2022-03-09,SILVERM,2022-04-05,69413.0,101070,10528,1,BUY,0.7036585217130491,70.37
2022-03-09,SILVER,2022-04-05,69359.0,33690,10528,1,BUY,0.6587821917830877,65.88
2022-03-10,SILVER,2022-04-05,69392.0,37833,40314,1,BUY,0.6831811008953905,68.32
2022-03-10,SILVERM,2022-04-05,69371.0,113499,40314,1,BUY,0.7054827511273776,70.55
2022-03-11,SILVER,2022-04-05,70781.0,10704,28047,0,NO_TRADE,0.30585931288120227,30.59
2022-03-11,SILVERM,2022-04-05,70840.0,32112,28047,0,NO_TRADE,0.3822132965443599,38.22
2022-03-14,SILVER,2022-04-05,71070.0,17175,29748,0,NO_TRADE,0.40348076404830563,40.35
2022-03-14,SILVERM,2022-04-05,71025.0,51525,29748,0,NO_TRADE,0.2974866159753458,29.75
2022-03-15,SILVER,2022-04-05,70908.0,17696,45109,0,NO_TRADE,0.3016665898530515,30.17
2022-03-15,SILVERM,2022-04-05,70921.0,53088,45109,0,NO_TRADE,0.32271157284471974,32.27
2022-03-16,SILVERM,2022-04-05,71581.0,99162,23919,0,NO_TRADE,0.30958773672081136,30.96
2022-03-16,SILVER,2022-04-05,71615.0,33054,23919,0,NO_TRADE,0.27638851659416724,27.64
2022-03-17,SILVER,2022-04-05,69812.0,26076,57498,0,NO_TRADE,0.46771337493909404,46.77
2022-03-17,SILVERM,2022-04-05,69868.0,78228,57498,0,NO_TRADE,0.30456597987064005,30.46
2022-03-18,SILVER,2022-04-05,70023.0,19986,65808,0,NO_TRADE,0.3075373809921216,30.75
2022-03-18,SILVERM,2022-04-05,69982.0,59958,65808,0,NO_TRADE,0.41561563908083987,41.56
2022-03-21,SILVER,2022-04-05,70674.0,19440,38906,0,NO_TRADE,0.3098332061153906,30.98
2022-03-21,SILVERM,2022-04-05,70638.0,58320,38906,0,NO_TRADE,0.3036562258226715,30.37
2022-03-22,SILVER,2022-04-05,69485.0,12960,76896,1,BUY,0.5231625703292362,52.32
2022-03-22,SILVERM,2022-04-05,69422.0,38880,76896,0,NO_TRADE,0.4889068767830127,48.89
2022-03-23,SILVERM,2022-04-05,70442.0,82386,31946,0,NO_TRADE,0.4480773236062951,44.81
2022-03-23,SILVER,2022-04-05,70437.0,27462,31946,0,NO_TRADE,0.2923395526582542,29.23
2022-03-24,SILVER,2022-04-05,70734.0,22821,57020,0,NO_TRADE,0.38200356163936144,38.2
2022-03-24,SILVERM,2022-04-05,70764.0,68463,57020,0,NO_TRADE,0.42899857796246027,42.9
2022-03-25,SILVER,2022-04-05,70411.0,32258,32161,1,BUY,0.5269475925129358,52.69
2022-03-25,SILVERM,2022-04-05,70435.0,96774,32161,1,BUY,0.5566015132131588,55.66
2022-03-28,SILVER,2022-04-05,70952.0,32353,37738,0,NO_TRADE,0.4303454489295418,43.03
2022-03-28,SILVERM,2022-04-05,70945.0,97059,37738,0,NO_TRADE,0.49068826480917754,49.07
2022-03-29,SILVERM,2022-04-05,72841.0,85248,13925,0,NO_TRADE,0.24402751412961177,24.4
2022-03-29,SILVER,2022-04-05,72874.0,28416,13925,0,NO_TRADE,0.4146622611697103,41.47
2022-03-30,SILVERM,2022-04-05,73034.0,81345,18463,0,NO_TRADE,0.28488222875882885,28.49
2022-03-30,SILVER,2022-04-05,73048.0,27115,18463,0,NO_TRADE,0.2699975342866842,27.0
2022-03-31,SILVER,2022-04-05,73279.0,29968,67153,0,NO_TRADE,0.2482474378648336,24.82
2022-03-31,SILVERM,2022-04-05,73267.0,89904,67153,0,NO_TRADE,0.3119305060530753,31.19
2022-04-01,SILVER,2022-04-05,72907.0,27731,71009,0,NO_TRADE,0.28531907879477475,28.53
2022-04-01,SILVERM,2022-04-05,72920.0,83193,71009,0,NO_TRADE,0.313339757820175,31.33
2022-04-04,SILVER,2022-04-05,72207.0,27785,51552,0,NO_TRADE,0.2949801497323347,29.5
2022-04-04,SILVERM,2022-04-05,72216.0,83355,51552,0,NO_TRADE,0.27322197064932446,27.32
2022-04-05,SILVERM,2022-04-05,73016.0,56484,66271,0,NO_TRADE,0.26957609467833915,26.96
2022-04-05,SILVER,2022-04-05,72929.0,18828,66271,0,NO_TRADE,0.30156701836749017,30.16
2022-04-06,SILVERM,2022-04-05,72226.0,28623,19797,0,NO_TRADE,0.3114375083631472,31.14
2022-04-06,SILVER,2022-04-05,72224.0,9541,19797,0,NO_TRADE,0.2759726347564698,27.6
2022-04-07,SILVER,2022-04-05,72303.0,18311,23965,0,NO_TRADE,0.30131490510112924,30.13
2022-04-07,SILVERM,2022-04-05,72321.0,54933,23965,0,NO_TRADE,0.3187026723295746,31.87
2022-04-08,SILVER,2022-04-05,71921.0,35531,23733,1,BUY,0.5594285274754689,55.94
2022-04-08,SILVERM,2022-04-05,71925.0,106593,23733,1,BUY,0.5592363006251697,55.92
2022-04-11,SILVER,2022-04-05,72343.0,19588,63223,1,BUY,0.5419702745567876,54.2
2022-04-11,SILVERM,2022-04-05,72327.0,58764,63223,1,BUY,0.6055618177234342,60.56
2022-04-12,SILVER,2022-04-05,72644.0,17380,36926,0,NO_TRADE,0.4514696926639397,45.15
2022-04-12,SILVERM,2022-04-05,72662.0,52140,36926,0,NO_TRADE,0.39186713688111885,39.19
2022-04-13,SILVERM,2022-04-05,73526.0,68454,38783,0,NO_TRADE,0.36666520200838343,36.67
2022-04-13,SILVER,2022-04-05,73547.0,22818,38783,0,NO_TRADE,0.38038287654008934,38.04
2022-04-14,SILVER,2022-04-05,73131.0,35857,46394,0,NO_TRADE,0.36014362374818504,36.01
2022-04-14,SILVERM,2022-04-05,73128.0,107571,46394,0,NO_TRADE,0.397757893337945,39.78
2022-04-15,SILVER,2022-04-05,72920.0,26711,74796,0,NO_TRADE,0.3547496909522625,35.47
2022-04-15,SILVERM,2022-04-05,72978.0,80133,74796,0,NO_TRADE,0.35500937248056536,35.5
2022-04-18,SILVER,2022-04-05,72112.0,10097,38287,0,NO_TRADE,0.40799285384165024,40.8
2022-04-18,SILVERM,2022-04-05,72088.0,30291,38287,0,NO_TRADE,0.43764654637780276,43.76
2022-04-19,SILVERM,2022-04-05,71778.0,100179,40436,0,NO_TRADE,0.37254901120746653,37.25
2022-04-19,SILVER,2022-04-05,71759.0,33393,40436,0,NO_TRADE,0.46030882512371113,46.03
2022-04-20,SILVERM,2022-04-05,71970.0,81228,13188,0,NO_TRADE,0.4507647787106025,45.08
2022-04-20,SILVER,2022-04-05,72094.0,27076,13188,0,NO_TRADE,0.35650306782222346,35.65
2022-04-21,SILVER,2022-04-05,72753.0,59345,16765,0,NO_TRADE,0.3041590616234489,30.42
2022-04-21,SILVERM,2022-04-05,72744.0,178035,16765,0,NO_TRADE,0.49894157664506167,49.89
2022-04-22,SILVER,2022-04-05,71994.0,85792,61626,1,BUY,0.5709350210387021,57.09
2022-04-22,SILVERM,2022-04-05,71969.0,257376,61626,1,BUY,0.6297857355333789,62.98
2022-04-25,SILVER,2022-04-05,72747.0,30110,20807,0,NO_TRADE,0.48396943698398637,48.4
2022-04-25,SILVERM,2022-04-05,72753.0,90330,20807,1,BUY,0.5289596444695702,52.9
2022-04-26,SILVER,2022-04-05,73925.0,26242,20204,0,NO_TRADE,0.4289678025581356,42.9
2022-04-26,SILVERM,2022-04-05,73913.0,78726,20204,0,NO_TRADE,0.4075816407878132,40.76
2022-04-27,SILVERM,2022-04-05,74308.0,140631,67944,0,NO_TRADE,0.3928538469600457,39.29
2022-04-27,SILVER,2022-04-05,74301.0,46877,67944,0,NO_TRADE,0.44670803444043466,44.67
2022-04-28,SILVER,2022-04-05,75964.0,87205,52120,0,NO_TRADE,0.26950330812298207,26.95
2022-04-28,SILVERM,2022-04-05,75945.0,261615,52120,0,NO_TRADE,0.3419324839175592,34.19
2022-04-29,SILVER,2022-04-05,75302.0,68622,32658,0,NO_TRADE,0.3017102523858321,30.17
2022-04-29,SILVERM,2022-04-05,75321.0,205866,32658,0,NO_TRADE,0.287044675362637,28.7
2022-05-02,SILVER,2022-06-05,74237.0,38402,47081,0,NO_TRADE,0.31347604260834383,31.35
2022-05-02,SILVERM,2022-06-05,74151.0,115206,47081,0,NO_TRADE,0.4443332723683507,44.43
2022-05-03,SILVER,2022-06-05,72733.0,37543,44986,0,NO_TRADE,0.43537889824379505,43.54
2022-05-03,SILVERM,2022-06-05,72739.0,112629,44986,0,NO_TRADE,0.4387029480003092,43.87
2022-05-04,SILVERM,2022-06-05,73985.0,103086,60304,1,BUY,0.5113825515848646,51.14
2022-05-04,SILVER,2022-06-05,74032.0,34362,60304,1,BUY,0.5134977055018662,51.35
2022-05-05,SILVER,2022-06-05,74618.0,32315,75592,0,NO_TRADE,0.2471025183828525,24.71
2022-05-05,SILVERM,2022-06-05,74676.0,96945,75592,0,NO_TRADE,0.2609889716122836,26.1
2022-05-06,SILVER,2022-06-05,74589.0,32746,68548,0,NO_TRADE,0.30586934906649005,30.59
2022-05-06,SILVERM,2022-06-05,74541.0,98238,68548,0,NO_TRADE,0.35404100079208645,35.4
2022-05-09,SILVER,2022-06-05,74853.0,15057,49986,0,NO_TRADE,0.4046840302726354,40.47
2022-05-09,SILVERM,2022-06-05,74903.0,45171,49986,0,NO_TRADE,0.4184619485554992,41.85
2022-05-10,SILVER,2022-06-05,73897.0,26061,76151,0,NO_TRADE,0.46370743415399096,46.37
2022-05-10,SILVERM,2022-06-05,73896.0,78183,76151,0,NO_TRADE,0.4678424584216905,46.78
2022-05-11,SILVERM,2022-06-05,75962.0,117471,38214,0,NO_TRADE,0.4420356462890346,44.2
2022-05-11,SILVER,2022-06-05,76053.0,39157,38214,0,NO_TRADE,0.3440284504391503,34.4
2022-05-12,SILVER,2022-06-05,76188.0,16322,48745,1,BUY,0.6966105625738673,69.66
2022-05-12,SILVERM,2022-06-05,76144.0,48966,48745,1,BUY,0.6334557970620424,63.35
2022-05-13,SILVER,2022-06-05,76305.0,9276,52548,0,NO_TRADE,0.4484342087677514,44.84
2022-05-13,SILVERM,2022-06-05,76347.0,27828,52548,0,NO_TRADE,0.4683684099841859,46.84
2022-05-16,SILVER,2022-06-05,76973.0,17306,20681,0,NO_TRADE,0.44130870179713694,44.13
2022-05-16,SILVERM,2022-06-05,77013.0,51918,20681,0,NO_TRADE,0.34544949572049743,34.54
2022-05-17,SILVER,2022-06-05,77426.0,39017,16984,0,NO_TRADE,0.28203613294770596,28.2
2022-05-17,SILVERM,2022-06-05,77361.0,117051,16984,0,NO_TRADE,0.30786732594136057,30.79
2022-05-18,SILVERM,2022-06-05,77726.0,98226,37579,0,NO_TRADE,0.44555729627705914,44.56
2022-05-18,SILVER,2022-06-05,77648.0,32742,37579,0,NO_TRADE,0.3521614122701456,35.22
2022-05-19,SILVER,2022-06-05,76956.0,36600,64933,0,NO_TRADE,0.4847909676350288,48.48
2022-05-19,SILVERM,2022-06-05,76955.0,109800,64933,1,BUY,0.5148140832589023,51.48
2022-05-20,SILVER,2022-06-05,77400.0,22629,37399,1,BUY,0.6514657571497559,65.15
2022-05-20,SILVERM,2022-06-05,77444.0,67887,37399,1,BUY,0.6695983851391802,66.96
2022-05-23,SILVER,2022-06-05,79136.0,13245,41481,0,NO_TRADE,0.48362136214206947,48.36
2022-05-23,SILVERM,2022-06-05,79075.0,39735,41481,0,NO_TRADE,0.434402820826953,43.44
2022-05-24,SILVER,2022-06-05,80408.0,36414,10944,0,NO_TRADE,0.41290331245422346,41.29
2022-05-24,SILVERM,2022-06-05,80385.0,109242,10944,0,NO_TRADE,0.285974488647699,28.6
2022-05-25,SILVERM,2022-06-05,81956.0,105294,19114,0,NO_TRADE,0.20642991858526943,20.64
2022-05-25,SILVER,2022-06-05,81935.0,35098,19114,0,NO_TRADE,0.24529212574983983,24.53
2022-05-26,SILVER,2022-06-05,81469.0,15588,49846,0,NO_TRADE,0.20093480261040786,20.09
2022-05-26,SILVERM,2022-06-05,81453.0,46764,49846,0,NO_TRADE,0.22478004611637406,22.48
2022-05-27,SILVER,2022-06-05,80555.0,5442,42596,0,NO_TRADE,0.3218444493449058,32.18
2022-05-27,SILVERM,2022-06-05,80409.0,16326,42596,0,NO_TRADE,0.3808594272635172,38.09
2022-05-30,SILVER,2022-06-05,80457.0,16803,16907,0,NO_TRADE,0.4614604135746928,46.15
2022-05-30,SILVERM,2022-06-05,80447.0,50409,16907,0,NO_TRADE,0.34713990837788167,34.71
2022-05-31,SILVERM,2022-06-05,80432.0,46797,38114,0,NO_TRADE,0.4106918183928881,41.07
2022-05-31,SILVER,2022-06-05,80530.0,15599,38114,0,NO_TRADE,0.3326736107057818,33.27
2022-06-01,SILVERM,2022-06-05,81530.0,36174,35009,0,NO_TRADE,0.33337953781832896,33.34
2022-06-01,SILVER,2022-06-05,81584.0,12058,35009,0,NO_TRADE,0.30778947915640215,30.78
2022-06-02,SILVER,2022-06-05,80011.0,22206,60241,1,BUY,0.6220920866909583,62.21
2022-06-02,SILVERM,2022-06-05,79941.0,66618,60241,1,BUY,0.5764737338372159,57.65
2022-06-03,SILVER,2022-06-05,81471.0,16894,45725,0,NO_TRADE,0.3246815752870176,32.47
2022-06-03,SILVERM,2022-06-05,81528.0,50682,45725,0,NO_TRADE,0.3570457299007929,35.7
2022-06-06,SILVER,2022-06-05,81341.0,7939,28996,0,NO_TRADE,0.3309544689557348,33.1
2022-06-06,SILVERM,2022-06-05,81413.0,23817,28996,0,NO_TRADE,0.27058538423827844,27.06
2022-06-07,SILVER,2022-06-05,80958.0,27149,16047,0,NO_TRADE,0.3399972403968217,34.0
2022-06-07,SILVERM,2022-06-05,80975.0,81447,16047,0,NO_TRADE,0.34129608046881976,34.13
2022-06-08,SILVERM,2022-06-05,80017.0,18093,38767,0,NO_TRADE,0.2953757630774429,29.54
2022-06-08,SILVER,2022-06-05,80029.0,6031,38767,0,NO_TRADE,0.29241969967936743,29.24
2022-06-09,SILVER,2022-06-05,78520.0,15208,26347,1,BUY,0.5223032402611518,52.23
2022-06-09,SILVERM,2022-06-05,78521.0,45624,26347,0,NO_TRADE,0.3742310848755354,37.42
2022-06-10,SILVER,2022-06-05,79298.0,5562,34102,0,NO_TRADE,0.3263442227959501,32.63
2022-06-10,SILVERM,2022-06-05,79355.0,16686,34102,0,NO_TRADE,0.31222401645571585,31.22
2022-06-13,SILVER,2022-06-05,79386.0,25951,14263,0,NO_TRADE,0.2609616319365511,26.1
2022-06-13,SILVERM,2022-06-05,79287.0,77853,14263,0,NO_TRADE,0.24251590478496454,24.25
2022-06-14,SILVERM,2022-06-05,78167.0,100053,77438,0,NO_TRADE,0.3527063274046963,35.27
2022-06-14,SILVER,2022-06-05,78221.0,33351,77438,0,NO_TRADE,0.29988810711596503,29.99
2022-06-15,SILVERM,2022-06-05,77119.0,71040,40540,1,BUY,0.6159239702324428,61.59
2022-06-15,SILVER,2022-06-05,77069.0,23680,40540,1,BUY,0.5741544315468254,57.42
2022-06-16,SILVER,2022-06-05,76788.0,26586,73769,1,BUY,0.5742772514055455,57.43
2022-06-16,SILVERM,2022-06-05,76849.0,79758,73769,0,NO_TRADE,0.34268248509690336,34.27
2022-06-17,SILVER,2022-06-05,78317.0,14308,50843,0,NO_TRADE,0.22376575530789913,22.38
2022-06-17,SILVERM,2022-06-05,78346.0,42924,50843,0,NO_TRADE,0.2799689493494371,28.0
2022-06-20,SILVER,2022-06-05,78100.0,14609,37690,0,NO_TRADE,0.21161072885572033,21.16
2022-06-20,SILVERM,2022-06-05,78048.0,43827,37690,0,NO_TRADE,0.16617684060982785,16.62
2022-06-21,SILVER,2022-06-05,76764.0,86237,12994,0,NO_TRADE,0.16935783701876173,16.94
2022-06-21,SILVERM,2022-06-05,76813.0,258711,12994,0,NO_TRADE,0.1931579423295442,19.32
2022-06-22,SILVERM,2022-06-05,76632.0,170061,77546,0,NO_TRADE,0.2853664700012246,28.54
2022-06-22,SILVER,2022-06-05,76564.0,56687,77546,0,NO_TRADE,0.29359445629935843,29.36
2022-06-23,SILVER,2022-06-05,76341.0,82660,17377,0,NO_TRADE,0.1693841910047434,16.94
2022-06-23,SILVERM,2022-06-05,76377.0,247980,17377,0,NO_TRADE,0.23626861222784995,23.63
2022-06-24,SILVER,2022-06-05,73998.0,34300,36467,0,NO_TRADE,0.3494195171676062,34.94
2022-06-24,SILVERM,2022-06-05,73873.0,102900,36467,1,BUY,0.619530182062551,61.95
2022-06-27,SILVER,2022-06-05,73971.0,48642,10048,1,BUY,0.6190222460490247,61.9
2022-06-27,SILVERM,2022-06-05,73977.0,145926,10048,1,BUY,0.6937604916787038,69.38
2022-06-28,SILVER,2022-06-05,73792.0,19847,46978,1,BUY,0.7589219267588132,75.89
2022-06-28,SILVERM,2022-06-05,73821.0,59541,46978,1,BUY,0.705011255090206,70.5
2022-06-29,SILVER,2022-06-05,74413.0,70912,57606,1,BUY,0.583293879133957,58.33
2022-06-29,SILVERM,2022-06-05,74387.0,212736,57606,1,BUY,0.6661635269870233,66.62
2022-06-30,SILVERM,2022-06-05,76063.0,77940,59222,0,NO_TRADE,0.33098718381680003,33.1
2022-06-30,SILVER,2022-06-05,76054.0,25980,59222,1,BUY,0.5178153611154527,51.78
2022-07-01,SILVERM,2022-08-05,77053.0,92715,58115,0,NO_TRADE,0.46019582371615547,46.02
2022-07-01,SILVER,2022-08-05,77079.0,30905,58115,0,NO_TRADE,0.36438930094775346,36.44
2022-07-04,SILVER,2022-08-05,76858.0,12972,50647,0,NO_TRADE,0.3843946928448382,38.44
2022-07-04,SILVERM,2022-08-05,76815.0,38916,50647,0,NO_TRADE,0.3367683258219523,33.68
2022-07-05,SILVER,2022-08-05,75893.0,35653,64607,0,NO_TRADE,0.4708553918191884,47.09
2022-07-05,SILVERM,2022-08-05,75969.0,106959,64607,0,NO_TRADE,0.4306260483302035,43.06
2022-07-06,SILVER,2022-08-05,78224.0,31329,67410,0,NO_TRADE,0.25449166908632087,25.45
2022-07-06,SILVERM,2022-08-05,78235.0,93987,67410,0,NO_TRADE,0.2942149584919314,29.42
2022-07-07,SILVER,2022-08-05,78298.0,24184,31996,0,NO_TRADE,0.24380414161033645,24.38
2022-07-07,SILVERM,2022-08-05,78243.0,72552,31996,0,NO_TRADE,0.26366315928312756,26.37
2022-07-08,SILVERM,2022-08-05,78262.0,59397,64921,0,NO_TRADE,0.30558270914205615,30.56
2022-07-08,SILVER,2022-08-05,78331.0,19799,64921,0,NO_TRADE,0.2664698493508964,26.65
2022-07-11,SILVER,2022-08-05,78329.0,20052,56022,0,NO_TRADE,0.2995625650334006,29.96
2022-07-11,SILVERM,2022-08-05,78286.0,60156,56022,0,NO_TRADE,0.3250711391366765,32.51
2022-07-12,SILVER,2022-08-05,78530.0,11044,50148,0,NO_TRADE,0.2996839365235904,29.97
2022-07-12,SILVERM,2022-08-05,78487.0,33132,50148,0,NO_TRADE,0.2896162959986248,28.96
2022-07-13,SILVER,2022-08-05,78418.0,24871,77764,0,NO_TRADE,0.29427941830082693,29.43
2022-07-13,SILVERM,2022-08-05,78425.0,74613,77764,0,NO_TRADE,0.3086425639788295,30.86
2022-07-14,SILVERM,2022-08-05,77940.0,86301,18888,0,NO_TRADE,0.2729234222970386,27.29
2022-07-14,SILVER,2022-08-05,77916.0,28767,18888,0,NO_TRADE,0.2624898044329699,26.25
2022-07-15,SILVERM,2022-08-05,77465.0,75702,49159,0,NO_TRADE,0.33811251317082125,33.81
2022-07-15,SILVER,2022-08-05,77441.0,25234,49159,0,NO_TRADE,0.32745810238748463,32.75
2022-07-18,SILVER,2022-08-05,77432.0,26381,52197,0,NO_TRADE,0.331429682633654,33.14
2022-07-18,SILVERM,2022-08-05,77394.0,79143,52197,0,NO_TRADE,0.36452537941355556,36.45
2022-07-19,SILVER,2022-08-05,76963.0,22274,34474,0,NO_TRADE,0.3326759410427387,33.27
2022-07-19,SILVERM,2022-08-05,77009.0,66822,34474,0,NO_TRADE,0.3232661780692219,32.33
2022-07-20,SILVER,2022-08-05,76346.0,27304,27333,0,NO_TRADE,0.3557585592770125,35.58
2022-07-20,SILVERM,2022-08-05,76407.0,81912,27333,0,NO_TRADE,0.4848638944277181,48.49
2022-07-21,SILVER,2022-08-05,76461.0,22572,46355,0,NO_TRADE,0.49202330468667776,49.2
2022-07-21,SILVERM,2022-08-05,76448.0,67716,46355,0,NO_TRADE,0.34620475489947367,34.62
2022-07-22,SILVERM,2022-08-05,76202.0,92895,76258,0,NO_TRADE,0.331033924226032,33.1
2022-07-22,SILVER,2022-08-05,76254.0,30965,76258,0,NO_TRADE,0.3285474257824227,32.85
2022-07-25,SILVER,2022-08-05,77622.0,23384,41145,0,NO_TRADE,0.3030464088284263,30.3
2022-07-25,SILVERM,2022-08-05,77627.0,70152,41145,0,NO_TRADE,0.31845850536115344,31.85
2022-07-26,SILVER,2022-08-05,75280.0,22855,59854,0,NO_TRADE,0.4374330739793591,43.74
2022-07-26,SILVERM,2022-08-05,75388.0,68565,59854,0,NO_TRADE,0.26524030158528034,26.52
2022-07-27,SILVER,2022-08-05,76264.0,22920,77664,0,NO_TRADE,0.318044344043385,31.8
2022-07-27,SILVERM,2022-08-05,76211.0,68760,77664,0,NO_TRADE,0.3703566442504053,37.04
2022-07-28,SILVER,2022-08-05,77400.0,21702,45285,0,NO_TRADE,0.3265424638456568,32.65
2022-07-28,SILVERM,2022-08-05,77374.0,65106,45285,0,NO_TRADE,0.3506958784944206,35.07
2022-07-29,SILVERM,2022-08-05,75575.0,20682,27533,0,NO_TRADE,0.2155641881726725,21.56
2022-07-29,SILVER,2022-08-05,75572.0,6894,27533,0,NO_TRADE,0.2786325717011716,27.86
2022-08-01,SILVER,2022-08-05,75291.0,35985,42624,0,NO_TRADE,0.23493152284568797,23.49
2022-08-01,SILVERM,2022-08-05,75318.0,107955,42624,0,NO_TRADE,0.2500141017450019,25.0
2022-08-02,SILVER,2022-08-05,74985.0,33287,56996,0,NO_TRADE,0.31233787708469113,31.23
2022-08-02,SILVERM,2022-08-05,74886.0,99861,56996,0,NO_TRADE,0.26511645743090234,26.51
2022-08-03,SILVER,2022-08-05,73785.0,12991,56947,0,NO_TRADE,0.2731269756236313,27.31
2022-08-03,SILVERM,2022-08-05,73850.0,38973,56947,0,NO_TRADE,0.2640037837904612,26.4
2022-08-04,SILVER,2022-08-05,73138.0,20439,37956,1,BUY,0.536359740735808,53.64
2022-08-04,SILVERM,2022-08-05,73203.0,61317,37956,1,BUY,0.5443655880926264,54.44
2022-08-05,SILVERM,2022-08-05,72196.0,102252,61030,1,BUY,0.6187603532558444,61.88
2022-08-05,SILVER,2022-08-05,72217.0,34084,61030,1,BUY,0.5842151744340637,58.42
2022-08-08,SILVER,2022-08-05,73727.0,32659,68597,0,NO_TRADE,0.43685155138234544,43.69
2022-08-08,SILVERM,2022-08-05,73862.0,97977,68597,0,NO_TRADE,0.4385826909670598,43.86
2022-08-09,SILVER,2022-08-05,74555.0,29976,52443,0,NO_TRADE,0.39524049406156875,39.52
2022-08-09,SILVERM,2022-08-05,74616.0,89928,52443,0,NO_TRADE,0.39844341773062764,39.84
2022-08-10,SILVER,2022-08-05,75688.0,22107,75464,0,NO_TRADE,0.2525375552141455,25.25
2022-08-10,SILVERM,2022-08-05,75747.0,66321,75464,0,NO_TRADE,0.3116142227882739,31.16
2022-08-11,SILVER,2022-08-05,76348.0,7329,13952,0,NO_TRADE,0.2106607565666388,21.07
2022-08-11,SILVERM,2022-08-05,76407.0,21987,13952,0,NO_TRADE,0.20000112303866413,20.0
2022-08-12,SILVERM,2022-08-05,75427.0,23310,66880,0,NO_TRADE,0.2565311202542854,25.65
2022-08-12,SILVER,2022-08-05,75369.0,7770,66880,0,NO_TRADE,0.294975597135935,29.5
2022-08-15,SILVER,2022-08-05,74930.0,9846,62201,0,NO_TRADE,0.257877006296586,25.79
2022-08-15,SILVERM,2022-08-05,74929.0,29538,62201,0,NO_TRADE,0.31957373759178986,31.96
2022-08-16,SILVER,2022-08-05,75378.0,21651,52460,0,NO_TRADE,0.3208175839919395,32.08
2022-08-16,SILVERM,2022-08-05,75372.0,64953,52460,0,NO_TRADE,0.28727331648114324,28.73
2022-08-17,SILVER,2022-08-05,74332.0,19633,32796,0,NO_TRADE,0.33353563063249037,33.35
2022-08-17,SILVERM,2022-08-05,74285.0,58899,32796,0,NO_TRADE,0.30566406502996407,30.57
2022-08-18,SILVER,2022-08-05,74972.0,18628,41746,0,NO_TRADE,0.25138236990272406,25.14
2022-08-18,SILVERM,2022-08-05,74943.0,55884,41746,0,NO_TRADE,0.3210412804574944,32.1
2022-08-19,SILVERM,2022-08-05,74766.0,16707,10015,0,NO_TRADE,0.42045472867728734,42.05
2022-08-19,SILVER,2022-08-05,74782.0,5569,10015,0,NO_TRADE,0.4576126988139882,45.76
2022-08-22,SILVER,2022-08-05,74476.0,17432,59757,1,BUY,0.5050516256122745,50.51
2022-08-22,SILVERM,2022-08-05,74479.0,52296,59757,0,NO_TRADE,0.42720191042226546,42.72
2022-08-23,SILVER,2022-08-05,75116.0,95095,35957,0,NO_TRADE,0.3438546392357801,34.39
2022-08-23,SILVERM,2022-08-05,75196.0,285285,35957,0,NO_TRADE,0.48862631212702234,48.86
2022-08-24,SILVER,2022-08-05,75525.0,31602,31292,0,NO_TRADE,0.40839855218468907,40.84
2022-08-24,SILVERM,2022-08-05,75420.0,94806,31292,0,NO_TRADE,0.3846856163514738,38.47
2022-08-25,SILVER,2022-08-05,75228.0,34825,41876,0,NO_TRADE,0.33664702806021685,33.66
2022-08-25,SILVERM,2022-08-05,75295.0,104475,41876,0,NO_TRADE,0.46242062021554864,46.24
2022-08-26,SILVER,2022-08-05,76272.0,29200,70727,0,NO_TRADE,0.2940900602113093,29.41
2022-08-26,SILVERM,2022-08-05,76221.0,87600,70727,0,NO_TRADE,0.3282763975386911,32.83
2022-08-29,SILVERM,2022-08-05,75332.0,46926,57046,0,NO_TRADE,0.4929353928033141,49.29
2022-08-29,SILVER,2022-08-05,75337.0,15642,57046,1,BUY,0.5116223819544539,51.16
2022-08-30,SILVER,2022-08-05,75899.0,33125,24817,0,NO_TRADE,0.3075297814577359,30.75
2022-08-30,SILVERM,2022-08-05,75863.0,99375,24817,0,NO_TRADE,0.4236856574838244,42.37
2022-08-31,SILVER,2022-08-05,76446.0,84392,19759,0,NO_TRADE,0.35131384278073896,35.13
2022-08-31,SILVERM,2022-08-05,76539.0,253176,19759,0,NO_TRADE,0.37461685264358174,37.46
2022-09-01,SILVER,2022-10-05,76191.0,9858,58432,0,NO_TRADE,0.38118132241558045,38.12
2022-09-01,SILVERM,2022-10-05,76166.0,29574,58432,0,NO_TRADE,0.41396657601276504,41.4
2022-09-02,SILVER,2022-10-05,76501.0,18491,16412,0,NO_TRADE,0.3433145739132612,34.33
2022-09-02,SILVERM,2022-10-05,76527.0,55473,16412,0,NO_TRADE,0.3695778257554123,36.96
2022-09-05,SILVERM,2022-10-05,75442.0,90882,67757,0,NO_TRADE,0.43142231641312756,43.14
2022-09-05,SILVER,2022-10-05,75413.0,30294,67757,1,BUY,0.5392324039920375,53.92
2022-09-06,SILVER,2022-10-05,76250.0,11908,30504,0,NO_TRADE,0.3569882117492921,35.7
2022-09-06,SILVERM,2022-10-05,76192.0,35724,30504,0,NO_TRADE,0.47219473638082576,47.22
2022-09-07,SILVER,2022-10-05,76106.0,15844,18507,1,BUY,0.5066333280596382,50.66
2022-09-07,SILVERM,2022-10-05,76101.0,47532,18507,0,NO_TRADE,0.39654475704719067,39.65
2022-09-08,SILVER,2022-10-05,75664.0,7911,31050,0,NO_TRADE,0.470547448978286,47.05
2022-09-08,SILVERM,2022-10-05,75724.0,23733,31050,0,NO_TRADE,0.38865899140803395,38.87
2022-09-09,SILVER,2022-10-05,76615.0,13991,14820,0,NO_TRADE,0.3386611420067675,33.87
2022-09-09,SILVERM,2022-10-05,76571.0,41973,14820,0,NO_TRADE,0.3800537658287474,38.01
2022-09-12,SILVERM,2022-10-05,76049.0,49716,17835,0,NO_TRADE,0.34623341361949733,34.62
2022-09-12,SILVER,2022-10-05,76008.0,16572,17835,0,NO_TRADE,0.40037858787118646,40.04
2022-09-13,SILVER,2022-10-05,74791.0,34693,23587,0,NO_TRADE,0.3991084804961262,39.91
2022-09-13,SILVERM,2022-10-05,74774.0,104079,23587,0,NO_TRADE,0.4265526025660432,42.66
2022-09-14,SILVER,2022-10-05,73466.0,22493,67732,0,NO_TRADE,0.37477454025890433,37.48
2022-09-14,SILVERM,2022-10-05,73524.0,67479,67732,1,BUY,0.5223935995327043,52.24
2022-09-15,SILVER,2022-10-05,74006.0,22634,61921,0,NO_TRADE,0.43163067964186375,43.16
2022-09-15,SILVERM,2022-10-05,74093.0,67902,61921,0,NO_TRADE,0.3358821622035311,33.59
2022-09-16,SILVER,2022-10-05,72930.0,29561,55499,0,NO_TRADE,0.34098850343219733,34.1
2022-09-16,SILVERM,2022-10-05,72830.0,88683,55499,0,NO_TRADE,0.4786212584790879,47.86
2022-09-19,SILVERM,2022-10-05,74389.0,69099,16840,0,NO_TRADE,0.192402424965001,19.24
2022-09-19,SILVER,2022-10-05,74456.0,23033,16840,0,NO_TRADE,0.20491800658889983,20.49
2022-09-20,SILVER,2022-10-05,72691.0,12351,75077,1,BUY,0.5191841001473084,51.92
2022-09-20,SILVERM,2022-10-05,72669.0,37053,75077,0,NO_TRADE,0.3881657560262304,38.82
2022-09-21,SILVER,2022-10-05,74162.0,30921,41440,0,NO_TRADE,0.21767662414244884,21.77
2022-09-21,SILVERM,2022-10-05,74235.0,92763,41440,0,NO_TRADE,0.23831526536439596,23.83
2022-09-22,SILVER,2022-10-05,74365.0,24340,45183,0,NO_TRADE,0.2591281968014125,25.91
2022-09-22,SILVERM,2022-10-05,74392.0,73020,45183,0,NO_TRADE,0.22864696130088968,22.86
2022-09-23,SILVERM,2022-10-05,74239.0,59703,12389,0,NO_TRADE,0.2536609952765726,25.37
2022-09-23,SILVER,2022-10-05,74301.0,19901,12389,0,NO_TRADE,0.22625085344369342,22.63
2022-09-26,SILVERM,2022-10-05,73884.0,46914,65076,1,BUY,0.6217068380117972,62.17
2022-09-26,SILVER,2022-10-05,73850.0,15638,65076,1,BUY,0.6280183659112768,62.8
2022-09-27,SILVER,2022-10-05,74215.0,26378,76299,0,NO_TRADE,0.40000012556030334,40.0
2022-09-27,SILVERM,2022-10-05,74169.0,79134,76299,1,BUY,0.5263460643531319,52.63
2022-09-28,SILVER,2022-10-05,74202.0,27820,49023,0,NO_TRADE,0.44269742926153116,44.27
2022-09-28,SILVERM,2022-10-05,74246.0,83460,49023,0,NO_TRADE,0.4302466615198751,43.02
2022-09-29,SILVER,2022-10-05,75182.0,30060,60029,0,NO_TRADE,0.28604428833488066,28.6
2022-09-29,SILVERM,2022-10-05,75209.0,90180,60029,0,NO_TRADE,0.3034514437336334,30.35
2022-09-30,SILVER,2022-10-05,75302.0,37642,49941,0,NO_TRADE,0.25015279334140017,25.02
2022-09-30,SILVERM,2022-10-05,75256.0,112926,49941,0,NO_TRADE,0.3693850794094748,36.94
2022-10-03,SILVERM,2022-10-05,75451.0,91134,63950,0,NO_TRADE,0.3895815894361279,38.96
2022-10-03,SILVER,2022-10-05,75454.0,30378,63950,0,NO_TRADE,0.34401441500824165,34.4
2022-10-04,SILVER,2022-10-05,75155.0,13150,75363,0,NO_TRADE,0.3180948314205787,31.81
2022-10-04,SILVERM,2022-10-05,75216.0,39450,75363,0,NO_TRADE,0.32844936776980416,32.84
2022-10-05,SILVER,2022-10-05,75125.0,29059,71742,0,NO_TRADE,0.37840875906569066,37.84
2022-10-05,SILVERM,2022-10-05,75030.0,87177,71742,0,NO_TRADE,0.41724857057657533,41.72
2022-10-06,SILVER,2022-10-05,75415.0,39525,55215,0,NO_TRADE,0.3466342528874077,34.66
2022-10-06,SILVERM,2022-10-05,75430.0,118575,55215,0,NO_TRADE,0.367562854580742,36.76
2022-10-07,SILVERM,2022-10-05,73892.0,69579,57857,0,NO_TRADE,0.31429821515347417,31.43
2022-10-07,SILVER,2022-10-05,73947.0,23193,57857,0,NO_TRADE,0.3185427336277854,31.85
2022-10-10,SILVERM,2022-10-05,72813.0,98403,65476,1,BUY,0.5537015935933121,55.37
2022-10-10,SILVER,2022-10-05,72814.0,32801,65476,1,BUY,0.5252434553333324,52.52
2022-10-11,SILVER,2022-10-05,73467.0,31246,38173,0,NO_TRADE,0.23307477320987235,23.31
2022-10-11,SILVERM,2022-10-05,73490.0,93738,38173,0,NO_TRADE,0.2128904567185059,21.29
2022-10-12,SILVER,2022-10-05,73633.0,17807,19395,0,NO_TRADE,0.2166522109710034,21.67
2022-10-12,SILVERM,2022-10-05,73734.0,53421,19395,0,NO_TRADE,0.2186403105839287,21.86
2022-10-13,SILVER,2022-10-05,73495.0,22535,69768,0,NO_TRADE,0.2469799759500747,24.7
2022-10-13,SILVERM,2022-10-05,73494.0,67605,69768,0,NO_TRADE,0.2565060365683676,25.65
2022-10-14,SILVER,2022-10-05,73531.0,10492,56229,0,NO_TRADE,0.2657662134106406,26.58
2022-10-14,SILVERM,2022-10-05,73604.0,31476,56229,0,NO_TRADE,0.2668795257882945,26.69
2022-10-17,SILVERM,2022-10-05,73807.0,109071,36639,0,NO_TRADE,0.24463864872742763,24.46
2022-10-17,SILVER,2022-10-05,73849.0,36357,36639,0,NO_TRADE,0.25164773171333477,25.16
2022-10-18,SILVER,2022-10-05,73406.0,11302,72583,0,NO_TRADE,0.37586035736525863,37.59
2022-10-18,SILVERM,2022-10-05,73381.0,33906,72583,0,NO_TRADE,0.3752987899196713,37.53
2022-10-19,SILVER,2022-10-05,72763.0,37314,38924,0,NO_TRADE,0.23187157274735198,23.19
2022-10-19,SILVERM,2022-10-05,72792.0,111942,38924,0,NO_TRADE,0.2619167896427683,26.19
2022-10-20,SILVER,2022-10-05,72949.0,9747,40104,0,NO_TRADE,0.311881251233419,31.19
2022-10-20,SILVERM,2022-10-05,72959.0,29241,40104,0,NO_TRADE,0.22407167486368781,22.41
2022-10-21,SILVER,2022-10-05,72141.0,39215,47594,0,NO_TRADE,0.236837270424133,23.68
2022-10-21,SILVERM,2022-10-05,72125.0,117645,47594,0,NO_TRADE,0.260685326086109,26.07
2022-10-24,SILVERM,2022-10-05,72487.0,179181,13664,0,NO_TRADE,0.2433263945914312,24.33
2022-10-24,SILVER,2022-10-05,72505.0,59727,13664,0,NO_TRADE,0.18773520385007175,18.77
2022-10-25,SILVERM,2022-10-05,71167.0,261960,20528,1,BUY,0.5168018642775907,51.68
2022-10-25,SILVER,2022-10-05,71100.0,87320,20528,0,NO_TRADE,0.46145697950396625,46.15
2022-10-26,SILVER,2022-10-05,71977.0,31235,38190,0,NO_TRADE,0.3833818881210354,38.34
2022-10-26,SILVERM,2022-10-05,71963.0,93705,38190,0,NO_TRADE,0.409227672666033,40.92
2022-10-27,SILVER,2022-10-05,72395.0,87192,76033,1,BUY,0.5099983841115179,51.0
2022-10-27,SILVERM,2022-10-05,72344.0,261576,76033,1,BUY,0.5796059989149468,57.96
2022-10-28,SILVER,2022-10-05,72631.0,82452,71161,0,NO_TRADE,0.4361474095446123,43.61
2022-10-28,SILVERM,2022-10-05,72588.0,247356,71161,1,BUY,0.5610094220803566,56.1
2022-10-31,SILVER,2022-10-05,73487.0,47565,42899,0,NO_TRADE,0.411997781227028,41.2
2022-10-31,SILVERM,2022-10-05,73520.0,142695,42899,1,BUY,0.5056805899867759,50.57
2022-11-01,SILVER,2022-12-05,74948.0,25422,27241,0,NO_TRADE,0.25498825970927624,25.5
2022-11-01,SILVERM,2022-12-05,75061.0,76266,27241,0,NO_TRADE,0.21713059932625195,21.71
2022-11-02,SILVERM,2022-12-05,75833.0,42732,56211,0,NO_TRADE,0.32860886157357455,32.86
2022-11-02,SILVER,2022-12-05,75859.0,14244,56211,0,NO_TRADE,0.2506767284619169,25.07
2022-11-03,SILVER,2022-12-05,74269.0,38481,73472,0,NO_TRADE,0.33490109532326157,33.49
2022-11-03,SILVERM,2022-12-05,74376.0,115443,73472,0,NO_TRADE,0.31839884231573257,31.84
2022-11-04,SILVER,2022-12-05,73189.0,28644,41346,0,NO_TRADE,0.35965812544422393,35.97
2022-11-04,SILVERM,2022-12-05,73188.0,85932,41346,0,NO_TRADE,0.3124747653724955,31.25
2022-11-07,SILVER,2022-12-05,72678.0,13521,52220,0,NO_TRADE,0.4021321842269517,40.21
2022-11-07,SILVERM,2022-12-05,72664.0,40563,52220,0,NO_TRADE,0.2955139148330854,29.55
2022-11-08,SILVER,2022-12-05,72720.0,6746,27942,0,NO_TRADE,0.2460935317699788,24.61
2022-11-08,SILVERM,2022-12-05,72674.0,20238,27942,0,NO_TRADE,0.28115838563082307,28.12
2022-11-09,SILVERM,2022-12-05,73170.0,67773,59167,0,NO_TRADE,0.29288344233812696,29.29
2022-11-09,SILVER,2022-12-05,73180.0,22591,59167,0,NO_TRADE,0.3096101297110869,30.96
2022-11-10,SILVER,2022-12-05,72583.0,31718,46373,0,NO_TRADE,0.30759846959355686,30.76
2022-11-10,SILVERM,2022-12-05,72545.0,95154,46373,0,NO_TRADE,0.3148389506693332,31.48
2022-11-11,SILVER,2022-12-05,72761.0,7696,77143,0,NO_TRADE,0.28521307422004566,28.52
2022-11-11,SILVERM,2022-12-05,72719.0,23088,77143,0,NO_TRADE,0.29055010451636454,29.06
2022-11-14,SILVER,2022-12-05,72143.0,17012,12016,0,NO_TRADE,0.216399067029684,21.64
2022-11-14,SILVERM,2022-12-05,72060.0,51036,12016,0,NO_TRADE,0.2547651395642766,25.48
2022-11-15,SILVER,2022-12-05,71650.0,19688,79110,0,NO_TRADE,0.2845103724760196,28.45
2022-11-15,SILVERM,2022-12-05,71738.0,59064,79110,0,NO_TRADE,0.27075564374567745,27.08
2022-11-16,SILVERM,2022-12-05,70557.0,85371,56309,0,NO_TRADE,0.2439600265449289,24.4
2022-11-16,SILVER,2022-12-05,70504.0,28457,56309,0,NO_TRADE,0.1911865979676203,19.12
2022-11-17,SILVER,2022-12-05,69769.0,10036,17274,0,NO_TRADE,0.2334909207859112,23.35
2022-11-17,SILVERM,2022-12-05,69783.0,30108,17274,0,NO_TRADE,0.17928632582992843,17.93
2022-11-18,SILVER,2022-12-05,68698.0,34960,25748,0,NO_TRADE,0.3225377708346977,32.25
2022-11-18,SILVERM,2022-12-05,68691.0,104880,25748,0,NO_TRADE,0.3764654569202976,37.65
2022-11-21,SILVER,2022-12-05,67940.0,27159,30175,0,NO_TRADE,0.3909876486005086,39.1
2022-11-21,SILVERM,2022-12-05,67940.0,81477,30175,1,BUY,0.6154565672109773,61.55
2022-11-22,SILVERM,2022-12-05,68760.0,38730,21826,1,BUY,0.6725605021757828,67.26
2022-11-22,SILVER,2022-12-05,68799.0,12910,21826,1,BUY,0.5992910991214646,59.93
2022-11-23,SILVERM,2022-12-05,68004.0,23079,44129,1,BUY,0.6303181118749432,63.03
2022-11-23,SILVER,2022-12-05,68061.0,7693,44129,1,BUY,0.5712329085407809,57.12
2022-11-24,SILVER,2022-12-05,70201.0,20858,33490,1,BUY,0.5129016814517727,51.29
2022-11-24,SILVERM,2022-12-05,70237.0,62574,33490,0,NO_TRADE,0.2763355967245525,27.63
2022-11-25,SILVER,2022-12-05,70625.0,33810,51435,0,NO_TRADE,0.18728948051303834,18.73
2022-11-25,SILVERM,2022-12-05,70612.0,101430,51435,0,NO_TRADE,0.2362762168427805,23.63
2022-11-28,SILVER,2022-12-05,70797.0,25092,18520,0,NO_TRADE,0.16944492126829783,16.94
2022-11-28,SILVERM,2022-12-05,70813.0,75276,18520,0,NO_TRADE,0.20034314446750578,20.03
2022-11-29,SILVER,2022-12-05,70112.0,28243,71877,0,NO_TRADE,0.3108609674955549,31.09
2022-11-29,SILVERM,2022-12-05,70029.0,84729,71877,0,NO_TRADE,0.3318945942438348,33.19
2022-11-30,SILVERM,2022-12-05,70690.0,106515,29798,0,NO_TRADE,0.41550524824133606,41.55
2022-11-30,SILVER,2022-12-05,70706.0,35505,29798,0,NO_TRADE,0.20673795668426945,20.67
2022-12-01,SILVER,2023-02-05,70252.0,12692,64638,0,NO_TRADE,0.4366647730535274,43.67
2022-12-01,SILVERM,2023-02-05,70194.0,38076,64638,0,NO_TRADE,0.4165295697396305,41.65
2022-12-02,SILVER,2023-02-05,70372.0,33555,79072,1,BUY,0.5198458249892821,51.98
2022-12-02,SILVERM,2023-02-05,70396.0,100665,79072,1,BUY,0.6057701588268416,60.58
2022-12-05,SILVER,2023-02-05,72523.0,11398,77309,0,NO_TRADE,0.39779744511981335,39.78
2022-12-05,SILVERM,2023-02-05,72573.0,34194,77309,0,NO_TRADE,0.30726325657151266,30.73
2022-12-06,SILVER,2023-02-05,72462.0,12252,39894,0,NO_TRADE,0.2792828209313711,27.93
2022-12-06,SILVERM,2023-02-05,72535.0,36756,39894,0,NO_TRADE,0.29202561150960693,29.2
2022-12-07,SILVERM,2023-02-05,73428.0,50163,72963,0,NO_TRADE,0.409310099379714,40.93
2022-12-07,SILVER,2023-02-05,73459.0,16721,72963,0,NO_TRADE,0.2742559105267032,27.43
2022-12-08,SILVER,2023-02-05,72879.0,22939,64567,0,NO_TRADE,0.4460315621350252,44.6
2022-12-08,SILVERM,2023-02-05,72823.0,68817,64567,0,NO_TRADE,0.4215778606686886,42.16
2022-12-09,SILVER,2023-02-05,72869.0,16825,45326,0,NO_TRADE,0.406812707579601,40.68
2022-12-09,SILVERM,2023-02-05,72848.0,50475,45326,0,NO_TRADE,0.3612245577657553,36.12
2022-12-12,SILVER,2023-02-05,74409.0,30251,65059,0,NO_TRADE,0.42523509358302264,42.52
2022-12-12,SILVERM,2023-02-05,74374.0,90753,65059,0,NO_TRADE,0.4666071123306319,46.66
2022-12-13,SILVERM,2023-02-05,73909.0,87453,15079,0,NO_TRADE,0.38169758471069026,38.17
2022-12-13,SILVER,2023-02-05,73887.0,29151,15079,0,NO_TRADE,0.4494651783994106,44.95
2022-12-14,SILVERM,2023-02-05,75415.0,15108,35838,0,NO_TRADE,0.44661531846682295,44.66
2022-12-14,SILVER,2023-02-05,75485.0,5036,35838,0,NO_TRADE,0.3305156300744159,33.05
2022-12-15,SILVER,2023-02-05,76130.0,33412,57109,0,NO_TRADE,0.31518864559467,31.52
2022-12-15,SILVERM,2023-02-05,76042.0,100236,57109,0,NO_TRADE,0.48516058490305375,48.52
2022-12-16,SILVER,2023-02-05,75653.0,23171,35594,0,NO_TRADE,0.4840213054801913,48.4
2022-12-16,SILVERM,2023-02-05,75636.0,69513,35594,1,BUY,0.5114130673992715,51.14
2022-12-19,SILVER,2023-02-05,76233.0,37761,52749,0,NO_TRADE,0.45968414523679757,45.97
2022-12-19,SILVERM,2023-02-05,76269.0,113283,52749,0,NO_TRADE,0.3818736615086095,38.19
2022-12-20,SILVERM,2023-02-05,77071.0,60606,46292,0,NO_TRADE,0.2602278296500159,26.02
2022-12-20,SILVER,2023-02-05,77122.0,20202,46292,0,NO_TRADE,0.2877763967770939,28.78
2022-12-21,SILVERM,2023-02-05,77746.0,97950,61818,0,NO_TRADE,0.24498208536653787,24.5
2022-12-21,SILVER,2023-02-05,77704.0,32650,61818,0,NO_TRADE,0.2528088885879515,25.28
2022-12-22,SILVER,2023-02-05,76315.0,32662,23429,0,NO_TRADE,0.3176423421790313,31.76
2022-12-22,SILVERM,2023-02-05,76333.0,97986,23429,0,NO_TRADE,0.3005202105746505,30.05
2022-12-23,SILVER,2023-02-05,75691.0,87182,67748,0,NO_TRADE,0.3917380696949905,39.17
2022-12-23,SILVERM,2023-02-05,75768.0,261546,67748,0,NO_TRADE,0.3580798475686972,35.81
2022-12-26,SILVER,2023-02-05,75493.0,27330,58807,1,BUY,0.579037965392239,57.9
2022-12-26,SILVERM,2023-02-05,75453.0,81990,58807,1,BUY,0.5565757542974019,55.66
2022-12-27,SILVER,2023-02-05,75448.0,78675,17140,1,BUY,0.5019761626474627,50.2
2022-12-27,SILVERM,2023-02-05,75368.0,236025,17140,0,NO_TRADE,0.3482826545462531,34.83
2022-12-28,SILVERM,2023-02-05,76046.0,99960,73226,0,NO_TRADE,0.36889003736219733,36.89
2022-12-28,SILVER,2023-02-05,76016.0,33320,73226,0,NO_TRADE,0.32567629561070516,32.57
2022-12-29,SILVER,2023-02-05,76194.0,28332,24901,0,NO_TRADE,0.31388457828336164,31.39
2022-12-29,SILVERM,2023-02-05,76208.0,84996,24901,0,NO_TRADE,0.38565138990605263,38.57
2022-12-30,SILVER,2023-02-05,75038.0,40670,38525,1,BUY,0.5335358882093637,53.35
2022-12-30,SILVERM,2023-02-05,75048.0,122010,38525,0,NO_TRADE,0.4978433636020818,49.78
2023-01-02,SILVER,2023-02-05,75391.0,10067,30491,1,BUY,0.5832184494260333,58.32
2023-01-02,SILVERM,2023-02-05,75339.0,30201,30491,1,BUY,0.5793213202088766,57.93
2023-01-03,SILVERM,2023-02-05,75989.0,66135,78816,1,BUY,0.5909034165570788,59.09
2023-01-03,SILVER,2023-02-05,75950.0,22045,78816,1,BUY,0.5464702566526801,54.65
2023-01-04,SILVERM,2023-02-05,76435.0,83310,44980,1,BUY,0.5189680536855237,51.9
2023-01-04,SILVER,2023-02-05,76467.0,27770,44980,1,BUY,0.51618943361944,51.62
2023-01-05,SILVER,2023-02-05,77457.0,12887,18078,0,NO_TRADE,0.4775698108573425,47.76
2023-01-05,SILVERM,2023-02-05,77467.0,38661,18078,0,NO_TRADE,0.4439370956024782,44.39
2023-01-06,SILVER,2023-02-05,78234.0,38182,58704,0,NO_TRADE,0.27171165779484285,27.17
2023-01-06,SILVERM,2023-02-05,78211.0,114546,58704,0,NO_TRADE,0.36404262838245977,36.4
2023-01-09,SILVER,2023-02-05,78675.0,37370,26997,0,NO_TRADE,0.28249817904424535,28.25
2023-01-09,SILVERM,2023-02-05,78693.0,112110,26997,0,NO_TRADE,0.3232997026964476,32.33
2023-01-10,SILVER,2023-02-05,78631.0,29918,10868,0,NO_TRADE,0.31560324671940854,31.56
2023-01-10,SILVERM,2023-02-05,78571.0,89754,10868,0,NO_TRADE,0.32116915468360574,32.12
2023-01-11,SILVERM,2023-02-05,77169.0,99078,36398,0,NO_TRADE,0.4114717026223771,41.15
2023-01-11,SILVER,2023-02-05,77144.0,33026,36398,0,NO_TRADE,0.467553437484768,46.76
2023-01-12,SILVER,2023-02-05,77552.0,16929,31246,0,NO_TRADE,0.39671956995212077,39.67
2023-01-12,SILVERM,2023-02-05,77585.0,50787,31246,0,NO_TRADE,0.33274663728465625,33.27
2023-01-13,SILVER,2023-02-05,77760.0,39937,30561,0,NO_TRADE,0.3319128487140026,33.19
2023-01-13,SILVERM,2023-02-05,77766.0,119811,30561,0,NO_TRADE,0.31993328995756154,31.99
2023-01-16,SILVER,2023-02-05,78027.0,18563,26254,0,NO_TRADE,0.30194020177044023,30.19
2023-01-16,SILVERM,2023-02-05,78109.0,55689,26254,0,NO_TRADE,0.27516926020126614,27.52
2023-01-17,SILVER,2023-02-05,76895.0,33546,44512,0,NO_TRADE,0.3357178739253105,33.57
2023-01-17,SILVERM,2023-02-05,76905.0,100638,44512,0,NO_TRADE,0.35227574608573625,35.23
2023-01-18,SILVERM,2023-02-05,75999.0,53664,67865,1,BUY,0.5674514747669468,56.75
2023-01-18,SILVER,2023-02-05,75953.0,17888,67865,1,BUY,0.5301631535700637,53.02
2023-01-19,SILVER,2023-02-05,76911.0,39283,33580,0,NO_TRADE,0.4813972858106797,48.14
2023-01-19,SILVERM,2023-02-05,76916.0,117849,33580,0,NO_TRADE,0.48434177406211554,48.43
2023-01-20,SILVER,2023-02-05,76896.0,21958,52485,0,NO_TRADE,0.4237622795006219,42.38
2023-01-20,SILVERM,2023-02-05,76937.0,65874,52485,0,NO_TRADE,0.4199475963691423,41.99
2023-01-23,SILVER,2023-02-05,77530.0,17634,60621,0,NO_TRADE,0.3622077592855685,36.22
2023-01-23,SILVERM,2023-02-05,77453.0,52902,60621,0,NO_TRADE,0.43221211306214236,43.22
2023-01-24,SILVER,2023-02-05,77576.0,24251,60665,0,NO_TRADE,0.4375886865260928,43.76
2023-01-24,SILVERM,2023-02-05,77578.0,72753,60665,0,NO_TRADE,0.46085540541412845,46.09
2023-01-25,SILVERM,2023-02-05,77568.0,74784,60603,1,BUY,0.5607857684041702,56.08
2023-01-25,SILVER,2023-02-05,77624.0,24928,60603,1,BUY,0.5421935456244121,54.22
2023-01-26,SILVER,2023-02-05,78498.0,21455,31038,0,NO_TRADE,0.29267754363454673,29.27
2023-01-26,SILVERM,2023-02-05,78505.0,64365,31038,0,NO_TRADE,0.3240887053304457,32.41
2023-01-27,SILVER,2023-02-05,78048.0,32144,24325,0,NO_TRADE,0.32595262469351255,32.6
2023-01-27,SILVERM,2023-02-05,78067.0,96432,24325,0,NO_TRADE,0.3464136036637397,34.64
2023-01-30,SILVER,2023-02-05,78156.0,33013,45892,0,NO_TRADE,0.33858146788885457,33.86
2023-01-30,SILVERM,2023-02-05,78196.0,99039,45892,0,NO_TRADE,0.39833665814853797,39.83
2023-01-31,SILVER,2023-02-05,77757.0,26876,11753,0,NO_TRADE,0.3118768406833982,31.19
2023-01-31,SILVERM,2023-02-05,77781.0,80628,11753,0,NO_TRADE,0.3185505200577125,31.86
2023-02-01,SILVERM,2023-02-05,77368.0,95886,27996,0,NO_TRADE,0.352147259249042,35.21
2023-02-01,SILVER,2023-02-05,77385.0,31962,27996,0,NO_TRADE,0.35837484702595085,35.84
2023-02-02,SILVER,2023-02-05,77127.0,33084,78811,0,NO_TRADE,0.3720795393839312,37.21
2023-02-02,SILVERM,2023-02-05,77089.0,99252,78811,0,NO_TRADE,0.4980668835416758,49.81
2023-02-03,SILVER,2023-02-05,77347.0,26143,55211,0,NO_TRADE,0.41910655403677327,41.91
2023-02-03,SILVERM,2023-02-05,77230.0,78429,55211,0,NO_TRADE,0.39952005416308095,39.95
2023-02-06,SILVER,2023-02-05,76937.0,31091,72820,0,NO_TRADE,0.3638916957293965,36.39
2023-02-06,SILVERM,2023-02-05,76940.0,93273,72820,0,NO_TRADE,0.37142547130011727,37.14
2023-02-07,SILVER,2023-02-05,78092.0,19179,10824,0,NO_TRADE,0.2927174975552768,29.27
2023-02-07,SILVERM,2023-02-05,78149.0,57537,10824,0,NO_TRADE,0.31023863570361504,31.02
2023-02-08,SILVER,2023-02-05,77303.0,37807,23880,0,NO_TRADE,0.4070244885010295,40.7
2023-02-08,SILVERM,2023-02-05,77308.0,113421,23880,1,BUY,0.5085530455513791,50.86
2023-02-09,SILVER,2023-02-05,77155.0,15222,76617,0,NO_TRADE,0.49759753046633165,49.76
2023-02-09,SILVERM,2023-02-05,77151.0,45666,76617,1,BUY,0.5646595522182369,56.47
2023-02-10,SILVER,2023-02-05,76781.0,28949,21517,0,NO_TRADE,0.4945058050382892,49.45
2023-02-10,SILVERM,2023-02-05,76788.0,86847,21517,0,NO_TRADE,0.4731868725913483,47.32
2023-02-13,SILVER,2023-02-05,78108.0,21116,31683,0,NO_TRADE,0.38294987464409275,38.29
2023-02-13,SILVERM,2023-02-05,78089.0,63348,31683,0,NO_TRADE,0.3387228536030776,33.87
2023-02-14,SILVERM,2023-02-05,78318.0,68001,26876,0,NO_TRADE,0.33923637709154447,33.92
2023-02-14,SILVER,2023-02-05,78308.0,22667,26876,0,NO_TRADE,0.295082931572531,29.51
2023-02-15,SILVERM,2023-02-05,79256.0,41325,66354,0,NO_TRADE,0.3580303993500621,35.8
2023-02-15,SILVER,2023-02-05,79276.0,13775,66354,0,NO_TRADE,0.341820620066829,34.18
2023-02-16,SILVER,2023-02-05,77936.0,34655,19982,1,BUY,0.5183245418450013,51.83
2023-02-16,SILVERM,2023-02-05,77891.0,103965,19982,0,NO_TRADE,0.49026749774480544,49.03
2023-02-17,SILVER,2023-02-05,78199.0,19193,36598,0,NO_TRADE,0.4334788532837039,43.35
2023-02-17,SILVERM,2023-02-05,78195.0,57579,36598,0,NO_TRADE,0.40648367680931935,40.65
2023-02-20,SILVER,2023-02-05,79035.0,19676,24639,0,NO_TRADE,0.4284643995773981,42.85
2023-02-20,SILVERM,2023-02-05,79030.0,59028,24639,0,NO_TRADE,0.41598925448219165,41.6
2023-02-21,SILVER,2023-02-05,79132.0,89440,79852,1,BUY,0.5852874936044133,58.53
2023-02-21,SILVERM,2023-02-05,79226.0,268320,79852,1,BUY,0.6164755067933065,61.65
2023-02-22,SILVERM,2023-02-05,80102.0,166491,19695,0,NO_TRADE,0.498623855575519,49.86
2023-02-22,SILVER,2023-02-05,80142.0,55497,19695,0,NO_TRADE,0.43306957424981407,43.31
2023-02-23,SILVER,2023-02-05,79681.0,50165,58582,0,NO_TRADE,0.45798396508393063,45.8
2023-02-23,SILVERM,2023-02-05,79673.0,150495,58582,0,NO_TRADE,0.45211453610835584,45.21
2023-02-24,SILVER,2023-02-05,81022.0,59737,41094,0,NO_TRADE,0.43549998660321015,43.55
2023-02-24,SILVERM,2023-02-05,81009.0,179211,41094,1,BUY,0.5202064818489841,52.02
2023-02-27,SILVER,2023-02-05,83243.0,13115,70635,0,NO_TRADE,0.3448390512738601,34.48
2023-02-27,SILVERM,2023-02-05,83221.0,39345,70635,1,BUY,0.5794652129589818,57.95
2023-02-28,SILVER,2023-02-05,82913.0,65522,32187,1,BUY,0.6625221498165946,66.25
2023-02-28,SILVERM,2023-02-05,82939.0,196566,32187,1,BUY,0.6595885847457568,65.96
2023-03-01,SILVERM,2023-04-05,82617.0,65400,11214,1,BUY,0.5701915507598415,57.02
2023-03-01,SILVER,2023-04-05,82505.0,21800,11214,1,BUY,0.5756319526939331,57.56
2023-03-02,SILVER,2023-04-05,83936.0,28086,33940,1,BUY,0.5543570197659526,55.44
2023-03-02,SILVERM,2023-04-05,83920.0,84258,33940,1,BUY,0.5689283991285503,56.89
2023-03-03,SILVER,2023-04-05,85518.0,25101,54406,0,NO_TRADE,0.15688937109994525,15.69
2023-03-03,SILVERM,2023-04-05,85544.0,75303,54406,0,NO_TRADE,0.22387052731712687,22.39
2023-03-06,SILVER,2023-04-05,85020.0,21491,53481,0,NO_TRADE,0.19316825701660392,19.32
2023-03-06,SILVERM,2023-04-05,84924.0,64473,53481,0,NO_TRADE,0.2116434221126361,21.16
2023-03-07,SILVERM,2023-04-05,84606.0,96621,25977,0,NO_TRADE,0.2008997943489873,20.09
2023-03-07,SILVER,2023-04-05,84626.0,32207,25977,0,NO_TRADE,0.18394600065999517,18.39
2023-03-08,SILVERM,2023-04-05,84448.0,77691,54839,0,NO_TRADE,0.23164633742657992,23.16
2023-03-08,SILVER,2023-04-05,84370.0,25897,54839,0,NO_TRADE,0.18812190175866064,18.81
2023-03-09,SILVER,2023-04-05,83079.0,34492,67874,0,NO_TRADE,0.25655400078149443,25.66
2023-03-09,SILVERM,2023-04-05,83076.0,103476,67874,0,NO_TRADE,0.30742870670787714,30.74
2023-03-10,SILVER,2023-04-05,82216.0,6421,68414,0,NO_TRADE,0.3054621204902112,30.55
2023-03-10,SILVERM,2023-04-05,82241.0,19263,68414,0,NO_TRADE,0.2774142776697269,27.74
2023-03-13,SILVER,2023-04-05,81280.0,37015,35538,0,NO_TRADE,0.30640844722359356,30.64
2023-03-13,SILVERM,2023-04-05,81249.0,111045,35538,0,NO_TRADE,0.3299697019019817,33.0
2023-03-14,SILVERM,2023-04-05,80590.0,53910,66241,1,BUY,0.6924802802902918,69.25
2023-03-14,SILVER,2023-04-05,80577.0,17970,66241,0,NO_TRADE,0.3993371259417395,39.93
2023-03-15,SILVERM,2023-04-05,80648.0,36849,70481,1,BUY,0.7771362383400116,77.71
2023-03-15,SILVER,2023-04-05,80566.0,12283,70481,1,BUY,0.7224147820962213,72.24
2023-03-16,SILVER,2023-04-05,80807.0,33488,37740,1,BUY,0.6609495852211563,66.09
2023-03-16,SILVERM,2023-04-05,80749.0,100464,37740,1,BUY,0.6653902138430007,66.54
2023-03-17,SILVER,2023-04-05,82302.0,20945,73328,0,NO_TRADE,0.3423951432050602,34.24
2023-03-17,SILVERM,2023-04-05,82411.0,62835,73328,0,NO_TRADE,0.32441011098800415,32.44
2023-03-20,SILVER,2023-04-05,81371.0,5255,60643,0,NO_TRADE,0.45091719723732304,45.09
2023-03-20,SILVERM,2023-04-05,81294.0,15765,60643,0,NO_TRADE,0.4300552435880762,43.01
2023-03-21,SILVER,2023-04-05,82331.0,16019,21881,0,NO_TRADE,0.25287983499905864,25.29
2023-03-21,SILVERM,2023-04-05,82307.0,48057,21881,0,NO_TRADE,0.4246079791916705,42.46
2023-03-22,SILVERM,2023-04-05,82106.0,61461,46996,0,NO_TRADE,0.3359258629776235,33.59
2023-03-22,SILVER,2023-04-05,82148.0,20487,46996,0,NO_TRADE,0.4249792187968133,42.5
2023-03-23,SILVER,2023-04-05,82122.0,24346,42177,0,NO_TRADE,0.2916889087627162,29.17
2023-03-23,SILVERM,2023-04-05,82108.0,73038,42177,0,NO_TRADE,0.37831552114209344,37.83
2023-03-24,SILVER,2023-04-05,82791.0,13744,47177,0,NO_TRADE,0.37111951166431917,37.11
2023-03-24,SILVERM,2023-04-05,82749.0,41232,47177,0,NO_TRADE,0.38364582815570136,38.36
2023-03-27,SILVER,2023-04-05,81736.0,29756,76126,1,BUY,0.5392440843925269,53.92
2023-03-27,SILVERM,2023-04-05,81690.0,89268,76126,1,BUY,0.5495605141728294,54.96
2023-03-28,SILVERM,2023-04-05,82064.0,68583,66531,1,BUY,0.528699981643998,52.87
2023-03-28,SILVER,2023-04-05,82123.0,22861,66531,1,BUY,0.5286798886589525,52.87
2023-03-29,SILVERM,2023-04-05,82336.0,90438,36119,1,BUY,0.7194191292315388,71.94
2023-03-29,SILVER,2023-04-05,82304.0,30146,36119,1,BUY,0.6935167560904629,69.35
2023-03-30,SILVER,2023-04-05,82799.0,26976,37915,1,BUY,0.5259021078122702,52.59
2023-03-30,SILVERM,2023-04-05,82787.0,80928,37915,1,BUY,0.5445112685345128,54.45
2023-03-31,SILVER,2023-04-05,83100.0,5591,12708,1,BUY,0.6130344353442646,61.3
2023-03-31,SILVERM,2023-04-05,83075.0,16773,12708,1,BUY,0.5166560347408763,51.67
2023-04-03,SILVER,2023-04-05,85534.0,11277,48749,0,NO_TRADE,0.2469484953450527,24.69
2023-04-03,SILVERM,2023-04-05,85548.0,33831,48749,0,NO_TRADE,0.24481079644468703,24.48
2023-04-04,SILVER,2023-04-05,84922.0,7260,54989,0,NO_TRADE,0.2917375683755149,29.17
2023-04-04,SILVERM,2023-04-05,84847.0,21780,54989,0,NO_TRADE,0.298558304785613,29.86
2023-04-05,SILVERM,2023-04-05,84435.0,16041,32106,0,NO_TRADE,0.30752069788388503,30.75
2023-04-05,SILVER,2023-04-05,84420.0,5347,32106,0,NO_TRADE,0.2891851313162749,28.92
2023-04-06,SILVER,2023-04-05,83830.0,29741,27131,0,NO_TRADE,0.29239104240188624,29.24
2023-04-06,SILVERM,2023-04-05,83825.0,89223,27131,0,NO_TRADE,0.32426287678878396,32.43
2023-04-07,SILVER,2023-04-05,83311.0,11869,56553,0,NO_TRADE,0.45029732466150035,45.03
2023-04-07,SILVERM,2023-04-05,83308.0,35607,56553,0,NO_TRADE,0.4636573522431193,46.37
2023-04-10,SILVER,2023-04-05,82716.0,33082,68144,0,NO_TRADE,0.4753197832290707,47.53
2023-04-10,SILVERM,2023-04-05,82742.0,99246,68144,0,NO_TRADE,0.4762297043039827,47.62
2023-04-11,SILVER,2023-04-05,83892.0,27080,16553,0,NO_TRADE,0.46918019613522577,46.92
2023-04-11,SILVERM,2023-04-05,83974.0,81240,16553,0,NO_TRADE,0.2913620540869791,29.14
2023-04-12,SILVERM,2023-04-05,85330.0,101937,27881,0,NO_TRADE,0.22326523176415095,22.33
2023-04-12,SILVER,2023-04-05,85314.0,33979,27881,0,NO_TRADE,0.24235308150142246,24.24
2023-04-13,SILVER,2023-04-05,84770.0,24422,11379,0,NO_TRADE,0.29544212191690733,29.54
2023-04-13,SILVERM,2023-04-05,84760.0,73266,11379,0,NO_TRADE,0.32928234489318875,32.93
2023-04-14,SILVER,2023-04-05,83973.0,27993,79306,0,NO_TRADE,0.3851946710331935,38.52
2023-04-14,SILVERM,2023-04-05,83914.0,83979,79306,0,NO_TRADE,0.4689113393836426,46.89
2023-04-17,SILVER,2023-04-05,84457.0,17386,29726,0,NO_TRADE,0.39156568266423764,39.16
2023-04-17,SILVERM,2023-04-05,84337.0,52158,29726,1,BUY,0.5229698092203976,52.3
2023-04-18,SILVER,2023-04-05,83937.0,39033,19088,0,NO_TRADE,0.4807176510313408,48.07
2023-04-18,SILVERM,2023-04-05,83943.0,117099,19088,0,NO_TRADE,0.37433040563825726,37.43
2023-04-19,SILVERM,2023-04-05,84517.0,53814,44314,0,NO_TRADE,0.35431578995096275,35.43
2023-04-19,SILVER,2023-04-05,84580.0,17938,44314,0,NO_TRADE,0.2965283563123582,29.65
2023-04-20,SILVER,2023-04-05,84802.0,16159,65041,0,NO_TRADE,0.37345167553481523,37.35
2023-04-20,SILVERM,2023-04-05,84675.0,48477,65041,1,BUY,0.5070998083656078,50.71
2023-04-21,SILVER,2023-04-05,83339.0,18185,26350,1,BUY,0.5553569851938671,55.54
2023-04-21,SILVERM,2023-04-05,83321.0,54555,26350,0,NO_TRADE,0.4974382656276586,49.74
2023-04-24,SILVER,2023-04-05,84877.0,59635,27769,1,BUY,0.521046548588798,52.1
2023-04-24,SILVERM,2023-04-05,84889.0,178905,27769,1,BUY,0.6092108375254622,60.92
2023-04-25,SILVER,2023-04-05,86695.0,92037,57249,0,NO_TRADE,0.3066924002650872,30.67
2023-04-25,SILVERM,2023-04-05,86732.0,276111,57249,0,NO_TRADE,0.3312500416603678,33.13
2023-04-26,SILVERM,2023-04-05,86152.0,116115,56365,0,NO_TRADE,0.34399981538169216,34.4
2023-04-26,SILVER,2023-04-05,86099.0,38705,56365,0,NO_TRADE,0.31832964511430617,31.83
2023-04-27,SILVER,2023-04-05,85733.0,59902,60185,1,BUY,0.5257447579578155,52.57
2023-04-27,SILVERM,2023-04-05,85777.0,179706,60185,1,BUY,0.5748167979809665,57.48
2023-04-28,SILVER,2023-04-05,86041.0,62610,12786,1,BUY,0.6387685635657719,63.88
2023-04-28,SILVERM,2023-04-05,86086.0,187830,12786,1,BUY,0.628364208419805,62.84
2023-05-01,SILVER,2023-06-05,86399.0,38836,11620,1,BUY,0.6412718454798823,64.13
2023-05-01,SILVERM,2023-06-05,86326.0,116508,11620,1,BUY,0.5621149505109291,56.21
2023-05-02,SILVER,2023-06-05,87087.0,26975,46303,1,BUY,0.5756178167505503,57.56
2023-05-02,SILVERM,2023-06-05,87080.0,80925,46303,0,NO_TRADE,0.49103663637541023,49.1
2023-05-03,SILVERM,2023-06-05,89203.0,59118,29589,0,NO_TRADE,0.27390968785793374,27.39
2023-05-03,SILVER,2023-06-05,89174.0,19706,29589,0,NO_TRADE,0.23321287260228182,23.32
2023-05-04,SILVER,2023-06-05,89012.0,10974,12882,0,NO_TRADE,0.2841816503383823,28.42
2023-05-04,SILVERM,2023-06-05,89014.0,32922,12882,0,NO_TRADE,0.31813660279224154,31.81
2023-05-05,SILVER,2023-06-05,88210.0,15928,72248,0,NO_TRADE,0.24469240785911808,24.47
2023-05-05,SILVERM,2023-06-05,88202.0,47784,72248,0,NO_TRADE,0.24901719578641768,24.9
2023-05-08,SILVER,2023-06-05,86825.0,26213,59322,0,NO_TRADE,0.32715221164152325,32.72
2023-05-08,SILVERM,2023-06-05,86826.0,78639,59322,0,NO_TRADE,0.4679397649808665,46.79
2023-05-09,SILVERM,2023-06-05,86123.0,20850,34524,0,NO_TRADE,0.49573595903609785,49.57
2023-05-09,SILVER,2023-06-05,86111.0,6950,34524,1,BUY,0.5276559196848541,52.77
2023-05-10,SILVERM,2023-06-05,86095.0,73431,19745,1,BUY,0.5256206147256116,52.56
2023-05-10,SILVER,2023-06-05,86099.0,24477,19745,1,BUY,0.5298824589575977,52.99
2023-05-11,SILVER,2023-06-05,87941.0,15411,25861,0,NO_TRADE,0.2872969644301484,28.73
2023-05-11,SILVERM,2023-06-05,87899.0,46233,25861,0,NO_TRADE,0.27278295641975586,27.28
2023-05-12,SILVER,2023-06-05,87435.0,26695,64261,0,NO_TRADE,0.31178291082984044,31.18
2023-05-12,SILVERM,2023-06-05,87350.0,80085,64261,0,NO_TRADE,0.45948660373264166,45.95
2023-05-15,SILVER,2023-06-05,87685.0,22771,12837,0,NO_TRADE,0.4831962684611324,48.32
2023-05-15,SILVERM,2023-06-05,87675.0,68313,12837,1,BUY,0.5875046205059096,58.75
2023-05-16,SILVER,2023-06-05,87690.0,9274,64380,1,BUY,0.6044395201395413,60.44
2023-05-16,SILVERM,2023-06-05,87693.0,27822,64380,1,BUY,0.5342361584973655,53.42
2023-05-17,SILVERM,2023-06-05,88938.0,36135,59831,1,BUY,0.5838392577537825,58.38
2023-05-17,SILVER,2023-06-05,88936.0,12045,59831,1,BUY,0.6003806938381434,60.04
2023-05-18,SILVER,2023-06-05,91617.0,34714,48255,0,NO_TRADE,0.25826093760200963,25.83
2023-05-18,SILVERM,2023-06-05,91665.0,104142,48255,0,NO_TRADE,0.36138028156543245,36.14
2023-05-19,SILVER,2023-06-05,91074.0,39386,39520,1,BUY,0.7052023211356331,70.52
2023-05-19,SILVERM,2023-06-05,91131.0,118158,39520,1,BUY,0.82875125524097,82.88
2023-05-22,SILVER,2023-06-05,90579.0,13562,39541,1,BUY,0.8317660916089332,83.18
2023-05-22,SILVERM,2023-06-05,90574.0,40686,39541,1,BUY,0.7948001889749883,79.48
2023-05-23,SILVERM,2023-06-05,91705.0,98277,75772,1,BUY,0.8689950471888234,86.9
2023-05-23,SILVER,2023-06-05,91710.0,32759,75772,1,BUY,0.8044010762597873,80.44
2023-05-24,SILVERM,2023-06-05,92494.0,51078,37350,1,BUY,0.8369630731550549,83.7
2023-05-24,SILVER,2023-06-05,92465.0,17026,37350,1,BUY,0.8340037167511816,83.4
2023-05-25,SILVER,2023-06-05,94500.0,36589,54397,0,NO_TRADE,0.3257196954966235,32.57
2023-05-25,SILVERM,2023-06-05,94521.0,109767,54397,1,BUY,0.740745644315858,74.07
2023-05-26,SILVER,2023-06-05,95168.0,36738,73865,1,BUY,0.5379969724216253,53.8
2023-05-26,SILVERM,2023-06-05,95146.0,110214,73865,1,BUY,0.844382567185524,84.44
2023-05-29,SILVER,2023-06-05,94794.0,31844,65956,1,BUY,0.877935456102072,87.79
2023-05-29,SILVERM,2023-06-05,94827.0,95532,65956,1,BUY,0.8802875274098021,88.03
2023-05-30,SILVER,2023-06-05,95472.0,28447,37453,1,BUY,0.7893218016700148,78.93
2023-05-30,SILVERM,2023-06-05,95465.0,85341,37453,1,BUY,0.8519748390305106,85.2
2023-05-31,SILVERM,2023-06-05,96731.0,89637,72345,1,BUY,0.9352091163255128,93.52
2023-05-31,SILVER,2023-06-05,96737.0,29879,72345,1,BUY,0.914683541623608,91.47
2023-06-01,SILVER,2023-06-05,97690.0,16966,22906,1,BUY,0.7983212171722163,79.83
2023-06-01,SILVERM,2023-06-05,97712.0,50898,22906,1,BUY,0.8783699235148871,87.84
2023-06-02,SILVER,2023-06-05,98293.0,22732,24988,1,BUY,0.8867469789492654,88.67
2023-06-02,SILVERM,2023-06-05,98278.0,68196,24988,1,BUY,0.8711498001929964,87.11
2023-06-05,SILVER,2023-06-05,99546.0,10289,37723,1,BUY,0.875924146412563,87.59
2023-06-05,SILVERM,2023-06-05,99551.0,30867,37723,1,BUY,0.9123050413947741,91.23
2023-06-06,SILVER,2023-06-05,100936.0,25012,43800,1,BUY,0.8913395619762896,89.13
2023-06-06,SILVERM,2023-06-05,100951.0,75036,43800,1,BUY,0.8910813660907562,89.11
2023-06-07,SILVER,2023-06-05,102599.0,23812,49107,1,BUY,0.7707965269297132,77.08
2023-06-07,SILVERM,2023-06-05,102640.0,71436,49107,1,BUY,0.8768117488538573,87.68
2023-06-08,SILVERM,2023-06-05,103439.0,84276,37430,1,BUY,0.7546687252108336,75.47
2023-06-08,SILVER,2023-06-05,103402.0,28092,37430,0,NO_TRADE,0.4668890976544824,46.69
2023-06-09,SILVER,2023-06-05,103225.0,30105,42535,1,BUY,0.8383964307945013,83.84
2023-06-09,SILVERM,2023-06-05,103238.0,90315,42535,1,BUY,0.8351631518121208,83.52
2023-06-12,SILVER,2023-06-05,103426.0,19294,78476,1,BUY,0.8069468634390958,80.69
2023-06-12,SILVERM,2023-06-05,103296.0,57882,78476,1,BUY,0.7940230046623126,79.4
2023-06-13,SILVER,2023-06-05,104915.0,8621,62284,0,NO_TRADE,0.2683686576708316,26.84
2023-06-13,SILVERM,2023-06-05,104927.0,25863,62284,0,NO_TRADE,0.3209423828586872,32.09
2023-06-14,SILVER,2023-06-05,103945.0,37442,66232,0,NO_TRADE,0.303604225821681,30.36
2023-06-14,SILVERM,2023-06-05,103965.0,112326,66232,0,NO_TRADE,0.2884280247256227,28.84
2023-06-15,SILVERM,2023-06-05,104447.0,80097,54420,1,BUY,0.5891674942588734,58.92
2023-06-15,SILVER,2023-06-05,104417.0,26699,54420,0,NO_TRADE,0.36233400610850164,36.23
2023-06-16,SILVER,2023-06-05,103964.0,7347,47710,1,BUY,0.7312340117901875,73.12
2023-06-16,SILVERM,2023-06-05,103916.0,22041,47710,1,BUY,0.7535183910783043,75.35
2023-06-19,SILVER,2023-06-05,104023.0,34486,50498,1,BUY,0.6214264286797975,62.14
2023-06-19,SILVERM,2023-06-05,103917.0,103458,50498,1,BUY,0.6565171017202165,65.65
2023-06-20,SILVER,2023-06-05,105610.0,22110,41283,0,NO_TRADE,0.28704975746831624,28.7
2023-06-20,SILVERM,2023-06-05,105650.0,66330,41283,0,NO_TRADE,0.3090484732208404,30.9
2023-06-21,SILVER,2023-06-05,105870.0,24807,76169,0,NO_TRADE,0.3215436310278728,32.15
2023-06-21,SILVERM,2023-06-05,105809.0,74421,76169,0,NO_TRADE,0.3804584076603469,38.05
2023-06-22,SILVERM,2023-06-05,106013.0,154581,72457,0,NO_TRADE,0.26676276337665095,26.68
2023-06-22,SILVER,2023-06-05,105952.0,51527,72457,0,NO_TRADE,0.24579907347528757,24.58
2023-06-23,SILVER,2023-06-05,104310.0,60497,35968,1,BUY,0.6817656489870287,68.18
2023-06-23,SILVERM,2023-06-05,104281.0,181491,35968,1,BUY,0.7594886150387634,75.95
2023-06-26,SILVER,2023-06-05,105246.0,35165,72508,1,BUY,0.7804472908670995,78.04
2023-06-26,SILVERM,2023-06-05,105195.0,105495,72508,1,BUY,0.7904302372696528,79.04
2023-06-27,SILVER,2023-06-05,106065.0,79385,73220,1,BUY,0.7130964364260477,71.31
2023-06-27,SILVERM,2023-06-05,106082.0,238155,73220,1,BUY,0.6985678508036887,69.86
2023-06-28,SILVER,2023-06-05,108798.0,73150,15738,0,NO_TRADE,0.26615926523227096,26.62
2023-06-28,SILVERM,2023-06-05,108829.0,219450,15738,0,NO_TRADE,0.39214143964214415,39.21
2023-06-29,SILVERM,2023-06-05,108462.0,164931,13098,1,BUY,0.8113109200604564,81.13
2023-06-29,SILVER,2023-06-05,108434.0,54977,13098,1,BUY,0.792025255700407,79.2
2023-06-30,SILVER,2023-06-05,108736.0,68882,48244,1,BUY,0.806166676460786,80.62
2023-06-30,SILVERM,2023-06-05,108761.0,206646,48244,1,BUY,0.8517495960247129,85.17
2023-07-03,SILVER,2023-08-05,109078.0,29174,18253,1,BUY,0.8492670139699307,84.93
2023-07-03,SILVERM,2023-08-05,109043.0,87522,18253,1,BUY,0.8940049285614144,89.4
2023-07-04,SILVER,2023-08-05,111127.0,26957,64333,0,NO_TRADE,0.41947906497616316,41.95
2023-07-04,SILVERM,2023-08-05,111051.0,80871,64333,1,BUY,0.8259236599778483,82.59
2023-07-05,SILVER,2023-08-05,111029.0,5634,60969,1,BUY,0.855648137444833,85.56
2023-07-05,SILVERM,2023-08-05,111010.0,16902,60969,1,BUY,0.8482361409446013,84.82
2023-07-06,SILVERM,2023-08-05,111359.0,104643,54411,1,BUY,0.7884725276561216,78.85
2023-07-06,SILVER,2023-08-05,111416.0,34881,54411,1,BUY,0.7817192161143518,78.17
2023-07-07,SILVER,2023-08-05,112234.0,17771,45421,0,NO_TRADE,0.3300999689866247,33.01
2023-07-07,SILVERM,2023-08-05,112256.0,53313,45421,0,NO_TRADE,0.3366531643106581,33.67
2023-07-10,SILVER,2023-08-05,112504.0,23298,11454,1,BUY,0.5004732246456898,50.05
2023-07-10,SILVERM,2023-08-05,112548.0,69894,11454,1,BUY,0.6216516672785733,62.17
2023-07-11,SILVER,2023-08-05,111945.0,19340,27522,1,BUY,0.58070349332165,58.07
2023-07-11,SILVERM,2023-08-05,111954.0,58020,27522,0,NO_TRADE,0.3628419897300558,36.28
2023-07-12,SILVER,2023-08-05,112224.0,38356,48575,0,NO_TRADE,0.2703758684353952,27.04
2023-07-12,SILVERM,2023-08-05,112224.0,115068,48575,0,NO_TRADE,0.30251504879517666,30.25
2023-07-13,SILVERM,2023-08-05,113647.0,34053,13192,0,NO_TRADE,0.4055632063353911,40.56
2023-07-13,SILVER,2023-08-05,113663.0,11351,13192,0,NO_TRADE,0.33403635793370035,33.4
2023-07-14,SILVER,2023-08-05,112337.0,8838,65268,0,NO_TRADE,0.35595827961924625,35.6
2023-07-14,SILVERM,2023-08-05,112386.0,26514,65268,0,NO_TRADE,0.45996176428846125,46.0
2023-07-17,SILVER,2023-08-05,112537.0,6973,20402,1,BUY,0.5501237815974094,55.01
2023-07-17,SILVERM,2023-08-05,112445.0,20919,20402,0,NO_TRADE,0.3658962877124292,36.59
2023-07-18,SILVER,2023-08-05,111647.0,15247,46527,0,NO_TRADE,0.26582192931897913,26.58
2023-07-18,SILVERM,2023-08-05,111587.0,45741,46527,0,NO_TRADE,0.2996501242988589,29.97
2023-07-19,SILVER,2023-08-05,113239.0,36655,62181,0,NO_TRADE,0.30457967984428175,30.46
2023-07-19,SILVERM,2023-08-05,113330.0,109965,62181,0,NO_TRADE,0.26186851131932015,26.19
2023-07-20,SILVERM,2023-08-05,111209.0,35049,37002,0,NO_TRADE,0.48399537410813276,48.4
2023-07-20,SILVER,2023-08-05,111272.0,11683,37002,0,NO_TRADE,0.35426440545489785,35.43
2023-07-21,SILVER,2023-08-05,110575.0,16244,22460,1,BUY,0.6146522964873369,61.47
2023-07-21,SILVERM,2023-08-05,110602.0,48732,22460,1,BUY,0.6791728740371832,67.92
2023-07-24,SILVER,2023-08-05,111087.0,34058,40482,1,BUY,0.6352379839901741,63.52
2023-07-24,SILVERM,2023-08-05,111124.0,102174,40482,1,BUY,0.6056253690040158,60.56
2023-07-25,SILVER,2023-08-05,113158.0,33371,26447,0,NO_TRADE,0.3245895256990437,32.46
2023-07-25,SILVERM,2023-08-05,113062.0,100113,26447,1,BUY,0.5190533485887353,51.91
2023-07-26,SILVER,2023-08-05,113097.0,8822,58228,1,BUY,0.5763972439702902,57.64
2023-07-26,SILVERM,2023-08-05,113010.0,26466,58228,0,NO_TRADE,0.4495147652209983,44.95
2023-07-27,SILVERM,2023-08-05,112456.0,101634,60126,0,NO_TRADE,0.33535936117196413,33.54
2023-07-27,SILVER,2023-08-05,112393.0,33878,60126,1,BUY,0.5153422880939622,51.53
2023-07-28,SILVER,2023-08-05,114911.0,10914,30545,0,NO_TRADE,0.27863383483768644,27.86
2023-07-28,SILVERM,2023-08-05,114862.0,32742,30545,0,NO_TRADE,0.3294157037928106,32.94
2023-07-31,SILVER,2023-08-05,113013.0,23164,65114,0,NO_TRADE,0.23250166588819085,23.25
2023-07-31,SILVERM,2023-08-05,112966.0,69492,65114,0,NO_TRADE,0.21613161152182353,21.61
2023-08-01,SILVER,2023-08-05,110179.0,32180,67801,0,NO_TRADE,0.23504574469473635,23.5
2023-08-01,SILVERM,2023-08-05,110153.0,96540,67801,0,NO_TRADE,0.29975307534165835,29.98
2023-08-02,SILVER,2023-08-05,110771.0,8688,23890,0,NO_TRADE,0.14637739471751185,14.64
2023-08-02,SILVERM,2023-08-05,110722.0,26064,23890,0,NO_TRADE,0.19225349205907846,19.23
2023-08-03,SILVERM,2023-08-05,110176.0,59049,62482,0,NO_TRADE,0.24155609043267023,24.16
2023-08-03,SILVER,2023-08-05,110150.0,19683,62482,0,NO_TRADE,0.2688267292202305,26.88
2023-08-04,SILVERM,2023-08-05,108813.0,54240,73397,1,BUY,0.691401429212545,69.14
2023-08-04,SILVER,2023-08-05,108872.0,18080,73397,1,BUY,0.672637129264985,67.26
2023-08-07,SILVER,2023-08-05,109799.0,35953,11740,0,NO_TRADE,0.14046122569184077,14.05
2023-08-07,SILVERM,2023-08-05,109701.0,107859,11740,0,NO_TRADE,0.24224895325944903,24.22
2023-08-08,SILVER,2023-08-05,110137.0,14916,40121,0,NO_TRADE,0.17275724353122798,17.28
2023-08-08,SILVERM,2023-08-05,110195.0,44748,40121,0,NO_TRADE,0.1818997921244938,18.19
2023-08-09,SILVER,2023-08-05,109441.0,34677,21218,0,NO_TRADE,0.15556389176049912,15.56
2023-08-09,SILVERM,2023-08-05,109384.0,104031,21218,0,NO_TRADE,0.23217020682067913,23.22
2023-08-10,SILVER,2023-08-05,107845.0,32360,44722,1,BUY,0.6648958111824618,66.49
2023-08-10,SILVERM,2023-08-05,107807.0,97080,44722,1,BUY,0.6586533252014093,65.87
2023-08-11,SILVERM,2023-08-05,109013.0,55359,59431,1,BUY,0.6365623958716214,63.66
2023-08-11,SILVER,2023-08-05,108972.0,18453,59431,1,BUY,0.6491642853240961,64.92
2023-08-14,SILVER,2023-08-05,109826.0,27703,61543,1,BUY,0.6827446376613269,68.27
2023-08-14,SILVERM,2023-08-05,109830.0,83109,61543,1,BUY,0.6898722311904514,68.99
2023-08-15,SILVER,2023-08-05,109725.0,13640,52000,1,BUY,0.6001694789868643,60.02
2023-08-15,SILVERM,2023-08-05,109781.0,40920,52000,0,NO_TRADE,0.43698517967158096,43.7
2023-08-16,SILVER,2023-08-05,112137.0,34263,40921,0,NO_TRADE,0.23313323937186364,23.31
2023-08-16,SILVERM,2023-08-05,112179.0,102789,40921,0,NO_TRADE,0.3181400159103531,31.81
2023-08-17,SILVER,2023-08-05,110773.0,37849,40614,0,NO_TRADE,0.266285280418178,26.63
2023-08-17,SILVERM,2023-08-05,110750.0,113547,40614,0,NO_TRADE,0.26484899024691727,26.48
2023-08-18,SILVERM,2023-08-05,108897.0,63234,71189,0,NO_TRADE,0.2233193496084497,22.33
2023-08-18,SILVER,2023-08-05,108846.0,21078,71189,0,NO_TRADE,0.2489441387598805,24.89
2023-08-21,SILVER,2023-08-05,107997.0,70957,27601,0,NO_TRADE,0.22561592307072317,22.56
2023-08-21,SILVERM,2023-08-05,108005.0,212871,27601,0,NO_TRADE,0.29496771833555946,29.5
2023-08-22,SILVER,2023-08-05,107964.0,51340,30514,0,NO_TRADE,0.26821821606555674,26.82
2023-08-22,SILVERM,2023-08-05,107934.0,154020,30514,1,BUY,0.5418097595199141,54.18
2023-08-23,SILVER,2023-08-05,108296.0,31025,77612,0,NO_TRADE,0.3646780861406751,36.47
2023-08-23,SILVERM,2023-08-05,108311.0,93075,77612,0,NO_TRADE,0.39671858442596764,39.67
2023-08-24,SILVERM,2023-08-05,107952.0,156945,26292,1,BUY,0.6252438700183859,62.52
2023-08-24,SILVER,2023-08-05,108017.0,52315,26292,0,NO_TRADE,0.3855561458972735,38.56
2023-08-25,SILVERM,2023-08-05,108528.0,294360,41510,0,NO_TRADE,0.297038843810395,29.7
2023-08-25,SILVER,2023-08-05,108486.0,98120,41510,0,NO_TRADE,0.30989257327539643,30.99
2023-08-28,SILVER,2023-08-05,106940.0,90397,38000,1,BUY,0.6915279294909183,69.15
2023-08-28,SILVERM,2023-08-05,106975.0,271191,38000,1,BUY,0.7010569478636869,70.11
2023-08-29,SILVER,2023-08-05,108780.0,85225,40383,1,BUY,0.7436258880071257,74.36
2023-08-29,SILVERM,2023-08-05,108786.0,255675,40383,1,BUY,0.7455192014820422,74.55
2023-08-30,SILVER,2023-08-05,108701.0,63917,21785,1,BUY,0.6888413808830061,68.88
2023-08-30,SILVERM,2023-08-05,108605.0,191751,21785,1,BUY,0.7510518540561492,75.11
2023-08-31,SILVERM,2023-08-05,110209.0,152751,50910,1,BUY,0.7515527739595989,75.16
2023-08-31,SILVER,2023-08-05,110151.0,50917,50910,1,BUY,0.6823081874053806,68.23
2023-09-01,SILVERM,2023-10-05,110640.0,32439,49028,1,BUY,0.7796982850819638,77.97
2023-09-01,SILVER,2023-10-05,110618.0,10813,49028,1,BUY,0.7490677581508534,74.91
2023-09-04,SILVER,2023-10-05,111233.0,39269,34855,1,BUY,0.7270609305367475,72.71
2023-09-04,SILVERM,2023-10-05,111232.0,117807,34855,1,BUY,0.7526486021023089,75.26
2023-09-05,SILVER,2023-10-05,112000.0,21498,34281,1,BUY,0.7094440769934132,70.94
2023-09-05,SILVERM,2023-10-05,111991.0,64494,34281,1,BUY,0.7418363372076962,74.18
2023-09-06,SILVER,2023-10-05,112612.0,30989,14841,1,BUY,0.8087117062758762,80.87
2023-09-06,SILVERM,2023-10-05,112585.0,92967,14841,1,BUY,0.8850033976279978,88.5
2023-09-07,SILVER,2023-10-05,113484.0,30568,70155,1,BUY,0.8479312030450008,84.79
2023-09-07,SILVERM,2023-10-05,113467.0,91704,70155,1,BUY,0.8647272917861919,86.47
2023-09-08,SILVERM,2023-10-05,115320.0,18123,36918,1,BUY,0.8487525764309027,84.88
2023-09-08,SILVER,2023-10-05,115282.0,6041,36918,1,BUY,0.7923344136360575,79.23
2023-09-11,SILVER,2023-10-05,115573.0,35099,66313,1,BUY,0.9265408828685664,92.65
2023-09-11,SILVERM,2023-10-05,115547.0,105297,66313,1,BUY,0.9401063269130765,94.01
2023-09-12,SILVER,2023-10-05,116558.0,29364,27443,1,BUY,0.8693106317407683,86.93
2023-09-12,SILVERM,2023-10-05,116544.0,88092,27443,1,BUY,0.8952647754906427,89.53
2023-09-13,SILVER,2023-10-05,116462.0,28482,42250,1,BUY,0.86009121309607,86.01
2023-09-13,SILVERM,2023-10-05,116456.0,85446,42250,1,BUY,0.8590082344572901,85.9
2023-09-14,SILVERM,2023-10-05,118455.0,26028,11922,1,BUY,0.891886734322336,89.19
2023-09-14,SILVER,2023-10-05,118460.0,8676,11922,1,BUY,0.807711198210618,80.77
2023-09-15,SILVERM,2023-10-05,117525.0,80343,41976,0,NO_TRADE,0.3539822147826662,35.4
2023-09-15,SILVER,2023-10-05,117556.0,26781,41976,1,BUY,0.6680427676527693,66.8
2023-09-18,SILVER,2023-10-05,120076.0,35048,21991,0,NO_TRADE,0.2955101984303799,29.55
2023-09-18,SILVERM,2023-10-05,120067.0,105144,21991,0,NO_TRADE,0.36775549418948267,36.78
2023-09-19,SILVER,2023-10-05,120047.0,8065,63744,0,NO_TRADE,0.29459758077139886,29.46
2023-09-19,SILVERM,2023-10-05,120064.0,24195,63744,0,NO_TRADE,0.3428050651929809,34.28
2023-09-20,SILVER,2023-10-05,118088.0,7036,32733,0,NO_TRADE,0.1935554783613874,19.36
2023-09-20,SILVERM,2023-10-05,118043.0,21108,32733,0,NO_TRADE,0.20682071545647074,20.68
2023-09-21,SILVER,2023-10-05,118291.0,21924,12473,0,NO_TRADE,0.13583989589805914,13.58
2023-09-21,SILVERM,2023-10-05,118283.0,65772,12473,0,NO_TRADE,0.18956697436309738,18.96
2023-09-22,SILVERM,2023-10-05,117479.0,113532,18108,0,NO_TRADE,0.1796793428832289,17.97
2023-09-22,SILVER,2023-10-05,117382.0,37844,18108,0,NO_TRADE,0.19979416488414276,19.98
2023-09-25,SILVER,2023-10-05,118564.0,21407,38715,0,NO_TRADE,0.21502600437668096,21.5
2023-09-25,SILVERM,2023-10-05,118561.0,64221,38715,0,NO_TRADE,0.1771292662954423,17.71
2023-09-26,SILVER,2023-10-05,117692.0,26518,42210,0,NO_TRADE,0.14478856092180806,14.48
2023-09-26,SILVERM,2023-10-05,117645.0,79554,42210,0,NO_TRADE,0.1608607539571254,16.09
2023-09-27,SILVER,2023-10-05,117108.0,22059,47317,0,NO_TRADE,0.21821731999383542,21.82
2023-09-27,SILVERM,2023-10-05,117056.0,66177,47317,0,NO_TRADE,0.2459096072055859,24.59
2023-09-28,SILVER,2023-10-05,114583.0,28052,75516,0,NO_TRADE,0.2064071418912285,20.64
2023-09-28,SILVERM,2023-10-05,114520.0,84156,75516,0,NO_TRADE,0.2474084367261182,24.74
2023-09-29,SILVER,2023-10-05,114007.0,9267,43362,0,NO_TRADE,0.1852228159877419,18.52
2023-09-29,SILVERM,2023-10-05,114088.0,27801,43362,0,NO_TRADE,0.24115337280467908,24.12
2023-10-02,SILVERM,2023-10-05,110906.0,32964,64604,0,NO_TRADE,0.24720353293023323,24.72
2023-10-02,SILVER,2023-10-05,110856.0,10988,64604,0,NO_TRADE,0.23974463886152822,23.97
2023-10-03,SILVER,2023-10-05,108854.0,32974,14889,1,BUY,0.6894133607938793,68.94
2023-10-03,SILVERM,2023-10-05,108790.0,98922,14889,1,BUY,0.6989972558777745,69.9
2023-10-04,SILVER,2023-10-05,109848.0,29036,41971,1,BUY,0.6065620823958938,60.66
2023-10-04,SILVERM,2023-10-05,109859.0,87108,41971,0,NO_TRADE,0.36826479555768943,36.83
2023-10-05,SILVER,2023-10-05,110884.0,13680,60551,0,NO_TRADE,0.19125162151905564,19.13
2023-10-05,SILVERM,2023-10-05,110945.0,41040,60551,0,NO_TRADE,0.1907364894759049,19.07
2023-10-06,SILVER,2023-10-05,111461.0,6485,13201,0,NO_TRADE,0.15660095136491498,15.66
2023-10-06,SILVERM,2023-10-05,111459.0,19455,13201,0,NO_TRADE,0.14520393264828096,14.52
2023-10-09,SILVERM,2023-10-05,110213.0,59139,47958,0,NO_TRADE,0.16914051692812396,16.91
2023-10-09,SILVER,2023-10-05,110238.0,19713,47958,0,NO_TRADE,0.1710452877331926,17.1
2023-10-10,SILVER,2023-10-05,110202.0,25043,15681,0,NO_TRADE,0.13980707068269063,13.98
2023-10-10,SILVERM,2023-10-05,110314.0,75129,15681,0,NO_TRADE,0.1868542611590811,18.69
2023-10-11,SILVER,2023-10-05,110223.0,7419,56870,0,NO_TRADE,0.345485707494912,34.55
2023-10-11,SILVERM,2023-10-05,110128.0,22257,56870,0,NO_TRADE,0.4432946029901842,44.33
2023-10-12,SILVER,2023-10-05,108770.0,22140,77203,1,BUY,0.5741118985563071,57.41
2023-10-12,SILVERM,2023-10-05,108902.0,66420,77203,1,BUY,0.6214757208365256,62.15
2023-10-13,SILVER,2023-10-05,110718.0,17961,38152,1,BUY,0.5226939437765291,52.27
2023-10-13,SILVERM,2023-10-05,110721.0,53883,38152,1,BUY,0.5509387748630077,55.09
2023-10-16,SILVERM,2023-10-05,111947.0,34461,60061,0,NO_TRADE,0.22603356372519945,22.6
2023-10-16,SILVER,2023-10-05,111882.0,11487,60061,0,NO_TRADE,0.24408756915843713,24.41
2023-10-17,SILVER,2023-10-05,111620.0,36110,67619,0,NO_TRADE,0.14990973661007637,14.99
2023-10-17,SILVERM,2023-10-05,111560.0,108330,67619,0,NO_TRADE,0.16079154954977162,16.08
2023-10-18,SILVER,2023-10-05,111680.0,21360,68235,0,NO_TRADE,0.2004791439637524,20.05
2023-10-18,SILVERM,2023-10-05,111644.0,64080,68235,0,NO_TRADE,0.16104969711381042,16.1
2023-10-19,SILVER,2023-10-05,111977.0,29882,47890,0,NO_TRADE,0.19735706458837027,19.74
2023-10-19,SILVERM,2023-10-05,111923.0,89646,47890,0,NO_TRADE,0.21787340965115462,21.79
2023-10-20,SILVER,2023-10-05,109370.0,22502,71401,0,NO_TRADE,0.19135899607416906,19.14
2023-10-20,SILVERM,2023-10-05,109365.0,67506,71401,0,NO_TRADE,0.15844094073888812,15.84
2023-10-23,SILVERM,2023-10-05,109095.0,94731,21217,0,NO_TRADE,0.13240088828570704,13.24
2023-10-23,SILVER,2023-10-05,109080.0,31577,21217,0,NO_TRADE,0.12921576088895922,12.92
2023-10-24,SILVER,2023-10-05,108242.0,20042,58351,0,NO_TRADE,0.3221901229577236,32.22
2023-10-24,SILVERM,2023-10-05,108295.0,60126,58351,1,BUY,0.5340831083701827,53.41
2023-10-25,SILVER,2023-10-05,107011.0,64312,43741,1,BUY,0.8103029887467943,81.03
2023-10-25,SILVERM,2023-10-05,106925.0,192936,43741,1,BUY,0.8632001967940391,86.32
2023-10-26,SILVER,2023-10-05,106686.0,74405,30654,1,BUY,0.8713375788796196,87.13
2023-10-26,SILVERM,2023-10-05,106694.0,223215,30654,1,BUY,0.8357198740893065,83.57
2023-10-27,SILVERM,2023-10-05,109015.0,43380,71314,1,BUY,0.623137417809568,62.31
2023-10-27,SILVER,2023-10-05,108970.0,14460,71314,0,NO_TRADE,0.36339935310415855,36.34
2023-10-30,SILVERM,2023-10-05,109866.0,247650,11408,1,BUY,0.6710913971444568,67.11
2023-10-30,SILVER,2023-10-05,109812.0,82550,11408,0,NO_TRADE,0.40022187285129507,40.02
2023-10-31,SILVER,2023-10-05,109109.0,51912,52903,1,BUY,0.7003401951725756,70.03
2023-10-31,SILVERM,2023-10-05,109087.0,155736,52903,1,BUY,0.7494075692632037,74.94
2023-11-01,SILVER,2023-12-05,109865.0,36127,11218,1,BUY,0.7320976291701577,73.21
2023-11-01,SILVERM,2023-12-05,109844.0,108381,11218,1,BUY,0.7755469458700237,77.55
2023-11-02,SILVER,2023-12-05,111697.0,8196,60572,1,BUY,0.6405181444894623,64.05
2023-11-02,SILVERM,2023-12-05,111692.0,24588,60572,0,NO_TRADE,0.4615034156011775,46.15
2023-11-03,SILVER,2023-12-05,112933.0,14552,68798,0,NO_TRADE,0.28103555335707575,28.1
2023-11-03,SILVERM,2023-12-05,112942.0,43656,68798,0,NO_TRADE,0.35659906950773307,35.66
2023-11-06,SILVERM,2023-12-05,113103.0,110763,40105,1,BUY,0.7654429908265044,76.54
2023-11-06,SILVER,2023-12-05,113038.0,36921,40105,1,BUY,0.5079090266404545,50.79
2023-11-07,SILVER,2023-12-05,112215.0,9746,79634,1,BUY,0.777934304394935,77.79
2023-11-07,SILVERM,2023-12-05,112154.0,29238,79634,1,BUY,0.8335888244293364,83.36
2023-11-08,SILVER,2023-12-05,113157.0,7999,75063,1,BUY,0.8394835641997973,83.95
2023-11-08,SILVERM,2023-12-05,113118.0,23997,75063,1,BUY,0.8366934344036225,83.67
2023-11-09,SILVER,2023-12-05,113703.0,20595,17619,1,BUY,0.7443592040290784,74.44
2023-11-09,SILVERM,2023-12-05,113636.0,61785,17619,1,BUY,0.816147663591875,81.61
2023-11-10,SILVERM,2023-12-05,114943.0,81189,21939,1,BUY,0.8349197998305966,83.49
2023-11-10,SILVER,2023-12-05,114922.0,27063,21939,1,BUY,0.8639077249489564,86.39
2023-11-13,SILVERM,2023-12-05,115857.0,33600,28226,1,BUY,0.8025845889844133,80.26
2023-11-13,SILVER,2023-12-05,115802.0,11200,28226,1,BUY,0.8274796179310718,82.75
2023-11-14,SILVER,2023-12-05,117254.0,28377,35322,1,BUY,0.8472859173370472,84.73
2023-11-14,SILVERM,2023-12-05,117183.0,85131,35322,1,BUY,0.8629412454829435,86.29
2023-11-15,SILVER,2023-12-05,116551.0,18410,68215,1,BUY,0.8031704495579117,80.32
2023-11-15,SILVERM,2023-12-05,116555.0,55230,68215,1,BUY,0.7784773391762839,77.85
2023-11-16,SILVER,2023-12-05,118381.0,8598,26878,1,BUY,0.8246194274781345,82.46
2023-11-16,SILVERM,2023-12-05,118432.0,25794,26878,1,BUY,0.8829511444584764,88.3
2023-11-17,SILVER,2023-12-05,118681.0,15564,16560,1,BUY,0.8042148879615115,80.42
2023-11-17,SILVERM,2023-12-05,118720.0,46692,16560,1,BUY,0.7713940427927243,77.14
2023-11-20,SILVERM,2023-12-05,121653.0,107694,48278,1,BUY,0.7225387525650152,72.25
2023-11-20,SILVER,2023-12-05,121614.0,35898,48278,1,BUY,0.7159712573908127,71.6
2023-11-21,SILVER,2023-12-05,120668.0,25598,46212,1,BUY,0.7032738416463249,70.33
2023-11-21,SILVERM,2023-12-05,120609.0,76794,46212,1,BUY,0.5636588279521892,56.37
2023-11-22,SILVER,2023-12-05,123161.0,22862,33946,0,NO_TRADE,0.262852620342688,26.29
2023-11-22,SILVERM,2023-12-05,123199.0,68586,33946,0,NO_TRADE,0.20899455781171278,20.9
2023-11-23,SILVER,2023-12-05,123473.0,15265,41740,0,NO_TRADE,0.22261929886831475,22.26
2023-11-23,SILVERM,2023-12-05,123464.0,45795,41740,0,NO_TRADE,0.21790580859404707,21.79
2023-11-24,SILVER,2023-12-05,122566.0,14705,17253,0,NO_TRADE,0.20880325843397185,20.88
2023-11-24,SILVERM,2023-12-05,122620.0,44115,17253,0,NO_TRADE,0.16828155755344043,16.83
2023-11-27,SILVERM,2023-12-05,121926.0,91632,42813,1,BUY,0.5171899045736351,51.72
2023-11-27,SILVER,2023-12-05,121904.0,30544,42813,0,NO_TRADE,0.34962120419648357,34.96
2023-11-28,SILVER,2023-12-05,121477.0,19298,74331,1,BUY,0.6693770051071738,66.94
2023-11-28,SILVERM,2023-12-05,121436.0,57894,74331,1,BUY,0.752121409062957,75.21
2023-11-29,SILVER,2023-12-05,122106.0,37670,37632,0,NO_TRADE,0.22754685436460245,22.75
2023-11-29,SILVERM,2023-12-05,122120.0,113010,37632,0,NO_TRADE,0.2662283540426612,26.62
2023-11-30,SILVER,2023-12-05,122879.0,11050,58365,0,NO_TRADE,0.36440555024306276,36.44
2023-11-30,SILVERM,2023-12-05,122920.0,33150,58365,1,BUY,0.6115493632080137,61.15
2023-12-01,SILVER,2024-02-05,122088.0,26034,77593,1,BUY,0.6381738013119956,63.82
2023-12-01,SILVERM,2024-02-05,122063.0,78102,77593,1,BUY,0.6841310613951781,68.41
2023-12-04,SILVERM,2024-02-05,122086.0,40452,43431,1,BUY,0.6825057127206478,68.25
2023-12-04,SILVER,2024-02-05,122080.0,13484,43431,1,BUY,0.66705375924499,66.71
2023-12-05,SILVER,2024-02-05,125194.0,36323,47436,1,BUY,0.6933916088061569,69.34
2023-12-05,SILVERM,2024-02-05,125127.0,108969,47436,1,BUY,0.7078650290864589,70.79
2023-12-06,SILVER,2024-02-05,127768.0,25796,28413,1,BUY,0.7344896020750394,73.45
2023-12-06,SILVERM,2024-02-05,127795.0,77388,28413,1,BUY,0.7882527651593111,78.83
2023-12-07,SILVER,2024-02-05,128448.0,34069,48485,1,BUY,0.5329454089349238,53.29
2023-12-07,SILVERM,2024-02-05,128445.0,102207,48485,1,BUY,0.7084920390663879,70.85
2023-12-08,SILVER,2024-02-05,128533.0,26827,78232,1,BUY,0.6873757974433227,68.74
2023-12-08,SILVERM,2024-02-05,128579.0,80481,78232,0,NO_TRADE,0.2975753297882604,29.76
2023-12-11,SILVERM,2024-02-05,128767.0,45945,26101,0,NO_TRADE,0.16222531689455078,16.22
2023-12-11,SILVER,2024-02-05,128741.0,15315,26101,0,NO_TRADE,0.16215203487457508,16.22
2023-12-12,SILVER,2024-02-05,129693.0,31519,18831,0,NO_TRADE,0.16971542326539016,16.97
2023-12-12,SILVERM,2024-02-05,129673.0,94557,18831,0,NO_TRADE,0.16910779931094438,16.91
2023-12-13,SILVER,2024-02-05,128184.0,14107,61897,0,NO_TRADE,0.24480179355985535,24.48
2023-12-13,SILVERM,2024-02-05,128142.0,42321,61897,0,NO_TRADE,0.24172093568416256,24.17
2023-12-14,SILVER,2024-02-05,127828.0,8869,15004,0,NO_TRADE,0.1902794552149077,19.03
2023-12-14,SILVERM,2024-02-05,127774.0,26607,15004,0,NO_TRADE,0.2672850702471937,26.73
2023-12-15,SILVER,2024-02-05,125393.0,20447,55924,1,BUY,0.6456498390173594,64.56
2023-12-15,SILVERM,2024-02-05,125368.0,61341,55924,1,BUY,0.5923723739068623,59.24
2023-12-18,SILVERM,2024-02-05,126050.0,97110,31509,1,BUY,0.6248262216865258,62.48
2023-12-18,SILVER,2024-02-05,126006.0,32370,31509,0,NO_TRADE,0.3707429098536684,37.07
2023-12-19,SILVER,2024-02-05,126988.0,12971,47170,1,BUY,0.5687820808461388,56.88
2023-12-19,SILVERM,2024-02-05,126900.0,38913,47170,0,NO_TRADE,0.39345211376914213,39.35
2023-12-20,SILVER,2024-02-05,126302.0,36269,53555,1,BUY,0.5960628911503787,59.61
2023-12-20,SILVERM,2024-02-05,126250.0,108807,53555,0,NO_TRADE,0.4896202145977938,48.96
2023-12-21,SILVER,2024-02-05,128669.0,76627,24662,0,NO_TRADE,0.3175011884441183,31.75
2023-12-21,SILVERM,2024-02-05,128712.0,229881,24662,0,NO_TRADE,0.29452538212348545,29.45
2023-12-22,SILVERM,2024-02-05,126937.0,213345,75930,0,NO_TRADE,0.34574510443996526,34.57
2023-12-22,SILVER,2024-02-05,126871.0,71115,75930,0,NO_TRADE,0.40167917961245236,40.17
2023-12-25,SILVERM,2024-02-05,124703.0,109821,57403,1,BUY,0.777032608146021,77.7
2023-12-25,SILVER,2024-02-05,124752.0,36607,57403,1,BUY,0.7987548578720225,79.88
2023-12-26,SILVER,2024-02-05,125106.0,22057,46365,1,BUY,0.8066659031392188,80.67
2023-12-26,SILVERM,2024-02-05,125054.0,66171,46365,1,BUY,0.7669190168134281,76.69
2023-12-27,SILVER,2024-02-05,126670.0,46135,72188,1,BUY,0.7912759220546078,79.13
2023-12-27,SILVERM,2024-02-05,126740.0,138405,72188,1,BUY,0.7181989901699473,71.82
2023-12-28,SILVER,2024-02-05,129209.0,22330,36673,1,BUY,0.7999454007467643,79.99
2023-12-28,SILVERM,2024-02-05,129203.0,66990,36673,1,BUY,0.8354243143759029,83.54
2023-12-29,SILVER,2024-02-05,128548.0,38050,73471,1,BUY,0.8244283698853521,82.44
2023-12-29,SILVERM,2024-02-05,128503.0,114150,73471,1,BUY,0.8147559684245315,81.48
2024-01-01,SILVERM,2024-02-05,130255.0,40662,27156,1,BUY,0.7108860142817021,71.09
2024-01-01,SILVER,2024-02-05,130203.0,13554,27156,0,NO_TRADE,0.491215433684983,49.12
2024-01-02,SILVER,2024-02-05,130172.0,7429,67287,1,BUY,0.8272780391842506,82.73
2024-01-02,SILVERM,2024-02-05,130197.0,22287,67287,1,BUY,0.814234457587755,81.42
2024-01-03,SILVER,2024-02-05,129939.0,33208,11645,1,BUY,0.5280301601450982,52.8
2024-01-03,SILVERM,2024-02-05,129976.0,99624,11645,1,BUY,0.5102538271403408,51.03
2024-01-04,SILVER,2024-02-05,131313.0,12444,69076,1,BUY,0.6681828554746505,66.82
2024-01-04,SILVERM,2024-02-05,131271.0,37332,69076,1,BUY,0.7560146934158197,75.6
2024-01-05,SILVERM,2024-02-05,132362.0,46530,60151,1,BUY,0.655386935476615,65.54
2024-01-05,SILVER,2024-02-05,132343.0,15510,60151,1,BUY,0.6509426660861212,65.09
2024-01-08,SILVERM,2024-02-05,130024.0,46611,77384,1,BUY,0.634433313538605,63.44
2024-01-08,SILVER,2024-02-05,129962.0,15537,77384,1,BUY,0.6748101420516184,67.48
2024-01-09,SILVER,2024-02-05,132247.0,12147,43541,1,BUY,0.5939536483888128,59.4
2024-01-09,SILVERM,2024-02-05,132279.0,36441,43541,1,BUY,0.6318392354891038,63.18
2024-01-10,SILVER,2024-02-05,134420.0,8598,60955,1,BUY,0.6839751944535406,68.4
2024-01-10,SILVERM,2024-02-05,134466.0,25794,60955,1,BUY,0.6791709251835982,67.92
2024-01-11,SILVER,2024-02-05,133472.0,11718,19290,1,BUY,0.6591543737476117,65.92
2024-01-11,SILVERM,2024-02-05,133542.0,35154,19290,1,BUY,0.6884581874586992,68.85
2024-01-12,SILVER,2024-02-05,134118.0,18782,68942,1,BUY,0.6327398007823518,63.27
2024-01-12,SILVERM,2024-02-05,134139.0,56346,68942,1,BUY,0.6376109305900219,63.76
2024-01-15,SILVERM,2024-02-05,134894.0,15153,40143,1,BUY,0.7789149703483466,77.89
2024-01-15,SILVER,2024-02-05,134922.0,5051,40143,1,BUY,0.7195871262512563,71.96
2024-01-16,SILVER,2024-02-05,135361.0,21702,34509,1,BUY,0.6558893189042269,65.59
2024-01-16,SILVERM,2024-02-05,135405.0,65106,34509,1,BUY,0.6052424439004171,60.52
2024-01-17,SILVER,2024-02-05,134525.0,15184,46741,0,NO_TRADE,0.4458317498289903,44.58
2024-01-17,SILVERM,2024-02-05,134470.0,45552,46741,0,NO_TRADE,0.4200039467537105,42.0
2024-01-18,SILVER,2024-02-05,133504.0,17468,36898,0,NO_TRADE,0.39804491419666826,39.8
2024-01-18,SILVERM,2024-02-05,133493.0,52404,36898,0,NO_TRADE,0.4023941364151999,40.24
2024-01-19,SILVER,2024-02-05,133493.0,27072,72948,1,BUY,0.5967555417304046,59.68
2024-01-19,SILVERM,2024-02-05,133522.0,81216,72948,1,BUY,0.5618626587367818,56.19
2024-01-22,SILVER,2024-02-05,135359.0,20479,71768,1,BUY,0.5293203714995979,52.93
2024-01-22,SILVERM,2024-02-05,135198.0,61437,71768,1,BUY,0.5053686417061912,50.54
2024-01-23,SILVERM,2024-02-05,136262.0,100401,53262,1,BUY,0.5547547394045547,55.48
2024-01-23,SILVER,2024-02-05,136249.0,33467,53262,1,BUY,0.5928210535354126,59.28
2024-01-24,SILVER,2024-02-05,135691.0,28402,15506,0,NO_TRADE,0.4054709855055028,40.55
2024-01-24,SILVERM,2024-02-05,135706.0,85206,15506,0,NO_TRADE,0.4263602087079276,42.64
2024-01-25,SILVER,2024-02-05,136946.0,12210,30605,1,BUY,0.5239912136145366,52.4
2024-01-25,SILVERM,2024-02-05,136889.0,36630,30605,1,BUY,0.5209266614797424,52.09
2024-01-26,SILVER,2024-02-05,132502.0,11057,38231,1,BUY,0.5047543271303818,50.48
2024-01-26,SILVERM,2024-02-05,132518.0,33171,38231,1,BUY,0.5326102115901927,53.26
2024-01-29,SILVER,2024-02-05,134317.0,35916,23515,0,NO_TRADE,0.4726529212967632,47.27
2024-01-29,SILVERM,2024-02-05,134326.0,107748,23515,0,NO_TRADE,0.49513039148783206,49.51
2024-01-30,SILVERM,2024-02-05,131652.0,96804,48622,1,BUY,0.6427707131862914,64.28
2024-01-30,SILVER,2024-02-05,131650.0,32268,48622,1,BUY,0.6275940435726863,62.76
2024-01-31,SILVER,2024-02-05,131123.0,28259,26600,0,NO_TRADE,0.45219339145612353,45.22
2024-01-31,SILVERM,2024-02-05,131182.0,84777,26600,1,BUY,0.5030710147669198,50.31
2024-02-01,SILVER,2024-02-05,129451.0,18864,37892,1,BUY,0.6157276253501959,61.57
2024-02-01,SILVERM,2024-02-05,129495.0,56592,37892,1,BUY,0.5861673525729362,58.62
2024-02-02,SILVER,2024-02-05,127541.0,39293,79310,1,BUY,0.5270868449775198,52.71
2024-02-02,SILVERM,2024-02-05,127573.0,117879,79310,1,BUY,0.5381939582486741,53.82
2024-02-05,SILVER,2024-02-05,129306.0,12043,31801,0,NO_TRADE,0.49967366462990837,49.97
2024-02-05,SILVERM,2024-02-05,129255.0,36129,31801,0,NO_TRADE,0.4531097261464571,45.31
2024-02-06,SILVERM,2024-02-05,128631.0,52587,47695,0,NO_TRADE,0.2839113101104639,28.39
2024-02-06,SILVER,2024-02-05,128632.0,17529,47695,0,NO_TRADE,0.34024567665975697,34.02
2024-02-07,SILVER,2024-02-05,129180.0,35868,38853,0,NO_TRADE,0.38586348923938324,38.59
2024-02-07,SILVERM,2024-02-05,129239.0,107604,38853,0,NO_TRADE,0.46624735930063926,46.62
2024-02-08,SILVER,2024-02-05,129138.0,31309,14429,0,NO_TRADE,0.3866322564727862,38.66
2024-02-08,SILVERM,2024-02-05,129127.0,93927,14429,0,NO_TRADE,0.4095734023907187,40.96
2024-02-09,SILVER,2024-02-05,129886.0,28284,14606,1,BUY,0.5155418121598003,51.55
2024-02-09,SILVERM,2024-02-05,129964.0,84852,14606,1,BUY,0.5042766166915926,50.43
2024-02-12,SILVER,2024-02-05,130031.0,8464,14478,0,NO_TRADE,0.44045401740047196,44.05
2024-02-12,SILVERM,2024-02-05,130064.0,25392,14478,0,NO_TRADE,0.4234448485532962,42.34
2024-02-13,SILVERM,2024-02-05,128214.0,70929,50134,0,NO_TRADE,0.42473800662431155,42.47
2024-02-13,SILVER,2024-02-05,128129.0,23643,50134,0,NO_TRADE,0.4100808160363289,41.01
2024-02-14,SILVER,2024-02-05,129654.0,34265,79963,1,BUY,0.5148325678754974,51.48
2024-02-14,SILVERM,2024-02-05,129601.0,102795,79963,1,BUY,0.5518631068541705,55.19
2024-02-15,SILVER,2024-02-05,128938.0,20954,35475,0,NO_TRADE,0.49715162264540935,49.72
2024-02-15,SILVERM,2024-02-05,128930.0,62862,35475,0,NO_TRADE,0.498598859988968,49.86
2024-02-16,SILVER,2024-02-05,126648.0,28880,76177,0,NO_TRADE,0.46333746158340455,46.33
2024-02-16,SILVERM,2024-02-05,126645.0,86640,76177,1,BUY,0.5073773054904276,50.74
2024-02-19,SILVER,2024-02-05,126045.0,24043,31730,0,NO_TRADE,0.42011723507544146,42.01
2024-02-19,SILVERM,2024-02-05,126075.0,72129,31730,1,BUY,0.5008242576179447,50.08
2024-02-20,SILVERM,2024-02-05,128261.0,15765,31113,0,NO_TRADE,0.37111635602430615,37.11
2024-02-20,SILVER,2024-02-05,128298.0,5255,31113,0,NO_TRADE,0.41218410393224303,41.22
2024-02-21,SILVER,2024-02-05,129604.0,16255,30011,0,NO_TRADE,0.4126554406131387,41.27
2024-02-21,SILVERM,2024-02-05,129524.0,48765,30011,0,NO_TRADE,0.42635179143793017,42.64
2024-02-22,SILVER,2024-02-05,129106.0,24140,65746,0,NO_TRADE,0.4526709406698401,45.27
2024-02-22,SILVERM,2024-02-05,129125.0,72420,65746,0,NO_TRADE,0.45438448653496105,45.44
2024-02-23,SILVER,2024-02-05,128610.0,38255,52853,0,NO_TRADE,0.41975507132302964,41.98
2024-02-23,SILVERM,2024-02-05,128592.0,114765,52853,0,NO_TRADE,0.43937670740658386,43.94
2024-02-26,SILVER,2024-02-05,128157.0,26075,46818,0,NO_TRADE,0.43159777911342145,43.16
2024-02-26,SILVERM,2024-02-05,128133.0,78225,46818,0,NO_TRADE,0.3885414299730225,38.85
2024-02-27,SILVERM,2024-02-05,131290.0,243186,47321,1,BUY,0.5676670591333516,56.77
2024-02-27,SILVER,2024-02-05,131325.0,81062,47321,1,BUY,0.5124422874522072,51.24
2024-02-28,SILVER,2024-02-05,131940.0,17150,31309,1,BUY,0.624656579326248,62.47
2024-02-28,SILVERM,2024-02-05,131946.0,51450,31309,1,BUY,0.6473279853282204,64.73
2024-02-29,SILVER,2024-02-05,132632.0,27895,28688,1,BUY,0.645991449042755,64.6
2024-02-29,SILVERM,2024-02-05,132578.0,83685,28688,1,BUY,0.6297274609877066,62.97
2024-03-01,SILVER,2024-04-05,134263.0,10806,38176,1,BUY,0.6977705290582314,69.78
2024-03-01,SILVERM,2024-04-05,134253.0,32418,38176,1,BUY,0.688829872446792,68.88
2024-03-04,SILVER,2024-04-05,134666.0,25738,78879,1,BUY,0.6201757377911338,62.02
2024-03-04,SILVERM,2024-04-05,134625.0,77214,78879,1,BUY,0.5955090513512247,59.55
2024-03-05,SILVERM,2024-04-05,134259.0,66318,77592,1,BUY,0.6011507884427367,60.12
2024-03-05,SILVER,2024-04-05,134289.0,22106,77592,1,BUY,0.619812460531408,61.98
2024-03-06,SILVER,2024-04-05,134011.0,14474,19416,0,NO_TRADE,0.4845876509537057,48.46
2024-03-06,SILVERM,2024-04-05,134029.0,43422,19416,0,NO_TRADE,0.4978871176451918,49.79
2024-03-07,SILVER,2024-04-05,133928.0,21997,49994,1,BUY,0.5147493215022546,51.47
2024-03-07,SILVERM,2024-04-05,133961.0,65991,49994,1,BUY,0.5412060962833491,54.12
2024-03-08,SILVER,2024-04-05,133899.0,37599,76422,1,BUY,0.5141379230936453,51.41
2024-03-08,SILVERM,2024-04-05,133884.0,112797,76422,1,BUY,0.5546385591839894,55.46
2024-03-11,SILVER,2024-04-05,135068.0,10790,18584,0,NO_TRADE,0.48761586833586074,48.76
2024-03-11,SILVERM,2024-04-05,135116.0,32370,18584,0,NO_TRADE,0.4996486810463559,49.96
2024-03-12,SILVERM,2024-04-05,135130.0,45510,28830,1,BUY,0.5516910315036602,55.17
2024-03-12,SILVER,2024-04-05,135179.0,15170,28830,1,BUY,0.5537004568536357,55.37
2024-03-13,SILVER,2024-04-05,136368.0,14004,13591,1,BUY,0.5460600855028468,54.61
2024-03-13,SILVERM,2024-04-05,136292.0,42012,13591,1,BUY,0.5597435338255198,55.97
2024-03-14,SILVER,2024-04-05,136269.0,30792,31395,1,BUY,0.5230959209640522,52.31
2024-03-14,SILVERM,2024-04-05,136202.0,92376,31395,1,BUY,0.5205626508188697,52.06
2024-03-15,SILVER,2024-04-05,136423.0,35216,64182,1,BUY,0.5453413423948783,54.53
2024-03-15,SILVERM,2024-04-05,136369.0,105648,64182,1,BUY,0.5035224774981496,50.35
2024-03-18,SILVER,2024-04-05,133311.0,12232,26738,0,NO_TRADE,0.4682378687341132,46.82
2024-03-18,SILVERM,2024-04-05,133245.0,36696,26738,1,BUY,0.5051955385255081,50.52
2024-03-19,SILVERM,2024-04-05,134873.0,53022,12631,1,BUY,0.5503463248390787,55.03
2024-03-19,SILVER,2024-04-05,134772.0,17674,12631,1,BUY,0.5189531316607516,51.9
2024-03-20,SILVERM,2024-04-05,135268.0,63156,27905,1,BUY,0.5715845476653849,57.16
2024-03-20,SILVER,2024-04-05,135346.0,21052,27905,1,BUY,0.5337541741754286,53.38
2024-03-21,SILVER,2024-04-05,136959.0,10913,29056,1,BUY,0.6226692190387526,62.27
2024-03-21,SILVERM,2024-04-05,137006.0,32739,29056,1,BUY,0.6084443419659009,60.84
2024-03-22,SILVER,2024-04-05,132442.0,32913,45447,1,BUY,0.5422583586962988,54.23
2024-03-22,SILVERM,2024-04-05,132441.0,98739,45447,1,BUY,0.5586624024486835,55.87
2024-03-25,SILVER,2024-04-05,135734.0,15567,64418,1,BUY,0.6801823130762591,68.02
2024-03-25,SILVERM,2024-04-05,135745.0,46701,64418,1,BUY,0.6856611060838266,68.57
2024-03-26,SILVER,2024-04-05,135543.0,14432,47190,1,BUY,0.5409763583584157,54.1
2024-03-26,SILVERM,2024-04-05,135498.0,43296,47190,1,BUY,0.564146512158182,56.41
2024-03-27,SILVERM,2024-04-05,137350.0,15957,36014,1,BUY,0.6318011255608288,63.18
2024-03-27,SILVER,2024-04-05,137334.0,5319,36014,1,BUY,0.6380404153103484,63.8
2024-03-28,SILVER,2024-04-05,135709.0,29469,60278,1,BUY,0.6156272654963382,61.56
2024-03-28,SILVERM,2024-04-05,135663.0,88407,60278,1,BUY,0.6138471480939641,61.38
2024-03-29,SILVER,2024-04-05,136711.0,31490,11780,0,NO_TRADE,0.4765591237394515,47.66
2024-03-29,SILVERM,2024-04-05,136757.0,94470,11780,0,NO_TRADE,0.48882875759111244,48.88
2024-04-01,SILVER,2024-04-05,135072.0,25584,69258,1,BUY,0.5542525382292837,55.43
2024-04-01,SILVERM,2024-04-05,135122.0,76752,69258,1,BUY,0.5145252921084138,51.45
2024-04-02,SILVER,2024-04-05,134123.0,9791,52192,1,BUY,0.5835549783579735,58.36
2024-04-02,SILVERM,2024-04-05,134116.0,29373,52192,1,BUY,0.6378445969651904,63.78
2024-04-03,SILVERM,2024-04-05,137175.0,110208,69300,1,BUY,0.5858052144846259,58.58
2024-04-03,SILVER,2024-04-05,137178.0,36736,69300,1,BUY,0.6015501181290385,60.16
2024-04-04,SILVER,2024-04-05,136903.0,5329,53923,1,BUY,0.5293820861710308,52.94
2024-04-04,SILVERM,2024-04-05,136925.0,15987,53923,1,BUY,0.5738910420197014,57.39
2024-04-05,SILVER,2024-04-05,137279.0,13851,12395,0,NO_TRADE,0.45277856124755517,45.28
2024-04-05,SILVERM,2024-04-05,137298.0,41553,12395,0,NO_TRADE,0.46014515985698173,46.01
2024-04-08,SILVER,2024-04-05,138708.0,28126,25779,1,BUY,0.509946865186095,50.99
2024-04-08,SILVERM,2024-04-05,138759.0,84378,25779,1,BUY,0.5357894923333703,53.58
2024-04-09,SILVERM,2024-04-05,139592.0,78900,39722,1,BUY,0.5981089692994298,59.81
2024-04-09,SILVER,2024-04-05,139542.0,26300,39722,1,BUY,0.5711520558137518,57.12
2024-04-10,SILVERM,2024-04-05,139815.0,45492,17111,1,BUY,0.5516584035499051,55.17
2024-04-10,SILVER,2024-04-05,139816.0,15164,17111,1,BUY,0.5729649905869462,57.3
2024-04-11,SILVER,2024-04-05,140442.0,29509,19984,1,BUY,0.6490196773604072,64.9
2024-04-11,SILVERM,2024-04-05,140418.0,88527,19984,1,BUY,0.6580641436229168,65.81
2024-04-12,SILVER,2024-04-05,144462.0,10703,36924,1,BUY,0.6704136763286738,67.04
2024-04-12,SILVERM,2024-04-05,144503.0,32109,36924,1,BUY,0.6309378966688419,63.09
2024-04-15,SILVER,2024-04-05,144396.0,32109,62703,1,BUY,0.6009082223156293,60.09
2024-04-15,SILVERM,2024-04-05,144388.0,96327,62703,1,BUY,0.5827279255592457,58.27
2024-04-16,SILVERM,2024-04-05,144771.0,82662,42577,1,BUY,0.5240829846877602,52.41
2024-04-16,SILVER,2024-04-05,144765.0,27554,42577,1,BUY,0.5424316915604102,54.24
2024-04-17,SILVERM,2024-04-05,146606.0,98028,17711,0,NO_TRADE,0.3899957476733792,39.0
2024-04-17,SILVER,2024-04-05,146579.0,32676,17711,0,NO_TRADE,0.4047155972682288,40.47
2024-04-18,SILVER,2024-04-05,148511.0,28804,14096,0,NO_TRADE,0.3867354028113137,38.67
2024-04-18,SILVERM,2024-04-05,148560.0,86412,14096,0,NO_TRADE,0.3792074066846333,37.92
2024-04-19,SILVER,2024-04-05,150611.0,34802,76555,0,NO_TRADE,0.4058071059619641,40.58
2024-04-19,SILVERM,2024-04-05,150624.0,104406,76555,0,NO_TRADE,0.44005035365629885,44.01
2024-04-22,SILVER,2024-04-05,151768.0,74487,18254,0,NO_TRADE,0.3468174537450853,34.68
2024-04-22,SILVERM,2024-04-05,151739.0,223461,18254,0,NO_TRADE,0.3830436652730209,38.3
2024-04-23,SILVER,2024-04-05,149791.0,19027,15965,0,NO_TRADE,0.4556271706765091,45.56
2024-04-23,SILVERM,2024-04-05,149881.0,57081,15965,0,NO_TRADE,0.406843941175674,40.68
2024-04-24,SILVERM,2024-04-05,152778.0,203061,67987,0,NO_TRADE,0.3767211885336885,37.67
2024-04-24,SILVER,2024-04-05,152701.0,67687,67987,0,NO_TRADE,0.42265540566771453,42.27
2024-04-25,SILVER,2024-04-05,150706.0,53697,42963,0,NO_TRADE,0.4607046714581619,46.07
2024-04-25,SILVERM,2024-04-05,150655.0,161091,42963,1,BUY,0.5013415739935718,50.13
2024-04-26,SILVER,2024-04-05,151270.0,35450,13273,0,NO_TRADE,0.39658732594286134,39.66
2024-04-26,SILVERM,2024-04-05,151224.0,106350,13273,0,NO_TRADE,0.4353354327093391,43.53
2024-04-29,SILVER,2024-04-05,149977.0,35760,25330,1,BUY,0.5273663588984967,52.74
2024-04-29,SILVERM,2024-04-05,149938.0,107280,25330,1,BUY,0.5016914034162215,50.17
2024-04-30,SILVERM,2024-04-05,149938.0,147075,31494,1,BUY,0.5832355938774682,58.32
2024-04-30,SILVER,2024-04-05,149896.0,49025,31494,1,BUY,0.5539913168507044,55.4
2024-05-01,SILVERM,2024-06-05,150595.0,40311,13212,0,NO_TRADE,0.4548243117015234,45.48
2024-05-01,SILVER,2024-06-05,150503.0,13437,13212,0,NO_TRADE,0.459567339443036,45.96
2024-05-02,SILVER,2024-06-05,151099.0,17521,11080,0,NO_TRADE,0.48999420292976836,49.0
2024-05-02,SILVERM,2024-06-05,151074.0,52563,11080,1,BUY,0.5305492175081401,53.05
2024-05-03,SILVER,2024-06-05,151875.0,29028,42675,0,NO_TRADE,0.4942904725305521,49.43
2024-05-03,SILVERM,2024-06-05,151883.0,87084,42675,0,NO_TRADE,0.49322222152397044,49.32
2024-05-06,SILVER,2024-06-05,154790.0,32301,32007,1,BUY,0.613734172806224,61.37
2024-05-06,SILVERM,2024-06-05,154752.0,96903,32007,1,BUY,0.7198417613999293,71.98
2024-05-07,SILVER,2024-06-05,155643.0,26740,56815,1,BUY,0.635729630446686,63.57
2024-05-07,SILVERM,2024-06-05,155728.0,80220,56815,1,BUY,0.6945576645424274,69.46
2024-05-08,SILVERM,2024-06-05,155273.0,78846,10639,0,NO_TRADE,0.4397951744332998,43.98
2024-05-08,SILVER,2024-06-05,155232.0,26282,10639,1,BUY,0.5031218264771935,50.31
2024-05-09,SILVER,2024-06-05,157019.0,15858,73593,1,BUY,0.5090309464489626,50.9
2024-05-09,SILVERM,2024-06-05,156978.0,47574,73593,1,BUY,0.5335967554754739,53.36
2024-05-10,SILVER,2024-06-05,159243.0,20186,13736,0,NO_TRADE,0.3907719651081915,39.08
2024-05-10,SILVERM,2024-06-05,159138.0,60558,13736,0,NO_TRADE,0.390113886113886,39.01
2024-05-13,SILVER,2024-06-05,157013.0,39185,26473,0,NO_TRADE,0.4316646039957803,43.17
2024-05-13,SILVERM,2024-06-05,157065.0,117555,26473,0,NO_TRADE,0.355187444408169,35.52
2024-05-14,SILVER,2024-06-05,158142.0,36194,44019,0,NO_TRADE,0.455919330091589,45.59
2024-05-14,SILVERM,2024-06-05,158113.0,108582,44019,1,BUY,0.5580460129576303,55.8
2024-05-15,SILVERM,2024-06-05,159514.0,90690,46820,0,NO_TRADE,0.4988527355061783,49.89
2024-05-15,SILVER,2024-06-05,159472.0,30230,46820,0,NO_TRADE,0.4320444873549759,43.2
2024-05-16,SILVERM,2024-06-05,158968.0,96054,67589,0,NO_TRADE,0.4985718708361088,49.86
2024-05-16,SILVER,2024-06-05,158953.0,32018,67589,1,BUY,0.568892351440317,56.89
2024-05-17,SILVER,2024-06-05,161555.0,29665,75807,1,BUY,0.6318555398621303,63.19
2024-05-17,SILVERM,2024-06-05,161463.0,88995,75807,1,BUY,0.6183127903504885,61.83
2024-05-20,SILVER,2024-06-05,161305.0,26516,28414,0,NO_TRADE,0.4518732558087444,45.19
2024-05-20,SILVERM,2024-06-05,161265.0,79548,28414,0,NO_TRADE,0.4785549131154017,47.86
2024-05-21,SILVER,2024-06-05,161574.0,29673,34220,0,NO_TRADE,0.47796368581958765,47.8
2024-05-21,SILVERM,2024-06-05,161556.0,89019,34220,0,NO_TRADE,0.38364217776236187,38.36
2024-05-22,SILVER,2024-06-05,161281.0,10239,70531,0,NO_TRADE,0.46091679380496486,46.09
2024-05-22,SILVERM,2024-06-05,161247.0,30717,70531,1,BUY,0.5119126863208573,51.19
2024-05-23,SILVERM,2024-06-05,161349.0,94245,52425,0,NO_TRADE,0.449568594605881,44.96
2024-05-23,SILVER,2024-06-05,161343.0,31415,52425,0,NO_TRADE,0.42863410463397117,42.86
2024-05-24,SILVER,2024-06-05,159327.0,32195,19387,0,NO_TRADE,0.404883408421384,40.49
2024-05-24,SILVERM,2024-06-05,159347.0,96585,19387,0,NO_TRADE,0.4534828918412,45.35
2024-05-27,SILVER,2024-06-05,156707.0,34323,37584,1,BUY,0.5177320508795977,51.77
2024-05-27,SILVERM,2024-06-05,156796.0,102969,37584,1,BUY,0.5440352804619897,54.4
2024-05-28,SILVER,2024-06-05,159679.0,39964,54783,1,BUY,0.6401556991484518,64.02
2024-05-28,SILVERM,2024-06-05,159703.0,119892,54783,1,BUY,0.5841447262690219,58.41
2024-05-29,SILVER,2024-06-05,158143.0,35763,49809,1,BUY,0.5429335301712142,54.29
2024-05-29,SILVERM,2024-06-05,158218.0,107289,49809,1,BUY,0.5651739546569524,56.52
2024-05-30,SILVERM,2024-06-05,156334.0,119022,64327,1,BUY,0.6482336410563104,64.82
2024-05-30,SILVER,2024-06-05,156358.0,39674,64327,1,BUY,0.6494629713774025,64.95
2024-05-31,SILVER,2024-06-05,152514.0,23105,20857,0,NO_TRADE,0.47553263732111634,47.55
2024-05-31,SILVERM,2024-06-05,152572.0,69315,20857,0,NO_TRADE,0.49519026355374257,49.52
2024-06-03,SILVER,2024-06-05,151414.0,34739,52261,1,BUY,0.5376590152020495,53.77
2024-06-03,SILVERM,2024-06-05,151395.0,104217,52261,1,BUY,0.5099474556366405,50.99
2024-06-04,SILVER,2024-06-05,149128.0,36969,26995,0,NO_TRADE,0.46689918420490933,46.69
2024-06-04,SILVERM,2024-06-05,149082.0,110907,26995,0,NO_TRADE,0.4602394163398914,46.02
2024-06-05,SILVERM,2024-06-05,151993.0,58491,23580,0,NO_TRADE,0.44559907426590917,44.56
2024-06-05,SILVER,2024-06-05,152041.0,19497,23580,0,NO_TRADE,0.48260512065980615,48.26
2024-06-06,SILVERM,2024-06-05,153741.0,20448,28240,0,NO_TRADE,0.42543593612260927,42.54
2024-06-06,SILVER,2024-06-05,153873.0,6816,28240,0,NO_TRADE,0.42003088489816276,42.0
2024-06-07,SILVER,2024-06-05,152676.0,31483,56111,0,NO_TRADE,0.42464655130349077,42.46
2024-06-07,SILVERM,2024-06-05,152719.0,94449,56111,0,NO_TRADE,0.4269246779087235,42.69
2024-06-10,SILVER,2024-06-05,156769.0,27159,44866,0,NO_TRADE,0.4944840243086184,49.45
2024-06-10,SILVERM,2024-06-05,156704.0,81477,44866,1,BUY,0.5140017827197121,51.4
2024-06-11,SILVER,2024-06-05,158605.0,8849,22211,1,BUY,0.5372703096540239,53.73
2024-06-11,SILVERM,2024-06-05,158675.0,26547,22211,1,BUY,0.5408638614614756,54.09
2024-06-12,SILVERM,2024-06-05,158029.0,79836,68985,1,BUY,0.5575426362321916,55.75
2024-06-12,SILVER,2024-06-05,158038.0,26612,68985,1,BUY,0.513658189022939,51.37
2024-06-13,SILVERM,2024-06-05,153455.0,116478,43268,1,BUY,0.5210776895245066,52.11
2024-06-13,SILVER,2024-06-05,153533.0,38826,43268,0,NO_TRADE,0.48234479750717263,48.23
2024-06-14,SILVER,2024-06-05,157720.0,23706,13646,1,BUY,0.5105318797817204,51.05
2024-06-14,SILVERM,2024-06-05,157664.0,71118,13646,1,BUY,0.5818543858197438,58.19
2024-06-17,SILVER,2024-06-05,155218.0,29563,65371,1,BUY,0.5859834230551768,58.6
2024-06-17,SILVERM,2024-06-05,155228.0,88689,65371,1,BUY,0.5797668221578212,57.98
2024-06-18,SILVER,2024-06-05,152301.0,9359,52816,1,BUY,0.5769000639813587,57.69
2024-06-18,SILVERM,2024-06-05,152207.0,28077,52816,1,BUY,0.6264144954460908,62.64
2024-06-19,SILVER,2024-06-05,154159.0,35669,54112,1,BUY,0.5958648030344258,59.59
2024-06-19,SILVERM,2024-06-05,154188.0,107007,54112,0,NO_TRADE,0.4714327912986978,47.14
2024-06-20,SILVERM,2024-06-05,158562.0,53427,61048,1,BUY,0.5976986323095873,59.77
2024-06-20,SILVER,2024-06-05,158638.0,17809,61048,1,BUY,0.6034596010550388,60.35
2024-06-21,SILVER,2024-06-05,161251.0,86135,64911,1,BUY,0.5898736988402711,58.99
2024-06-21,SILVERM,2024-06-05,161214.0,258405,64911,1,BUY,0.58817027227146,58.82
2024-06-24,SILVER,2024-06-05,162347.0,30635,11778,0,NO_TRADE,0.4055938626785401,40.56
2024-06-24,SILVERM,2024-06-05,162357.0,91905,11778,0,NO_TRADE,0.4765960503057277,47.66
2024-06-25,SILVER,2024-06-05,163510.0,74462,55752,1,BUY,0.50030021259121,50.03
2024-06-25,SILVERM,2024-06-05,163533.0,223386,55752,0,NO_TRADE,0.4926781069807385,49.27
2024-06-26,SILVERM,2024-06-05,165218.0,53196,37289,1,BUY,0.58881796613633,58.88
2024-06-26,SILVER,2024-06-05,165178.0,17732,37289,1,BUY,0.5470468067401706,54.7
2024-06-27,SILVERM,2024-06-05,166614.0,277566,54788,0,NO_TRADE,0.47440006557769704,47.44
2024-06-27,SILVER,2024-06-05,166679.0,92522,54788,1,BUY,0.5111666367321973,51.12
2024-06-28,SILVER,2024-06-05,167259.0,53895,14747,0,NO_TRADE,0.3522833241320083,35.23
2024-06-28,SILVERM,2024-06-05,167244.0,161685,14747,0,NO_TRADE,0.3564783966033966,35.65
2024-07-01,SILVER,2024-08-05,167496.0,22718,10045,0,NO_TRADE,0.37931067330105783,37.93
2024-07-01,SILVERM,2024-08-05,167551.0,68154,10045,0,NO_TRADE,0.3836536220190066,38.37
2024-07-02,SILVER,2024-08-05,167408.0,21705,17758,0,NO_TRADE,0.3286520745336534,32.87
2024-07-02,SILVERM,2024-08-05,167393.0,65115,17758,0,NO_TRADE,0.2736715462346105,27.37
2024-07-03,SILVER,2024-08-05,165976.0,27082,33437,1,BUY,0.504677589716249,50.47
2024-07-03,SILVERM,2024-08-05,165991.0,81246,33437,1,BUY,0.5500342087337303,55.0
2024-07-04,SILVERM,2024-08-05,165476.0,52026,29585,1,BUY,0.5846890733980658,58.47
2024-07-04,SILVER,2024-08-05,165468.0,17342,29585,1,BUY,0.5459857282935578,54.6
2024-07-05,SILVER,2024-08-05,162268.0,17239,19854,1,BUY,0.5548055135807343,55.48
2024-07-05,SILVERM,2024-08-05,162333.0,51717,19854,1,BUY,0.5025776237373164,50.26
2024-07-08,SILVER,2024-08-05,162115.0,37274,62076,1,BUY,0.5460750315688432,54.61
2024-07-08,SILVERM,2024-08-05,162092.0,111822,62076,1,BUY,0.564247678659095,56.42
2024-07-09,SILVER,2024-08-05,160290.0,16419,66950,1,BUY,0.6546807233697851,65.47
2024-07-09,SILVERM,2024-08-05,160221.0,49257,66950,1,BUY,0.6890366773683083,68.9
2024-07-10,SILVER,2024-08-05,158274.0,20003,27349,1,BUY,0.510882525755136,51.09
2024-07-10,SILVERM,2024-08-05,158226.0,60009,27349,1,BUY,0.5136072835370367,51.36
2024-07-11,SILVERM,2024-08-05,158648.0,107598,31348,0,NO_TRADE,0.45159086406807114,45.16
2024-07-11,SILVER,2024-08-05,158639.0,35866,31348,0,NO_TRADE,0.4922878011086218,49.23
2024-07-12,SILVER,2024-08-05,161266.0,26988,44296,1,BUY,0.515674698836712,51.57
2024-07-12,SILVERM,2024-08-05,161188.0,80964,44296,0,NO_TRADE,0.4666114693712133,46.66
2024-07-15,SILVER,2024-08-05,163035.0,29908,29455,1,BUY,0.513262543158321,51.33
2024-07-15,SILVERM,2024-08-05,163008.0,89724,29455,1,BUY,0.5287594590430666,52.88
2024-07-16,SILVER,2024-08-05,160110.0,10674,64021,1,BUY,0.6166942869247709,61.67
2024-07-16,SILVERM,2024-08-05,160114.0,32022,64021,1,BUY,0.654044182752015,65.4
2024-07-17,SILVER,2024-08-05,158306.0,10002,49293,1,BUY,0.5284300211389478,52.84
2024-07-17,SILVERM,2024-08-05,158268.0,30006,49293,1,BUY,0.5729415454102071,57.29
2024-07-18,SILVERM,2024-08-05,160101.0,97701,56116,1,BUY,0.5127670400374766,51.28
2024-07-18,SILVER,2024-08-05,160085.0,32567,56116,1,BUY,0.6049724603142955,60.5
2024-07-19,SILVER,2024-08-05,158294.0,5910,50484,1,BUY,0.5369255796387415,53.69
2024-07-19,SILVERM,2024-08-05,158330.0,17730,50484,1,BUY,0.5686770649851172,56.87
2024-07-22,SILVER,2024-08-05,157913.0,34072,40215,0,NO_TRADE,0.48181923665929594,48.18
2024-07-22,SILVERM,2024-08-05,157936.0,102216,40215,0,NO_TRADE,0.40590513863797695,40.59
2024-07-23,SILVER,2024-08-05,158961.0,38717,13404,0,NO_TRADE,0.34859697699464415,34.86
2024-07-23,SILVERM,2024-08-05,158884.0,116151,13404,0,NO_TRADE,0.38150225244037145,38.15
2024-07-24,SILVER,2024-08-05,157209.0,26809,47260,0,NO_TRADE,0.40785145859032695,40.79
2024-07-24,SILVERM,2024-08-05,157213.0,80427,47260,0,NO_TRADE,0.4263506765455763,42.64
2024-07-25,SILVERM,2024-08-05,157443.0,94953,75642,0,NO_TRADE,0.4702564894364674,47.03
2024-07-25,SILVER,2024-08-05,157435.0,31651,75642,0,NO_TRADE,0.415427574298138,41.54
2024-07-26,SILVER,2024-08-05,155038.0,21484,56009,1,BUY,0.5061479573569831,50.61
2024-07-26,SILVERM,2024-08-05,155019.0,64452,56009,0,NO_TRADE,0.49456993500849,49.46
2024-07-29,SILVER,2024-08-05,153987.0,9646,39605,0,NO_TRADE,0.42696526272540547,42.7
2024-07-29,SILVERM,2024-08-05,154003.0,28938,39605,0,NO_TRADE,0.41073514294662467,41.07
2024-07-30,SILVER,2024-08-05,154594.0,7400,63205,0,NO_TRADE,0.45849763840391344,45.85
2024-07-30,SILVERM,2024-08-05,154608.0,22200,63205,0,NO_TRADE,0.4298222980490452,42.98
2024-07-31,SILVER,2024-08-05,151782.0,27185,47569,1,BUY,0.6142113711697438,61.42
2024-07-31,SILVERM,2024-08-05,151777.0,81555,47569,1,BUY,0.5970430170988006,59.7
2024-08-01,SILVERM,2024-08-05,152545.0,71181,15580,0,NO_TRADE,0.39682188692177817,39.68
2024-08-01,SILVER,2024-08-05,152595.0,23727,15580,0,NO_TRADE,0.3973103450122718,39.73
2024-08-02,SILVER,2024-08-05,152592.0,38120,15400,0,NO_TRADE,0.45639284423950904,45.64
2024-08-02,SILVERM,2024-08-05,152591.0,114360,15400,0,NO_TRADE,0.41599708407004227,41.6
2024-08-05,SILVER,2024-08-05,153609.0,6018,49643,0,NO_TRADE,0.39014803904840983,39.01
2024-08-05,SILVERM,2024-08-05,153702.0,18054,49643,0,NO_TRADE,0.4281285794081746,42.81
2024-08-06,SILVER,2024-08-05,154043.0,22563,49015,1,BUY,0.5088826317272964,50.89
2024-08-06,SILVERM,2024-08-05,154023.0,67689,49015,1,BUY,0.5079736727834537,50.8
2024-08-07,SILVERM,2024-08-05,156596.0,30579,24974,1,BUY,0.572698593718115,57.27
2024-08-07,SILVER,2024-08-05,156544.0,10193,24974,1,BUY,0.5659973391601231,56.6
2024-08-08,SILVERM,2024-08-05,156807.0,62103,24037,1,BUY,0.5360043616840325,53.6
2024-08-08,SILVER,2024-08-05,156805.0,20701,24037,1,BUY,0.5256759274696496,52.57
2024-08-09,SILVER,2024-08-05,156054.0,8536,26167,1,BUY,0.5726706054922226,57.27
2024-08-09,SILVERM,2024-08-05,156014.0,25608,26167,1,BUY,0.6137523570761068,61.38
2024-08-12,SILVER,2024-08-05,156309.0,23886,53148,1,BUY,0.5805432259176699,58.05
2024-08-12,SILVERM,2024-08-05,156294.0,71658,53148,1,BUY,0.5633361336340388,56.33
2024-08-13,SILVER,2024-08-05,157334.0,34410,31534,1,BUY,0.5377961359852658,53.78
2024-08-13,SILVERM,2024-08-05,157333.0,103230,31534,1,BUY,0.5848811906479522,58.49
2024-08-14,SILVER,2024-08-05,157456.0,38744,66879,0,NO_TRADE,0.4977247955572336,49.77
2024-08-14,SILVERM,2024-08-05,157489.0,116232,66879,0,NO_TRADE,0.43225774177498033,43.23
2024-08-15,SILVERM,2024-08-05,157682.0,62871,75839,1,BUY,0.5539172011565797,55.39
2024-08-15,SILVER,2024-08-05,157563.0,20957,75839,1,BUY,0.5613335132540149,56.13
2024-08-16,SILVER,2024-08-05,156312.0,37875,39756,1,BUY,0.6287074421351931,62.87
2024-08-16,SILVERM,2024-08-05,156315.0,113625,39756,1,BUY,0.5371150642248029,53.71
2024-08-19,SILVER,2024-08-05,155141.0,6626,22683,1,BUY,0.5447416902756581,54.47
2024-08-19,SILVERM,2024-08-05,155079.0,19878,22683,1,BUY,0.5730635673543114,57.31
2024-08-20,SILVER,2024-08-05,152657.0,30279,59485,1,BUY,0.550903976506816,55.09
2024-08-20,SILVERM,2024-08-05,152574.0,90837,59485,1,BUY,0.5956450529535607,59.56
2024-08-21,SILVERM,2024-08-05,155813.0,84216,21025,0,NO_TRADE,0.49543714562858704,49.54
2024-08-21,SILVER,2024-08-05,155834.0,28072,21025,0,NO_TRADE,0.4483222426604416,44.83
2024-08-22,SILVERM,2024-08-05,153567.0,89076,28715,1,BUY,0.5139147089274521,51.39
2024-08-22,SILVER,2024-08-05,153623.0,29692,28715,1,BUY,0.6083769304336657,60.84
2024-08-23,SILVER,2024-08-05,152419.0,96605,27116,0,NO_TRADE,0.4876074255934354,48.76
2024-08-23,SILVERM,2024-08-05,152447.0,289815,27116,1,BUY,0.5526035502475958,55.26
2024-08-26,SILVER,2024-08-05,151180.0,93390,46744,1,BUY,0.5166394380558595,51.66
2024-08-26,SILVERM,2024-08-05,151208.0,280170,46744,1,BUY,0.5086411570001891,50.86
2024-08-27,SILVER,2024-08-05,152797.0,22022,12124,0,NO_TRADE,0.4262460939496507,42.62
2024-08-27,SILVERM,2024-08-05,152790.0,66066,12124,0,NO_TRADE,0.42401931342337895,42.4
2024-08-28,SILVER,2024-08-05,152304.0,99687,48051,1,BUY,0.5104148711007273,51.04
2024-08-28,SILVERM,2024-08-05,152337.0,299061,48051,0,NO_TRADE,0.4647849562105805,46.48
2024-08-29,SILVERM,2024-08-05,154571.0,108486,17176,0,NO_TRADE,0.4430141402091979,44.3
2024-08-29,SILVER,2024-08-05,154568.0,36162,17176,0,NO_TRADE,0.4394868647651491,43.95
2024-08-30,SILVER,2024-08-05,153391.0,13897,74818,1,BUY,0.5317157838500326,53.17
2024-08-30,SILVERM,2024-08-05,153484.0,41691,74818,1,BUY,0.5264863379269004,52.65
2024-09-02,SILVER,2024-10-05,153922.0,13308,28676,0,NO_TRADE,0.46786034177328195,46.79
2024-09-02,SILVERM,2024-10-05,153953.0,39924,28676,1,BUY,0.511613154636302,51.16
2024-09-03,SILVER,2024-10-05,152463.0,26353,55177,0,NO_TRADE,0.46747928413326784,46.75
2024-09-03,SILVERM,2024-10-05,152508.0,79059,55177,0,NO_TRADE,0.42442485371414984,42.44
2024-09-04,SILVER,2024-10-05,156355.0,20250,10997,1,BUY,0.5567739800109185,55.68
2024-09-04,SILVERM,2024-10-05,156283.0,60750,10997,1,BUY,0.6486064614306154,64.86
2024-09-05,SILVER,2024-10-05,154238.0,21427,69330,1,BUY,0.6211383729179873,62.11
2024-09-05,SILVERM,2024-10-05,154179.0,64281,69330,1,BUY,0.6786338614124019,67.86
2024-09-06,SILVERM,2024-10-05,154852.0,114828,53769,1,BUY,0.6630521767757172,66.31
2024-09-06,SILVER,2024-10-05,154828.0,38276,53769,1,BUY,0.6786378483356738,67.86
2024-09-09,SILVER,2024-10-05,156008.0,11107,21231,1,BUY,0.5493093079541911,54.93
2024-09-09,SILVERM,2024-10-05,155931.0,33321,21231,1,BUY,0.5140867990533615,51.41
2024-09-10,SILVER,2024-10-05,156795.0,18476,65965,1,BUY,0.5927258571530778,59.27
2024-09-10,SILVERM,2024-10-05,156764.0,55428,65965,1,BUY,0.6901424482914079,69.01
2024-09-11,SILVER,2024-10-05,156489.0,8439,71517,1,BUY,0.5747530805341033,57.48
2024-09-11,SILVERM,2024-10-05,156548.0,25317,71517,1,BUY,0.5495119333515482,54.95
2024-09-12,SILVER,2024-10-05,156285.0,25312,37387,1,BUY,0.6715151665093737,67.15
2024-09-12,SILVERM,2024-10-05,156253.0,75936,37387,1,BUY,0.6436164555832662,64.36
2024-09-13,SILVERM,2024-10-05,156337.0,80385,14090,1,BUY,0.5199764806686644,52.0
2024-09-13,SILVER,2024-10-05,156397.0,26795,14090,1,BUY,0.5076682930189043,50.77
2024-09-16,SILVER,2024-10-05,156162.0,18136,34945,1,BUY,0.6277629347430763,62.78
2024-09-16,SILVERM,2024-10-05,156195.0,54408,34945,1,BUY,0.6130368144107322,61.3
2024-09-17,SILVER,2024-10-05,157958.0,19167,50239,1,BUY,0.6273966699945231,62.74
2024-09-17,SILVERM,2024-10-05,158062.0,57501,50239,1,BUY,0.6430711924335638,64.31
2024-09-18,SILVER,2024-10-05,162114.0,22300,13743,1,BUY,0.5848675111830183,58.49
2024-09-18,SILVERM,2024-10-05,162074.0,66900,13743,1,BUY,0.6863550500063346,68.64
2024-09-19,SILVER,2024-10-05,161097.0,22182,40924,1,BUY,0.7175944999279834,71.76
2024-09-19,SILVERM,2024-10-05,161158.0,66546,40924,1,BUY,0.7285308909516798,72.85
2024-09-20,SILVERM,2024-10-05,158531.0,29913,20196,1,BUY,0.6166690429135124,61.67
2024-09-20,SILVER,2024-10-05,158578.0,9971,20196,1,BUY,0.5487405830871822,54.87
2024-09-23,SILVER,2024-10-05,158448.0,31909,78860,1,BUY,0.6867225863229439,68.67
2024-09-23,SILVERM,2024-10-05,158442.0,95727,78860,1,BUY,0.6902280670284248,69.02
2024-09-24,SILVER,2024-10-05,163318.0,24659,51400,1,BUY,0.5981956446771858,59.82
2024-09-24,SILVERM,2024-10-05,163315.0,73977,51400,1,BUY,0.668466185147172,66.85
2024-09-25,SILVER,2024-10-05,161828.0,36403,58795,1,BUY,0.631827980754358,63.18
2024-09-25,SILVERM,2024-10-05,161789.0,109209,58795,1,BUY,0.5461374370752704,54.61
2024-09-26,SILVER,2024-10-05,164983.0,38586,61553,1,BUY,0.6608840197917778,66.09
2024-09-26,SILVERM,2024-10-05,165027.0,115758,61553,1,BUY,0.5824022608179353,58.24
2024-09-27,SILVERM,2024-10-05,168198.0,46080,34111,0,NO_TRADE,0.4435244116617207,44.35
2024-09-27,SILVER,2024-10-05,168275.0,15360,34111,0,NO_TRADE,0.47337588084471155,47.34
2024-09-30,SILVER,2024-10-05,167226.0,26424,73083,0,NO_TRADE,0.4648732494181671,46.49
2024-09-30,SILVERM,2024-10-05,167236.0,79272,73083,0,NO_TRADE,0.47681283259141855,47.68
2024-10-01,SILVER,2024-10-05,168373.0,37499,71600,0,NO_TRADE,0.4663287013721429,46.63
2024-10-01,SILVERM,2024-10-05,168427.0,112497,71600,0,NO_TRADE,0.44593683794492994,44.59
2024-10-02,SILVER,2024-10-05,171633.0,8065,60022,0,NO_TRADE,0.4561283191640837,45.61
2024-10-02,SILVERM,2024-10-05,171673.0,24195,60022,0,NO_TRADE,0.4694885006492652,46.95
2024-10-03,SILVER,2024-10-05,170911.0,8259,13199,0,NO_TRADE,0.39042385931026075,39.04
2024-10-03,SILVERM,2024-10-05,170936.0,24777,13199,0,NO_TRADE,0.4147580183848045,41.48
2024-10-04,SILVERM,2024-10-05,170619.0,51900,60897,0,NO_TRADE,0.3887934443344565,38.88
2024-10-04,SILVER,2024-10-05,170540.0,17300,60897,0,NO_TRADE,0.40392286768295355,40.39
2024-10-07,SILVER,2024-10-05,169422.0,38370,48038,0,NO_TRADE,0.4279187346366368,42.79
2024-10-07,SILVERM,2024-10-05,169411.0,115110,48038,0,NO_TRADE,0.46533721132902656,46.53
2024-10-08,SILVER,2024-10-05,167464.0,9295,65038,1,BUY,0.5479512984619821,54.8
2024-10-08,SILVERM,2024-10-05,167388.0,27885,65038,1,BUY,0.5621490620418212,56.21
2024-10-09,SILVER,2024-10-05,166235.0,32209,17897,0,NO_TRADE,0.4812069561765941,48.12
2024-10-09,SILVERM,2024-10-05,166242.0,96627,17897,1,BUY,0.5256962181420188,52.57
2024-10-10,SILVER,2024-10-05,163914.0,25927,74541,1,BUY,0.5405583031084753,54.06
2024-10-10,SILVERM,2024-10-05,163908.0,77781,74541,1,BUY,0.5590681423531951,55.91
2024-10-11,SILVERM,2024-10-05,163906.0,118737,24892,1,BUY,0.5662601331180114,56.63
2024-10-11,SILVER,2024-10-05,164012.0,39579,24892,0,NO_TRADE,0.48554324281511346,48.55
2024-10-14,SILVER,2024-10-05,162580.0,14032,18271,1,BUY,0.5781741191842295,57.82
2024-10-14,SILVERM,2024-10-05,162524.0,42096,18271,0,NO_TRADE,0.4993401968586128,49.93
2024-10-15,SILVER,2024-10-05,163057.0,32718,34815,1,BUY,0.5438246378487746,54.38
2024-10-15,SILVERM,2024-10-05,162994.0,98154,34815,1,BUY,0.564286853061796,56.43
2024-10-16,SILVER,2024-10-05,160160.0,17877,55612,1,BUY,0.6027718971322793,60.28
2024-10-16,SILVERM,2024-10-05,160119.0,53631,55612,1,BUY,0.627279790875441,62.73
2024-10-17,SILVER,2024-10-05,160812.0,31666,43357,1,BUY,0.5519221709613432,55.19
2024-10-17,SILVERM,2024-10-05,160794.0,94998,43357,1,BUY,0.523805831901314,52.38
2024-10-18,SILVERM,2024-10-05,162399.0,35298,26267,0,NO_TRADE,0.39807408587964666,39.81
2024-10-18,SILVER,2024-10-05,162415.0,11766,26267,0,NO_TRADE,0.43278639682430337,43.28
2024-10-21,SILVER,2024-10-05,158717.0,69572,28268,0,NO_TRADE,0.44836787255596133,44.84
2024-10-21,SILVERM,2024-10-05,158678.0,208716,28268,1,BUY,0.5027170786346303,50.27
2024-10-22,SILVER,2024-10-05,159443.0,63052,24263,0,NO_TRADE,0.4210699983204247,42.11
2024-10-22,SILVERM,2024-10-05,159380.0,189156,24263,0,NO_TRADE,0.4449987085296634,44.5
2024-10-23,SILVER,2024-10-05,161774.0,75255,69660,0,NO_TRADE,0.4860075342063871,48.6
2024-10-23,SILVERM,2024-10-05,161793.0,225765,69660,1,BUY,0.5161958921050632,51.62
2024-10-24,SILVER,2024-10-05,159543.0,98582,75527,1,BUY,0.548327764241884,54.83
2024-10-24,SILVERM,2024-10-05,159549.0,295746,75527,1,BUY,0.5103175664739055,51.03
2024-10-25,SILVERM,2024-10-05,162724.0,156990,73379,1,BUY,0.540657437670713,54.07
2024-10-25,SILVER,2024-10-05,162717.0,52330,73379,1,BUY,0.5739176678046662,57.39
2024-10-28,SILVER,2024-10-05,163547.0,76785,51271,1,BUY,0.603877308976817,60.39
2024-10-28,SILVERM,2024-10-05,163636.0,230355,51271,1,BUY,0.6331845577320264,63.32
2024-10-29,SILVER,2024-10-05,162241.0,18880,76612,1,BUY,0.5722097663000991,57.22
2024-10-29,SILVERM,2024-10-05,162249.0,56640,76612,1,BUY,0.6024637200393391,60.25
2024-10-30,SILVER,2024-10-05,162169.0,48185,17235,0,NO_TRADE,0.4316203781233772,43.16
2024-10-30,SILVERM,2024-10-05,162151.0,144555,17235,1,BUY,0.5068361880747604,50.68
2024-10-31,SILVER,2024-10-05,163261.0,85625,26417,1,BUY,0.5637185204017602,56.37
2024-10-31,SILVERM,2024-10-05,163256.0,256875,26417,1,BUY,0.5724530562332126,57.25
2024-11-01,SILVERM,2024-12-05,163444.0,23424,44609,1,BUY,0.5564867637116407,55.65
2024-11-01,SILVER,2024-12-05,163439.0,7808,44609,1,BUY,0.5737808503176658,57.38
2024-11-04,SILVERM,2024-12-05,164534.0,60885,43902,1,BUY,0.566172631998613,56.62
2024-11-04,SILVER,2024-12-05,164503.0,20295,43902,1,BUY,0.5444817379907945,54.45
2024-11-05,SILVER,2024-12-05,162780.0,19669,33645,0,NO_TRADE,0.4559086770673706,45.59
2024-11-05,SILVERM,2024-12-05,162778.0,59007,33645,0,NO_TRADE,0.41733390324566977,41.73
2024-11-06,SILVER,2024-12-05,163135.0,15523,72873,1,BUY,0.5258168082321909,52.58
2024-11-06,SILVERM,2024-12-05,163038.0,46569,72873,1,BUY,0.5959754147064561,59.6
2024-11-07,SILVER,2024-12-05,160502.0,18769,74558,1,BUY,0.5567949510353323,55.68
2024-11-07,SILVERM,2024-12-05,160480.0,56307,74558,1,BUY,0.5633204136025214,56.33
2024-11-08,SILVER,2024-12-05,160327.0,30207,72233,1,BUY,0.5812001197915982,58.12
2024-11-08,SILVERM,2024-12-05,160327.0,90621,72233,1,BUY,0.5814479355253707,58.14
2024-11-11,SILVERM,2024-12-05,158745.0,91671,33401,1,BUY,0.5568290281148982,55.68
2024-11-11,SILVER,2024-12-05,158680.0,30557,33401,1,BUY,0.550029688357377,55.0
2024-11-12,SILVER,2024-12-05,157358.0,19246,17771,0,NO_TRADE,0.36781280617963075,36.78
2024-11-12,SILVERM,2024-12-05,157319.0,57738,17771,0,NO_TRADE,0.40548893466825936,40.55
2024-11-13,SILVER,2024-12-05,159674.0,17846,51335,1,BUY,0.5180974682291327,51.81
2024-11-13,SILVERM,2024-12-05,159592.0,53538,51335,1,BUY,0.5499486507356692,54.99
2024-11-14,SILVER,2024-12-05,161752.0,18470,77449,1,BUY,0.6513293479165564,65.13
2024-11-14,SILVERM,2024-12-05,161755.0,55410,77449,1,BUY,0.6690094660966747,66.9
2024-11-15,SILVER,2024-12-05,162937.0,18176,11942,1,BUY,0.5527143664185893,55.27
2024-11-15,SILVERM,2024-12-05,162980.0,54528,11942,1,BUY,0.6218670133882207,62.19
2024-11-18,SILVERM,2024-12-05,160889.0,55638,30388,1,BUY,0.5682773265010795,56.83
2024-11-18,SILVER,2024-12-05,160909.0,18546,30388,1,BUY,0.5761467217702282,57.61
2024-11-19,SILVER,2024-12-05,160350.0,11805,67042,1,BUY,0.5670896053956986,56.71
2024-11-19,SILVERM,2024-12-05,160469.0,35415,67042,1,BUY,0.6152537504400897,61.53
2024-11-20,SILVER,2024-12-05,162667.0,21788,63740,1,BUY,0.6425832694507764,64.26
2024-11-20,SILVERM,2024-12-05,162774.0,65364,63740,1,BUY,0.6288207659788235,62.88
2024-11-21,SILVER,2024-12-05,162969.0,34348,75873,1,BUY,0.6344360999006979,63.44
2024-11-21,SILVERM,2024-12-05,162965.0,103044,75873,1,BUY,0.6330643034123536,63.31
2024-11-22,SILVERM,2024-12-05,167478.0,39240,57024,1,BUY,0.6193135265323572,61.93
2024-11-22,SILVER,2024-12-05,167469.0,13080,57024,1,BUY,0.5651409756532846,56.51
2024-11-25,SILVERM,2024-12-05,168340.0,86292,33450,1,BUY,0.6235720366834167,62.36
2024-11-25,SILVER,2024-12-05,168272.0,28764,33450,1,BUY,0.5810591446047351,58.11
2024-11-26,SILVER,2024-12-05,168683.0,11630,66965,1,BUY,0.6106873276742356,61.07
2024-11-26,SILVERM,2024-12-05,168679.0,34890,66965,1,BUY,0.6483066144607281,64.83
2024-11-27,SILVER,2024-12-05,168111.0,38333,20057,1,BUY,0.5392247873094648,53.92
2024-11-27,SILVERM,2024-12-05,168071.0,114999,20057,1,BUY,0.5850555292857105,58.51
2024-11-28,SILVER,2024-12-05,168407.0,20701,18983,1,BUY,0.5559519085474743,55.6
2024-11-28,SILVERM,2024-12-05,168451.0,62103,18983,1,BUY,0.5580474796430452,55.8
2024-11-29,SILVERM,2024-12-05,168165.0,59577,29995,1,BUY,0.5113244257373127,51.13
2024-11-29,SILVER,2024-12-05,168142.0,19859,29995,1,BUY,0.5618436921747256,56.18
2024-12-02,SILVERM,2025-02-05,169530.0,78549,48886,1,BUY,0.5921194379838499,59.21
2024-12-02,SILVER,2025-02-05,169570.0,26183,48886,1,BUY,0.6363662241486522,63.64
2024-12-03,SILVER,2025-02-05,171506.0,36749,12673,0,NO_TRADE,0.4740099811047395,47.4
2024-12-03,SILVERM,2025-02-05,171520.0,110247,12673,1,BUY,0.5436257508262622,54.36
2024-12-04,SILVER,2025-02-05,169976.0,36887,44890,1,BUY,0.6330907047277116,63.31
2024-12-04,SILVERM,2025-02-05,169968.0,110661,44890,1,BUY,0.570490999353392,57.05
2024-12-05,SILVER,2025-02-05,167393.0,13776,33466,1,BUY,0.5433359477492695,54.33
2024-12-05,SILVERM,2025-02-05,167374.0,41328,33466,1,BUY,0.5995385160466722,59.95
2024-12-06,SILVER,2025-02-05,163882.0,20021,60406,1,BUY,0.6107753901972856,61.08
2024-12-06,SILVERM,2025-02-05,163843.0,60063,60406,1,BUY,0.6295066524822412,62.95
2024-12-09,SILVERM,2025-02-05,164895.0,27981,13688,1,BUY,0.5016980938338523,50.17
2024-12-09,SILVER,2025-02-05,164889.0,9327,13688,0,NO_TRADE,0.47739164304513565,47.74
2024-12-10,SILVER,2025-02-05,162816.0,12614,79284,1,BUY,0.542192157583624,54.22
2024-12-10,SILVERM,2025-02-05,162803.0,37842,79284,1,BUY,0.5360468102266197,53.6
2024-12-11,SILVER,2025-02-05,158814.0,6245,23665,0,NO_TRADE,0.4163756194140985,41.64
2024-12-11,SILVERM,2025-02-05,158828.0,18735,23665,0,NO_TRADE,0.44439750882862916,44.44
2024-12-12,SILVER,2025-02-05,159568.0,15355,30641,1,BUY,0.5181575650656588,51.82
2024-12-12,SILVERM,2025-02-05,159609.0,46065,30641,0,NO_TRADE,0.45279787373942065,45.28
2024-12-13,SILVERM,2025-02-05,164318.0,114915,42500,0,NO_TRADE,0.49494596596027174,49.49
2024-12-13,SILVER,2025-02-05,164306.0,38305,42500,1,BUY,0.5021894913883186,50.22
2024-12-16,SILVERM,2025-02-05,164340.0,104142,45797,0,NO_TRADE,0.49150632183920817,49.15
2024-12-16,SILVER,2025-02-05,164328.0,34714,45797,0,NO_TRADE,0.49611592576956687,49.61
2024-12-17,SILVER,2025-02-05,165976.0,22198,55950,1,BUY,0.5323514700964115,53.24
2024-12-17,SILVERM,2025-02-05,165949.0,66594,55950,1,BUY,0.5682431580687445,56.82
2024-12-18,SILVER,2025-02-05,166168.0,6415,35046,0,NO_TRADE,0.46714316084569935,46.71
2024-12-18,SILVERM,2025-02-05,166227.0,19245,35046,1,BUY,0.5170982196757583,51.71
2024-12-19,SILVER,2025-02-05,166010.0,6652,19638,1,BUY,0.567068262351548,56.71
2024-12-19,SILVERM,2025-02-05,165968.0,19956,19638,1,BUY,0.5623997083178623,56.24
2024-12-20,SILVER,2025-02-05,167832.0,25446,31173,1,BUY,0.5981184606207433,59.81
2024-12-20,SILVERM,2025-02-05,167751.0,76338,31173,1,BUY,0.5818721273385772,58.19
2024-12-23,SILVERM,2025-02-05,167246.0,178050,23222,1,BUY,0.5158728302703441,51.59
2024-12-23,SILVER,2025-02-05,167300.0,59350,23222,1,BUY,0.5277200646254249,52.77
2024-12-24,SILVER,2025-02-05,167856.0,22025,60064,1,BUY,0.6720066514320178,67.2
2024-12-24,SILVERM,2025-02-05,167908.0,66075,60064,1,BUY,0.6349224081747015,63.49
2024-12-25,SILVER,2025-02-05,168521.0,53922,47010,1,BUY,0.5602851707391061,56.03
2024-12-25,SILVERM,2025-02-05,168544.0,161766,47010,0,NO_TRADE,0.4958593176991865,49.59
2024-12-26,SILVER,2025-02-05,167248.0,98297,28095,1,BUY,0.5020695585227923,50.21
2024-12-26,SILVERM,2025-02-05,167314.0,294891,28095,0,NO_TRADE,0.4694343395041349,46.94
2024-12-27,SILVER,2025-02-05,169227.0,46460,11439,1,BUY,0.520209735258436,52.02
2024-12-27,SILVERM,2025-02-05,169161.0,139380,11439,1,BUY,0.5293364102490196,52.93
2024-12-30,SILVER,2025-02-05,168917.0,79457,15375,1,BUY,0.5015181738388952,50.15
2024-12-30,SILVERM,2025-02-05,169033.0,238371,15375,0,NO_TRADE,0.4678015300313224,46.78
2024-12-31,SILVER,2025-02-05,167469.0,96322,30600,0,NO_TRADE,0.4868336435706048,48.68
2024-12-31,SILVERM,2025-02-05,167455.0,288966,30600,0,NO_TRADE,0.4604195108568397,46.04
